patient_id,predicted_effect
p15000,0.4182368025375282
p15001,-1.911476985650736
p15002,-0.4533228508866972
p15003,0.3426958145175774
p15004,-0.284705083727271
p15005,-1.6307966788885708
p15006,-2.4986677400703456
p15007,-0.6830364949059694
p15008,-1.0822916493576153
p15009,0.028123724545080386
p15010,1.2513658058917243
p15011,2.270531531606482
p15012,3.486604718163158
p15013,0.09553868777957375
p15014,-0.9680193495282609
p15015,0.8983897724728327
p15016,2.3609251093059274
p15017,-0.3199299316329193
p15018,1.7492807062085272
p15019,1.5176802971154393
p15020,-1.7097696127786821
p15021,3.5438998351596624
p15022,1.7921635781327243
p15023,0.8144408827036189
p15024,0.30917269439692946
p15025,3.332252205010153
p15026,-0.9740992628143271
p15027,1.3965074864085496
p15028,1.3052046398412522
p15029,4.100851896862241
p15030,-0.022195119200526414
p15031,3.119729909568599
p15032,3.4355821432575606
p15033,-0.6021888706204764
p15034,-2.00901752645886
p15035,2.2914681624170177
p15036,1.1507995080367777
p15037,0.7053991262195696
p15038,-0.4313758726573921
p15039,2.1188155026132365
p15040,-0.30981956998148663
p15041,1.2501548266604923
p15042,1.5769574485951163
p15043,1.9774143662905774
p15044,1.2756064346801606
p15045,2.409359937812256
p15046,-1.4387347887426851
p15047,2.088685541125852
p15048,3.4325000834503085
p15049,3.1646852381517023
p15050,1.0520607715033918
p15051,-2.2186378124186277
p15052,0.514108039196256
p15053,0.3853332994151581
p15054,3.2228401669250446
p15055,2.23120172670222
p15056,0.007393758655552141
p15057,0.5519580777411773
p15058,0.8457132790019561
p15059,-2.7867807971865015
p15060,1.2416624997992018
p15061,-0.09714427183581531
p15062,3.5841525562340535
p15063,1.3871153378069363
p15064,3.6517862497478477
p15065,-1.3271586064846561
p15066,2.8806494970569885
p15067,-0.30084531389590874
p15068,0.8777166207993314
p15069,2.21391929506274
p15070,-1.102414769307511
p15071,-0.9057818968601518
p15072,1.79737579700299
p15073,1.0789059249032675
p15074,-0.19725586893066127
p15075,1.5550249003276013
p15076,-0.3041257780178165
p15077,0.5319642135356633
p15078,-1.1537362239606694
p15079,3.3675649787335584
p15080,0.1696037949082002
p15081,0.26329233229638416
p15082,-1.0239715320170801
p15083,-0.3068525303285282
p15084,1.7056776902203543
p15085,1.5832922380410726
p15086,0.9968838062797115
p15087,3.640474674023741
p15088,0.6537947704949302
p15089,0.5295475601094978
p15090,-0.29201398487255303
p15091,2.0994453923468286
p15092,-1.552854785958424
p15093,2.205522089377227
p15094,2.8891442801812706
p15095,0.012587266243229922
p15096,-0.5203933380413966
p15097,-1.5764198054337162
p15098,0.3171903844672326
p15099,0.1086059120734455
p15100,1.1851184894245068
p15101,0.11225651495292155
p15102,0.907476367955411
p15103,0.22714740577396497
p15104,-0.6538969489090584
p15105,3.068353281749811
p15106,1.0510770443794648
p15107,-1.2966637587377665
p15108,2.418566266971985
p15109,1.017808863751691
p15110,1.3617871863085464
p15111,2.2726594878704915
p15112,2.7065737751633496
p15113,-1.7343158843681725
p15114,1.7913288755240413
p15115,0.588643436528546
p15116,-0.8213476884473735
p15117,1.055646214889097
p15118,1.6834792007438162
p15119,-0.23519344857625157
p15120,1.3760523786871288
p15121,0.9274609129409036
p15122,2.430003719928765
p15123,-0.3928276906325604
p15124,1.33338847024806
p15125,2.3602100882460495
p15126,0.28380717462117766
p15127,1.3889484099453617
p15128,-1.8575462288505924
p15129,2.8760531893795296
p15130,0.2644114601647136
p15131,-1.6816254228251144
p15132,1.1375392100361568
p15133,1.0855228854530778
p15134,-0.48906390008832623
p15135,-0.1323821006460172
p15136,3.652654629983823
p15137,-1.666869832956274
p15138,1.2473335103389669
p15139,1.4469215692023663
p15140,0.7277434557819151
p15141,2.4441116675194907
p15142,3.2502627751703868
p15143,1.3760582002799797
p15144,2.4464210255415164
p15145,-0.048391464603626644
p15146,-1.7016371388423148
p15147,0.7175791456650453
p15148,1.7965094025841601
p15149,-0.970920816629886
p15150,-0.14721167314423633
p15151,1.8059274749746188
p15152,2.1363003032255645
p15153,0.8514450554797794
p15154,-2.9884455340158635
p15155,1.9185248743166943
p15156,1.4742776992043483
p15157,2.3837650104063584
p15158,1.4428369760596857
p15159,1.2577495112734258
p15160,1.3352345479638772
p15161,2.1716062379660155
p15162,0.5748430861530517
p15163,1.2967252908053855
p15164,1.5170174424579899
p15165,0.4447802849869505
p15166,0.9946751619486104
p15167,1.382847905541695
p15168,-1.5584448061046476
p15169,2.3857442668464346
p15170,1.3179299915085831
p15171,-3.3387061985189104
p15172,-0.5201110277492965
p15173,2.0355598911778974
p15174,-2.124828139281033
p15175,-0.6052211211267838
p15176,4.087691535031545
p15177,1.2165516677427382
p15178,1.0323817445399288
p15179,4.132478065898539
p15180,0.8975371668682846
p15181,-1.7922096936893408
p15182,2.21731474543481
p15183,2.174913995775737
p15184,2.007416644275372
p15185,0.7206627023545864
p15186,1.6055434725532503
p15187,1.0307256021855171
p15188,-0.48996051597547796
p15189,1.0348043069906625
p15190,1.8180434188160812
p15191,1.1600651841847507
p15192,1.5231457783811444
p15193,0.7383070865400893
p15194,0.36121971645074336
p15195,1.887528412636355
p15196,-2.0146677389121024
p15197,-1.2087042309813625
p15198,-0.4342254471258177
p15199,-1.0940775019929512
p15200,0.17991894437763445
p15201,-1.3638020808571292
p15202,-0.7656470905379488
p15203,1.0184697131688785
p15204,-1.811956307259897
p15205,2.1743123974802003
p15206,-0.48346623960655843
p15207,2.3210519550673503
p15208,1.2696455304944703
p15209,-0.28983205102553267
p15210,1.3610270135388354
p15211,0.7210556127810548
p15212,1.6281181651066041
p15213,-1.2864738291947622
p15214,-0.7622435604569017
p15215,0.8268227929999961
p15216,-0.735824402517513
p15217,0.4104044328050951
p15218,3.0521930247915865
p15219,0.94775442642937
p15220,0.6200279478513993
p15221,0.16949516462632386
p15222,2.1443740671471643
p15223,3.7616951347789835
p15224,-1.2409191628883018
p15225,2.214777111444284
p15226,0.18307417806742166
p15227,0.0877557957016536
p15228,1.6873875602786872
p15229,2.2638195294713985
p15230,0.57505039169723
p15231,2.0569152569110196
p15232,-0.6155318509873323
p15233,1.4797170668162867
p15234,1.3567539830196305
p15235,2.943729008264615
p15236,0.5665232687687451
p15237,-3.958572258786353
p15238,1.764173712593323
p15239,1.2419945807872557
p15240,-0.990685534167946
p15241,-1.1617688562317134
p15242,-0.9041543397539219
p15243,1.7781326596288753
p15244,-0.12286177695011113
p15245,2.691753123603805
p15246,0.5930512444656952
p15247,-0.19902999348471107
p15248,1.564906585819839
p15249,-1.595885782467683
p15250,2.2573818543189943
p15251,2.955908476124371
p15252,0.9412750671924952
p15253,1.900459647835448
p15254,0.6746169900055643
p15255,0.01598642520822391
p15256,2.592685058586755
p15257,0.6850885240644987
p15258,-0.02209440173417976
p15259,1.393335780416725
p15260,1.1746509832964662
p15261,2.79832765757644
p15262,0.070610313449461
p15263,-1.9606451282057584
p15264,0.47531456408277917
p15265,2.156643885458519
p15266,-0.40156244997897017
p15267,0.44392010203423016
p15268,0.281807500246147
p15269,0.7371057548579438
p15270,1.7350520483289182
p15271,0.02698033120272203
p15272,3.3615169485494296
p15273,2.586612449453476
p15274,-1.2334897125546398
p15275,-0.058250592987151184
p15276,1.0364159652712703
p15277,1.1530224480049145
p15278,0.10698080975703084
p15279,2.6890097829746042
p15280,-2.5314851875280704
p15281,3.621451816666012
p15282,-1.166358265851032
p15283,0.8421372166903198
p15284,2.2181062391225956
p15285,-0.3298119140003245
p15286,2.234772235353452
p15287,1.8031368814388746
p15288,0.9181070797462705
p15289,1.4414283885169472
p15290,1.2809429486361708
p15291,2.2408515864802463
p15292,0.5884969876891265
p15293,1.8242408895970383
p15294,1.393878091024363
p15295,1.0762109759616711
p15296,-0.34938280971474966
p15297,0.0937384944687224
p15298,-1.0106444501746266
p15299,3.7313771788745647
p15300,0.9847591997829153
p15301,1.8299445789923583
p15302,-0.8175782805139388
p15303,0.57107720951323
p15304,2.4960854478696533
p15305,2.8347591661360796
p15306,2.3449749168004517
p15307,0.3108489300240097
p15308,-0.990661052417633
p15309,0.8458092103643832
p15310,-0.605811001597579
p15311,-0.6420265815773031
p15312,-1.9959176214285153
p15313,3.0179508691811914
p15314,0.43774621498353156
p15315,-3.2521716968736603
p15316,-2.6537418355703393
p15317,-1.156660582747575
p15318,2.927636572128214
p15319,2.494642136512082
p15320,3.254409964251008
p15321,1.7941243724478655
p15322,1.3031643147439027
p15323,-0.24757602287047364
p15324,-0.3830347869735745
p15325,1.247289334549466
p15326,1.3069636403288634
p15327,1.3817955242612276
p15328,0.12706262605782492
p15329,1.5247344031030332
p15330,0.5051122594961757
p15331,0.7287818881255079
p15332,0.5152716657825318
p15333,1.0245780289485704
p15334,0.23103580744587615
p15335,3.431817456375791
p15336,1.881610874828655
p15337,-1.3544406023295674
p15338,0.12228099961508176
p15339,-1.378488233858472
p15340,-2.0810528122538865
p15341,2.2665312776310884
p15342,0.07836795067182145
p15343,2.265401103699339
p15344,1.9313480859645105
p15345,0.35347775067118015
p15346,-2.5596979443395997
p15347,-0.7250928083286875
p15348,0.332232756799413
p15349,1.7215844204741724
p15350,0.1326609127039987
p15351,0.2920032408315828
p15352,-0.6803871084823151
p15353,1.9208688608531603
p15354,2.665278895167308
p15355,0.3526640893783481
p15356,-1.673927376480289
p15357,1.1604918368891317
p15358,4.779177417712844
p15359,2.5958143167414014
p15360,2.276284177331252
p15361,2.485289822481915
p15362,1.0265717970542063
p15363,1.2155084760429047
p15364,-1.3671409167806492
p15365,2.153636007001619
p15366,3.473724854824457
p15367,3.168624075199055
p15368,1.4575303366210575
p15369,2.0662162766484835
p15370,0.7157676905357688
p15371,-1.4190310505947634
p15372,1.5058486663019437
p15373,0.6370140247280315
p15374,2.609312923872386
p15375,1.8109872949159072
p15376,-0.14924731960131254
p15377,1.5824735031381976
p15378,0.3484938791272324
p15379,-0.5278508463555976
p15380,2.186535954850532
p15381,2.6705823527700945
p15382,-0.2769314759070375
p15383,1.770346597232558
p15384,0.7978303163376056
p15385,2.298640163095127
p15386,1.540420450351732
p15387,0.09685974616315174
p15388,3.5502220578217907
p15389,-0.22546964636852163
p15390,1.5799026434168137
p15391,-0.004978958554191726
p15392,2.4226575758436812
p15393,2.743325493128848
p15394,-0.6404193623653235
p15395,-1.9355363309122313
p15396,-0.006530669248670962
p15397,-2.05160921942613
p15398,1.9340449909817692
p15399,2.551705412044561
p15400,3.250792898493782
p15401,1.5188392514228757
p15402,-0.9452673311908405
p15403,-0.0989242985682921
p15404,4.426956570582719
p15405,2.3935557754891588
p15406,2.3350847174526503
p15407,2.0223221631596666
p15408,-0.5517483597828884
p15409,1.7479017190559278
p15410,2.7113874831666793
p15411,-0.17141720035758434
p15412,0.1172523864372833
p15413,-1.4044381118373153
p15414,1.6228267957578324
p15415,-6.114727950316353
p15416,-0.25263530539874657
p15417,0.3761867253728105
p15418,1.448977147972951
p15419,2.2803939234597705
p15420,0.23099810405522336
p15421,1.2525172148453094
p15422,0.986139974761884
p15423,1.3167386381540993
p15424,1.8938340545164425
p15425,0.7595438209788129
p15426,1.438440250310565
p15427,2.696796038858814
p15428,-0.5484948948398952
p15429,0.8686745124399632
p15430,3.825264657266033
p15431,1.141945803991204
p15432,2.1988233133631194
p15433,-0.08466952354417812
p15434,-0.9153809369619187
p15435,1.095287799438945
p15436,-1.199887959150403
p15437,1.333018557812789
p15438,0.10137302340118093
p15439,-0.969137275349753
p15440,2.7223032325025596
p15441,2.100444140525032
p15442,2.7990300612568473
p15443,0.7930469906946487
p15444,-0.20868214598513302
p15445,1.1489017906542327
p15446,-1.115965372244084
p15447,0.845106663469311
p15448,0.4744686902725305
p15449,0.5197859712948809
p15450,1.953021928585748
p15451,1.1198411743166088
p15452,2.8386380454136293
p15453,1.0325424110435
p15454,0.28457989576019205
p15455,-0.22559066234962877
p15456,3.243489015482918
p15457,-1.4112341441638474
p15458,1.4795663414589661
p15459,3.400139593707778
p15460,-0.1693915202478138
p15461,-0.19848013426951028
p15462,-0.9852959049801896
p15463,-0.2149689550810393
p15464,0.5765545933411512
p15465,-1.0463742598571013
p15466,1.0618150159252795
p15467,2.0131358774363313
p15468,-0.6794573243005052
p15469,-0.3443033094993341
p15470,2.714608764398173
p15471,-0.21259090909147338
p15472,-0.04623279037363481
p15473,3.067005315156934
p15474,0.9969221584114519
p15475,1.1772032539446078
p15476,3.119789433204493
p15477,1.0017410804438578
p15478,-0.04852314587568385
p15479,0.13343086481534694
p15480,2.6930305868243467
p15481,0.25718522783556175
p15482,-1.961491455029304
p15483,-1.613967537029827
p15484,1.268501954793313
p15485,2.3492872059199406
p15486,1.1888471814436106
p15487,1.239047286933362
p15488,1.3654393743545912
p15489,0.6057947535149576
p15490,0.9864742285374007
p15491,-0.00572015651548774
p15492,2.978361489012913
p15493,-0.012988379035728692
p15494,0.08818331535129631
p15495,0.69368906121899
p15496,0.44458930970774635
p15497,1.9426338799131737
p15498,2.8574844851677628
p15499,1.467809939666945
p15500,2.2568095342552437
p15501,1.7531637273767209
p15502,-2.0274815984632855
p15503,0.5639505902984752
p15504,1.6762478160538508
p15505,2.70856943235126
p15506,2.2841961355230835
p15507,0.8217746976908967
p15508,1.6927038121069569
p15509,3.2596948871061526
p15510,2.3990438456994605
p15511,2.8394323239474466
p15512,-0.8182331120616809
p15513,-0.5357858448688223
p15514,1.3490571608365483
p15515,0.18303881678064515
p15516,-1.041802355484172
p15517,3.0786081918988795
p15518,2.1523922715497386
p15519,0.41548780540867547
p15520,1.8667260654847526
p15521,1.6694957521095606
p15522,2.1465542382244
p15523,0.7795664601116411
p15524,0.4126881796985141
p15525,3.8083675252316906
p15526,-0.9587942756850149
p15527,0.3203158435181772
p15528,0.7577011895556233
p15529,2.778574924570072
p15530,-0.22548759112436334
p15531,-1.9532310914789912
p15532,-0.1035811002465411
p15533,2.860862829831403
p15534,2.9974627060359214
p15535,-0.4028687478375058
p15536,1.0945926066884821
p15537,2.792235750863623
p15538,1.3899582265628867
p15539,-0.7672716464137824
p15540,0.15645462212715677
p15541,-0.4465100324666401
p15542,0.22525074039797888
p15543,1.7983560904720859
p15544,-0.286072803509941
p15545,-0.7370198728897573
p15546,-0.20865883225114612
p15547,-1.5151694454777584
p15548,-0.7998775591105703
p15549,-0.15930511418583893
p15550,-0.1612945963652227
p15551,0.9774423254961009
p15552,0.1274653314505555
p15553,-0.2725589815866155
p15554,2.345033253286747
p15555,-1.2775672298451997
p15556,1.2889544719139667
p15557,0.8301887117928565
p15558,2.0468213396231674
p15559,0.25472851492093895
p15560,-3.572844381327703
p15561,0.40310123628633054
p15562,2.588477428575923
p15563,0.4126845113009989
p15564,2.4745550199123705
p15565,4.840467341245028
p15566,2.351573494665162
p15567,0.10391073957487651
p15568,-0.7551697269513856
p15569,1.8725849254735913
p15570,-2.825411692234319
p15571,3.0553504967509513
p15572,2.5912719372000588
p15573,-0.46105716177304246
p15574,2.65519907506588
p15575,1.1065564196456907
p15576,2.3290743636435276
p15577,-0.13273474175972344
p15578,2.0670566661601826
p15579,-0.6330376838371768
p15580,0.6066326915038017
p15581,0.14819144218777847
p15582,-0.5910897502850442
p15583,2.8147410468650675
p15584,-0.22483710439465743
p15585,2.8505465602896307
p15586,-0.7649160879568745
p15587,0.46005613875633494
p15588,1.9508900443865422
p15589,1.6728635521237152
p15590,-1.361600302110519
p15591,-2.884791589807433
p15592,1.8968894036411368
p15593,1.4632053212498568
p15594,0.2449662262099631
p15595,-3.227272066204636
p15596,2.9601633621915493
p15597,0.47279778294280084
p15598,1.7399518642932648
p15599,1.6017556962888038
p15600,1.8980367209228497
p15601,-0.8704628745108735
p15602,1.6185831293909922
p15603,0.17006025626309706
p15604,0.5526928326705841
p15605,2.7533352571711878
p15606,1.832771528471984
p15607,1.2626724416668653
p15608,-2.8567640509094034
p15609,2.9663699595630213
p15610,0.02784240021571993
p15611,0.9943287259006774
p15612,2.7640113330835763
p15613,0.22922856957143467
p15614,0.8738120238791679
p15615,2.730255959137946
p15616,1.2578196359427742
p15617,0.6681928997523061
p15618,0.8564424930358845
p15619,3.06981917281921
p15620,-2.6294885687903435
p15621,1.291244923548712
p15622,-0.305911563575337
p15623,1.4203330533661331
p15624,0.031514771546529485
p15625,-0.8538689588246892
p15626,1.7370336973427767
p15627,0.7719585217543243
p15628,0.7558114824954864
p15629,0.16172973065306462
p15630,1.1839522007537144
p15631,-6.066164139770243
p15632,1.0998849658722811
p15633,1.7374310868448164
p15634,2.8676222727013565
p15635,0.20206955185254483
p15636,-0.3162400357159253
p15637,-1.024655698367137
p15638,1.7856726567068768
p15639,0.5780483198914586
p15640,1.3049529074797959
p15641,1.3529506189584768
p15642,1.1216943727198472
p15643,1.6571961427117654
p15644,1.9195169791945599
p15645,1.3671289027362787
p15646,-1.9711261280692267
p15647,1.2370975199454137
p15648,-3.0709513224053393
p15649,0.7718070714340362
p15650,0.8712152735123213
p15651,2.200324954331386
p15652,1.8007883835491474
p15653,0.15654695168055
p15654,0.7094594767545785
p15655,1.6174562046619334
p15656,0.17581433024136017
p15657,1.415926189606695
p15658,0.5669329655178129
p15659,0.46189988143673355
p15660,-0.7688869981805978
p15661,1.6993612872647552
p15662,0.6670112750024035
p15663,1.2052791519905373
p15664,1.210474899247767
p15665,2.07977807290845
p15666,-6.4315846452262315
p15667,0.1575232443969128
p15668,1.1643854714351165
p15669,-0.11208309054893617
p15670,0.6267563759943706
p15671,0.4395278005084976
p15672,1.674015360916641
p15673,-2.9997654174025357
p15674,1.8854567687866308
p15675,1.5726256826096996
p15676,-2.362021980692855
p15677,0.18533510169489553
p15678,2.9154419775652722
p15679,1.9066028777732376
p15680,0.40428307489943377
p15681,-0.4849436958107022
p15682,0.12171994831046351
p15683,-0.24860915826950547
p15684,-0.5894022328182923
p15685,-2.075641902521547
p15686,0.1631678127179319
p15687,-1.04958644323894
p15688,-1.9180600003652555
p15689,0.9883761108331501
p15690,2.731879554045043
p15691,0.7612350938428889
p15692,-4.05127172268403
p15693,1.762884003062478
p15694,2.0759391266994096
p15695,0.6729607028420639
p15696,0.38056219578317874
p15697,-0.08230454480886795
p15698,-0.6340034616400821
p15699,2.337410023847188
p15700,-2.271788799985259
p15701,-1.7010072750470138
p15702,-0.12667503647045697
p15703,1.9641469617754548
p15704,1.0352659543178475
p15705,-0.8143199352974978
p15706,1.6635408836934489
p15707,-0.6661738579743451
p15708,0.6318095157952217
p15709,0.04278175257900563
p15710,0.14738937943426123
p15711,-1.3464914549848754
p15712,-1.7278091061533885
p15713,0.3422531484767125
p15714,2.0030203670405027
p15715,-0.4804375963046733
p15716,0.0016092796848534707
p15717,0.6100765576012845
p15718,0.1995421284542177
p15719,-1.578492007784427
p15720,0.8251512053778339
p15721,2.1956083920022964
p15722,-2.5681264703171847
p15723,-0.5425717176896362
p15724,3.3273257360197346
p15725,0.8137663177750417
p15726,2.260962953735914
p15727,1.915573217076758
p15728,2.4648866182363616
p15729,-0.2865378744944017
p15730,-1.8452160101617823
p15731,-1.5559963974650892
p15732,0.23039719928255253
p15733,2.0270850244340464
p15734,0.8762326274644883
p15735,1.9912986042371892
p15736,0.020704439595049418
p15737,-0.5647498227598625
p15738,1.4663026997811826
p15739,2.280526963946828
p15740,2.394380132339656
p15741,0.7190577253635074
p15742,2.4914286254744273
p15743,3.0977296811370314
p15744,2.249324933655446
p15745,0.7399893471747415
p15746,1.1199815806870674
p15747,-3.3593769679156833
p15748,3.3039749246557566
p15749,0.7965376405698141
p15750,-1.7066729677571777
p15751,-0.4955866981292777
p15752,2.1721696959180385
p15753,2.857679871100144
p15754,1.501127039108828
p15755,2.2705381927787833
p15756,0.18536105767453936
p15757,0.5948578714200735
p15758,-3.903459628538083
p15759,2.75136579392047
p15760,0.30204079498386344
p15761,2.8499777206337025
p15762,-0.037168855286533575
p15763,1.851127986325825
p15764,-1.2770416704041327
p15765,-0.9164170571100206
p15766,1.1446142636059853
p15767,1.4022239759130195
p15768,0.2924626526866164
p15769,0.29080587400346536
p15770,-1.5477609666366794
p15771,1.4512741758616161
p15772,-4.607841913387851
p15773,3.2339716229075353
p15774,1.280952878828186
p15775,1.6750888952827516
p15776,1.788140836920916
p15777,-3.1241459401919722
p15778,0.32420032640881913
p15779,-0.6957612461012376
p15780,0.40725618807122327
p15781,-2.398945755279834
p15782,-0.8200567000674731
p15783,0.18207006052107866
p15784,-0.1687449417765875
p15785,2.9519117714223064
p15786,-1.4812915509474172
p15787,1.8840922002820166
p15788,2.1276710058000274
p15789,1.520197848226395
p15790,-5.000923219850125
p15791,0.3906990155742591
p15792,0.49040748330397177
p15793,2.33444509171011
p15794,0.9157060728664003
p15795,2.523274782509348
p15796,1.6224279872394187
p15797,0.03432393372767273
p15798,1.8218110526446254
p15799,-0.11327884536404487
p15800,1.6086972929532126
p15801,1.7363955668548017
p15802,0.2065765381319462
p15803,1.385191479302604
p15804,0.036691620080552934
p15805,-1.4361950630572031
p15806,0.6874987404658024
p15807,3.065569314508423
p15808,-1.8515249892842327
p15809,0.8349197890337914
p15810,1.1026939728577365
p15811,1.1400127208595867
p15812,-0.4630693257995543
p15813,-0.28735821918827764
p15814,2.483835256890477
p15815,2.784506449964526
p15816,0.7474215511042916
p15817,-0.7194814687368961
p15818,-1.4251218352925972
p15819,1.9621464768578618
p15820,0.4585704207511051
p15821,1.423162013873823
p15822,-0.22317520671414381
p15823,2.245568268962074
p15824,0.8263394007985905
p15825,2.4447308436046034
p15826,3.4839287281629736
p15827,2.263597968589361
p15828,-2.352657828701894
p15829,1.67459190227222
p15830,-1.3742585080052718
p15831,2.3407436101648753
p15832,2.9806679240043805
p15833,0.35404006065798466
p15834,-2.6604735405057762
p15835,3.1485654133278014
p15836,-0.7182488278156055
p15837,-0.8999602178007139
p15838,0.24685179109656175
p15839,0.6919898012836241
p15840,1.9992775890543633
p15841,-1.11975060123613
p15842,0.2174804073712181
p15843,2.81034507626978
p15844,1.9151290699678456
p15845,1.8030816385401116
p15846,-0.8499429446078132
p15847,1.3329721276105886
p15848,-2.229644281342852
p15849,1.8354587210360829
p15850,0.5330624496570515
p15851,3.119210945355633
p15852,-0.9199613382375301
p15853,-0.40805488084374
p15854,-0.4793852517208289
p15855,-2.6264848264103473
p15856,-1.9230039590715955
p15857,-1.1579301463539684
p15858,1.6735955039986816
p15859,-0.4982062228824956
p15860,1.8918250107176342
p15861,-0.036397008253508556
p15862,2.215957019507084
p15863,1.9626188264965685
p15864,-1.1393637149789821
p15865,1.147927388844622
p15866,-0.6313686654050942
p15867,0.8968381667017311
p15868,2.3006522853571965
p15869,1.009206610343477
p15870,0.7529927917888963
p15871,2.5098801159420687
p15872,1.3191698325529406
p15873,-1.9984593266897268
p15874,-4.490686383717106
p15875,3.5601490072626576
p15876,2.54187301709208
p15877,3.0887688981405788
p15878,1.1640879509458117
p15879,-1.679282972285883
p15880,0.6035035245708661
p15881,3.232865749722829
p15882,-2.8295968075414697
p15883,1.953629630423713
p15884,1.4053087257287482
p15885,0.20214154743822144
p15886,2.555065041167735
p15887,1.7268288006578336
p15888,-0.770042193325175
p15889,-0.18087855391131225
p15890,-4.3681611974588375
p15891,1.1749994793157965
p15892,2.269886381701075
p15893,-4.0764876925135445
p15894,3.627056551982454
p15895,0.02418890966596532
p15896,1.8349616254613004
p15897,-5.041690072839051
p15898,0.3772657882285513
p15899,1.6750516589900362
p15900,0.30722168940949335
p15901,1.9566813646426247
p15902,0.35064574760336437
p15903,2.495555670471068
p15904,0.9136320959408875
p15905,-0.08742647932684344
p15906,2.5176037864685337
p15907,1.348714096311718
p15908,-0.17766566199460665
p15909,2.223903052866727
p15910,-0.38647442870409565
p15911,0.8704896920471713
p15912,-1.219158812106118
p15913,-0.6797228956738574
p15914,1.2458148701544207
p15915,0.9673415254735644
p15916,4.5377659985722945
p15917,2.846099287385127
p15918,0.17529126930147554
p15919,-0.7216149069053143
p15920,3.188635322303024
p15921,0.9562284146163029
p15922,1.8698750957897214
p15923,4.070017826026702
p15924,3.5585570626731133
p15925,1.9948910344147461
p15926,3.527295320437511
p15927,2.666139904746442
p15928,2.991855466059411
p15929,0.3466223128396669
p15930,2.373127346470411
p15931,1.6750842553364338
p15932,-1.2999846625618066
p15933,1.6531295696218984
p15934,1.0839867087727206
p15935,0.49359015452087807
p15936,3.890378003646169
p15937,-0.4981065187159194
p15938,2.0107440921537436
p15939,0.3665570148042003
p15940,0.14252141134973584
p15941,-0.3358460205015116
p15942,0.6625573627986237
p15943,1.7932107790797005
p15944,-1.071303768873666
p15945,3.2160421904862284
p15946,0.11795841323790324
p15947,0.3091751365655333
p15948,0.9920869418485936
p15949,0.6281800488956741
p15950,-2.3269958437525324
p15951,3.863211506427641
p15952,0.8367466567601329
p15953,1.921390246457448
p15954,1.4414918176691693
p15955,2.4237526843429196
p15956,-2.816798367162231
p15957,2.069979860556449
p15958,-1.1526744781423752
p15959,-1.2299032606328786
p15960,0.5768689856066362
p15961,-0.4193977390002054
p15962,-0.48837581695015986
p15963,-1.120384039368258
p15964,0.7915041776726262
p15965,2.1523637680764467
p15966,-3.0063823631855624
p15967,3.3246180217023342
p15968,3.4038731563745244
p15969,0.9601330694577996
p15970,2.28690432963433
p15971,0.22468850327103562
p15972,1.7454615229534909
p15973,1.2626920514704345
p15974,-3.3616589753396053
p15975,-0.4009727141405116
p15976,-0.7091330960979144
p15977,0.9193283649180728
p15978,2.2000932359335725
p15979,2.2741554402714517
p15980,-2.1343801529965742
p15981,-0.6423591857279184
p15982,1.597040309807237
p15983,2.53199082584855
p15984,-1.8241362626999686
p15985,0.8844576812097792
p15986,1.253370858435443
p15987,0.7039890745078634
p15988,2.646662522730621
p15989,0.14589646202616346
p15990,1.7482144606132657
p15991,0.49382885703019774
p15992,0.0816640230595902
p15993,-1.13251137974849
p15994,-2.045844180977764
p15995,1.8317634777843397
p15996,0.7811805916718547
p15997,-1.0965716600951216
p15998,1.2739464606165376
p15999,-1.1619672032980324
p16000,1.4101351909244881
p16001,1.5558765203870908
p16002,3.1757633549992677
p16003,0.8381982177881335
p16004,-2.937577145566543
p16005,1.2078819929214832
p16006,0.8108273121309767
p16007,0.36508353907858704
p16008,-1.0318635781270302
p16009,-0.6820607759532281
p16010,1.3209531013724205
p16011,0.414776733384816
p16012,3.469342740915832
p16013,1.7861276770689116
p16014,0.9912564960635863
p16015,2.3377121763601463
p16016,1.612171313573961
p16017,2.0914764376270303
p16018,-1.2301780051659135
p16019,-0.17420031943405778
p16020,-0.3952756577884605
p16021,-0.8447756737534412
p16022,0.49435213214912543
p16023,0.5993025467072605
p16024,1.0785425606880594
p16025,-0.39033456335471806
p16026,1.318606562771866
p16027,-1.556618526511779
p16028,0.03712829196962031
p16029,1.028796392199924
p16030,-1.0913652203608497
p16031,0.24119713267682463
p16032,-1.6460475493139914
p16033,0.5278591388775129
p16034,2.324149199461625
p16035,0.08967285446712903
p16036,-0.4027248549887691
p16037,1.406151704238515
p16038,2.7018244403174365
p16039,1.328229155748328
p16040,-0.7770329015694714
p16041,0.816863565435772
p16042,2.3154158458671645
p16043,4.621536983192327
p16044,-1.8524240299143462
p16045,1.663442868952778
p16046,3.855306112855574
p16047,-1.7462536635725407
p16048,0.7396284433443767
p16049,1.5526609967690845
p16050,0.7175554944616609
p16051,1.1552071343041463
p16052,1.744693453023283
p16053,2.6156690815781176
p16054,1.8600202673940962
p16055,3.1674182977206145
p16056,-0.9750408137873509
p16057,-0.5530398533354001
p16058,2.3503181646661533
p16059,-1.4496086299688464
p16060,2.42747168996577
p16061,2.021337589644879
p16062,1.4738070734030346
p16063,-1.586347888846996
p16064,1.6797285334354353
p16065,4.030099052618421
p16066,0.7300079668594311
p16067,1.703025353462877
p16068,0.9065119410101831
p16069,-1.4461749921137197
p16070,0.5136010081830018
p16071,0.5526695833258082
p16072,-2.2621400114745716
p16073,-0.893422590596665
p16074,2.8041281488791756
p16075,2.9299901999964244
p16076,0.66666567080958
p16077,-2.330793136427318
p16078,3.240304705008198
p16079,0.9297739476930615
p16080,1.1430782741611438
p16081,-0.7024276094613765
p16082,0.8491249402099097
p16083,-0.29811377754748525
p16084,1.303837543052091
p16085,1.5556333650482472
p16086,0.894471664741792
p16087,1.6540335957416556
p16088,-0.596602455479382
p16089,1.1577905011698841
p16090,-0.07826567690235231
p16091,0.22328657763336912
p16092,-0.28838327383724927
p16093,-0.8905286434249985
p16094,3.604573822836958
p16095,0.24599726723703963
p16096,0.6455307336055134
p16097,-0.9457954900533448
p16098,-0.029401499568633915
p16099,1.223161450344867
p16100,2.6693648210456025
p16101,1.3796852049535508
p16102,1.7060739752180432
p16103,-0.1691136887445167
p16104,1.8172555562980706
p16105,2.8647186171321897
p16106,3.492211614420837
p16107,1.226190823606264
p16108,1.8378069952366296
p16109,0.43093966786932525
p16110,-0.039478679918774184
p16111,2.069730251558419
p16112,1.1285446188693735
p16113,-0.9844974392043789
p16114,-1.4045780571680306
p16115,2.210577875320405
p16116,1.289817874763307
p16117,1.24287833435285
p16118,2.3661104882032684
p16119,1.867322074691402
p16120,0.2668355602152437
p16121,2.3973600934771326
p16122,-1.460864657168599
p16123,-5.5771984452489765
p16124,3.5342333846219796
p16125,0.2377452598993387
p16126,-1.9980991271583899
p16127,0.4398458846773018
p16128,3.1410181076223602
p16129,0.7854213621094264
p16130,-1.1993722684897685
p16131,0.6849063174477624
p16132,2.938262055557203
p16133,-1.0527947311273715
p16134,3.669430906880878
p16135,0.32723483069902315
p16136,-4.450068943512093
p16137,2.033964922842229
p16138,-1.3887330725278102
p16139,-1.1791227649665812
p16140,-0.8565352012188131
p16141,1.2811789580141835
p16142,-0.7694883088277383
p16143,-0.23254104837801426
p16144,0.4926611419030024
p16145,2.268776804183802
p16146,1.7640231194500675
p16147,3.4044410618149787
p16148,1.8509033384730844
p16149,3.146890118329282
p16150,-0.27639084538511793
p16151,0.38398191178612817
p16152,-0.26713629789757964
p16153,-3.120063683961576
p16154,-2.980398727805186
p16155,2.578352824191493
p16156,-0.5095125010133664
p16157,1.7117283873031637
p16158,-0.6593978034111198
p16159,0.1513498893842785
p16160,-0.3084856555463483
p16161,2.577127958777178
p16162,2.126854327271181
p16163,-0.636900140316245
p16164,0.8201290350051036
p16165,2.381398078009966
p16166,2.282785865327076
p16167,-1.8670126689808915
p16168,2.076002538995878
p16169,-3.4489670862672273
p16170,2.531271926796569
p16171,-1.1061411205051557
p16172,1.1903660916068626
p16173,2.3957555151989225
p16174,2.0176727909201886
p16175,0.16851228211430036
p16176,0.7654050378469681
p16177,2.5785867855712006
p16178,0.17902826402133953
p16179,3.4705053330092768
p16180,-2.381621278451413
p16181,-0.05588700900037369
p16182,2.877551879023393
p16183,-0.8570187481735186
p16184,2.941513562340132
p16185,2.4147021229908514
p16186,-0.5817227006086375
p16187,-1.3881503024989068
p16188,-0.0512942640545998
p16189,-2.7417494831885363
p16190,0.8309991279094568
p16191,-1.0352124419174396
p16192,1.7032114506508012
p16193,1.2269501677716221
p16194,0.607522748975565
p16195,0.06448522600614126
p16196,2.2911336245610583
p16197,0.08278101021005113
p16198,2.2795964597169776
p16199,-0.7139364759902608
p16200,1.3622711392186129
p16201,-1.107282308078759
p16202,2.565269816242366
p16203,0.1792927733441414
p16204,-0.7242866319347735
p16205,2.4040963791012255
p16206,0.1502276817583187
p16207,3.72449698926934
p16208,2.6454239289381376
p16209,-1.4785686561497817
p16210,2.0782721428600124
p16211,-0.2852684563077931
p16212,-1.868556946542522
p16213,2.8161678788057674
p16214,-0.01424855950564774
p16215,0.7776446448407103
p16216,-1.0157607579895056
p16217,-1.1985900429612535
p16218,0.1893568937537461
p16219,0.11992836104659743
p16220,-0.9198555775486298
p16221,2.3926935045017017
p16222,-0.09644394675858581
p16223,2.670920093646211
p16224,1.8911847478554895
p16225,2.324984509500047
p16226,0.16083195316259735
p16227,1.1108189707900644
p16228,1.6304953404544453
p16229,0.06214770503711142
p16230,1.5252398182962374
p16231,-3.2409227248095696
p16232,0.6678172111595917
p16233,2.9132162105534087
p16234,0.7464847110782977
p16235,-1.9345689615771513
p16236,1.6334322649244708
p16237,3.0449524900412004
p16238,0.5477208388751846
p16239,-0.5445597479543821
p16240,1.5207380718707557
p16241,0.04149957583261654
p16242,1.1232369110108098
p16243,0.9738409307844107
p16244,-0.882775312516649
p16245,1.2584542161339118
p16246,1.216232281836372
p16247,2.7267560346457564
p16248,5.177804836331446
p16249,1.8266587394932556
p16250,2.1852533543415515
p16251,3.08945228520489
p16252,0.3784039079756555
p16253,-1.806273139835651
p16254,1.072787489276688
p16255,1.6390342052354216
p16256,-0.7437940256628187
p16257,2.4099645218522507
p16258,0.2642246038622197
p16259,0.9902375799438703
p16260,0.6810156711279386
p16261,1.2847203686932636
p16262,1.9476660117145497
p16263,-2.387683733684008
p16264,0.017704507486489662
p16265,2.086186374345643
p16266,-1.0888252758801946
p16267,1.2443584368452225
p16268,0.027376691131648534
p16269,-0.7644234602114918
p16270,0.3119267477420105
p16271,0.27722359285720066
p16272,-0.20833599671525704
p16273,1.4264756837457098
p16274,2.82699715222679
p16275,2.045672908301475
p16276,-0.7689777011526034
p16277,0.04630153630786649
p16278,-1.5474440133515732
p16279,-0.09937821175258754
p16280,2.3080330015170505
p16281,0.4427513278066876
p16282,1.9121921441075727
p16283,2.0210558961319154
p16284,-0.1342058844651175
p16285,0.1659698615056694
p16286,4.025804438504893
p16287,0.7624014803938371
p16288,1.949802204456152
p16289,0.545233179928303
p16290,-0.7248886726193328
p16291,-1.6880942963989534
p16292,-0.16187208625740335
p16293,0.28192233421310486
p16294,1.7454601176771263
p16295,1.5627041233591847
p16296,-0.9653546382227763
p16297,-2.377811311877102
p16298,1.3681153695448165
p16299,3.7236158301563638
p16300,1.0060584414096838
p16301,0.48550546318075266
p16302,3.800812180968436
p16303,-0.6379506797788453
p16304,1.317247347364369
p16305,2.2024855662183183
p16306,-0.45237108859702924
p16307,0.8697362030037896
p16308,3.621208430222865
p16309,1.404106550644322
p16310,4.116729128351567
p16311,-1.2869295224230877
p16312,-0.5439203060767869
p16313,2.754604945838101
p16314,-1.7597236774178069
p16315,-0.3828605975837066
p16316,1.9189035496246292
p16317,1.6872744776112456
p16318,-0.3240343327173735
p16319,1.4417680726996112
p16320,2.676353544521679
p16321,-0.1913647281927826
p16322,-2.0055397845525884
p16323,1.857504426368314
p16324,1.1408108821275653
p16325,-0.702018855605769
p16326,0.6935016746229689
p16327,-1.7504593447767154
p16328,1.697305748059836
p16329,-3.187525270435391
p16330,0.27164523540044705
p16331,-1.6984989208485861
p16332,2.471598303141499
p16333,1.820127797976696
p16334,-5.058042880426636
p16335,0.24281207806817828
p16336,2.592988956940983
p16337,0.8389939583585002
p16338,2.8860212917917845
p16339,2.5618816660926433
p16340,0.2995511484178966
p16341,-0.2737098691851262
p16342,-2.7809886079084314
p16343,2.661984109784842
p16344,-2.9051137705859653
p16345,1.7055125807041644
p16346,1.981161837352745
p16347,-0.10314369169410054
p16348,1.4730006443769743
p16349,2.158322314598499
p16350,2.187081297224452
p16351,-1.1595748100602266
p16352,-0.5827559326045214
p16353,1.3764993927928564
p16354,0.9733876997218764
p16355,-1.6976086952319158
p16356,-0.10505337269284509
p16357,2.126966705489592
p16358,3.014692364324664
p16359,-0.44112558910783417
p16360,4.1665554552777895
p16361,-0.621215281027958
p16362,2.9922162163919914
p16363,-2.368505515564396
p16364,4.089412878789306
p16365,1.1234617957466644
p16366,-1.0370818743463222
p16367,-0.6700547811419341
p16368,3.7090513630444315
p16369,1.4623920997855175
p16370,0.6664296241052936
p16371,0.6376571925323465
p16372,1.1007213342023467
p16373,3.426738553867148
p16374,1.0617941440161252
p16375,-2.068348253137672
p16376,-0.39934720313007965
p16377,-1.8476559418876728
p16378,0.08851050691305096
p16379,2.595084198940926
p16380,0.39948997767567834
p16381,-2.171831105115853
p16382,-0.22559939248385452
p16383,0.853824258053373
p16384,1.3069493991420709
p16385,1.350692721969325
p16386,-3.3012516399580387
p16387,2.004186268429768
p16388,2.648742502565216
p16389,2.7808638654011615
p16390,-2.366446182017158
p16391,2.4574096156062573
p16392,0.19956030010848214
p16393,-0.8399135304238535
p16394,-1.2806821983732384
p16395,-1.3275622784654488
p16396,0.9495896181558547
p16397,2.126936883196668
p16398,1.8679427169825824
p16399,-0.5283792169349407
p16400,-0.39138209608822094
p16401,2.686202072788395
p16402,0.5525956803869675
p16403,-1.4243073375568933
p16404,1.5578761724246029
p16405,2.145136696300751
p16406,0.17204104033151169
p16407,1.841597155911058
p16408,2.3488731418085065
p16409,2.2340086320068417
p16410,2.5261350442925163
p16411,0.004610323151841955
p16412,2.627701991434283
p16413,0.45905954778842256
p16414,-0.4211850554798525
p16415,-2.4705538619633227
p16416,1.6647577525980495
p16417,3.3307748571858293
p16418,-1.548768508596316
p16419,-0.5324219375361635
p16420,0.07668543926645921
p16421,1.7318719237936575
p16422,-0.3555261458355655
p16423,-0.5846778840170751
p16424,3.2855064034394394
p16425,-0.2618093457018732
p16426,0.3502836169307839
p16427,1.22954724709274
p16428,-0.4906138464806148
p16429,-1.8799663257672465
p16430,0.2013136831628376
p16431,0.047280663844267656
p16432,3.2712578767362896
p16433,0.2902348116469219
p16434,0.738282386456657
p16435,-1.887566853597788
p16436,1.93765439856393
p16437,2.7832201897953124
p16438,2.087924620656276
p16439,-0.9696972226485344
p16440,-0.7842032039617329
p16441,1.4078039776586406
p16442,1.4895407002890706
p16443,0.5159417988776386
p16444,1.3032142865729295
p16445,1.7623197745959487
p16446,0.2667594455397858
p16447,-1.667544928592803
p16448,-0.22727497542970265
p16449,-1.7526882639514612
p16450,0.6573818386846131
p16451,-0.16886452900422555
p16452,3.5733663414577816
p16453,2.8477301099760766
p16454,-2.871708121577289
p16455,1.8261643943711676
p16456,1.082069966737872
p16457,-0.7181037144484702
p16458,-0.5912356367106041
p16459,0.9043274362619415
p16460,0.3589162919643003
p16461,-0.23354318529272222
p16462,2.174282485882865
p16463,0.9088724377605348
p16464,1.4153983127929597
p16465,-1.2989526230364112
p16466,1.681274045668959
p16467,0.297777697820914
p16468,1.4058865119882413
p16469,-0.8017035438001326
p16470,-1.3566852534398626
p16471,0.6783409274309861
p16472,1.93416225528031
p16473,0.5336356342723858
p16474,0.815479181460727
p16475,0.4816049246145837
p16476,2.121999357047783
p16477,2.352271608540691
p16478,1.5270330457256938
p16479,0.03975922739770865
p16480,0.4391716901210295
p16481,1.2513467486980785
p16482,3.4885884383169303
p16483,-2.6438867781472957
p16484,1.8656103490333926
p16485,1.6349437532460684
p16486,0.28894592315276924
p16487,-0.5840526136891556
p16488,-1.0938247304308129
p16489,0.970728851570507
p16490,0.6657288702272921
p16491,0.1834886965200343
p16492,-1.3293942857849768
p16493,0.5831743494344259
p16494,-1.6751786759137097
p16495,-1.1802401575733024
p16496,2.3673408972190684
p16497,0.7188430962473455
p16498,2.4589512996912677
p16499,1.22196116293132
p16500,2.3672744983783494
p16501,-1.8452820812329098
p16502,-0.7840124945670383
p16503,1.057779267348777
p16504,0.738273802775987
p16505,1.9243868791567773
p16506,2.1898232058697267
p16507,0.3692906648557061
p16508,2.1894132422196386
p16509,-0.1953631915551185
p16510,1.1220944873197776
p16511,2.2721935123023655
p16512,-0.9858431235344954
p16513,-0.21155631376107797
p16514,1.5780936315168295
p16515,-0.5917563793077897
p16516,0.3788577064975354
p16517,1.5695785688646917
p16518,0.303364862664966
p16519,3.654165496135462
p16520,0.9029393386947409
p16521,-0.8591943689256313
p16522,-0.37723234238936365
p16523,0.21328500429140673
p16524,2.0831255938738074
p16525,1.786499950579504
p16526,3.2580270029628653
p16527,0.3431013546892663
p16528,0.4071183366157186
p16529,-0.37171633235667156
p16530,1.4605160297567412
p16531,0.22453806278563648
p16532,2.4491361293868
p16533,-0.13588626167729523
p16534,-2.7033994819204774
p16535,0.07069384597656858
p16536,0.9072154540159945
p16537,-0.005534270291930654
p16538,1.5289993284822792
p16539,2.94218959083962
p16540,2.7537181690635295
p16541,-1.4454111107362366
p16542,1.2241262420202927
p16543,-2.775742516897254
p16544,2.7321453786787617
p16545,-0.2336486692292371
p16546,2.9790102511803345
p16547,1.4706150382191017
p16548,1.1062683608312214
p16549,0.06619674988783275
p16550,0.43720006750658225
p16551,0.40648184725221925
p16552,-0.2041534069988622
p16553,0.9489604279032622
p16554,0.583194654565977
p16555,3.009119315236047
p16556,-0.4638243730030783
p16557,1.7290234539000728
p16558,1.082378299370961
p16559,1.4470519044202015
p16560,2.2544989002220532
p16561,-0.5860696306907972
p16562,1.7663438791639399
p16563,2.2720165891033086
p16564,2.4972838426925192
p16565,-2.3382634314810757
p16566,3.604908082686794
p16567,2.4561397888220196
p16568,-1.155283909854969
p16569,2.680572761825762
p16570,1.189929566642924
p16571,1.492076349245214
p16572,1.8823680324589005
p16573,-0.22872683245585346
p16574,3.0686405216302552
p16575,1.6625021865953347
p16576,-0.6367120130003215
p16577,1.3157072897971354
p16578,1.6259678140823415
p16579,1.5770386483738825
p16580,0.5823023733139795
p16581,-1.007891694410679
p16582,-1.1786775062969248
p16583,-0.4210680610242291
p16584,-0.6708452501510215
p16585,-1.3016202844199576
p16586,-0.3036012374835705
p16587,1.3290183234142994
p16588,1.386518714361721
p16589,2.3401474186413864
p16590,2.872653800665523
p16591,-2.493103547281965
p16592,0.7091050541989553
p16593,0.9101351478701991
p16594,-2.9465997910642696
p16595,3.5283561843971865
p16596,1.2439184652133832
p16597,3.7477765023405567
p16598,0.23969807792079623
p16599,1.6801611740137825
p16600,-0.5735708095768032
p16601,1.438482674919677
p16602,-1.0761669122828112
p16603,-0.5578892195493493
p16604,1.123708321985419
p16605,1.677258589895628
p16606,1.383732651185164
p16607,-0.017815556929315468
p16608,0.7386505534567691
p16609,-0.873242554610317
p16610,1.3055965656507715
p16611,1.8256397529669286
p16612,1.4963405413077568
p16613,3.437399086993254
p16614,-0.36826411853732244
p16615,1.5009876888469895
p16616,1.3167285855886504
p16617,2.7537031483314567
p16618,3.4333041026855966
p16619,1.3774979835120666
p16620,2.104173418173142
p16621,1.5445656318662768
p16622,-3.040875843437317
p16623,2.102994121294735
p16624,1.4938225033307946
p16625,0.8919197585218182
p16626,1.043168267253296
p16627,-0.5520347169002836
p16628,-1.5480725638333088
p16629,-1.661190418627375
p16630,1.10329919039458
p16631,-0.3470907217121265
p16632,2.7154263612580953
p16633,1.1573985613457847
p16634,1.8152285510966983
p16635,0.5732334103307747
p16636,0.13184407878876092
p16637,-0.9741622186398436
p16638,0.5226860182437943
p16639,-0.3589195191113951
p16640,1.8994656486487087
p16641,1.2225181574130866
p16642,1.3320284809226797
p16643,2.0395923358415096
p16644,0.2984775522892021
p16645,1.6058446702478744
p16646,1.0236968259257984
p16647,3.225912620611672
p16648,0.8672307429314601
p16649,-0.287064157131078
p16650,3.328778760694063
p16651,-0.3102727926678627
p16652,1.1106729832558893
p16653,1.5898854364138442
p16654,1.7343355454329292
p16655,1.9329213632872566
p16656,3.395732444949751
p16657,2.9373836306276075
p16658,-1.602597297091625
p16659,1.0939449286527292
p16660,2.576183355022949
p16661,0.7528583471054914
p16662,2.6387088517664044
p16663,2.2802785843932125
p16664,2.0766881040069975
p16665,0.8561594058435416
p16666,2.516121876163795
p16667,2.5797898221053623
p16668,-1.4222072504564869
p16669,2.846035340867306
p16670,-1.7947558147304075
p16671,1.4273027947947776
p16672,0.43723451355502896
p16673,3.2980416588256745
p16674,2.3004569305531577
p16675,1.7574513963029386
p16676,1.1824287740915533
p16677,-0.34381718354131474
p16678,-0.7516545132796263
p16679,-0.18215536971776036
p16680,-0.981879887784571
p16681,2.594121069161365
p16682,1.806276540853346
p16683,-0.7215169150804751
p16684,3.215767870167066
p16685,0.44225057339183366
p16686,0.17433093256104215
p16687,0.8730919038300862
p16688,2.737610907639903
p16689,-1.1000370364499945
p16690,-0.5666535964172382
p16691,1.849681080057894
p16692,-2.725726932738957
p16693,1.7757741770775255
p16694,0.23398108430119768
p16695,0.7665729863114588
p16696,2.1518728647924195
p16697,-4.406642502030215
p16698,0.4427366629014029
p16699,1.4003757180688834
p16700,1.812236716930657
p16701,0.19529024007896245
p16702,-0.5697011695211586
p16703,3.324285609854294
p16704,2.5117604289139708
p16705,-3.324074341392796
p16706,1.971410381120441
p16707,0.2767163829236208
p16708,0.20961768286353577
p16709,-0.3238494786882319
p16710,3.166203749858741
p16711,2.2412268824405546
p16712,-0.05504199559636913
p16713,1.6725642425181904
p16714,0.7500065682740055
p16715,-0.7813199618785133
p16716,-1.6339400975293454
p16717,1.143019740659823
p16718,0.20409765460714924
p16719,1.113707481264223
p16720,1.9870906665762473
p16721,0.19219695711145302
p16722,1.9759954415886316
p16723,-0.9830372054156623
p16724,-0.17379504469884055
p16725,0.63009814683152
p16726,0.8405741948282023
p16727,1.1908263301558746
p16728,4.320014370866085
p16729,3.523152449745462
p16730,-0.7722803651922862
p16731,-1.1652794059079126
p16732,0.6696358627174779
p16733,2.5662984764531833
p16734,0.6312659315180698
p16735,0.2334580543596111
p16736,0.337694966160058
p16737,0.8522973897554046
p16738,1.864385484657702
p16739,0.5793738631876241
p16740,-0.3760647170527046
p16741,1.3370344729812138
p16742,0.8969351350384559
p16743,3.2497747559391383
p16744,-1.1067570292658906
p16745,2.732432898652686
p16746,0.22917848623467862
p16747,1.384962626257445
p16748,0.1735775699980725
p16749,0.7750939819265183
p16750,-1.5921182588417917
p16751,0.6817916982428949
p16752,-1.6298588178696356
p16753,-4.240922510004332
p16754,1.2657791719389808
p16755,1.2614166395799105
p16756,-0.7294761692966666
p16757,-0.7882516779262484
p16758,0.8158648062750744
p16759,2.942428454911646
p16760,2.3092786220116666
p16761,0.3669604527743279
p16762,-1.1541937295007059
p16763,-0.6894864923985115
p16764,0.7184912061601051
p16765,2.636686410919453
p16766,2.6520124802823783
p16767,0.985656103718576
p16768,-0.8137975145593735
p16769,-0.3573660193257272
p16770,-1.0955046287087886
p16771,-1.6772634607257926
p16772,-0.5217557227491586
p16773,2.45364705343001
p16774,1.4110890535971652
p16775,1.032802646458578
p16776,1.7123683317869103
p16777,1.7992703021936491
p16778,-1.739490979234473
p16779,2.7484773564200977
p16780,0.7041231762438231
p16781,0.9829166942517269
p16782,-1.0734897525327907
p16783,0.8438068758289423
p16784,-1.0045368529359786
p16785,-0.6070543715005728
p16786,1.734390628162255
p16787,2.4666116972777434
p16788,-0.13798002019352973
p16789,1.4784123947444319
p16790,-1.9389158249549827
p16791,2.683833275169569
p16792,0.23485622861668098
p16793,0.044168587598274134
p16794,4.707588054195642
p16795,1.4904768064221114
p16796,1.2191292128595141
p16797,-1.6152759251344029
p16798,-1.5927664523443865
p16799,2.9647424130037603
p16800,0.036896116745704255
p16801,1.3454441517680102
p16802,3.2592825208773712
p16803,-1.1690119719124636
p16804,-0.052587485992741656
p16805,2.2306608909382772
p16806,2.812349993589255
p16807,-3.7645037599590503
p16808,0.11653998937822097
p16809,1.4736529407172014
p16810,0.3284343391069372
p16811,0.12418365870470294
p16812,-0.96613283361398
p16813,-1.8823430389400038
p16814,3.282179442448537
p16815,-1.3059971042821408
p16816,-1.6139870718303886
p16817,2.132405869027207
p16818,-3.2941105693171724
p16819,2.626219817443608
p16820,2.0706690251342383
p16821,-1.8410035112906082
p16822,1.4882329962797085
p16823,3.146141331288321
p16824,-0.26525510357408344
p16825,0.6885209818297375
p16826,0.10367237967484955
p16827,0.7680938810052567
p16828,-1.6218890592349213
p16829,0.7707434558153095
p16830,0.03543648198472271
p16831,1.8967748751922549
p16832,2.6368862210040245
p16833,2.9688013541947775
p16834,-1.349580469447035
p16835,1.5609135543898294
p16836,2.9949502150656206
p16837,1.9413240003763024
p16838,1.5046970463450022
p16839,4.009033488123751
p16840,-3.1455267229217427
p16841,0.9847985202356027
p16842,0.6175014393089284
p16843,-0.3952887455042541
p16844,1.593625392461424
p16845,1.217185190944476
p16846,2.437229941505132
p16847,0.23658934680481591
p16848,-2.6546866938184057
p16849,1.2484217266813897
p16850,1.5006019513208706
p16851,0.746041607030604
p16852,1.581659280602667
p16853,-0.19159886101839751
p16854,-2.2525945173600888
p16855,0.295473303243626
p16856,-1.270798780333791
p16857,0.10457307904495194
p16858,3.6979255391619468
p16859,-0.68939781773199
p16860,-0.6800963756497128
p16861,2.0808634885807686
p16862,3.592512411322876
p16863,1.3103777965188692
p16864,-0.04749369145285043
p16865,0.09732039282812033
p16866,0.9538869152128586
p16867,-1.1200354971896913
p16868,0.027637755968857758
p16869,1.4789610929147026
p16870,-1.4055189527430172
p16871,-2.3656389118756915
p16872,3.7350753956233897
p16873,2.0060876982800537
p16874,2.677065547973841
p16875,2.010380460869725
p16876,1.8767492319333074
p16877,2.042680709225534
p16878,0.43727103649601046
p16879,2.108653664213628
p16880,-5.249325573238663
p16881,-1.3005255011889898
p16882,1.6378366943024687
p16883,0.48027709486985526
p16884,0.3957381677801656
p16885,-0.8645968315960629
p16886,-1.5356860333012254
p16887,-1.2259720923997963
p16888,3.0442726712319317
p16889,1.437393188921199
p16890,0.28299436156704094
p16891,2.6478493357931243
p16892,-1.3725725148444692
p16893,2.1775630120377802
p16894,1.451883486254772
p16895,-0.017487788275763028
p16896,1.6293208923154967
p16897,-0.3483130502041468
p16898,-0.4680808492460603
p16899,0.1947617051121947
p16900,3.117640676716829
p16901,-0.4892169664601259
p16902,2.389398164771232
p16903,2.909415603026346
p16904,1.904324765934804
p16905,-3.337539076566888
p16906,0.9179355897015572
p16907,1.2698578607505446
p16908,0.21762229122750099
p16909,-0.14279832699700734
p16910,1.053912645566002
p16911,0.7440971268730587
p16912,2.261267661102726
p16913,2.0403795737325114
p16914,1.3934195221876782
p16915,1.8725465603532148
p16916,1.7711400876909176
p16917,0.27724372344641157
p16918,0.7681724417139508
p16919,3.462458558047417
p16920,1.736880509914661
p16921,-0.8730335158792412
p16922,-1.905657362403121
p16923,-1.2989239834276902
p16924,2.74478207997461
p16925,0.736478903992714
p16926,0.9138017811735271
p16927,0.3209798597339995
p16928,-1.2959182902333053
p16929,-0.10556528683891198
p16930,1.8584344065168183
p16931,-4.095318028783557
p16932,-0.30554445533186614
p16933,-0.5792784476151461
p16934,-0.6208467811476232
p16935,1.448942053373544
p16936,1.0390341690721805
p16937,2.3402697814429687
p16938,1.052509565790566
p16939,1.431483272270778
p16940,-0.2556755873710753
p16941,2.045414608015718
p16942,2.133106966872424
p16943,1.856433912380981
p16944,0.8533621758121107
p16945,-1.5430305434706333
p16946,1.0018353253219094
p16947,3.6094197418259033
p16948,3.8746188059287237
p16949,2.338261534525229
p16950,-1.4714647745965492
p16951,0.5957272171106329
p16952,-1.6239043666543185
p16953,2.034950922877265
p16954,-0.6008277944041366
p16955,1.1981829252535685
p16956,-0.5488951790119102
p16957,1.1614330899622949
p16958,1.1325610753973023
p16959,2.4670007558630096
p16960,0.036247509556685764
p16961,1.1184124836450084
p16962,2.0358609495490443
p16963,1.4731628096513187
p16964,-4.041295133089577
p16965,2.0460697484793293
p16966,-1.3207757058252878
p16967,-4.175845013921989
p16968,2.6163370009300553
p16969,1.9625309104729172
p16970,1.9438056953814304
p16971,1.646478480841414
p16972,-0.09156629860206267
p16973,1.252027736044822
p16974,-0.36173434568615714
p16975,0.7393056276394514
p16976,2.720985374190281
p16977,0.6231884677684678
p16978,0.6076268925251735
p16979,0.7120676290980748
p16980,3.197252980779196
p16981,-2.5773292371455523
p16982,-2.0959118569043267
p16983,0.1731579182412758
p16984,-1.5122541304292878
p16985,1.7962297224686665
p16986,1.137699572955497
p16987,0.035747905443328176
p16988,2.1538668824494045
p16989,1.7924413759712037
p16990,0.6671972747785462
p16991,-2.596136524494422
p16992,2.4799205994645286
p16993,1.5082047014974596
p16994,1.8774898856637172
p16995,1.5145498201864256
p16996,1.8025041417330003
p16997,1.6046058554808398
p16998,1.568666446418589
p16999,2.2384620354149747
p17000,2.323250309483845
p17001,-1.9910052227821287
p17002,1.0146545148980373
p17003,1.8518267353680251
p17004,-0.4166315328710407
p17005,0.4442015761141919
p17006,0.48134028134262596
p17007,3.7502075217655038
p17008,0.6460845253010115
p17009,0.8100029230798542
p17010,0.7500199745091765
p17011,2.372833964554118
p17012,3.675201059362232
p17013,-0.9692222547673371
p17014,1.889879285626579
p17015,-0.2920748575886546
p17016,1.043218557522087
p17017,0.4382747835328606
p17018,-0.11142598905599688
p17019,0.9213064192827518
p17020,-0.49800787784238654
p17021,2.5308855784947872
p17022,2.5849058197651815
p17023,0.5230527227384143
p17024,0.9005240463019617
p17025,3.0390723856064996
p17026,-1.6862160486419735
p17027,-0.0661099086599174
p17028,-0.8217095177779604
p17029,-0.5860050041810209
p17030,3.3252779180001846
p17031,0.39474989366524416
p17032,1.7198459828611528
p17033,-1.991818019686717
p17034,0.039603909227378
p17035,-0.8071612794218005
p17036,1.117653945543648
p17037,-0.12389854458679939
p17038,2.3686642001367946
p17039,-0.4206169964195462
p17040,-3.0330364091510407
p17041,2.5949996039481493
p17042,2.086339094121868
p17043,2.367753138636942
p17044,2.8544162138115987
p17045,3.207835684282973
p17046,0.5312652051918418
p17047,2.228622639346056
p17048,1.8266882100285313
p17049,1.3475161332900223
p17050,-1.6725040947259813
p17051,2.5090964096032637
p17052,-0.7524437876820026
p17053,0.8809721614964356
p17054,-0.8779350099241604
p17055,-1.9353810088392014
p17056,-0.47797961429001845
p17057,2.1009720235267135
p17058,0.09988220723209895
p17059,2.636703370514239
p17060,-1.9288198492126418
p17061,2.0477357637546647
p17062,2.374198897970872
p17063,3.2883145370673934
p17064,-1.2410057861355068
p17065,-0.019209379223349088
p17066,0.38892297563088035
p17067,0.7331586359624931
p17068,3.7051995604909713
p17069,-0.5527744822342239
p17070,1.680652229685081
p17071,1.1539573950863684
p17072,1.0567961110367021
p17073,-1.4300157257892465
p17074,-3.2495336016604743
p17075,-0.5043433587280374
p17076,0.663382892317981
p17077,3.214312614014936
p17078,0.6748213377581639
p17079,-0.887192890953863
p17080,-1.1601292804384467
p17081,3.3419873842584087
p17082,1.8115852683787308
p17083,1.0006998688430888
p17084,1.091121560880738
p17085,0.950221465377185
p17086,-2.6089356682137947
p17087,2.5415131630562797
p17088,2.406391681040014
p17089,1.8129723995242824
p17090,-0.6442839014756124
p17091,2.740915068190478
p17092,0.8941776944820011
p17093,2.8616948288895867
p17094,2.396237174822202
p17095,3.250018635176635
p17096,3.691337546613418
p17097,2.5900643832461445
p17098,-0.43719776029046986
p17099,-0.1567384809773008
p17100,0.1646983144873212
p17101,0.2275781103012643
p17102,4.120053876777059
p17103,2.7933934462678747
p17104,1.3034554828306126
p17105,3.259088751766806
p17106,0.7877412363281655
p17107,2.6801329625116543
p17108,1.3120628217878831
p17109,0.7640482401030226
p17110,2.757370332697474
p17111,3.4651792189376085
p17112,1.1774389872562594
p17113,2.194193793643616
p17114,0.7368990312863042
p17115,0.20138014315314368
p17116,1.233193187871736
p17117,1.9088887730091515
p17118,3.820790778398412
p17119,0.7278549631913502
p17120,-2.488721278542114
p17121,1.598843435239146
p17122,1.124279967974124
p17123,0.8818305484477779
p17124,0.5573968469318745
p17125,1.4952958062040813
p17126,0.3262013413647952
p17127,1.353828000289824
p17128,1.134853924573712
p17129,0.07138619848334582
p17130,0.3394865665593231
p17131,0.8872380911223631
p17132,-3.9263478856124236
p17133,1.0476143328380183
p17134,2.728243019572417
p17135,2.9344787368495635
p17136,1.1565524302539907
p17137,0.450218993304206
p17138,1.4194775470721162
p17139,1.2318547506222641
p17140,-3.1143298580712826
p17141,1.2345974367635415
p17142,0.27469653922783466
p17143,2.2192834050575283
p17144,-3.1686265530506463
p17145,2.1882803089535816
p17146,-0.011535250775728478
p17147,-1.8810657637199926
p17148,1.2232461299991675
p17149,1.080822399851146
p17150,4.176701671001133
p17151,1.1688279323158548
p17152,0.833366127637257
p17153,2.8403214649586404
p17154,-1.1773556237272245
p17155,1.7993199370540194
p17156,0.4689770940216864
p17157,-1.9028874241898253
p17158,-0.4632139311281732
p17159,2.5059515557678465
p17160,0.45319512037063514
p17161,0.7875602497200256
p17162,1.6476269091309965
p17163,-0.40624775629742815
p17164,1.2929483769441763
p17165,2.579158745703554
p17166,0.5289574386849014
p17167,-0.20950582535082185
p17168,2.302618286211564
p17169,2.324514994946642
p17170,2.0992159198528535
p17171,4.6216343022532165
p17172,0.7090683512634971
p17173,1.0902671875807433
p17174,2.6107275869096753
p17175,-0.04072763563825532
p17176,2.3574413032997015
p17177,0.11344855368429962
p17178,0.23621774818220242
p17179,-1.2833687142606118
p17180,1.411226786262128
p17181,-0.025389881320624363
p17182,-1.4949086750190976
p17183,0.9145043115093427
p17184,2.1734439987409937
p17185,0.4183268178211433
p17186,1.3870867122192365
p17187,-1.4065626798490674
p17188,3.4395596869732503
p17189,3.2085062517403107
p17190,2.5897966180478913
p17191,-0.38120718878908744
p17192,0.8762046804721925
p17193,-0.35097192132183375
p17194,1.3332810976124616
p17195,2.0358513187594363
p17196,-1.1507621417217173
p17197,0.42038891557878766
p17198,0.01073781299173382
p17199,-0.5292383965863808
p17200,2.1744161177420227
p17201,2.627743566570565
p17202,-0.10494059565951974
p17203,-0.44812594381409265
p17204,0.6285718759297158
p17205,2.05552930109336
p17206,0.17853678412841723
p17207,-1.679058790363107
p17208,0.8846926220369813
p17209,-1.0558749089613677
p17210,-1.7698298346574433
p17211,0.29869777494557714
p17212,0.14349471352563237
p17213,-0.9022073915607508
p17214,0.7591621014103859
p17215,-2.55232141794245
p17216,-1.6432596898329415
p17217,-2.676732905662718
p17218,0.7767369899337042
p17219,0.5807411543786073
p17220,0.2210370710976134
p17221,2.3151528784083166
p17222,-0.10612319845601115
p17223,2.439336152374245
p17224,3.163343143666228
p17225,0.4506944959692344
p17226,0.04933787536929668
p17227,-0.9799827667465227
p17228,2.4597659791662316
p17229,-1.5974891802750535
p17230,2.360106646291161
p17231,-1.7322765541781129
p17232,0.5675443326253091
p17233,-1.6699095431819182
p17234,-0.3152393387030795
p17235,1.1915043316404483
p17236,0.8201020090250233
p17237,-1.2616815169812776
p17238,-4.470022986626117
p17239,1.809676175795016
p17240,-2.2137248833612
p17241,1.8444822385502064
p17242,2.7567350429976067
p17243,-1.6045631732986387
p17244,2.4105269857884464
p17245,-0.1498927041208835
p17246,0.02846175326197009
p17247,1.9112187711712272
p17248,-0.4630519290190839
p17249,-2.582543130629974
p17250,2.3372006239227274
p17251,-0.20106796043520203
p17252,2.1510275843919175
p17253,-3.415313756308677
p17254,0.6245450497025979
p17255,0.41298963765952046
p17256,0.09638415560267322
p17257,0.4641502176573806
p17258,-2.360139345620372
p17259,1.8847614523036471
p17260,1.7679124914442093
p17261,1.3874675715880347
p17262,1.9105539570670866
p17263,1.6833921607276274
p17264,-0.06991109522586936
p17265,2.1556797595448374
p17266,3.1841567072810464
p17267,-1.2476428144021168
p17268,4.988022835937713
p17269,0.20275927496992163
p17270,-0.23675247199525085
p17271,1.5058132570903746
p17272,-0.4771632595772811
p17273,-0.18770550021076382
p17274,2.0851151774807866
p17275,3.8177926307296848
p17276,3.18748067365238
p17277,0.19772752857251674
p17278,1.9356336989785912
p17279,1.1571003912475524
p17280,0.109122066661134
p17281,0.18447375792267084
p17282,0.0001034839836121515
p17283,-0.5900328980433786
p17284,-1.2829122212128952
p17285,-0.8744411155736028
p17286,1.6330901555706356
p17287,0.17380050893811472
p17288,1.035677204722215
p17289,-0.8466966427163515
p17290,3.498216969741804
p17291,1.7137543716876475
p17292,1.2445469508006197
p17293,-0.45987894628747716
p17294,1.55987861519815
p17295,2.1109462051162007
p17296,2.694812483389497
p17297,1.8259977220853845
p17298,2.9447563727819
p17299,1.3628600376437547
p17300,0.9506439874844137
p17301,0.0029287413450632682
p17302,1.269389864227045
p17303,3.0899356703092793
p17304,3.5882312843101114
p17305,0.7470722395805691
p17306,-0.38147476391683
p17307,0.9583311232423546
p17308,-0.017780827334745508
p17309,1.7664656936521803
p17310,-1.2386906714638446
p17311,2.360552395396357
p17312,0.9111755667320636
p17313,2.1519797219740844
p17314,1.6301308313386094
p17315,1.3691654661298482
p17316,-0.6930056730876751
p17317,-0.7304932009603057
p17318,-0.8557153711664868
p17319,0.7855419712950189
p17320,0.00029701949864902044
p17321,1.696790640199184
p17322,2.0851107507560442
p17323,0.3323893703444465
p17324,3.4980587610384575
p17325,0.5880041207964245
p17326,-0.015417686892323701
p17327,-0.7524997447069594
p17328,-1.3431669393887136
p17329,1.7477113159233002
p17330,1.2150736558953126
p17331,2.9289556002558137
p17332,1.9530938966855929
p17333,0.7291170107438555
p17334,-1.2974753020192495
p17335,1.4666178503614962
p17336,2.77288926342251
p17337,4.0839675632357855
p17338,2.3482262114644756
p17339,3.1177028561734828
p17340,1.7548274965821768
p17341,-1.4463986692664732
p17342,-1.3006772781211264
p17343,1.789966509255613
p17344,-0.7734851932824033
p17345,0.7102121062004819
p17346,2.989910296815012
p17347,1.304972681060839
p17348,2.2372545048194685
p17349,2.2895073083722295
p17350,3.7075582421995814
p17351,1.737033612545511
p17352,1.118860415724145
p17353,2.5468341334531113
p17354,2.372350200805557
p17355,1.4100633615538127
p17356,0.05883714917857186
p17357,-1.415176564319173
p17358,-0.7656317756113434
p17359,1.5701647453818421
p17360,0.39200428146701605
p17361,0.4071711986548447
p17362,0.7650005881054971
p17363,2.1905824114601584
p17364,2.3352855449705703
p17365,2.47103463420611
p17366,2.3882608830719874
p17367,2.8697965921945987
p17368,2.6498346357488547
p17369,1.5727847173099767
p17370,-0.14429209952423372
p17371,2.1260770606734494
p17372,1.0581793190864046
p17373,2.679022288032784
p17374,2.0188024380465954
p17375,2.109918064356404
p17376,-0.536181240066666
p17377,2.15712432443939
p17378,-0.165426128338935
p17379,1.7711716496821825
p17380,1.4244568908958493
p17381,0.8606121768649425
p17382,1.4387377616958856
p17383,3.2754415201774933
p17384,2.9172508513004574
p17385,-0.8319093118199937
p17386,-3.3857446639788695
p17387,0.31380493621780314
p17388,3.574756040948027
p17389,-0.16553362964965035
p17390,2.7688771625978377
p17391,-0.7706835571926963
p17392,3.0783757765096036
p17393,-0.7137702652511816
p17394,2.613063529811228
p17395,-0.6993966900238112
p17396,1.6976387231700043
p17397,-1.081509904784899
p17398,0.7738798850821451
p17399,-1.5782544678328527
p17400,-1.9041309169502187
p17401,1.9951095767356932
p17402,-0.9587802514265079
p17403,1.1680394173317326
p17404,2.2393025582651815
p17405,0.4386847605745142
p17406,2.29600752349916
p17407,1.9778500252655808
p17408,-0.4190888156327065
p17409,0.5789394742720215
p17410,-0.8507787809323734
p17411,-1.5964871246773664
p17412,4.184378804957061
p17413,0.8182173310555699
p17414,1.8110748725297663
p17415,0.2370797648637073
p17416,1.4879622189480437
p17417,-0.05434119703496931
p17418,0.6851124570393572
p17419,1.6374372797651056
p17420,-1.5399694687246712
p17421,0.17576969205198534
p17422,0.10553432721839695
p17423,-0.36847682522147795
p17424,1.7496164912408516
p17425,0.22912799861495015
p17426,0.45918725172502317
p17427,0.8173060687161141
p17428,-0.7929969724671152
p17429,2.68567369790639
p17430,-0.24108142230117424
p17431,0.09101470039603621
p17432,0.6293298628173568
p17433,0.0024404569494633765
p17434,1.9047289297207186
p17435,1.248452946021299
p17436,0.017297896384728673
p17437,1.5119751487865511
p17438,2.030493661234333
p17439,2.9009821635916997
p17440,0.1880342630542462
p17441,-1.4008646502859943
p17442,1.0483062695838798
p17443,2.039755224355166
p17444,1.4429719703694759
p17445,1.1902768701751576
p17446,1.4695924039660357
p17447,-1.036694286468597
p17448,-3.0611982502836956
p17449,-0.8173897122539334
p17450,2.5977287346750493
p17451,-0.22957450444607763
p17452,3.9986039361012193
p17453,1.7793209014407614
p17454,-1.3668049529544741
p17455,1.4367649801462647
p17456,0.7088988907470203
p17457,-0.8605305544498821
p17458,-0.70310523889219
p17459,-0.7561976782753935
p17460,-0.4691195755411882
p17461,-1.679279043316193
p17462,2.0580480419101406
p17463,0.4005433869406254
p17464,0.13996421336470843
p17465,2.3353409188857315
p17466,-0.9545071374773938
p17467,2.615543889613642
p17468,2.7057680851438044
p17469,2.256930358617647
p17470,2.0439581218565843
p17471,2.1070173107640127
p17472,-1.741284172558216
p17473,-0.8501326552238498
p17474,1.4775911649900768
p17475,2.775015756170794
p17476,0.3400354688464362
p17477,0.6292699327379165
p17478,-3.0318513131088474
p17479,0.23917786580879385
p17480,1.1102645752178235
p17481,1.4582395136687298
p17482,-2.133095519519365
p17483,2.908735604899918
p17484,1.7692560365709264
p17485,1.136974959913127
p17486,1.8809841948530708
p17487,-0.3539569285199121
p17488,0.9177329592302694
p17489,2.0799311647291305
p17490,0.22866839110783987
p17491,-0.028173622410241572
p17492,2.3536926645097687
p17493,-3.8393029283887645
p17494,0.30088001264792463
p17495,1.2684450762367971
p17496,1.469579272169462
p17497,1.322199583049838
p17498,0.7736037131231431
p17499,1.468364744235691
p17500,3.3047485151998965
p17501,2.4103517282796596
p17502,-1.874506822793725
p17503,-1.4434310946021562
p17504,0.2842744777563978
p17505,2.3981416792182153
p17506,-0.5356863813953335
p17507,-0.057657056267072404
p17508,-0.8298469820406981
p17509,0.6049257139723071
p17510,2.271933788944368
p17511,2.248044105913228
p17512,2.113636518351412
p17513,1.088905424227799
p17514,-0.4277296747136029
p17515,-2.3851624819812844
p17516,0.6578992021018367
p17517,0.9952389281963119
p17518,0.30536618929514425
p17519,0.08901240631913421
p17520,0.6243806286094058
p17521,1.405346929321702
p17522,-1.030884942068174
p17523,-1.5397454629357834
p17524,4.50704897159766
p17525,2.0258448812536685
p17526,0.546453345137826
p17527,-2.143743845366539
p17528,-0.7116913732950686
p17529,0.1374738463169065
p17530,-2.8620233367206964
p17531,-1.3348449804725981
p17532,0.8958931942531081
p17533,-2.283913848385662
p17534,1.987383656234865
p17535,0.901022133950248
p17536,1.3094190854017387
p17537,0.4800293729545106
p17538,-3.9737816482210495
p17539,2.090154925003154
p17540,-0.012482983721875507
p17541,2.0631677190720623
p17542,1.7930090188310763
p17543,2.2805659118832544
p17544,1.5046727976306333
p17545,1.6560593672588406
p17546,0.26478921390242016
p17547,1.4967098701836012
p17548,-0.8013060621334157
p17549,-1.2338385050511764
p17550,1.7930228475624683
p17551,-0.9453011626845805
p17552,0.6210512373288649
p17553,1.7879153947094013
p17554,0.5773889516782851
p17555,2.177332143646571
p17556,-0.11928870627158117
p17557,2.325552873180398
p17558,0.3852438840800994
p17559,-1.5441459132586597
p17560,-1.005720530074449
p17561,1.4849923584839297
p17562,0.7940214976764384
p17563,-0.2357962267189101
p17564,2.3154260802078093
p17565,3.217501036314541
p17566,0.843542189671691
p17567,0.168512495490987
p17568,0.8140496053519155
p17569,0.4010612334477136
p17570,1.990418656770021
p17571,1.7970695080943035
p17572,-0.19243869839546945
p17573,1.7331779415035893
p17574,2.5034391314271986
p17575,1.7455545397292607
p17576,2.548918564464088
p17577,-0.6149979056412705
p17578,3.2977389260319305
p17579,1.4756316101011453
p17580,1.1054979347872302
p17581,2.875720392979185
p17582,-0.528363103954144
p17583,2.9866824170281947
p17584,2.569591097962403
p17585,-1.921898643520528
p17586,1.85854514525922
p17587,-1.753144201835155
p17588,0.2426002010293643
p17589,1.4902481717347817
p17590,4.2888568680396935
p17591,1.7927375604936868
p17592,0.6380597218228947
p17593,3.056208437822981
p17594,0.06246173270190025
p17595,1.3672574371056854
p17596,-1.3870675268277668
p17597,-0.7633651268393044
p17598,3.335946253446356
p17599,2.4129436207392025
p17600,3.6329252417196405
p17601,0.6890039998663243
p17602,-2.0140987307791907
p17603,1.0722018022600284
p17604,0.11281748878072295
p17605,-1.4542928326341213
p17606,2.0315848540599273
p17607,-0.03738099386190674
p17608,0.020657772615731096
p17609,2.0648487851052324
p17610,1.8933127606080702
p17611,2.5162366520616075
p17612,3.489745565379944
p17613,1.8987336274038569
p17614,0.42442726603827563
p17615,-0.6321547110281459
p17616,2.2874003966142316
p17617,1.7081106035070246
p17618,0.7200145386662714
p17619,2.0017363917656708
p17620,0.19766114416145364
p17621,0.7580676045982995
p17622,1.392311518588221
p17623,3.820953655766413
p17624,-0.07030355472486749
p17625,-0.07463977043299097
p17626,1.2702816570542383
p17627,3.313970127724503
p17628,0.8785790697636549
p17629,0.8777511038500692
p17630,0.4583558703549527
p17631,0.4027250155315967
p17632,-1.6679321977052095
p17633,0.4566541755241921
p17634,0.32641912182385724
p17635,1.3885908645399838
p17636,-1.5090344188333704
p17637,1.6366336717984464
p17638,-0.04110438706460107
p17639,-0.21363474542558925
p17640,0.23497555736244957
p17641,-2.8497379705513115
p17642,0.7251138664036221
p17643,2.0091597584938974
p17644,2.5150374627122076
p17645,-0.058489374072033695
p17646,-0.8434459506333193
p17647,0.4153583841261047
p17648,1.1916721587739216
p17649,0.8904363897556542
p17650,0.6951502535091303
p17651,1.0356875909350358
p17652,2.9775329958383456
p17653,0.1591564256930963
p17654,3.05093858177404
p17655,4.062232722925641
p17656,-0.4151069506504731
p17657,0.9348161178170573
p17658,2.1967140183910026
p17659,0.19804230915676546
p17660,0.833729017135501
p17661,1.8595120631629314
p17662,2.229151875771557
p17663,1.1716041500069196
p17664,1.7782803351060608
p17665,-1.3601292692634148
p17666,0.4607061586430845
p17667,0.6780366718138315
p17668,-1.014787497694618
p17669,3.1177921196355274
p17670,1.5414487501913974
p17671,0.21085323452529092
p17672,-1.0132591845361083
p17673,0.9412955442100841
p17674,-0.9143110083612228
p17675,1.0680480380383952
p17676,1.8435938409797155
p17677,0.9901115417043689
p17678,3.7641003814262737
p17679,0.3396951758592962
p17680,-0.707874807987053
p17681,-1.4432761549733972
p17682,1.8458267744590988
p17683,1.246341645428428
p17684,1.4193331291028448
p17685,-0.6357461721257062
p17686,-1.2480333662245053
p17687,1.1491305291677967
p17688,1.0251545431477478
p17689,-0.6604651043879973
p17690,1.5961396365259417
p17691,1.7229188957641308
p17692,-2.912549834396247
p17693,0.6050009220806578
p17694,0.33574328101504586
p17695,0.45874639956772034
p17696,3.5993143633422697
p17697,1.2076561144635805
p17698,-0.3808534579828743
p17699,2.82789574250426
p17700,2.1118352173456287
p17701,0.253892795980282
p17702,1.1688366039831344
p17703,-1.4502650873636198
p17704,0.5082628535190197
p17705,3.289555453003986
p17706,1.094574581576861
p17707,2.4033534615719656
p17708,3.1751530055793546
p17709,4.023443854055118
p17710,2.180519428104417
p17711,0.3863082039050296
p17712,2.0551095920947553
p17713,-0.964074565763888
p17714,2.976955989082163
p17715,2.111401111155987
p17716,0.5906825268149978
p17717,0.7031460586330782
p17718,-0.06749219542285745
p17719,1.2504695992002657
p17720,-2.117430534894572
p17721,0.42343038870464095
p17722,-2.20222641299314
p17723,0.32221566468140417
p17724,2.415582520622186
p17725,0.11238754912246873
p17726,3.6563237572749103
p17727,-1.2399149155652132
p17728,1.215730813095476
p17729,2.0038650925275863
p17730,1.90735887490957
p17731,2.7270823177107015
p17732,0.027879834543857673
p17733,1.0425422831996705
p17734,0.5845561771170693
p17735,-1.1911889676326348
p17736,0.5980013304860872
p17737,1.8271029111915316
p17738,1.1062919120267949
p17739,-1.7778299600934302
p17740,0.23866583388596907
p17741,-0.7589867074107858
p17742,0.3249049410397751
p17743,2.463086627565713
p17744,-1.4379740939568166
p17745,1.1580212503172693
p17746,0.4834449662606249
p17747,-1.0547332894279666
p17748,0.7221804369464997
p17749,-0.46979855922550373
p17750,1.3970059236581656
p17751,2.6024796508371137
p17752,1.5602240865707033
p17753,1.8619997984943693
p17754,0.3667840413129543
p17755,2.7109902424566776
p17756,1.9633277033380332
p17757,1.9872185596383596
p17758,0.23886277612117268
p17759,1.1415618127307814
p17760,0.8172749152178606
p17761,1.6638735746641329
p17762,2.206501090075209
p17763,0.36711357008414003
p17764,0.9684576762409108
p17765,1.216326535720255
p17766,2.029040431245726
p17767,2.0783536460833933
p17768,-1.8222998906973493
p17769,2.1830004523708895
p17770,1.212654849298384
p17771,-2.064749193442295
p17772,1.3973746943291065
p17773,0.48143320578253923
p17774,0.4201433613755098
p17775,2.5113826420284666
p17776,2.654183635216013
p17777,2.1358654202773493
p17778,0.7974564043293422
p17779,-0.01302001077815007
p17780,2.4445557265480784
p17781,0.6090043941766086
p17782,3.488241485927512
p17783,-2.9405671609021784
p17784,1.8870097209339254
p17785,0.6689077460516082
p17786,2.7376828826750375
p17787,-0.8882847062392812
p17788,-1.0998130822419343
p17789,3.006926880226614
p17790,0.5571433379281513
p17791,-0.3108390802913793
p17792,2.2161415581653428
p17793,1.5090954939689154
p17794,0.019808688644023076
p17795,0.3656254404211974
p17796,0.45927905686585596
p17797,1.2254002650137386
p17798,1.4451660598615383
p17799,-0.6117892718252037
p17800,0.7869423977088302
p17801,0.6100374436176417
p17802,-0.3793727040734226
p17803,-1.348595507550535
p17804,0.7384158808069169
p17805,0.16538956633799662
p17806,4.250755946221571
p17807,-1.7458195233807294
p17808,2.258185195984621
p17809,-0.7045085351984938
p17810,0.22829123803188078
p17811,-1.0619534302469065
p17812,3.413604840366356
p17813,0.20670115359808183
p17814,-1.108672421673397
p17815,-0.07526978720261546
p17816,2.126008205851437
p17817,-0.06610160815479371
p17818,-0.07433899523460641
p17819,2.9419645534732903
p17820,2.4443007394881446
p17821,2.3251952389724044
p17822,-0.37980854181877877
p17823,0.6119191215796712
p17824,-1.8254190060520812
p17825,2.531986732653545
p17826,2.8807730916521064
p17827,1.7984784572040255
p17828,0.9384047942377051
p17829,1.2580671904575897
p17830,0.7040359075093635
p17831,2.563930423840775
p17832,-0.6383898566659115
p17833,2.371488969619238
p17834,0.3055692239613267
p17835,2.7703091274398
p17836,0.9164488854352906
p17837,0.6372217481401596
p17838,1.0606372245363473
p17839,2.969389775309314
p17840,0.029856120312177326
p17841,2.9914178119343156
p17842,3.5942559443411515
p17843,3.026621836319683
p17844,-1.3243313487302877
p17845,0.3291132601516879
p17846,-0.649327305935126
p17847,0.2245384241472651
p17848,-0.019864981610750232
p17849,2.690291754337881
p17850,0.07024917880186077
p17851,0.12432114805043126
p17852,1.0921017771612003
p17853,-0.3774316101730516
p17854,2.480578214305539
p17855,-0.5712028251518676
p17856,3.2345777070453203
p17857,4.04902805376562
p17858,-0.7108259990346967
p17859,1.9365347229136156
p17860,1.410576363392039
p17861,1.7619842965652346
p17862,0.18908846805266932
p17863,1.6840035032848544
p17864,-1.7085411167223956
p17865,4.097460363357557
p17866,0.6241272486901318
p17867,0.6384716011751017
p17868,1.1701682156823543
p17869,-0.3888097862131116
p17870,2.0285841313103448
p17871,-0.47840834998014026
p17872,0.6449936309381548
p17873,1.342277343300533
p17874,3.1465571643573784
p17875,-0.7545051514521418
p17876,2.9939760320843245
p17877,3.2451616701072714
p17878,1.4715425323919402
p17879,0.5530123742146235
p17880,0.7602553976020849
p17881,-4.31842288893959
p17882,3.067506183049453
p17883,-1.051030822843647
p17884,1.0926048745798558
p17885,2.1752934780590096
p17886,-0.04392121817123573
p17887,1.265481834508301
p17888,2.451401521707846
p17889,1.1492834724549117
p17890,0.7185813477116114
p17891,1.902100861182468
p17892,-0.011343016523899685
p17893,1.5502229323220305
p17894,3.3472081696212603
p17895,-0.9874304295539006
p17896,2.1110620480702957
p17897,3.5697283572430085
p17898,0.6347176693932096
p17899,-0.1607999959867753
p17900,2.0695758837975387
p17901,-0.5197440287418372
p17902,2.0799194167738877
p17903,0.6609207898148295
p17904,0.9541707986605843
p17905,1.309705664211826
p17906,3.0030432002027663
p17907,0.4959172727389277
p17908,1.4313192494740932
p17909,3.143549686584023
p17910,-1.1089017580433778
p17911,1.2454186001894727
p17912,-1.7911205178720913
p17913,1.0658894251651188
p17914,-1.288611430186331
p17915,0.9854914971120692
p17916,-0.39304569090979447
p17917,-2.348435581645791
p17918,1.4609698560744895
p17919,-1.1544762709747491
p17920,0.9660517405805855
p17921,1.9018811396042188
p17922,1.7862504560707375
p17923,2.935594464679033
p17924,0.44551004523058846
p17925,0.43878475887702073
p17926,-1.8246906274414392
p17927,1.6491184385251008
p17928,0.8015639684900788
p17929,2.0239015187829446
p17930,2.9061758387538474
p17931,-0.7189185641556065
p17932,3.492044252153247
p17933,-1.0959949975980892
p17934,0.20912918599477093
p17935,1.169574627919318
p17936,3.0970126295995994
p17937,1.5464362627233101
p17938,-0.3126340483046307
p17939,-2.946427289530079
p17940,1.8933994550292614
p17941,0.6534859447701118
p17942,1.6408973581632744
p17943,-2.021840728292829
p17944,3.382272388397682
p17945,4.3557106468330336
p17946,-4.648262512187461
p17947,-1.586747585284094
p17948,-0.22844433620325233
p17949,-3.2000603250108695
p17950,1.206484238709996
p17951,0.5135382136825242
p17952,0.8832991211400752
p17953,2.2816005250402904
p17954,-0.01615793819507383
p17955,1.8766406302305132
p17956,-0.10440455886704558
p17957,1.0418596671748346
p17958,0.10703373882673783
p17959,0.1964883819279143
p17960,-1.2409934680277046
p17961,3.550103469807824
p17962,-1.2067977833459338
p17963,1.5063705458915861
p17964,1.5723903540702504
p17965,1.963117738860765
p17966,1.8631024084346168
p17967,2.3383922835928974
p17968,0.9849871047202554
p17969,2.5039400176559607
p17970,1.5589908358051787
p17971,-0.19720428717160388
p17972,-0.3312028668033683
p17973,2.031476674664937
p17974,0.6028450977444574
p17975,1.607172876689545
p17976,-1.040132166500284
p17977,2.1196763981196116
p17978,0.8262131714071533
p17979,1.5256308795847282
p17980,2.515548003679429
p17981,0.7913899034018982
p17982,-1.1920134470369956
p17983,2.7494264745404924
p17984,4.247119286039894
p17985,4.798151614292407
p17986,1.7574125156787326
p17987,1.4870338620866037
p17988,1.545025046755934
p17989,1.7185371601630735
p17990,-0.0132664316341079
p17991,0.4746763627782433
p17992,-3.573804679321802
p17993,-0.07942477528997349
p17994,-2.2674616825196465
p17995,-0.18888022992595943
p17996,0.737014284223612
p17997,1.0977201275005983
p17998,3.1762586955948953
p17999,1.2444902359931354
p18000,2.0616788591276483
p18001,1.687345378514745
p18002,0.4858330185327601
p18003,2.1043987468406744
p18004,1.1420979591961578
p18005,1.3763971072505536
p18006,0.5856069984735146
p18007,1.5304334960541346
p18008,-1.7349523979257744
p18009,3.2818510228535036
p18010,1.7090272008879102
p18011,0.34567687677857206
p18012,-0.5094913464019831
p18013,-0.15981596509982965
p18014,-0.2384316228550848
p18015,-0.5187805751885545
p18016,0.29524461296723264
p18017,3.4293253392932903
p18018,1.500976170885437
p18019,1.4056539711163358
p18020,0.6245382084162532
p18021,1.1938234309085616
p18022,-0.46232140672225686
p18023,0.8676534604100646
p18024,-2.100067750447472
p18025,1.637356340530908
p18026,3.502365552262666
p18027,0.8488360922307939
p18028,0.8076880581425213
p18029,2.528659284161679
p18030,2.997242041762463
p18031,-5.571918306885548
p18032,-1.9808568178906367
p18033,-0.5737305053764788
p18034,0.46250010383108864
p18035,-0.2909662708294397
p18036,2.142429251503397
p18037,1.7971654346955934
p18038,-0.6968770093007487
p18039,0.11244428676571772
p18040,1.5428960689160491
p18041,0.9122806334354991
p18042,-0.31818739985900557
p18043,-1.2243550300032755
p18044,1.0423033155052868
p18045,0.3721229093419236
p18046,2.487021368032235
p18047,-0.2255174262808456
p18048,-1.2704665022285755
p18049,-1.5268048798087097
p18050,-1.3790605725226706
p18051,-0.18377705440934244
p18052,2.544958944998301
p18053,0.7233924683031723
p18054,1.3549772297295992
p18055,2.7998207077149186
p18056,1.350923425394411
p18057,2.0487482466217246
p18058,-1.4362545691179673
p18059,0.24242706832305616
p18060,0.2408782070565415
p18061,1.5624388362400983
p18062,0.22562928075139677
p18063,2.85756794088426
p18064,0.3557255160494547
p18065,-0.2878543503848051
p18066,0.8658884450442061
p18067,-0.6467531254797488
p18068,1.445913912361492
p18069,-2.31123245080317
p18070,2.1486921329685424
p18071,0.4273413719710496
p18072,-0.4763795309442108
p18073,1.2506637449243114
p18074,-0.8802096736241979
p18075,1.0001368391289456
p18076,-4.281020871882406
p18077,1.228779627259946
p18078,0.6631552457143449
p18079,0.9821048512574687
p18080,3.672737124969205
p18081,1.8891499371989253
p18082,0.0894871869924353
p18083,-0.6763035124695435
p18084,1.9131546668171406
p18085,-1.2594912223015622
p18086,1.2140459209363892
p18087,-0.25456768086936143
p18088,2.650410853263882
p18089,2.5340413422865975
p18090,0.6003648074868322
p18091,1.4134384594710039
p18092,1.6828802450475453
p18093,0.06013701295125251
p18094,-0.3583034539832154
p18095,-1.4338536443619891
p18096,0.5853665110907282
p18097,-0.3315657226182308
p18098,0.22375538650544025
p18099,-2.0168322582609153
p18100,2.1048552375041027
p18101,-1.042749429451408
p18102,-0.3678119149993174
p18103,2.163946682219598
p18104,-0.24823458814064614
p18105,-0.9580603662178752
p18106,0.5439628653044931
p18107,1.5757686770184636
p18108,-0.6211641506156712
p18109,1.5047029492276929
p18110,0.08332357621700703
p18111,0.7337726136390892
p18112,1.9225989930084784
p18113,-2.9486281015674267
p18114,-1.4447329442330608
p18115,0.12691487746443952
p18116,0.7838463838296598
p18117,2.229361777852219
p18118,-0.6194476269830688
p18119,2.2542575072452067
p18120,3.323581222939872
p18121,-0.2511995379364621
p18122,0.9738907926525557
p18123,2.1144885525211325
p18124,1.416265656286356
p18125,1.717289849096018
p18126,-0.1307127662287978
p18127,1.2222965575973377
p18128,0.9065847105156489
p18129,2.339884626096381
p18130,0.5365833691003976
p18131,2.0006779062348676
p18132,0.09012777851836584
p18133,2.3947262261117137
p18134,3.0542400092516537
p18135,0.5153379264713832
p18136,-1.1534582816203116
p18137,3.4299214084719467
p18138,1.1231905914215472
p18139,2.446517797776407
p18140,1.6581500104751936
p18141,-0.4381922964651769
p18142,1.481391363401308
p18143,-1.9731793784606535
p18144,-0.932600459251638
p18145,1.3947132264428652
p18146,1.9052030931847983
p18147,2.4079006701988734
p18148,-0.8960864967606735
p18149,0.7244335350219856
p18150,-0.031202177650815344
p18151,-0.61960262339048
p18152,0.6999414187893432
p18153,1.5738443851565793
p18154,-0.9450265965534764
p18155,2.7011397078413446
p18156,-0.17785381267560407
p18157,0.2982676429038916
p18158,0.4634517619936299
p18159,1.1488915433401055
p18160,2.057425612564614
p18161,-1.999174596619655
p18162,2.0168069859022246
p18163,-0.536795533498338
p18164,2.1121859218334236
p18165,-1.1939304584161632
p18166,-1.877316423762803
p18167,-1.7615753017074929
p18168,1.2592810274296637
p18169,0.7741025596533029
p18170,-1.2903519899100186
p18171,1.6218074437968708
p18172,2.846750757570453
p18173,-2.3732811340433755
p18174,-3.78793676591695
p18175,0.14738360888470625
p18176,1.9734042107789382
p18177,1.2850605242125475
p18178,1.8863497524504997
p18179,0.7614315422891238
p18180,-1.4935413472209351
p18181,1.7913775865378234
p18182,0.5264078116728836
p18183,1.3507272700383495
p18184,1.5108551283755627
p18185,-1.5535247527700036
p18186,0.07308932114764699
p18187,1.9725451822859421
p18188,3.9705940607706536
p18189,1.5243606071022064
p18190,-0.5644304061208693
p18191,1.795647005896324
p18192,1.743164419098494
p18193,3.171007424174652
p18194,1.4500329642592549
p18195,-0.5385135035615743
p18196,3.0081142289294376
p18197,2.331789529390604
p18198,0.031846965954098194
p18199,-1.4581849584210071
p18200,-1.5940348643261157
p18201,2.64324653028586
p18202,1.461824613634628
p18203,1.8435568176489583
p18204,0.8986167331331671
p18205,-1.9129807471887457
p18206,1.7719183309401236
p18207,0.425863115979073
p18208,1.1748431917983775
p18209,-1.7595788278077307
p18210,-2.2125549388978016
p18211,1.0533474172250168
p18212,1.875886704062165
p18213,-0.5189828721593303
p18214,3.3012390550293973
p18215,0.8155849297858397
p18216,1.5934763513606316
p18217,2.890262167076866
p18218,0.49153409327927533
p18219,-1.0083495438915997
p18220,-1.7125572041691046
p18221,0.73616197078126
p18222,3.5374548587610586
p18223,1.532667731442893
p18224,-1.1530579143415132
p18225,1.1390037469861383
p18226,2.4596308817644856
p18227,0.8185766587060113
p18228,-1.0012839959849673
p18229,-0.8058695243598099
p18230,3.9046393514345943
p18231,1.733169242087786
p18232,2.6946806003968105
p18233,0.22174737466487582
p18234,3.630565410488355
p18235,-2.791532274323185
p18236,1.8684638763239358
p18237,0.9276331750694792
p18238,-0.7312263596491938
p18239,1.6036720511108338
p18240,2.7504155787354154
p18241,2.2801342777077456
p18242,-0.5953892609831078
p18243,1.141005095488885
p18244,1.334678607038807
p18245,0.4939977392332375
p18246,1.2566494925330725
p18247,-0.8003425967403593
p18248,-2.825533683684072
p18249,0.7785571610397547
p18250,1.6150164988905047
p18251,1.3089169512478773
p18252,-0.18208635256789085
p18253,2.3330770887767445
p18254,2.6147429349979734
p18255,1.2547159277225066
p18256,1.1526605082930477
p18257,1.7604325973033348
p18258,-2.0157816315257002
p18259,1.5253622942898604
p18260,1.0344949665873264
p18261,2.2583271925958517
p18262,-0.9864287812963392
p18263,2.45853628808847
p18264,-0.9548707116657774
p18265,1.5062742660884534
p18266,1.9792450704080036
p18267,0.15004678563325546
p18268,2.19596635530643
p18269,3.246118717700194
p18270,1.568351370589434
p18271,1.7727938162965877
p18272,1.4680503306963897
p18273,0.3233327504417243
p18274,0.2793984486203166
p18275,-0.053917965815313496
p18276,0.24274017276359372
p18277,-0.18028895463216255
p18278,2.1516125343595895
p18279,2.114643235838874
p18280,1.5056038251432096
p18281,1.737810173409663
p18282,1.4945983725575793
p18283,2.500269096065175
p18284,1.6613811702204333
p18285,-0.2091902026728215
p18286,2.1587759834536167
p18287,1.0776735902911012
p18288,-0.8328379332288848
p18289,-2.178795498147716
p18290,1.045966445320253
p18291,2.1320723892984597
p18292,1.0340058845956053
p18293,-0.8692213921638826
p18294,1.1098249589198717
p18295,0.4682163402113977
p18296,0.40900592695294163
p18297,1.82319461154536
p18298,-1.0252810514682866
p18299,-0.2308161653936408
p18300,0.4351594647946808
p18301,2.8274957131571616
p18302,-4.391982007735829
p18303,1.1781041122953109
p18304,1.5813138247583196
p18305,0.3689830998435499
p18306,1.4240992056437225
p18307,0.5070739420253605
p18308,1.8885656969447537
p18309,2.4915261461786686
p18310,3.627270565673055
p18311,1.3280114423857152
p18312,1.194600955025698
p18313,-1.2458788021954348
p18314,1.5174118031095334
p18315,2.1709511930139738
p18316,0.9013106423534071
p18317,0.16749081789156495
p18318,-0.5126937108337425
p18319,0.19882224617784205
p18320,1.5265949042721072
p18321,-0.8356444951331937
p18322,0.8947839746247583
p18323,1.478772645755337
p18324,3.6603092364609555
p18325,4.065229239201036
p18326,-5.309591805814609
p18327,-0.027553690536405884
p18328,1.0432297502732213
p18329,0.677894323123065
p18330,-4.113763244860928
p18331,-0.19093707806707882
p18332,2.615994886494605
p18333,-1.1303867047112073
p18334,1.0642141475897031
p18335,0.9971514887842787
p18336,3.0068621005951526
p18337,-0.22741196425866506
p18338,3.2445584229028266
p18339,-0.08951805956418168
p18340,-1.081491722544809
p18341,-0.46022273846793527
p18342,-1.524590861398961
p18343,1.8856974017446868
p18344,0.6160187199377261
p18345,1.9143311241985512
p18346,0.8756912194770861
p18347,1.1694500362718776
p18348,0.7359206663825832
p18349,2.4504605615420996
p18350,-0.36959713178208264
p18351,-1.0614750100412604
p18352,0.6025759186458326
p18353,-0.10673512521886575
p18354,-0.6530793989394975
p18355,2.542457567330315
p18356,0.9440543523006424
p18357,0.789328953786312
p18358,1.4014978003241525
p18359,1.2367405442349444
p18360,2.8320291335278647
p18361,1.861098648220041
p18362,0.5903507199629974
p18363,4.025090783687829
p18364,0.20469940985107304
p18365,1.6440801183209621
p18366,2.698930292961242
p18367,-0.4091348363123256
p18368,1.6117692599531894
p18369,0.6971041527990878
p18370,-4.038396127217697
p18371,2.283317762900562
p18372,2.9245403615365655
p18373,0.8794319710043098
p18374,0.7911063785573216
p18375,-0.26231739022492195
p18376,0.3281463160606104
p18377,3.9407981220736423
p18378,2.1698124770649105
p18379,-0.7799595959719975
p18380,-0.6573080563953279
p18381,2.126926115163632
p18382,-0.2569524533465085
p18383,-0.9275328334105192
p18384,2.2874361179703353
p18385,2.8957555676296893
p18386,3.1105394220283022
p18387,0.5915876269375843
p18388,0.3247113249223138
p18389,1.2679626058020592
p18390,2.1505297210742764
p18391,1.1907003418174906
p18392,0.7904276677074833
p18393,2.1635437097480787
p18394,0.3703816632483845
p18395,0.9212244731385331
p18396,0.36636949272717034
p18397,1.572324794021812
p18398,2.579504409645188
p18399,2.542305603518847
p18400,2.094990049598403
p18401,0.9170480809246195
p18402,-0.04120638412354316
p18403,-0.11287830129468468
p18404,0.082317733610493
p18405,1.5307195195552823
p18406,-2.154366580533679
p18407,2.7683423726024436
p18408,1.82074145541102
p18409,0.15070327637686354
p18410,-1.0679419724233008
p18411,4.0732443621476
p18412,0.12477494460499183
p18413,0.9385566610236998
p18414,-0.7708597230737905
p18415,-2.029663486328422
p18416,0.4750314689903671
p18417,2.863808451531758
p18418,4.0255371810536085
p18419,1.9102180778357938
p18420,0.6221287240346153
p18421,1.1070343736023311
p18422,-2.9998006485036126
p18423,1.08382271368166
p18424,-1.0196901131343714
p18425,-2.30105458447377
p18426,1.8393606679444772
p18427,2.6762885720290597
p18428,-0.370000468253333
p18429,0.9307834282484224
p18430,0.5336682730591957
p18431,1.3509229573637915
p18432,-0.31363555799811615
p18433,2.396184042386873
p18434,2.6657049980420093
p18435,2.6324832595004284
p18436,-0.5056021127396019
p18437,2.3256075422882634
p18438,-1.3934815563781444
p18439,-1.1780658288273664
p18440,1.7036122943634444
p18441,2.023738395935952
p18442,-1.886010135696349
p18443,3.4074486395046266
p18444,2.087168613756285
p18445,0.09892177697763116
p18446,0.35010242429034444
p18447,3.211515196300231
p18448,-0.3048667589785353
p18449,3.018224120947325
p18450,-1.8761519551999957
p18451,0.1471497474402783
p18452,2.3502661908935503
p18453,-1.2750336787620316
p18454,0.3895450197054714
p18455,3.1794163855914537
p18456,0.7741341731137414
p18457,3.6396562843247016
p18458,-0.3681584503020682
p18459,1.6985419570463556
p18460,-2.2554158120852104
p18461,0.9880488547135393
p18462,1.9801348466469557
p18463,2.1235714393664815
p18464,0.34172003599640616
p18465,-0.4716575380733298
p18466,1.843503085762829
p18467,-1.1454618616050496
p18468,1.348741492604046
p18469,3.253452292399669
p18470,-0.7974311857692412
p18471,0.8280490030559509
p18472,-2.030833503123477
p18473,-0.42635802583678817
p18474,0.5542262202993583
p18475,0.5572836110705801
p18476,1.6922326633694862
p18477,3.135870593153743
p18478,-1.0288179649998521
p18479,0.09593103488039878
p18480,1.0067619286851983
p18481,2.3971978316554905
p18482,0.6407047644077655
p18483,3.0478848224260604
p18484,-0.6438477661341052
p18485,0.6304901229590655
p18486,1.549093717933776
p18487,-1.8693274271040838
p18488,3.2074936472241276
p18489,2.275536228886954
p18490,-0.7681590955595688
p18491,0.7476114269351591
p18492,0.34872124478711747
p18493,2.550569880200112
p18494,-1.1272146938135403
p18495,-1.0620224737458028
p18496,-2.5467204340153087
p18497,-0.7609164074293643
p18498,1.5802775165564658
p18499,0.38918857498279325
p18500,1.2020676632099447
p18501,1.383558583008493
p18502,2.5480739108769552
p18503,0.024994198595985284
p18504,-2.2028003091665664
p18505,1.81073451486655
p18506,-0.6732812627947774
p18507,1.9397667655999191
p18508,2.4262944000247955
p18509,-0.6733071976651342
p18510,2.747196519396307
p18511,1.6829087527625068
p18512,0.15648415405099092
p18513,-0.4138427283232816
p18514,1.0709986708569148
p18515,0.8255826187851834
p18516,0.5342473377384509
p18517,1.338555708118982
p18518,-0.9412898399245381
p18519,0.896793325352025
p18520,-1.4134207119678481
p18521,-0.661066959418701
p18522,-0.39335542539544466
p18523,-0.9736174954560862
p18524,0.6306721374695832
p18525,0.36665358799981623
p18526,2.2053163317524125
p18527,2.8682758526527565
p18528,0.725588451626965
p18529,-2.407228071857077
p18530,1.3870253312223846
p18531,0.39486270464862894
p18532,-1.0120518493868107
p18533,0.18634113477914727
p18534,-0.4783900275338183
p18535,2.033462129356784
p18536,-0.9287640209945732
p18537,-0.17876963749207497
p18538,0.864961996375131
p18539,2.3082717092482166
p18540,1.7699951843830528
p18541,-0.15658791043852727
p18542,1.2549437893226387
p18543,-2.9594826810776254
p18544,0.307097233262423
p18545,-1.129888691307388
p18546,-0.4156232909447629
p18547,0.1341793697191377
p18548,1.1466951446542915
p18549,0.9254339886273367
p18550,1.6370134561755725
p18551,1.098292840866869
p18552,1.7641209254733032
p18553,0.592151853046893
p18554,2.471155928347196
p18555,0.12600380710381442
p18556,0.6931783719241795
p18557,-1.003636607139621
p18558,2.2881011565015417
p18559,3.1598132814699165
p18560,0.842241072915662
p18561,2.7442698519883533
p18562,1.1696123289643812
p18563,2.038088959210304
p18564,2.2480169227201956
p18565,2.143029784638899
p18566,0.6453038968760835
p18567,-0.8350426473937355
p18568,-0.19707766404942995
p18569,0.5973156671278151
p18570,1.2025282138402755
p18571,1.9971031412783922
p18572,2.4157488087512373
p18573,1.7018766121337257
p18574,2.2476228792014585
p18575,-0.0801799758725239
p18576,1.099149858003071
p18577,0.8909494768037203
p18578,-0.31910650796267903
p18579,1.3281137428682372
p18580,1.2110974711467906
p18581,-2.6193402403730306
p18582,-1.1638965130489818
p18583,1.6277894154014487
p18584,2.7631826616542834
p18585,0.12145663852870692
p18586,0.5118065564695786
p18587,0.7234881718833353
p18588,1.9448877872159755
p18589,1.0580496514764512
p18590,3.2954527560581286
p18591,1.25078841513196
p18592,0.35364614918843096
p18593,2.184952325288436
p18594,-2.4554242799456163
p18595,0.4112931411019456
p18596,0.11858654542069846
p18597,2.983394612739611
p18598,0.27824235787006646
p18599,0.046311295471131664
p18600,0.5400966634518659
p18601,1.714203952417313
p18602,1.2211004399895509
p18603,-0.54311528657818
p18604,1.0315328884667538
p18605,2.1977979025892185
p18606,2.000095841274302
p18607,2.918264675749897
p18608,1.998494188216919
p18609,0.2416332423341604
p18610,0.5219720652414174
p18611,-0.09365693492842098
p18612,-1.4694687434203222
p18613,1.3415274283913834
p18614,0.3285180926172392
p18615,1.262953499872842
p18616,0.40919004339326165
p18617,0.17410190248106572
p18618,-2.0178613047102583
p18619,-0.11918570505640957
p18620,0.7836353508387658
p18621,1.6784686646432896
p18622,2.335338582899032
p18623,-2.2235456563630387
p18624,-6.890066601386419
p18625,-2.6330506000571865
p18626,-0.7565373527133109
p18627,0.16263489754178606
p18628,3.129824018331758
p18629,2.273688169424787
p18630,-0.6640013561352046
p18631,0.2802739012267512
p18632,3.0040428391372633
p18633,3.1216448260331684
p18634,0.6621815780747073
p18635,3.6928610494649563
p18636,1.051315572518822
p18637,2.514994458408834
p18638,0.9560567566882575
p18639,2.4369887671989514
p18640,2.1586749405824888
p18641,3.7795203742117414
p18642,1.7483162870887041
p18643,3.2748263512831812
p18644,2.209815707652077
p18645,3.305389442187825
p18646,-0.22227229935206394
p18647,-0.2732354542570362
p18648,2.87544609573071
p18649,0.19200080740221592
p18650,0.21694991616013937
p18651,3.740871267090991
p18652,4.188223890753329
p18653,-1.393653974081643
p18654,0.034605260355124234
p18655,1.4793367520833933
p18656,1.1478968610121827
p18657,2.0829992559936734
p18658,2.7760326961687256
p18659,1.7425432393549616
p18660,-0.45959234191622034
p18661,2.801983951487928
p18662,0.2674433896166363
p18663,2.4351570845953
p18664,1.6836997474734239
p18665,2.016130720234365
p18666,-0.7666994120358143
p18667,0.2714547100183523
p18668,0.4201901530761831
p18669,1.8074294713976937
p18670,2.7415124293520674
p18671,-3.9005272300202676
p18672,0.8223453222910088
p18673,3.5807394816236395
p18674,0.8562219940884908
p18675,2.2144046852994954
p18676,1.7030794336755362
p18677,-0.06905106811321604
p18678,1.8798628404619238
p18679,-1.0390542551311288
p18680,1.088746741048019
p18681,-0.9934282033540666
p18682,-2.592037111390501
p18683,1.8354437007659503
p18684,1.2910151044281846
p18685,0.07294494897944981
p18686,-0.6819082685892582
p18687,2.2121414929720205
p18688,1.5804571252209567
p18689,0.3622211402682413
p18690,0.12499799874173079
p18691,-3.5682705541091244
p18692,-2.5866815599411423
p18693,4.072980086987041
p18694,-1.262767007519888
p18695,0.736555532850906
p18696,0.6009779562951268
p18697,1.610753116210263
p18698,0.4974194140348311
p18699,1.2730421374751062
p18700,-0.3270727106479395
p18701,-0.4129272809241443
p18702,2.884332408593561
p18703,-0.6030159260818374
p18704,0.8091013700207262
p18705,1.9732097052350057
p18706,-0.60167631580602
p18707,0.9660128949139843
p18708,0.41725130615933137
p18709,2.5099545731950146
p18710,3.3614823231994277
p18711,2.7732463784312533
p18712,1.0447546540655004
p18713,0.45156148589278367
p18714,0.7647760811283179
p18715,2.4397526321322602
p18716,2.413242109474488
p18717,3.383111820055318
p18718,3.769430124715723
p18719,-2.023584805128603
p18720,0.2928770447644985
p18721,-0.935248835516045
p18722,1.9646472897702973
p18723,-0.7007747497854341
p18724,1.991761110539255
p18725,-1.1857193073949324
p18726,1.3992918294190548
p18727,-0.16856153047417
p18728,3.035394060971256
p18729,-0.5721260874465831
p18730,-0.9957172342987607
p18731,1.0219193071816286
p18732,-1.795215951936839
p18733,-0.6855689193318332
p18734,0.8992101037676601
p18735,1.8024131640582404
p18736,1.6617270842654994
p18737,0.9104574952856633
p18738,-0.6075332900902161
p18739,2.8007437826823196
p18740,1.4267236794231737
p18741,0.3664360473884939
p18742,0.21672452322293057
p18743,-0.3186811668740924
p18744,3.3335085914320164
p18745,-0.20681070123736423
p18746,-1.099869571419462
p18747,0.8321542167735843
p18748,0.6278890576793511
p18749,2.552913175275863
p18750,0.6282568984996841
p18751,1.0223269609285859
p18752,1.700747470950195
p18753,0.4635672326136695
p18754,1.991711038691589
p18755,-0.8428239015884641
p18756,1.9152464798986664
p18757,3.7540498001542395
p18758,0.4274111624822836
p18759,1.969680429415789
p18760,-0.5648430919978343
p18761,3.307079467576688
p18762,1.8125199559990972
p18763,2.1250935648946823
p18764,3.264499443830403
p18765,3.271940548203615
p18766,3.722605039353397
p18767,-1.3665666177261238
p18768,1.3114589630427638
p18769,1.5004811331867802
p18770,0.5550581783527856
p18771,-0.6762010295248134
p18772,4.790959735246415
p18773,-2.0476400060356887
p18774,1.5418223030536704
p18775,-1.5255109886282678
p18776,0.1417935612723582
p18777,1.4589322359697445
p18778,2.3207587009471062
p18779,1.4688167421895963
p18780,3.715234047072966
p18781,-1.5713656756834031
p18782,-0.06536029652788355
p18783,-1.528772606886141
p18784,-1.868044940342926
p18785,0.03681030765931681
p18786,2.0271652416376105
p18787,1.5574080660832637
p18788,-1.394667025235195
p18789,0.522595312211422
p18790,3.1404624257004907
p18791,2.15472856242496
p18792,3.9087094521104695
p18793,0.0875543439804799
p18794,-1.5837823410117364
p18795,2.0351672266931913
p18796,2.0703052959438297
p18797,0.0956237980009852
p18798,-0.38015152839871724
p18799,0.21255731811954848
p18800,-0.3158091804993107
p18801,1.2960311698102878
p18802,1.9918367374870898
p18803,-0.4342516100918766
p18804,1.4892692645322132
p18805,-4.971383435441582
p18806,1.7861903652035975
p18807,2.904560256526164
p18808,-0.05420197287849304
p18809,-0.02157571399014202
p18810,-1.2424322250586846
p18811,1.5069176273833822
p18812,-0.46172914472750193
p18813,2.8046768957127797
p18814,1.9469345832240337
p18815,1.8976404745105397
p18816,1.3421403429860974
p18817,1.8913136584700654
p18818,-3.4066282277733664
p18819,2.400576925231982
p18820,-0.4955117666522696
p18821,-1.8519568527915244
p18822,1.2453103884653927
p18823,1.3016992056421586
p18824,0.7429484255823509
p18825,1.6262433309672888
p18826,-1.3135073889883873
p18827,3.581401107892055
p18828,0.34413880487994863
p18829,1.2222798286222252
p18830,0.8475551540728106
p18831,-0.5830065776455714
p18832,4.080929209647913
p18833,1.7847030627891596
p18834,0.029299132388347582
p18835,0.8598221653330206
p18836,0.4956584875509433
p18837,1.8251538667239195
p18838,-0.7409033695866246
p18839,0.3569260292338764
p18840,1.0736560233079337
p18841,-1.174322083094118
p18842,1.2235025941874662
p18843,2.5979407467857305
p18844,0.7056280587402424
p18845,0.35866652855489933
p18846,0.47365798068196374
p18847,-2.56534048234963
p18848,1.3363687492567164
p18849,-2.004723761076899
p18850,0.3657627750281138
p18851,1.9864756387098073
p18852,3.2567237354573
p18853,-0.4470053194291378
p18854,5.344697018777324
p18855,2.0766470114015996
p18856,2.1646529668314085
p18857,-1.4233915432215598
p18858,2.8156636760554505
p18859,2.5597126685374545
p18860,2.6065932586506477
p18861,2.5444149388883295
p18862,-1.6734020356439316
p18863,-1.4065627862362393
p18864,1.6349839719980745
p18865,-1.6458333351644887
p18866,2.131457734388031
p18867,0.34322353305131
p18868,0.8069188196156218
p18869,1.9100267717926518
p18870,-1.1867654966512369
p18871,0.990459630067577
p18872,2.0393551038006903
p18873,1.888793341428698
p18874,1.2511410959894436
p18875,3.0080326682553182
p18876,-0.36580127192374967
p18877,-0.8230514201679616
p18878,0.6557220753695645
p18879,3.236004695028224
p18880,-2.827904767436061
p18881,1.2502091085138916
p18882,-1.6559754403717148
p18883,-0.40158104665226413
p18884,0.9371419943747324
p18885,1.5841723501500702
p18886,-1.151049909361904
p18887,-0.693183499957497
p18888,0.34568063540012467
p18889,0.7578258712736912
p18890,-0.7982009454604188
p18891,0.6602113185134368
p18892,-0.4138454268076047
p18893,2.158369817038394
p18894,-2.6891198115853725
p18895,4.178065933211381
p18896,-0.8428960347575903
p18897,1.4134104059616626
p18898,1.3084726585261008
p18899,-0.400899041662378
p18900,-0.5674030342912276
p18901,0.7791610565509235
p18902,-0.5224288509680378
p18903,0.9194384227689971
p18904,-1.0640534612152304
p18905,0.9177240586203887
p18906,2.248948036417853
p18907,-1.0405960477393066
p18908,0.23878500734541186
p18909,2.2662363150821685
p18910,-0.6947490606220298
p18911,2.0723791379982983
p18912,0.5463388697740181
p18913,-1.2343967012481971
p18914,1.6014724415755024
p18915,-1.5168329207237181
p18916,0.8940117164410526
p18917,-1.6490409945672555
p18918,-2.7214172990369456
p18919,1.831427936715695
p18920,0.5733006641166417
p18921,2.4252376291226865
p18922,0.006453364590705557
p18923,2.2706568120534505
p18924,1.315203652586408
p18925,1.3886796378089619
p18926,2.9000752221799133
p18927,2.04677297510877
p18928,1.7274647034788777
p18929,2.280877275517648
p18930,3.106548357004738
p18931,0.9965535458426357
p18932,3.076413010482693
p18933,0.55130786244366
p18934,0.003114288610956306
p18935,3.100837892857314
p18936,2.0850788065173838
p18937,1.940998381102081
p18938,1.4983517346606177
p18939,2.0029943142957958
p18940,-0.904039898385543
p18941,2.643654402761854
p18942,1.571733824296086
p18943,2.230599390734787
p18944,2.361427414636575
p18945,-3.095985935011214
p18946,1.6976020283816116
p18947,0.9800968162003756
p18948,-3.150868099920324
p18949,0.6230123425873412
p18950,0.2915375779646767
p18951,4.3745615071432455
p18952,-0.8941914996914132
p18953,1.3996279184063198
p18954,1.5809102722810784
p18955,1.4505635491672555
p18956,0.8020921469820333
p18957,2.0765182117109964
p18958,1.7337578640917075
p18959,1.9753641767483385
p18960,2.560265556716145
p18961,0.7141225261681756
p18962,2.016968619005213
p18963,0.655976421670017
p18964,0.31579012503893644
p18965,2.631002231410794
p18966,-0.9389697925201571
p18967,1.5834855972325896
p18968,3.189926607398089
p18969,-0.06893924085846237
p18970,-0.47950406420591707
p18971,-2.358915303612499
p18972,2.3236766980999244
p18973,-0.9306357429206086
p18974,1.6237294874725083
p18975,-0.5462807016879535
p18976,0.2047938346175976
p18977,0.5595346264737305
p18978,0.028404791835062837
p18979,0.46169481537023604
p18980,1.6468361023357156
p18981,0.7385114292672863
p18982,0.7411107666743298
p18983,2.1895011407914082
p18984,1.5481067477337853
p18985,1.3179718824740574
p18986,1.9158118371172366
p18987,2.5653434740033174
p18988,-1.4104324046878332
p18989,3.092055775665486
p18990,1.9264289315048697
p18991,-1.1329198997456915
p18992,1.8237927286234412
p18993,-0.9892244107490219
p18994,-0.8303547093920539
p18995,0.01504536404001866
p18996,3.114292464867019
p18997,2.217011469627254
p18998,0.6191134228592865
p18999,0.3506754809258431
p19000,0.8603322804495723
p19001,2.6063493363373076
p19002,3.309621683384227
p19003,1.195516900561194
p19004,-1.056114790105636
p19005,2.2367348565290075
p19006,-0.3723911732550652
p19007,0.62184253741707
p19008,1.6756297905947632
p19009,1.6614520623730535
p19010,-2.1410355602237603
p19011,1.1078483867643873
p19012,-0.7375460778884272
p19013,2.9614286808053953
p19014,-0.19628286311697485
p19015,0.5644777222655815
p19016,2.2522206605519335
p19017,-0.5585656022596804
p19018,-0.6709569483636005
p19019,-1.5334133256045717
p19020,0.25241362583750704
p19021,-1.2313513568004466
p19022,-0.2698651681208991
p19023,2.1135406919174766
p19024,1.9344229503797772
p19025,-0.030546534061687614
p19026,3.17700681208539
p19027,-0.8729076591388644
p19028,0.13310970132238775
p19029,0.31479606211522987
p19030,-1.8487429365775419
p19031,-0.6617965425767275
p19032,0.9425253429684398
p19033,2.3224074103264765
p19034,-0.6577541500385372
p19035,2.805876820526343
p19036,2.962458563056342
p19037,4.9985844249534646
p19038,-1.1431942543784523
p19039,-0.13140018892487115
p19040,-3.513201480240872
p19041,-0.41324684475602547
p19042,0.015008590069540584
p19043,1.4038166262237728
p19044,0.5726184558803711
p19045,2.3070800874855197
p19046,2.103084358943465
p19047,1.122473342750872
p19048,1.8205053115729863
p19049,0.46539563092309205
p19050,2.703762350907582
p19051,2.541970054752819
p19052,-0.3580554950683771
p19053,0.2675064165841371
p19054,-2.371964698309831
p19055,0.9923242605986677
p19056,-0.09324843316606912
p19057,-0.16866407551166362
p19058,0.4611032624005663
p19059,2.744009141307334
p19060,-0.9654361524324623
p19061,-1.6616792313551083
p19062,-1.6040107405898545
p19063,0.9944270014498178
p19064,-3.157431452721711
p19065,-1.3530993546967367
p19066,1.7076024945897386
p19067,3.1485882129740017
p19068,-2.2349697289231156
p19069,1.2311664111609615
p19070,0.9042789367858415
p19071,0.9841783511950912
p19072,1.0864802940897456
p19073,-0.5209048990665243
p19074,-0.1402644622697784
p19075,-2.4096168816694727
p19076,3.5822625470549054
p19077,0.8941796056564218
p19078,-1.3419249427487747
p19079,2.094717641271696
p19080,-1.348609181878388
p19081,2.535909071905794
p19082,2.37015404727058
p19083,1.4297059287352245
p19084,-0.3450052976216883
p19085,1.082457580001957
p19086,1.0551689182134312
p19087,-0.15312317549750865
p19088,2.059554395412581
p19089,0.5089158065509812
p19090,0.296128523838985
p19091,-1.034089268390776
p19092,0.030346300320811093
p19093,0.5926618835714809
p19094,2.234956622465234
p19095,-1.3418315702807768
p19096,0.8359919161282987
p19097,-2.652235281345814
p19098,0.7419446871020383
p19099,2.001924838096626
p19100,-2.8386703587286966
p19101,-0.803662641528497
p19102,-2.031670449453943
p19103,-0.5435095295483595
p19104,2.793876123063191
p19105,3.8285460365030093
p19106,1.6548103204557125
p19107,-0.10245899590322083
p19108,0.2014498798254466
p19109,0.6431571420504623
p19110,-1.730309170221283
p19111,0.30824692975777
p19112,2.5140345711962517
p19113,1.85396496857545
p19114,2.3325489023637913
p19115,0.45583939631144765
p19116,0.814792073242197
p19117,2.7278284516864044
p19118,2.7034356680811005
p19119,-0.6890641568678261
p19120,-0.348336445594014
p19121,0.5018156543529357
p19122,2.890805331703701
p19123,2.215141809782042
p19124,1.030164163778563
p19125,-0.6624240708265626
p19126,2.392375924169422
p19127,1.6927063725408935
p19128,1.578725906356609
p19129,3.200008479032944
p19130,-4.166087112537641
p19131,2.880652970091173
p19132,-1.8717156641169868
p19133,-0.4996466738551494
p19134,-1.0773139904141926
p19135,-0.8112155441735699
p19136,3.0134649628106387
p19137,2.3577237128088853
p19138,-1.6650029852183614
p19139,0.18467139726005166
p19140,3.1543464812881212
p19141,0.3230928816385757
p19142,0.14483642516745887
p19143,-0.6003440105047776
p19144,0.2361258378261274
p19145,-0.4919912525189635
p19146,0.7307973896218373
p19147,3.71376027621456
p19148,4.224143056148812
p19149,3.7636909000850625
p19150,0.9596692634375407
p19151,2.0117210826426932
p19152,2.797668435619773
p19153,1.0821898387682638
p19154,3.3047391198265994
p19155,0.671843527443169
p19156,4.377643816588347
p19157,-0.6810216000395816
p19158,-0.4730426137036917
p19159,1.3277251253712892
p19160,2.4533120039658045
p19161,-2.545805613838151
p19162,0.5266533723645991
p19163,2.3573250222630713
p19164,3.375696488500618
p19165,2.391911591854222
p19166,0.34099979101498323
p19167,-2.3007906011327557
p19168,2.114186705706373
p19169,-2.300737375678583
p19170,-1.4397660954963714
p19171,3.3554297827435975
p19172,1.471840918519492
p19173,3.676792279190171
p19174,1.9196356568281172
p19175,2.2874210225724587
p19176,0.922471656401043
p19177,-0.3858221549929527
p19178,2.7597895700491626
p19179,-1.782374644266381
p19180,1.7988118730507772
p19181,0.16321963474590173
p19182,3.6341698565378984
p19183,1.3971279180444531
p19184,2.33395618138005
p19185,3.213219897517894
p19186,3.246597258650419
p19187,1.539573483558105
p19188,2.4188358614526164
p19189,1.4301140812679163
p19190,1.7076944468834145
p19191,1.5091636856286859
p19192,0.03899171118157718
p19193,-0.25648710086131576
p19194,-1.043191655613009
p19195,-0.9618066754792912
p19196,0.4740369891308663
p19197,-4.702061961400264
p19198,2.525607944525771
p19199,-2.3891757395832394
p19200,-0.8009836715409603
p19201,-0.08112759191777597
p19202,2.154612326057956
p19203,0.4247467465129496
p19204,2.9502449881014203
p19205,1.6399544644267041
p19206,-0.26835194690551856
p19207,2.426439537064515
p19208,0.9139716950248686
p19209,3.1768349509306817
p19210,2.375522425497226
p19211,0.2085768235215727
p19212,1.5859525162865704
p19213,2.7787409425610523
p19214,1.042243907408346
p19215,0.5169600840212877
p19216,2.8957080920439466
p19217,-2.795347905741399
p19218,-0.6548563419989927
p19219,1.9919871758699856
p19220,2.5072171369613923
p19221,1.0055311902581914
p19222,0.10340550198470921
p19223,0.7345409335529439
p19224,3.2026524351947385
p19225,1.7355804040136795
p19226,0.7543336880288773
p19227,0.2809624699625458
p19228,1.3736089685009558
p19229,0.14198959054816485
p19230,1.8412433301800588
p19231,-1.4033723685415018
p19232,0.3111234272996556
p19233,1.0245302755210044
p19234,0.7758567937409188
p19235,2.23048087535997
p19236,0.1141211557984182
p19237,0.36645036771623807
p19238,-2.36238124616832
p19239,2.9073619654571696
p19240,0.9774753635666288
p19241,1.220476134155222
p19242,1.6293360909604702
p19243,2.2386658968711206
p19244,3.3799807463202645
p19245,0.5837184452812373
p19246,1.6613860225753028
p19247,0.47395002098538697
p19248,-1.3478371385128223
p19249,1.6337057786165783
p19250,3.0800039655910334
p19251,-0.23117737783017567
p19252,2.9000670612883606
p19253,-1.1064975522267484
p19254,0.7421848612117362
p19255,-3.6144433515179943
p19256,0.18366152867748742
p19257,2.1302246913873457
p19258,-1.1823532980184632
p19259,1.8600549352523803
p19260,0.6369361260674571
p19261,4.210182347445892
p19262,-1.5704329067831346
p19263,-1.3411138611708822
p19264,2.3193956016397017
p19265,3.1974434979374977
p19266,0.802733808377857
p19267,-1.1667101271047806
p19268,-0.015339238039149383
p19269,0.9898534827678303
p19270,-1.370262240995499
p19271,-5.024709397599619
p19272,0.20638033102746112
p19273,-0.839207299445336
p19274,3.3646063675513527
p19275,-0.6665247938993532
p19276,-0.5172269898269427
p19277,1.6458439207515032
p19278,3.1800523864002113
p19279,-1.8141195677012467
p19280,-3.404104006803777
p19281,0.1562162928199019
p19282,3.347725036688011
p19283,1.1809042809190293
p19284,1.041958336832335
p19285,1.56659947454362
p19286,-1.0781543465979295
p19287,-0.9025784361908377
p19288,0.9376720262646817
p19289,-0.7744423916761284
p19290,4.438714471947204
p19291,1.8558874587970076
p19292,1.9479098333255322
p19293,4.197760039574787
p19294,0.025142726423584727
p19295,0.16357525176849796
p19296,-1.0225849619326204
p19297,0.7939222247121962
p19298,2.5512109862709407
p19299,1.6294401133886351
p19300,0.29967702906570204
p19301,2.137651967918986
p19302,-0.4870347975468242
p19303,0.7064259296581377
p19304,3.643505283804248
p19305,1.8563517057867434
p19306,-0.15201964578185934
p19307,2.4424747988608178
p19308,0.5272006795803784
p19309,3.4330233551794547
p19310,0.5992663574404986
p19311,-0.9874280860764247
p19312,1.8898353413767017
p19313,0.34226306739502294
p19314,0.20783778705887235
p19315,1.6052027302685015
p19316,3.8765258750345457
p19317,2.8066344900164313
p19318,-5.1867147134822895
p19319,2.178945701445628
p19320,-1.160129908433666
p19321,0.23000045095017418
p19322,1.545986947287855
p19323,1.7374023386800475
p19324,1.9075766352922776
p19325,0.2522323635445486
p19326,-0.24419247061400717
p19327,0.3672147491443327
p19328,0.7216552264751812
p19329,0.5057143480924962
p19330,2.5826953571577405
p19331,-1.217883705386599
p19332,1.2586745146917775
p19333,1.0336037335450985
p19334,1.0454538730772571
p19335,0.9959445421437259
p19336,1.2771626338056583
p19337,3.021090699511446
p19338,-0.6946158135134842
p19339,2.796855429539019
p19340,2.8279888474360377
p19341,2.35217516061834
p19342,-1.2746280005797308
p19343,1.4666664405710919
p19344,1.395854874026621
p19345,2.021396846282877
p19346,2.133156524914536
p19347,0.465148944510586
p19348,2.0555528401326275
p19349,2.1415708658048724
p19350,-0.6378775539599572
p19351,-0.8201327649474422
p19352,3.292646094159933
p19353,-0.7679906626365901
p19354,3.425981992884858
p19355,1.7855686391581413
p19356,-2.5249943779524675
p19357,-1.787392362970568
p19358,-2.2609525780755693
p19359,-1.7378443460387731
p19360,0.6889186278479602
p19361,-1.2345674562222322
p19362,0.7111725867132098
p19363,1.5785165598191
p19364,-1.7546328531522817
p19365,-3.0531568915300507
p19366,-0.12082964947412289
p19367,1.2049747043521295
p19368,1.266432340407565
p19369,2.429725252254343
p19370,0.7617150608940182
p19371,-3.81119014895808
p19372,0.3459084061787636
p19373,-2.0459516170031606
p19374,2.532169955854003
p19375,0.3171623323881927
p19376,1.5829511664428533
p19377,2.2617873449792594
p19378,-0.35515163168304553
p19379,1.598642566759112
p19380,-0.04605980148624944
p19381,2.001401281046848
p19382,1.7565369252131804
p19383,0.3698536758683746
p19384,3.2441701153464653
p19385,-0.16793625711559257
p19386,3.1986220249765998
p19387,1.8199613082423078
p19388,-0.18457993996337285
p19389,1.0752128789181192
p19390,0.8880204876260483
p19391,0.014412956936726729
p19392,1.8527538048321834
p19393,-1.3478018807338579
p19394,1.1908454801631922
p19395,-2.1840120343826874
p19396,2.0525070762704845
p19397,0.795005639501163
p19398,-0.18601165171905298
p19399,1.3870556175689321
p19400,1.3370496852646667
p19401,-0.020901901039590887
p19402,1.5609307411438627
p19403,-0.14310174249660068
p19404,0.04268441044109639
p19405,-1.4764970282464214
p19406,1.9368280258453416
p19407,1.3249438302412448
p19408,-0.1329849754992254
p19409,-1.177881979695782
p19410,0.9409681793153113
p19411,0.7251211278395395
p19412,0.8299596315384117
p19413,1.8790572816163347
p19414,1.3834633326232275
p19415,0.44561318435917185
p19416,0.6843514216024146
p19417,2.1247802996517002
p19418,0.7494874299289812
p19419,2.468461581377373
p19420,-2.2621296506590194
p19421,1.9913921295076595
p19422,-2.891871359354887
p19423,-1.1478409808223033
p19424,2.4852459520500108
p19425,1.3049980577033857
p19426,0.5402240453729665
p19427,0.33116096104527243
p19428,1.742891211216373
p19429,-0.650281322620382
p19430,0.15744861477748273
p19431,0.5084573334958977
p19432,0.5032289076518408
p19433,2.302998959833582
p19434,2.389019838072022
p19435,-5.351673361976948
p19436,-0.7577421352300663
p19437,1.3471446867797419
p19438,2.7856329689037453
p19439,2.425954386142888
p19440,1.4218274153706036
p19441,2.193309893352428
p19442,3.2364687860983157
p19443,2.8662693440509686
p19444,-1.8536950583850604
p19445,-2.795540744808451
p19446,-0.4919601373670409
p19447,2.0977043579596106
p19448,0.8229445381660632
p19449,1.9019221503659591
p19450,2.3418160935323673
p19451,-0.38196343737716776
p19452,2.5252005277263225
p19453,1.6473957930118046
p19454,1.2318407071243067
p19455,1.2471617449712498
p19456,1.1557565242417007
p19457,-1.3167133585778754
p19458,-5.208811453187357
p19459,2.3147294454658724
p19460,1.1362737598781476
p19461,1.5647709461956185
p19462,1.4566145046872498
p19463,2.180147324514271
p19464,1.9609714484893463
p19465,0.6006203976879819
p19466,0.7132700241087222
p19467,1.9050979549359885
p19468,0.5822680439148329
p19469,-2.1903769461844957
p19470,2.0893948017670376
p19471,2.2357446180325855
p19472,1.3961449317887884
p19473,1.525608706415694
p19474,2.6925567486827906
p19475,1.3791680204138477
p19476,-1.0039319266352655
p19477,4.143445357231601
p19478,-0.7412946166068267
p19479,2.4316069419589894
p19480,0.36228327985366804
p19481,1.6802292372491108
p19482,2.674636384230232
p19483,0.7667098264230204
p19484,1.538422141882041
p19485,2.270808137013791
p19486,0.06145390178441523
p19487,0.8143033400237358
p19488,2.194455631221112
p19489,-1.3729747961065644
p19490,1.0186947316066481
p19491,-0.12293674362164786
p19492,-0.6607710775719361
p19493,0.64705981275922
p19494,1.6762050617408462
p19495,1.6089032759211555
p19496,-1.4810072392194207
p19497,-2.6023715845527957
p19498,0.9876970861432511
p19499,-0.40095104875059084
p19500,2.2180461590955796
p19501,0.7734951650926362
p19502,0.02660197850657875
p19503,4.2793236832994
p19504,1.1394955567177796
p19505,2.353897248194135
p19506,-1.7215287887091661
p19507,2.398935571923828
p19508,-0.9832005606571735
p19509,1.5297733265891467
p19510,0.8100857932360808
p19511,-3.2327402754064436
p19512,2.541637312158091
p19513,0.7167627425650532
p19514,3.3821399453242487
p19515,-0.8091093935968948
p19516,1.4261560667838369
p19517,0.7497806724613267
p19518,-2.9833050930937843
p19519,-0.14575454009270816
p19520,-0.5548250051468845
p19521,-0.43703371045872774
p19522,1.1173492897265889
p19523,-2.057549869611125
p19524,0.6680223942575634
p19525,0.42032631092497297
p19526,1.4414064679610523
p19527,-0.912096281868258
p19528,1.5714611419761648
p19529,-0.36719405193698884
p19530,3.1336209333505374
p19531,2.5785358717742297
p19532,0.6495366056269405
p19533,-0.13792076019397181
p19534,2.371674230640101
p19535,-0.9012250184976888
p19536,3.03888543227897
p19537,2.534722925378066
p19538,0.9349363886420776
p19539,-0.9898874046334408
p19540,-0.9866582109373573
p19541,-0.5737751500854932
p19542,1.5893225085616127
p19543,-2.6938325570745776
p19544,0.740885288683171
p19545,1.349617465686828
p19546,-0.3032833440419228
p19547,0.6145826413407252
p19548,-1.8757991772886196
p19549,0.4172907558598103
p19550,2.654276643832517
p19551,-1.8871187591369845
p19552,-0.6824383671526212
p19553,1.266028614401427
p19554,0.25556050099583005
p19555,1.3252425442930544
p19556,-0.6836755561389009
p19557,1.9326121307636495
p19558,-0.6025208813084825
p19559,1.0438003531996778
p19560,0.8683745868230627
p19561,0.33365290545209214
p19562,0.3304994291964799
p19563,0.9288182990332194
p19564,0.5013837802858665
p19565,1.0072016928040763
p19566,0.8664856615394523
p19567,-0.00825329333336322
p19568,1.9427579311474643
p19569,3.0084563156902697
p19570,3.217473686927841
p19571,-0.5058146845081718
p19572,0.41436088768264223
p19573,-0.3050728802755166
p19574,1.2251523450037938
p19575,0.7236255986487603
p19576,-1.35864128947245
p19577,0.5263248324197912
p19578,2.0773527387902884
p19579,-1.8704080642321554
p19580,1.5935676337827722
p19581,0.47408003233669616
p19582,2.9478570427248383
p19583,-2.1811910682471773
p19584,0.5334969819035955
p19585,0.04485103739098062
p19586,2.876076601471595
p19587,2.0383546712251843
p19588,-0.11657688042149683
p19589,-0.23566860723730942
p19590,-2.7328884702838074
p19591,1.092380577634243
p19592,-0.48015135987643387
p19593,0.7456941506380325
p19594,3.868717403896349
p19595,0.6224276808702772
p19596,0.30724189443295946
p19597,-4.271082981996732
p19598,-2.343574990012984
p19599,2.1920510767092267
p19600,0.8480308379472821
p19601,-3.282078396994415
p19602,1.370441417060107
p19603,-0.3994613654985092
p19604,0.9912240706463396
p19605,0.10490490931086538
p19606,0.4919759585018232
p19607,0.24515173399710166
p19608,-0.16357507906303637
p19609,0.33563017772562725
p19610,-0.44686302755909735
p19611,1.1107039629961726
p19612,2.539126610135974
p19613,1.0502029557473116
p19614,-1.250035589616565
p19615,1.8890151044790184
p19616,-1.317942935188214
p19617,0.2657005101494282
p19618,0.04926556071351962
p19619,2.875604415053006
p19620,0.37086096073964353
p19621,-2.2324369480737247
p19622,0.8769692741246228
p19623,-1.0842066432410897
p19624,0.48870494766454375
p19625,0.3475997270347606
p19626,-0.6726321929980664
p19627,-0.5707591212152966
p19628,0.24003583263073625
p19629,0.25507709678384327
p19630,0.7416006738286849
p19631,3.394001546753018
p19632,-0.9300579651486219
p19633,0.9836930170032423
p19634,2.7753349775384746
p19635,1.6715195279972046
p19636,3.9125426165323587
p19637,1.7158870671079993
p19638,2.634820597118048
p19639,1.510834051216856
p19640,1.1362801768135535
p19641,0.1638413439471189
p19642,0.2571491242273184
p19643,0.5263978065865051
p19644,-0.6294779373989209
p19645,1.0269692915308235
p19646,4.396543812565123
p19647,-0.5108184721990198
p19648,2.02500583836335
p19649,1.9985114905373633
p19650,2.1481651369898374
p19651,0.6410277894568132
p19652,2.6957048657500433
p19653,2.533546498409988
p19654,-0.78170099448877
p19655,2.1648685442143147
p19656,2.3681511296267432
p19657,1.7445471390601996
p19658,0.5340693502255778
p19659,0.05667387219491449
p19660,-1.3708780311653745
p19661,2.0099524909146145
p19662,0.4550412412934773
p19663,1.988058207016921
p19664,2.7872157453656894
p19665,-0.2521722827967531
p19666,0.1408856440173223
p19667,-0.7586475379957095
p19668,-0.8609345708074746
p19669,1.8953484787438857
p19670,-0.1397336636611134
p19671,-1.2229958571495883
p19672,-0.43866692183960343
p19673,-1.0550218333696644
p19674,-0.4206014917827988
p19675,-0.059385571162960504
p19676,-1.3749734757105796
p19677,-0.840037286238314
p19678,0.9945975122268691
p19679,-0.708289714292126
p19680,0.19715737089023677
p19681,1.8182230228307197
p19682,1.5708909049683801
p19683,-0.8965094973948532
p19684,-1.1566017941720128
p19685,-3.499434050661628
p19686,1.7268079535662775
p19687,2.3480164704563946
p19688,0.9915063567833778
p19689,1.6830270473425188
p19690,2.9504912567748964
p19691,2.1546487209190563
p19692,0.06788376633437865
p19693,-0.17704544342694095
p19694,1.1454990647440337
p19695,-2.994574682366993
p19696,3.064677539135322
p19697,1.1301275323885478
p19698,1.1636528552868028
p19699,1.4517198807345797
p19700,2.8048664011546514
p19701,0.6146354613472675
p19702,-0.9262824641759114
p19703,2.038670077661894
p19704,-0.1309353066910468
p19705,-0.8087374304048452
p19706,1.6872500811372486
p19707,3.372495192408666
p19708,-4.972219680938538
p19709,0.04177254380130846
p19710,1.4377066650812989
p19711,2.274154498401424
p19712,0.590732106580289
p19713,3.5321913892095647
p19714,-4.921069211639835
p19715,2.8906536559931064
p19716,-3.069432237466793
p19717,1.8654720637269198
p19718,3.2368699357697355
p19719,1.8170440169055975
p19720,-0.49564961421151976
p19721,4.3006793722365755
p19722,-0.4925444098171782
p19723,2.3607271316287552
p19724,-0.23841070231920025
p19725,1.6641663761893755
p19726,-1.4929803582542882
p19727,-0.24021165572879422
p19728,1.0042130710508124
p19729,0.003966642063691794
p19730,3.3280988552595985
p19731,2.4566495964212187
p19732,1.3857377709760588
p19733,2.0861970117761426
p19734,1.2993131473575898
p19735,2.1768995258853536
p19736,0.008931169923834692
p19737,0.7902126410763191
p19738,-1.2300910526331648
p19739,0.590398093582837
p19740,0.49146421931395123
p19741,2.8025302249149413
p19742,-3.9433847427150703
p19743,1.1949288597481822
p19744,1.3982083344612315
p19745,-1.4385047229789416
p19746,1.199699074496718
p19747,3.7624300733096985
p19748,-1.6923011650059814
p19749,1.3353911617987242
p19750,0.4278153557128202
p19751,0.539579589239138
p19752,1.767320396489406
p19753,1.9068280656667667
p19754,-1.9124083785354848
p19755,-2.396267666281865
p19756,1.4092389058998336
p19757,0.4868049017487306
p19758,1.8656240224327245
p19759,-3.5150401942950587
p19760,2.1426958980772994
p19761,-0.5432436637140506
p19762,1.5992895815288306
p19763,-0.07666038787475427
p19764,1.3459759575226866
p19765,0.4975278417553468
p19766,-1.4268808665205746
p19767,1.240079160204257
p19768,2.8313398728600547
p19769,-0.20743209954822384
p19770,0.4950263382601625
p19771,-0.7760299193053747
p19772,-1.826024381793768
p19773,1.4408452505122087
p19774,1.9792874203611324
p19775,1.7809956806417362
p19776,1.286320285803571
p19777,2.541989887090433
p19778,1.031330430129624
p19779,3.2883691423884764
p19780,2.4704898745256223
p19781,2.069452587949015
p19782,1.175705520294514
p19783,1.3232827083104142
p19784,-0.9827640179751002
p19785,1.49008142950998
p19786,0.48367933384756906
p19787,0.09379939278611193
p19788,2.3089413175862683
p19789,-0.23811394972705402
p19790,0.11169723496473438
p19791,-2.8806674986238874
p19792,1.4503455833411691
p19793,2.0316064250764794
p19794,-1.447567742131425
p19795,-1.2888841038649534
p19796,2.731953195425451
p19797,-1.1125482595570948
p19798,0.6963046835114494
p19799,0.6675950757735832
p19800,-1.3025715776624018
p19801,-0.5425299906663864
p19802,3.3997534060069103
p19803,0.5818607792958955
p19804,-0.5268335684413789
p19805,0.39408204352687415
p19806,-0.3526470875472537
p19807,1.5938686170843792
p19808,-1.1047241289217147
p19809,-0.33482746271504704
p19810,-1.1152987229908984
p19811,2.5947119482030176
p19812,-0.48297118931472294
p19813,0.3240316264394546
p19814,-0.5740931553580834
p19815,1.3339102125224862
p19816,0.48249198492655276
p19817,0.17825956570749502
p19818,1.3123561461712958
p19819,-1.7025502678638076
p19820,2.623764454667315
p19821,1.6443640272425508
p19822,2.6378855138043726
p19823,1.462484033531085
p19824,0.20449389493054493
p19825,-4.264823934092969
p19826,-1.6514729845532554
p19827,2.27668618664586
p19828,0.6637843755983462
p19829,2.853777457969938
p19830,0.06607319346998308
p19831,1.496578835067976
p19832,0.7929983521185099
p19833,1.6728424297635134
p19834,-0.17376174693833146
p19835,1.5539030355959822
p19836,0.4753113593334686
p19837,0.44567333922427055
p19838,2.455612379093229
p19839,-1.2527804248543934
p19840,1.082281501796286
p19841,-1.2810024109227687
p19842,1.9390356522369943
p19843,1.020728590374084
p19844,2.745066111910784
p19845,1.5210585912993202
p19846,-0.9872777547543742
p19847,0.7812951296442523
p19848,1.665001606465125
p19849,0.8109299011167812
p19850,2.7082140294605543
p19851,-1.708485848149413
p19852,-1.9394191868723243
p19853,-0.20607766840079245
p19854,0.10786672045960832
p19855,1.803651766775546
p19856,0.04498171968115838
p19857,3.95670265944873
p19858,1.2471171592749632
p19859,1.175846495256486
p19860,-0.8559713534779357
p19861,1.9637545828439098
p19862,1.3204231889429854
p19863,0.72612541846991
p19864,2.0004657254295894
p19865,2.2435305229714975
p19866,0.5385729834941058
p19867,-0.13129733800729404
p19868,-0.652135495419233
p19869,0.9527644067472063
p19870,0.9914014773080178
p19871,-0.9334099912313675
p19872,2.436981385070183
p19873,3.22943172933567
p19874,-1.894848275824593
p19875,3.34420956088761
p19876,2.0652391085964648
p19877,-1.5527207851779226
p19878,2.773389356663825
p19879,-1.1350547455356446
p19880,1.6566095611505731
p19881,1.556537194962289
p19882,1.8479127185649271
p19883,1.3313591909382518
p19884,2.1930199596915902
p19885,-1.1428138175937863
p19886,0.34232843973566307
p19887,-0.5523444883084171
p19888,-0.15838287531663875
p19889,-0.29279464892328766
p19890,1.8857662767642993
p19891,0.25750414374594643
p19892,-3.4618018690785877
p19893,0.38584590267689645
p19894,2.347621283029293
p19895,-0.029293389506998446
p19896,-0.18185769728829293
p19897,0.07839853288559984
p19898,3.064200995558425
p19899,0.87046651342889
p19900,-0.05487144591052673
p19901,-3.3676694826162508
p19902,-0.7319264015779007
p19903,1.7097202618318874
p19904,0.9541666135025052
p19905,2.7086902322420796
p19906,1.4180834859658908
p19907,-1.845662284788606
p19908,1.5785766580268503
p19909,-0.25044378652914323
p19910,1.2131894950443898
p19911,2.782663289415758
p19912,-0.4521293585741283
p19913,-0.6815796336561023
p19914,0.6584840426139769
p19915,1.4186280509354452
p19916,-0.7289848040308152
p19917,2.630005405857295
p19918,-3.1128201547232446
p19919,-0.39191191682407955
p19920,0.16223362518357476
p19921,-2.868902083455876
p19922,1.7305117293165488
p19923,1.081228105403416
p19924,-2.9554766150608835
p19925,3.0480928075778384
p19926,1.6326570529187912
p19927,3.1481461214805004
p19928,0.17090239304646582
p19929,-2.9818512338050582
p19930,2.3789591014135922
p19931,2.2285083343067873
p19932,0.7671642354523023
p19933,-0.23758493408631087
p19934,2.7516867454888057
p19935,0.2831803734958237
p19936,0.5378143180612476
p19937,-1.964531581108658
p19938,0.18571161117533463
p19939,2.7889773333204366
p19940,-0.2560789661586341
p19941,-1.8249215403520611
p19942,1.317238295085231
p19943,-3.7963540342672624
p19944,3.548191779249448
p19945,-0.5010625386034054
p19946,1.4080256731388836
p19947,0.11810407975093995
p19948,2.3697606524472525
p19949,1.8182252449470968
p19950,2.0764199341803087
p19951,-0.2667952459221995
p19952,-3.1908304983999334
p19953,2.2872656279447607
p19954,2.394239507482396
p19955,-3.6253308526678913
p19956,2.5630717334521917
p19957,1.409507696186883
p19958,-1.0086603146932265
p19959,2.647501764045263
p19960,-1.5060143752681916
p19961,-1.3655176848289066
p19962,2.578497842428971
p19963,-0.24502047883625278
p19964,2.5901687978339294
p19965,0.59605573172124
p19966,2.3395559448214875
p19967,1.7816562547420571
p19968,2.073493341475457
p19969,2.164645222581831
p19970,1.7997980118574062
p19971,1.239366761244893
p19972,-2.9852596250418744
p19973,1.6203901643163339
p19974,2.2314083134885783
p19975,1.6643038012998037
p19976,0.5082217996141222
p19977,1.5732463404498298
p19978,3.5696482483363905
p19979,0.1314283813774918
p19980,3.05522244479298
p19981,-0.500921971816764
p19982,1.8508778258224767
p19983,1.8186882766073187
p19984,2.4950766012724346
p19985,3.7040130265639357
p19986,1.5802384914271133
p19987,-0.13201456259025668
p19988,1.867047998109531
p19989,1.0611422829889066
p19990,-0.0030070871062938265
p19991,2.8581976774267743
p19992,-1.9250480214603445
p19993,1.2821670918028374
p19994,-0.38787946102450876
p19995,3.840853876270889
p19996,2.0877504681992534
p19997,-0.32737269000140745
p19998,1.9083600394238336
p19999,-1.0519839793222814
p20000,0.00042802655380258514
p20001,1.1166087235019353
p20002,1.706983063734718
p20003,-0.971697390677304
p20004,2.208077417640188
p20005,0.8324487195181343
p20006,-1.2259423344532672
p20007,2.7006126956770418
p20008,1.4075513286887307
p20009,-0.2371597793968866
p20010,4.240550201991149
p20011,-3.2995623181614753
p20012,-1.5227249192360244
p20013,1.1928397557424266
p20014,0.226311652975002
p20015,3.6954500097234018
p20016,2.0607543267866486
p20017,2.0035170574680965
p20018,1.8202947312630928
p20019,-1.2231401511787445
p20020,-1.0225100437433512
p20021,1.4837762970768194
p20022,2.6305911983530255
p20023,0.33335271172053976
p20024,-0.41233349737608405
p20025,-1.0464863589051374
p20026,-0.8636904346017921
p20027,0.6240733897115494
p20028,1.2174878847427422
p20029,1.2269161978187082
p20030,-1.4865105967947723
p20031,0.18740723051310537
p20032,0.7169657484141179
p20033,1.06411504902746
p20034,2.6131251286575505
p20035,-0.7824677143493285
p20036,-0.6747566865117588
p20037,2.3345253362941794
p20038,1.842345445253586
p20039,2.5023376115732776
p20040,1.59903495321686
p20041,-2.1646226055803166
p20042,2.912883699634258
p20043,1.5958436754982381
p20044,-2.227165071769912
p20045,-0.8441167393182233
p20046,2.3398170135779397
p20047,1.3535944029158389
p20048,-0.2396152829444641
p20049,-1.6398544794101482
p20050,2.115227254178512
p20051,0.407918454535133
p20052,-0.1652756796298538
p20053,1.130058738180489
p20054,2.3089589209163415
p20055,0.45690464944464726
p20056,-0.18006684945620444
p20057,1.3962754340777797
p20058,3.7894442127938603
p20059,1.4660507303707542
p20060,2.9126549862843314
p20061,0.5316086403692413
p20062,-0.1194648631182208
p20063,-0.16144953382457417
p20064,1.8741908700036833
p20065,1.9875694595837006
p20066,0.7398616496744649
p20067,1.6171708865252397
p20068,0.8925122233921307
p20069,2.9847607881569327
p20070,2.0572312901761043
p20071,1.4658386579596092
p20072,1.039573972725579
p20073,3.152338261030591
p20074,2.2763840278102703
p20075,-1.5508824636890934
p20076,0.3161922323630607
p20077,0.4581976580198985
p20078,1.4265219945186924
p20079,1.3887383429407225
p20080,1.4548913008765365
p20081,0.3296189669344736
p20082,2.7983125554278883
p20083,-0.3940222642648116
p20084,2.3373635182031025
p20085,2.15543305658243
p20086,-0.9914277882102659
p20087,-0.7656040437025627
p20088,0.8590550874136846
p20089,-0.20165165834341126
p20090,3.090388521794673
p20091,-0.7286651055964665
p20092,0.6596888570033852
p20093,2.32314761103137
p20094,-0.4775066787818324
p20095,2.6331708955419875
p20096,1.1447406911928995
p20097,0.6835442169327866
p20098,1.140196783354443
p20099,1.3566195917917194
p20100,1.2119451050993626
p20101,0.553183433763248
p20102,-0.5491490180423552
p20103,1.473154383432059
p20104,0.11396163042439367
p20105,3.1890632193723225
p20106,-2.2967109741390956
p20107,1.332159482698519
p20108,0.4097985950872915
p20109,-0.8663403967715729
p20110,0.03583862570109242
p20111,1.729541730686193
p20112,1.556174411534033
p20113,1.8394652678357946
p20114,2.7214864620399264
p20115,2.1271762982935614
p20116,2.166347863559426
p20117,0.14520355647568184
p20118,-1.717795768069697
p20119,2.3156875673527972
p20120,1.9337196615600183
p20121,-1.4057613596502212
p20122,0.9540881032042988
p20123,0.41534682693899144
p20124,0.1271838582147431
p20125,-1.8310958895083318
p20126,2.751830158007337
p20127,0.3847866739411093
p20128,0.6637207784509271
p20129,1.37279701915585
p20130,0.01047033797328556
p20131,4.21313817581934
p20132,2.4752955060596165
p20133,1.1204997279010658
p20134,-1.586230389696604
p20135,0.7693867544984649
p20136,1.981951182977923
p20137,4.255471338214442
p20138,2.384441080806295
p20139,3.692931384466741
p20140,0.4806792698574711
p20141,1.8543456278355346
p20142,-1.3506386891657445
p20143,1.547213668790493
p20144,-0.9925100612645966
p20145,2.491877686699822
p20146,0.9906336161116222
p20147,1.99650421339066
p20148,2.458592765140149
p20149,-1.1125924640499738
p20150,0.5784579779561578
p20151,2.831457472754026
p20152,-2.6237304661470584
p20153,1.1315030375196833
p20154,0.013622768430467835
p20155,-0.12066525622399493
p20156,-0.7167263094285924
p20157,-0.6044066044301174
p20158,1.4765572914275182
p20159,1.2960986111372341
p20160,-2.0609987925456297
p20161,1.9001280412911745
p20162,2.723929600193728
p20163,-1.9719977133975424
p20164,1.4533700025988245
p20165,-2.546677439071742
p20166,2.904224139093763
p20167,0.6960969559379939
p20168,-1.2583777193119028
p20169,0.437479236573457
p20170,0.08035298012107694
p20171,2.438099542504494
p20172,3.1468445061350137
p20173,-0.4296036979954271
p20174,-2.040354340400685
p20175,2.0043444549139005
p20176,0.834186403415726
p20177,-2.15252760871257
p20178,1.6767053247321435
p20179,0.4794632586631428
p20180,0.8361462989234044
p20181,1.2469794099523415
p20182,-1.0951705155384341
p20183,-0.289269619469834
p20184,0.6386047460285491
p20185,3.34259984173713
p20186,1.0754879029812865
p20187,2.0117369322137555
p20188,0.7766324028906006
p20189,0.16767169859873288
p20190,1.7281535486881172
p20191,2.449029655375295
p20192,2.1382018576406465
p20193,1.5153741864777701
p20194,-1.0313473215307871
p20195,2.521265512425851
p20196,-1.8865407775652172
p20197,0.7708052478486248
p20198,2.9907047649146086
p20199,1.075983128754608
p20200,2.4226076538062924
p20201,0.6559050240809542
p20202,-1.7443462913219272
p20203,-0.3208282921677391
p20204,1.309609828214184
p20205,1.0078336269213917
p20206,0.09966062539578902
p20207,1.3413089079599563
p20208,2.785251537544258
p20209,-0.4240980517552627
p20210,0.48800003939586867
p20211,1.5559562555278892
p20212,1.5171262816402464
p20213,2.77379966148558
p20214,2.1219784016189984
p20215,-2.1789705046950494
p20216,3.0408462249274897
p20217,-0.7357782294756648
p20218,-1.602951744170897
p20219,2.1025450431813564
p20220,1.2190926857913218
p20221,1.2785874302847962
p20222,3.3369186137776365
p20223,0.7256537171068949
p20224,2.572907237110357
p20225,2.2716964534784405
p20226,0.7405346402869415
p20227,-1.269492870491379
p20228,1.0419955711666162
p20229,1.0560327076304077
p20230,1.8955475883537947
p20231,0.8641660200463432
p20232,2.3096223483936704
p20233,2.293004475852884
p20234,4.4047816728257425
p20235,-2.5296562000434224
p20236,2.8755139701078622
p20237,1.4690804651864906
p20238,0.9982558957219907
p20239,-2.989003712559096
p20240,-1.3386406586970496
p20241,1.0262827298452804
p20242,1.7008131593198836
p20243,0.4948144460759314
p20244,2.3346337597073883
p20245,0.7115655858538901
p20246,0.08008479866042251
p20247,0.5192486324395206
p20248,-0.33397803505574986
p20249,1.8582033051014442
p20250,1.9863470445230482
p20251,1.8198410423412978
p20252,1.7445860193486222
p20253,0.9856940449681201
p20254,2.1703444021361546
p20255,0.3707506779419143
p20256,-6.972083634961084
p20257,-1.7304221805243736
p20258,-0.4174618988414446
p20259,-1.6568711690276916
p20260,0.6471358702309871
p20261,0.7996788660854421
p20262,0.9654365356305408
p20263,1.717525698102697
p20264,-0.40443241133052077
p20265,0.12606467826850898
p20266,0.1143889356195742
p20267,-0.048028580428549295
p20268,-1.2659955270464764
p20269,1.055931402980797
p20270,1.8722508452874824
p20271,2.1252614383589017
p20272,0.8503656329387482
p20273,2.958630411340798
p20274,1.8889826746476808
p20275,2.693264446697859
p20276,1.04737061338701
p20277,-0.3321715822560737
p20278,2.9131748328030413
p20279,-1.1772449453949814
p20280,3.149805623605003
p20281,-4.210825745921751
p20282,1.1077521637465977
p20283,0.4416606126267684
p20284,0.5889429468594721
p20285,0.1663826677604745
p20286,2.397915370886383
p20287,1.5259356171020304
p20288,-1.7424231141146662
p20289,0.1202594268847339
p20290,1.2740951549866342
p20291,1.9090574093250945
p20292,0.30994331057479896
p20293,-1.3388455496384686
p20294,0.7182975648123454
p20295,-4.1115900515089345
p20296,3.1202082819880768
p20297,0.324931131203955
p20298,0.0014958720352263866
p20299,1.6676745490941274
p20300,0.4538144651227951
p20301,2.269067724397339
p20302,-2.574407683475577
p20303,1.3528983635565686
p20304,3.1400956597619474
p20305,1.8270781571552557
p20306,1.6033866495362625
p20307,-0.6897355339704948
p20308,0.10950053541752458
p20309,0.699121961197298
p20310,0.8866331753185979
p20311,-0.6591131914710274
p20312,-0.6124541164067411
p20313,0.7471418287006089
p20314,-0.4518182848561533
p20315,1.1043748686114758
p20316,0.049485788689272
p20317,2.7776866675409013
p20318,2.8038975067065426
p20319,-0.32428417478074223
p20320,0.06133842567852532
p20321,2.032778335081815
p20322,1.2351489976560242
p20323,-0.8919670542277055
p20324,0.7772211695044307
p20325,3.663162887427247
p20326,-0.054540021498364566
p20327,1.6212886410261589
p20328,1.3139987128494641
p20329,2.599600640676161
p20330,3.5250215735523045
p20331,1.1878529762859151
p20332,-3.0041451980981586
p20333,-3.6992223757757245
p20334,-2.400085248047499
p20335,-0.051151427745903866
p20336,-0.34787465634261794
p20337,2.6752882537085756
p20338,1.1347651531433423
p20339,1.727093136007745
p20340,3.4575907404729826
p20341,1.6847192327318292
p20342,-2.5840120887665243
p20343,2.3125553495323063
p20344,1.019939022944581
p20345,2.841815843690581
p20346,1.9610812704816682
p20347,0.895336867374745
p20348,-0.7763226929160797
p20349,2.2330037412324444
p20350,0.043033198399598516
p20351,2.6717982245572798
p20352,1.750522450052527
p20353,1.7858033645005693
p20354,0.0009744431767025885
p20355,1.2651804277041707
p20356,3.3761715307236186
p20357,2.0770532854388986
p20358,2.3294907543696346
p20359,1.2793843219041263
p20360,1.7672952651872884
p20361,1.7623466924593205
p20362,-1.222830199803047
p20363,0.048617981320291936
p20364,1.4890428170011014
p20365,-1.1430318270414728
p20366,0.11322822368990448
p20367,2.608166296480654
p20368,1.1356146459088854
p20369,1.8099277478872242
p20370,1.9565158145487405
p20371,-0.3884958334175924
p20372,-0.599354084990316
p20373,0.4018427441737147
p20374,-0.704074288217062
p20375,-1.0339627631053951
p20376,-0.01746890849018834
p20377,0.3587433747744731
p20378,1.981778730584991
p20379,1.7158873792792657
p20380,1.6112151857032846
p20381,1.0086878343848444
p20382,-3.116113417419515
p20383,2.9932074355426015
p20384,1.2870472169136336
p20385,1.4330790131950182
p20386,1.8153178515477055
p20387,-0.4806332127057763
p20388,1.120352632012908
p20389,-4.278009272645686
p20390,2.116824408210306
p20391,-0.18409567047678121
p20392,2.6477378367329556
p20393,1.0350019245110096
p20394,3.3028382336076776
p20395,-1.8277047410870937
p20396,-0.24404222373885853
p20397,1.010231026057019
p20398,1.5040921797691102
p20399,-4.2654311010437524
p20400,-1.2797919648573406
p20401,1.903384568689475
p20402,-0.33021321399326153
p20403,1.4516107463238859
p20404,0.9414393386355512
p20405,0.21132930576384334
p20406,3.00274762792169
p20407,1.3541718938896905
p20408,1.1137348495546955
p20409,-1.3574601023241555
p20410,-1.1425122078136805
p20411,-0.4275924385568216
p20412,2.266387770241257
p20413,-1.2222402811197735
p20414,1.153009756196815
p20415,3.0431033286361076
p20416,2.2471795830646006
p20417,2.3844611678092447
p20418,3.4450551249382855
p20419,1.3936049958041061
p20420,1.2698346442771067
p20421,0.5401486957098469
p20422,3.053180295446933
p20423,0.7834354830317241
p20424,1.2343776502711836
p20425,-0.981420277401568
p20426,-0.1556907117201939
p20427,-1.0128364481719019
p20428,1.0483058879439944
p20429,1.3150861484739618
p20430,1.5195997930010925
p20431,1.6598384731650917
p20432,2.126643337733916
p20433,1.6404648527036754
p20434,0.45890703412352174
p20435,1.9077926729655679
p20436,2.2323911843463122
p20437,0.5040777732363597
p20438,-0.10919648888043243
p20439,1.8123423465448845
p20440,-0.3138874781721247
p20441,2.4122564563850735
p20442,2.3844039586577006
p20443,-1.3527468585821762
p20444,2.445768010141921
p20445,-0.6349639639022763
p20446,1.6865355484255802
p20447,-0.8391440589847
p20448,0.9697805650135453
p20449,1.0876167556201957
p20450,2.3190624739952894
p20451,1.9353872933041898
p20452,1.5797049593716892
p20453,1.3136966950396047
p20454,0.21505972050539013
p20455,1.695039415823643
p20456,0.6634757343912132
p20457,-0.7036206954175604
p20458,0.44969527739117643
p20459,1.6808822028166235
p20460,1.1342545610473012
p20461,2.7223542989491287
p20462,2.938309686032054
p20463,-1.3490309699383185
p20464,-0.3080935789814482
p20465,1.4684604263722
p20466,1.840808442369275
p20467,-0.1466623783369292
p20468,0.1284078947225571
p20469,-1.3075975040950576
p20470,-0.09432266760145736
p20471,2.1883946487782446
p20472,1.4629618751317413
p20473,-0.20298037018893078
p20474,1.9953990800067785
p20475,-0.044378684452434425
p20476,2.7987989235791653
p20477,-0.1670387932626879
p20478,2.952169509066875
p20479,-1.7443230679210635
p20480,1.8255680586029186
p20481,0.32874255297079785
p20482,2.4070118964755842
p20483,1.6525038515661956
p20484,-4.591038646025544
p20485,1.3641997381091995
p20486,3.1923563636680297
p20487,-0.08087606339633735
p20488,-0.044573433984336996
p20489,0.5623182683569907
p20490,3.0244359517767125
p20491,2.813297126015943
p20492,-1.3385026352662819
p20493,4.128107714953925
p20494,-1.2394104591146875
p20495,1.5597230262832071
p20496,-0.6190844516872648
p20497,-1.9744123878738695
p20498,0.3163218524978828
p20499,2.8458068400562593
p20500,0.9117141560793512
p20501,-0.9093281786123945
p20502,0.6118549309445731
p20503,-0.9538300885846754
p20504,-0.983653573076349
p20505,0.44357366239440693
p20506,-0.6647123294128073
p20507,-0.9233371376624094
p20508,1.585862219908854
p20509,-0.724465578589986
p20510,2.41450542767237
p20511,0.5546672925142104
p20512,-0.30816256069924763
p20513,1.7266724865188903
p20514,0.5314216547452912
p20515,1.3154269539742476
p20516,1.5551697635048998
p20517,0.9549175042303212
p20518,2.403118976246616
p20519,0.4010857102907285
p20520,0.1190070266297586
p20521,0.12913874785366997
p20522,2.010603173020055
p20523,0.5087472194368928
p20524,1.9944211549803468
p20525,-1.6107484143895978
p20526,0.24534775780152385
p20527,0.8585133005556249
p20528,-1.2850788703252713
p20529,-0.08035402134527814
p20530,-1.0637300192233274
p20531,0.7753225026979971
p20532,-1.1658321719113585
p20533,1.0413563995285622
p20534,1.3492402860694823
p20535,1.4988880695816291
p20536,1.1471730129436577
p20537,1.353929567887171
p20538,-0.9763726994072107
p20539,-0.5099948811043847
p20540,-0.5616875149741557
p20541,1.9802308934572919
p20542,2.4567122277813183
p20543,2.0000014420300936
p20544,-0.16959017806669596
p20545,2.71043994983987
p20546,1.8109464799341248
p20547,0.4552563787227696
p20548,-2.26753022273742
p20549,3.186697671525475
p20550,0.589644799074869
p20551,2.487471693010771
p20552,0.7451009289469744
p20553,-0.5411897605537078
p20554,1.4022320675834012
p20555,1.374730773730891
p20556,-0.20273044324509637
p20557,1.173532231135383
p20558,3.018821620570509
p20559,1.0307649331419437
p20560,0.7113629883128157
p20561,1.2375116514821094
p20562,3.4735913665024727
p20563,1.7288862792141249
p20564,1.3739374290274513
p20565,-0.5236386251475028
p20566,2.687618059448508
p20567,-0.1358228237929705
p20568,0.045564285441605734
p20569,0.9578700223962736
p20570,0.6434384605471972
p20571,3.173905633624979
p20572,2.7245658921123788
p20573,1.0716458492191383
p20574,2.160460862411688
p20575,3.1532046732134784
p20576,3.1726131312936494
p20577,-1.2544414962658115
p20578,2.330496708495999
p20579,0.6541459529257374
p20580,1.1849555384893322
p20581,4.267270752692321
p20582,2.3673620856590345
p20583,1.6916218381310224
p20584,0.37856030432629956
p20585,1.1466567433718577
p20586,-1.6815466439645452
p20587,-0.7380868165573228
p20588,1.5301733962133466
p20589,-2.6245775819225345
p20590,0.7638900691941611
p20591,0.721557782665056
p20592,1.473520000428549
p20593,0.595804580853746
p20594,0.8458360539744296
p20595,0.39244129119792437
p20596,2.8697228301957174
p20597,2.931531127652428
p20598,3.2044640150744526
p20599,-0.25469778042140045
p20600,1.2834676060106411
p20601,-1.0161840433274754
p20602,-0.802822443153285
p20603,-3.3056774932791213
p20604,0.445280013313282
p20605,2.9456707086024907
p20606,2.301763094636548
p20607,2.0901587024294286
p20608,-1.3121048889366604
p20609,0.48658451820152293
p20610,0.6394841748955592
p20611,2.3116258523546147
p20612,0.5348873259004183
p20613,-1.2576008273312378
p20614,0.2467162412461681
p20615,0.9316077804752727
p20616,0.942203052683644
p20617,-0.7409737093934451
p20618,2.7908357798351857
p20619,1.012107252432162
p20620,0.9856012743618738
p20621,-2.239675416656955
p20622,2.996423495158903
p20623,2.039731471473054
p20624,0.13698479894703608
p20625,-0.8942301506916436
p20626,0.5572155069849651
p20627,1.222084440911596
p20628,0.3948148163438105
p20629,1.3180841092284148
p20630,0.6431690657141557
p20631,-0.0573521101735005
p20632,2.9206693905338095
p20633,2.0885677825507685
p20634,-1.4823681001347535
p20635,1.1272677149950652
p20636,0.33882885998234813
p20637,2.4987717054765195
p20638,-0.6547921612334641
p20639,2.1541111584351493
p20640,-0.19779328208372793
p20641,0.4349249711694481
p20642,1.5891245375586431
p20643,2.1495687648654966
p20644,3.424013633725394
p20645,2.459933514836818
p20646,-0.34127919364047565
p20647,2.0214760708692117
p20648,-0.019959339232160977
p20649,1.3251542758929342
p20650,2.0789714910454773
p20651,4.6178436819431745
p20652,0.8196887425900116
p20653,1.1417056337123763
p20654,1.3680754108371382
p20655,2.916522100164904
p20656,1.0690761760544314
p20657,2.041200564848189
p20658,-1.3960699741303362
p20659,0.7421531012573612
p20660,1.8419987578448205
p20661,0.9841866805574797
p20662,0.7663173164828705
p20663,1.731878963431981
p20664,0.06923252701996396
p20665,-0.6001797799818988
p20666,-1.262617010936156
p20667,-0.9457090879474989
p20668,-0.6036322548710807
p20669,-0.46515950528689276
p20670,1.4096878735669875
p20671,2.4438889584681753
p20672,1.3476098543106851
p20673,2.2187007319761496
p20674,1.5140813988095094
p20675,2.843886526376104
p20676,1.0366435676913608
p20677,0.8263786141212831
p20678,-0.58156090752442
p20679,0.5915134043771539
p20680,0.2516793340796888
p20681,2.91025380944432
p20682,1.4600408572666521
p20683,0.7327251725704158
p20684,-1.942607668776882
p20685,-3.4147869900383223
p20686,-0.25995958310666467
p20687,2.2214424821765295
p20688,0.9253263984811245
p20689,1.1582241415783927
p20690,0.7594064174335796
p20691,-0.6254221863448087
p20692,-0.17110985606658946
p20693,1.1648137465961907
p20694,-0.8023488736591683
p20695,-0.1218914298415894
p20696,1.985290613608496
p20697,3.103542376128782
p20698,0.773671459655456
p20699,-0.7052577910321666
p20700,0.768506314684171
p20701,0.9202802002816701
p20702,1.6861836267236199
p20703,-1.3629639927590191
p20704,1.9881798728215112
p20705,0.10393957267074383
p20706,0.7740162637891697
p20707,3.665237211092504
p20708,1.462228590659282
p20709,2.0032881399380527
p20710,1.675640298303097
p20711,-0.3943158458974455
p20712,0.09548868955236833
p20713,-0.5942957678603972
p20714,1.8573047754933278
p20715,-2.6942405735830746
p20716,2.57246115222545
p20717,-0.8706755021433391
p20718,0.4148475716296901
p20719,0.7156658706409993
p20720,-0.34388460689759126
p20721,1.8784679339936194
p20722,0.09961891723298677
p20723,0.5119931370193053
p20724,1.643569068812378
p20725,-2.5007357448379284
p20726,1.7100572293914684
p20727,0.6068703509372008
p20728,-1.4816981702149974
p20729,1.3015519625055303
p20730,-0.630822534212293
p20731,0.682172345803331
p20732,-0.7059399328074177
p20733,1.8049444893506394
p20734,1.6979542381266854
p20735,1.6609156721291325
p20736,1.6736708601485857
p20737,0.828242104703935
p20738,0.5024824230538681
p20739,0.9733516505916532
p20740,2.807884648404563
p20741,-0.1705669228934653
p20742,-0.8857106203021111
p20743,-0.510390291172402
p20744,0.7381939862055875
p20745,-1.8631534736225368
p20746,2.2481675435245916
p20747,1.330792285810808
p20748,1.6411099456340117
p20749,-0.1685740217494477
p20750,-2.066481066005537
p20751,3.131810049119206
p20752,-0.5632750264322518
p20753,0.22061102814525657
p20754,2.817687255736239
p20755,2.1592671902312643
p20756,1.6609791019507427
p20757,-2.0224723414820174
p20758,1.7446619882535916
p20759,0.283534135006001
p20760,-0.6024227629322111
p20761,2.945608102779898
p20762,2.211654227364505
p20763,2.1000891075605246
p20764,1.896600886793125
p20765,1.0878079536199303
p20766,2.3685754526589826
p20767,1.747711035960145
p20768,4.234397560944092
p20769,2.417672281625457
p20770,2.569149616734315
p20771,4.035086259374717
p20772,3.727952128905492
p20773,0.07886220926483689
p20774,2.2950552397825295
p20775,2.0010586259513126
p20776,0.944821828379288
p20777,-1.4699525575923307
p20778,-1.9830385509785038
p20779,3.0490139840896537
p20780,-0.746734007938613
p20781,-0.20882324308010236
p20782,-1.0779491128103658
p20783,-1.1990677827543563
p20784,-0.7345240676709893
p20785,-2.3153006706043517
p20786,2.563029934688618
p20787,1.6790884984389356
p20788,2.626174819038156
p20789,3.110072275379351
p20790,2.243827118929484
p20791,-2.734444634388271
p20792,0.4538951197142273
p20793,1.7371106432049452
p20794,1.0775959424583537
p20795,0.20457860040885023
p20796,3.4776145112974532
p20797,1.9929807057422129
p20798,-0.9424159603443149
p20799,-0.3727882092994531
p20800,1.7457643751298946
p20801,0.43719103448420066
p20802,0.5641425293557745
p20803,2.338469431989526
p20804,1.8643736870769025
p20805,1.2241653843797644
p20806,1.1437173743651212
p20807,-1.2287084511472477
p20808,-2.3558944270275206
p20809,0.03362011127340192
p20810,2.548175583465643
p20811,1.2685201001863116
p20812,0.9940828165217666
p20813,-0.6302387031062616
p20814,2.126366397229189
p20815,0.6407961318842357
p20816,0.022870252529009982
p20817,0.7422281912022677
p20818,1.2948097816588193
p20819,0.47650695549476363
p20820,-0.9409054322832869
p20821,0.8946515777872919
p20822,1.3845070838518045
p20823,-0.14901628341110962
p20824,3.047641903168647
p20825,2.184854327307267
p20826,2.8156242922499413
p20827,2.7405633406242775
p20828,1.0078704155188614
p20829,1.0733806346142867
p20830,0.11945584531914566
p20831,-0.3767900603946045
p20832,3.2126477355644933
p20833,-0.7193781506000302
p20834,1.4145019082850294
p20835,-0.6428055793645467
p20836,0.9444356700253602
p20837,1.5984541434288944
p20838,1.3891714877694328
p20839,2.1734081943728736
p20840,1.6006078649954998
p20841,2.087687045601946
p20842,1.3475776436527012
p20843,-0.36614315501457606
p20844,0.4091976181130166
p20845,-5.745007036767032
p20846,0.3492968758594983
p20847,1.9868282850097607
p20848,1.2522129813949503
p20849,2.3762198792377456
p20850,1.7690663480140318
p20851,2.8304367166993725
p20852,1.5866819717520895
p20853,1.6847630060190317
p20854,-0.6495634006941223
p20855,-0.6496607989166975
p20856,0.9724503568556954
p20857,-1.4638137758475591
p20858,1.1648960387031315
p20859,0.3634162234641444
p20860,0.40069815018404453
p20861,-0.11320284482453336
p20862,-2.514784148250638
p20863,1.6534938094918736
p20864,0.4205707211310041
p20865,1.461129232330392
p20866,2.073345222083871
p20867,0.47691111396572916
p20868,1.9792886057587271
p20869,3.4279525351323263
p20870,1.5417560979494813
p20871,1.1590248756228498
p20872,-3.4387752560360796
p20873,-1.7905561276153512
p20874,2.4473325613692802
p20875,1.288742941658382
p20876,0.9108224400535994
p20877,-0.20769051757148393
p20878,0.9226441767027945
p20879,2.4480609928375863
p20880,1.8003843756572517
p20881,0.15191371649259489
p20882,2.4791784558952963
p20883,3.7732323106241186
p20884,-2.5618519002747098
p20885,0.9582733059326665
p20886,2.654685294447849
p20887,2.1088872187227663
p20888,-0.20845235069783763
p20889,0.7412346991634503
p20890,1.4216969357540952
p20891,-0.08100494960276794
p20892,1.9638041921545835
p20893,0.12853284386486064
p20894,-0.9533141379550846
p20895,2.5898766856551565
p20896,-0.15413141897950222
p20897,0.05922455224251166
p20898,0.6288669531863998
p20899,0.8010109714389035
p20900,1.5558341794644777
p20901,2.527809158857876
p20902,-0.7529741224192231
p20903,-0.24304931830558074
p20904,-1.3768878665445725
p20905,1.5481913190995527
p20906,-0.7770244480235698
p20907,1.9898851211315987
p20908,-0.29542427175411345
p20909,0.12947107708888972
p20910,-1.9645103616766248
p20911,0.94339059064936
p20912,1.0426225665706115
p20913,0.891234935119041
p20914,2.5161135052344843
p20915,1.6346111501097327
p20916,-1.15558589514283
p20917,0.45378532757782725
p20918,0.45048102594912076
p20919,-0.5695404120995956
p20920,-0.8166502702592252
p20921,2.5493131248069245
p20922,-1.4120319142347904
p20923,2.6340743561470736
p20924,-1.3726056138672766
p20925,0.32731775364308685
p20926,1.756478778999003
p20927,1.9713345825940656
p20928,2.0508043939191833
p20929,1.3230710886731907
p20930,1.8409772282271946
p20931,1.3166599662393388
p20932,0.8587060798476948
p20933,-0.49248033699899485
p20934,2.0624061102046243
p20935,0.44348471901468356
p20936,1.900792255658605
p20937,2.873515669063844
p20938,0.714790368647851
p20939,-0.568865640809226
p20940,3.548899752724877
p20941,0.7887387542894142
p20942,0.3075170101940695
p20943,0.3328416166166175
p20944,-0.5448525225259592
p20945,0.2607703490624872
p20946,-2.15293275742201
p20947,1.7153637783400444
p20948,0.8133405949249674
p20949,1.4639807003551448
p20950,-0.8468685773049934
p20951,2.4468549986281083
p20952,-1.0881290084206703
p20953,0.06176770476750437
p20954,0.714746961282167
p20955,0.807380099538388
p20956,-0.7874439112408093
p20957,-3.9946191165101577
p20958,3.2544814536102327
p20959,-3.6407215265046857
p20960,3.099781212007457
p20961,-2.7326670556096584
p20962,2.5137300207376505
p20963,1.0220070178307963
p20964,-1.3175190521843967
p20965,-0.4781715165237389
p20966,-0.0011131309657482769
p20967,1.7400319162559843
p20968,-0.28661007356990564
p20969,1.8184246026317252
p20970,-0.8741412954861371
p20971,3.269356506494138
p20972,0.3576643857709598
p20973,-0.5063819252377385
p20974,-1.0050420374576405
p20975,-1.1464359090829803
p20976,1.7110703203753694
p20977,-0.3431776631859048
p20978,-0.24268148705567538
p20979,0.9671928013386502
p20980,1.3685900846623278
p20981,3.5553324451022905
p20982,2.8788899456751005
p20983,0.2577492544410547
p20984,2.2326132745000273
p20985,-0.5105469800243577
p20986,2.4729337145390047
p20987,-0.6243724896527237
p20988,1.2089259522392808
p20989,3.095647050120871
p20990,2.278608746493756
p20991,0.6992467801607087
p20992,-3.5318035570893485
p20993,3.2431323074515954
p20994,-1.5449878347602266
p20995,2.3075883272257935
p20996,2.4978019051286315
p20997,3.0774508675380288
p20998,1.3858936252364487
p20999,-0.1835627752966147
p21000,-0.5908832196528103
p21001,-0.8418705582468721
p21002,-0.8961713931626413
p21003,-0.7325042073394336
p21004,1.6954490436064171
p21005,2.402096325921031
p21006,-3.103755907841778
p21007,-0.8346031008716727
p21008,-1.4844297895751004
p21009,3.4376916405211144
p21010,3.181155263615364
p21011,3.42509178061064
p21012,3.356865514551673
p21013,-1.3444269364737833
p21014,2.781915322843709
p21015,1.781044775987842
p21016,1.225760280866378
p21017,-0.2611459053954671
p21018,1.3344359956173313
p21019,0.4018376913479593
p21020,2.7822224466549157
p21021,1.3274120253380208
p21022,0.7395650497380942
p21023,1.9666793629358086
p21024,0.258975229133667
p21025,-1.4079798654733708
p21026,0.278980377399478
p21027,1.3298640908122161
p21028,2.1490682781490533
p21029,3.179419077273984
p21030,-1.8977650867715194
p21031,-1.8649216330121048
p21032,2.074305356891458
p21033,1.6009959861995047
p21034,1.8638040329221548
p21035,1.2691989361165716
p21036,0.27854073337261387
p21037,0.31257114589014245
p21038,-2.655012450166449
p21039,-0.8460550478492576
p21040,2.3983982449509638
p21041,-2.0232577237792406
p21042,3.9199241097158444
p21043,1.0369602644599825
p21044,2.8185527225005926
p21045,-1.103868870025753
p21046,0.24810655788676828
p21047,2.292599018710619
p21048,0.80475620417214
p21049,-0.5343777436349825
p21050,1.8526594787810033
p21051,1.6870332317265984
p21052,2.1643730605446483
p21053,1.462630921883743
p21054,1.3115237877416501
p21055,0.14096394567715176
p21056,1.7899728496028202
p21057,-0.18818093575946304
p21058,0.8172945749919206
p21059,1.4677443581914107
p21060,-0.49546169697122167
p21061,2.16800765535116
p21062,0.6954230895448752
p21063,-1.3903813986344749
p21064,1.8901771295243974
p21065,0.3955451714983642
p21066,0.5528442699289366
p21067,2.4356012231421533
p21068,3.2631605616954196
p21069,-2.1802464693655685
p21070,2.8688777608351237
p21071,1.419434755556459
p21072,0.1894991379392762
p21073,3.5818850496331165
p21074,1.370162318346539
p21075,0.3291574834133004
p21076,0.8188942975038724
p21077,3.1468328074689893
p21078,1.8073232246156166
p21079,-0.12373246070694266
p21080,0.5609248892942511
p21081,-0.0031695581650416083
p21082,0.15546855360771483
p21083,3.913169686775966
p21084,1.6898182691064887
p21085,2.0064347271921785
p21086,0.1680248370739178
p21087,0.4780054983129842
p21088,2.417322591238424
p21089,-3.226988134106826
p21090,1.7614589682053228
p21091,0.6887381332798296
p21092,0.4365303815178897
p21093,3.0336358583097183
p21094,2.428094122739196
p21095,1.2082327208468673
p21096,1.2925664881271552
p21097,-0.5786465661798198
p21098,-0.9896300407360051
p21099,-2.9639536851258974
p21100,-0.7534502506277082
p21101,0.13932102301145688
p21102,0.4216545529436237
p21103,1.417395578120773
p21104,2.2477551639746056
p21105,0.08948920861463783
p21106,4.131691520844928
p21107,-0.6442457094840494
p21108,3.2513154613645185
p21109,3.3339504598785723
p21110,0.6882893972875879
p21111,2.3682635382354875
p21112,1.8668206232163782
p21113,2.4044131600722793
p21114,1.3363031861056154
p21115,1.5310628081479938
p21116,-0.18458078132714384
p21117,-0.33429186706609204
p21118,1.5863899418055387
p21119,2.4664564390367145
p21120,-1.580176682647655
p21121,0.9362309050558439
p21122,1.9160464696961674
p21123,1.7093837597540318
p21124,-1.6505616526664721
p21125,-0.2966552881323733
p21126,3.017478842244198
p21127,-0.9006127144893895
p21128,0.8336640968510123
p21129,-2.7366208380616186
p21130,-0.20764544915248162
p21131,3.7493610686978984
p21132,1.2272563901388538
p21133,1.4580877949623385
p21134,2.0258441248895194
p21135,-0.003774220502016701
p21136,0.07955315092321136
p21137,0.6298394164655795
p21138,1.6714076779187914
p21139,0.14436284071189143
p21140,1.308405308150566
p21141,0.5396813958197566
p21142,-0.13151749267428647
p21143,1.1208389634520917
p21144,1.3731770416349358
p21145,1.1867603143224321
p21146,0.4801744830463534
p21147,-1.8096785136094233
p21148,0.815314489199483
p21149,1.5903710163204816
p21150,1.7186225005667466
p21151,-0.9801403281463553
p21152,2.1272699960888692
p21153,0.6406445576248401
p21154,1.245859283126607
p21155,2.3912184448286884
p21156,0.3172539759862533
p21157,-2.1596244593704927
p21158,3.7187569196651697
p21159,0.9143913146177607
p21160,-0.6356417676144758
p21161,1.1959782478940286
p21162,1.0294185872290145
p21163,2.1762639450763293
p21164,-1.6003826693723697
p21165,1.0950887493961314
p21166,1.5052278605192178
p21167,0.6642995265641256
p21168,-0.37149052966588203
p21169,0.7923829853309169
p21170,1.3085495887113536
p21171,0.14339824056159123
p21172,2.732539625447971
p21173,-0.41486452487911996
p21174,2.590715637098825
p21175,1.5558269151257424
p21176,2.2723686609670617
p21177,1.997222879083255
p21178,1.2646433717752137
p21179,1.2693023638532779
p21180,2.601393950203145
p21181,-0.3541369284326531
p21182,1.5448268903289106
p21183,-0.4673005456378537
p21184,0.13330317088755772
p21185,-0.5334200601560138
p21186,1.7211552875094855
p21187,-1.149119177102135
p21188,2.0594084510478248
p21189,0.43730281608246774
p21190,-0.6495889686029056
p21191,-0.6743229611296152
p21192,1.0151283577172923
p21193,2.8133269636219826
p21194,-3.4191501552674253
p21195,2.493152159968144
p21196,0.05759363159809394
p21197,3.1797229693025524
p21198,3.736884839402852
p21199,-0.6717694597088139
p21200,-0.7666323353635013
p21201,1.621283794350056
p21202,2.810189658183652
p21203,-0.22435668491955696
p21204,-0.1437444494410297
p21205,1.6046167194297414
p21206,1.8854578253266494
p21207,2.563655860429048
p21208,2.296129955200347
p21209,1.1600372660793423
p21210,2.0468858608781733
p21211,2.0151023498755087
p21212,1.9038293710706728
p21213,3.087236095116583
p21214,1.1447070038976144
p21215,0.6341711597825105
p21216,1.7303576327962624
p21217,0.567783444896689
p21218,-1.561031228816757
p21219,1.1823844262103003
p21220,-1.61813280184743
p21221,-0.24719774432568042
p21222,0.9959435756635745
p21223,1.9954492818908607
p21224,1.5218823678296938
p21225,0.30774685358154363
p21226,2.3402325748716035
p21227,0.19932009571256848
p21228,-1.3058532943739412
p21229,2.4567056195316495
p21230,-2.140059649805852
p21231,-2.4023309886151902
p21232,1.7579277728458318
p21233,1.627872571418754
p21234,0.29700107412255605
p21235,3.969053181401841
p21236,1.11719681931475
p21237,3.9639029836837247
p21238,0.2628665649036863
p21239,1.6907789174872576
p21240,2.1634594731929004
p21241,-1.7318688760109757
p21242,2.1708678794937506
p21243,0.9539116598129391
p21244,1.3027268078233019
p21245,0.144035993359921
p21246,2.190000597797853
p21247,2.0580718580983186
p21248,-3.720895869498834
p21249,2.6859509741510204
p21250,2.9150409784595186
p21251,0.7865926464558279
p21252,1.3358205263727978
p21253,0.6006555601207471
p21254,0.9252498153920217
p21255,-1.6471088407454633
p21256,3.4663265687600533
p21257,2.0664739436052515
p21258,-0.3030682052974486
p21259,-2.170678938951443
p21260,2.273545474950597
p21261,0.6616873620185706
p21262,-0.17757367312070016
p21263,2.760209140283391
p21264,-1.6092750349428209
p21265,1.2645138318504439
p21266,-0.3204975824416273
p21267,1.6357378921691792
p21268,0.1285376249207898
p21269,0.6409068602695094
p21270,0.9712318692808062
p21271,0.9902758242913545
p21272,2.5432344840962307
p21273,-0.48837137927942786
p21274,1.1981126610618145
p21275,0.3399217454483377
p21276,2.2704456985535173
p21277,3.387888366065309
p21278,2.6074665633765464
p21279,-0.9241824978257601
p21280,3.5306977397279353
p21281,-0.20464298056094055
p21282,-0.28866858551116514
p21283,2.4476886071043396
p21284,-0.23683154228174097
p21285,0.7484883109086327
p21286,-0.5671026909878126
p21287,0.9379949908003684
p21288,0.8636349753382704
p21289,-0.06544679846431178
p21290,2.700235532240847
p21291,0.5866139352955284
p21292,-1.1290033548727294
p21293,2.0429543949778575
p21294,0.28868796233331484
p21295,1.828007126441498
p21296,-0.8593195281073157
p21297,0.5207256840066833
p21298,1.6081790589212013
p21299,-0.37698692581731785
p21300,1.4759059005254727
p21301,0.4971676774361656
p21302,-0.5238641597528811
p21303,3.466357910410134
p21304,2.0079784354667485
p21305,1.6112625006579195
p21306,-2.6743116107845406
p21307,1.1848251302052055
p21308,2.5658337992072187
p21309,1.6475213885604802
p21310,-0.030395678001766235
p21311,-1.1513328225588388
p21312,1.5033791826213687
p21313,1.4330319786583892
p21314,1.0611129607394423
p21315,1.4150042502700977
p21316,-1.2254481315058312
p21317,1.5255271915411233
p21318,0.47335183590582486
p21319,1.2740832085765663
p21320,1.2256060589768056
p21321,-0.2641043720988966
p21322,-1.6873994720252785
p21323,-2.3816510241219997
p21324,2.2583428881029
p21325,0.9164538190879237
p21326,1.7788859748044108
p21327,-0.9206356237418952
p21328,2.3871548587413853
p21329,-0.6739338547172641
p21330,1.8844100302881044
p21331,2.459977217109309
p21332,1.1875050460562144
p21333,1.9048090310000712
p21334,-2.2164581221450708
p21335,-0.7538854228978783
p21336,-2.3197937028359026
p21337,1.0767074782138537
p21338,-1.1626112900593375
p21339,-0.12650746249785316
p21340,-2.5842202901468028
p21341,-0.8864861465145987
p21342,-1.5198189117931635
p21343,0.7478417831419225
p21344,-2.562546509038829
p21345,0.7992090145252103
p21346,1.6747164895481976
p21347,0.14188093280377612
p21348,-0.43962001718056654
p21349,0.6250907371084292
p21350,-0.19307860988272074
p21351,1.6319165432021099
p21352,0.42703867476361224
p21353,-0.31082617583412986
p21354,1.2749465778206637
p21355,-0.6668092384023131
p21356,2.483424445127717
p21357,-1.2117421184992172
p21358,1.3647646164013782
p21359,2.862566061506198
p21360,-0.16242304955644726
p21361,1.030658409213065
p21362,1.8018294125852874
p21363,2.831700298770682
p21364,1.1605369608857896
p21365,1.116194808315313
p21366,1.8995995294932668
p21367,2.10658314399106
p21368,1.1167230443038085
p21369,2.257338274798693
p21370,-1.2724863115661011
p21371,4.030776061923116
p21372,-3.9725551775376196
p21373,-0.9991090083170454
p21374,-0.4542496740113414
p21375,-1.1622999455021574
p21376,1.607402048626681
p21377,1.6019398475916258
p21378,-1.172842288524497
p21379,4.0355692879894445
p21380,-0.9705407459216674
p21381,2.372262684353611
p21382,1.3312623800584396
p21383,0.2358252341710877
p21384,1.5745828861907318
p21385,-3.813147720566715
p21386,-0.46805274152851617
p21387,1.1576641306873545
p21388,-0.6802285366091932
p21389,1.6081556262142698
p21390,2.0705157640161675
p21391,2.311305960015721
p21392,-1.4048590681899111
p21393,1.5731113933806382
p21394,2.147809856714599
p21395,1.4919247623891057
p21396,-1.6835468878168744
p21397,3.495012753359379
p21398,-0.85642610785947
p21399,2.450991347573693
p21400,0.32655233222472707
p21401,0.13136838822075148
p21402,1.3718940677425684
p21403,1.464958581397953
p21404,0.4135636165102054
p21405,-1.8744852130326244
p21406,-0.058053654509164776
p21407,1.8674981716180445
p21408,1.5685746159046117
p21409,-0.17816574170347155
p21410,1.502921568288547
p21411,0.011655228719194333
p21412,-1.8923717981826829
p21413,0.9537135203343685
p21414,0.018998474523140962
p21415,2.966667441187209
p21416,-0.4551094439507043
p21417,2.112058395015053
p21418,0.8620771140648357
p21419,0.9976560617884607
p21420,2.3203881204629653
p21421,1.4996359705413618
p21422,0.8463634743684411
p21423,-0.9274085663129138
p21424,0.3376723979248994
p21425,-0.5521260073734132
p21426,-0.29967912387825535
p21427,2.340459736176111
p21428,-1.0721708668407168
p21429,3.2010693146212157
p21430,-0.021242265074713718
p21431,-1.0447158152816827
p21432,-0.707311018562165
p21433,-0.11940244018234414
p21434,-0.20183025405196942
p21435,-0.0012307188356276422
p21436,0.9982022426817985
p21437,0.9345924822822397
p21438,3.204068101168849
p21439,-4.88268083192951
p21440,-0.8995772311295954
p21441,4.306359125272875
p21442,-0.2564056805738052
p21443,1.1569959516513544
p21444,1.1954749979707957
p21445,-0.6895164156672396
p21446,1.1638884594042254
p21447,1.6507426571261123
p21448,-0.12292350443978073
p21449,0.022622700896149373
p21450,-0.770853742510834
p21451,1.5008097424036135
p21452,-0.49652953106696696
p21453,1.264290080125285
p21454,1.2334413746303496
p21455,2.411354089209133
p21456,1.0508389572537813
p21457,-0.7193631106754351
p21458,1.6840359622187149
p21459,-0.22930288904497276
p21460,0.4477889538290256
p21461,0.40490870173719684
p21462,2.4702514126769297
p21463,0.488210693520073
p21464,1.6161026073292333
p21465,-2.0699441327243284
p21466,0.7658630867583344
p21467,1.6544075179884077
p21468,-0.15704133260047237
p21469,0.28389842268868415
p21470,2.8489863412118486
p21471,3.4699874746415897
p21472,2.0579990350305613
p21473,2.0616386926569477
p21474,-0.20635308293190857
p21475,1.5155964499244816
p21476,2.394006543805236
p21477,0.7042591959216934
p21478,-1.3881507888295803
p21479,-0.36722161094803096
p21480,2.9914973604922936
p21481,2.9333224284531707
p21482,-0.4827336889007706
p21483,1.1056309879447013
p21484,-0.06193632277302119
p21485,1.5325142832403111
p21486,-1.080259021989943
p21487,3.227484671630516
p21488,0.8281493190768597
p21489,0.14857057419901898
p21490,-1.5383779918857705
p21491,1.875238873305722
p21492,-1.082110525992971
p21493,0.4106375056254765
p21494,-1.1296531801283516
p21495,1.8381318142501328
p21496,0.6045739974260343
p21497,0.8503169919823788
p21498,-0.3428767518188104
p21499,2.3738077508881816
p21500,0.8786536772307553
p21501,-1.192643733892917
p21502,2.514375613183963
p21503,3.231839470083839
p21504,0.16389384579341149
p21505,-1.8997290946447047
p21506,-0.08572203298235581
p21507,-0.25855084558096897
p21508,1.8042862511526425
p21509,-1.098848149527226
p21510,-0.9827528849409396
p21511,1.1612967148282332
p21512,-3.2555805680687917
p21513,0.6212027290590851
p21514,1.0497202285936937
p21515,0.4250450720253718
p21516,-1.5237504802930149
p21517,1.381225107905344
p21518,0.5192989793660737
p21519,0.04338980436854423
p21520,2.460402430140853
p21521,1.5205899925109083
p21522,-0.5919475912846232
p21523,0.1542483588538487
p21524,-0.38893997322957785
p21525,-1.3651986108358
p21526,3.579993982998755
p21527,-1.8566980749325515
p21528,2.307699784558382
p21529,-0.36681269627036694
p21530,-1.5108003004192314
p21531,0.23196340995317322
p21532,-1.011166250804096
p21533,0.9801031574537998
p21534,0.35506304691502794
p21535,3.2033327186148166
p21536,-0.15329250032196096
p21537,0.5571515313006778
p21538,1.756595357790465
p21539,-0.9541068998876788
p21540,1.6687471217804606
p21541,1.3898353004718502
p21542,2.942793109739587
p21543,-0.4114850080236977
p21544,2.061129412822549
p21545,0.48312923417451425
p21546,1.989166213187311
p21547,0.0832545442259287
p21548,-1.316881226168666
p21549,1.228267696438563
p21550,-0.49212290145542326
p21551,1.5110426105708699
p21552,1.3196071930980313
p21553,4.5091562989020515
p21554,1.7601467967167386
p21555,0.9112027389339116
p21556,1.0522868961388037
p21557,2.0119836618699196
p21558,-0.13745565533155601
p21559,2.7086681534227974
p21560,-2.024627479095471
p21561,0.3554570869542186
p21562,-0.4040088065044348
p21563,-6.760980738058732
p21564,1.3630054177845237
p21565,-1.8356657313199647
p21566,1.742261331579054
p21567,-1.5725422575867452
p21568,2.989252344992782
p21569,-0.9551593450739718
p21570,-3.2445387883489096
p21571,2.8404555053191842
p21572,-1.1540983496499089
p21573,3.2630029845077133
p21574,2.0738520577809427
p21575,1.4829048001566272
p21576,0.13982032824460633
p21577,1.6810599500550674
p21578,2.2873768174702924
p21579,1.0908367756756445
p21580,1.3105580094129143
p21581,-1.5640297579762827
p21582,2.461463983466987
p21583,1.974714704133247
p21584,0.8854469099505142
p21585,-1.234204270709348
p21586,0.4986882766716311
p21587,1.7704623392733394
p21588,1.6905795591174488
p21589,1.5593463386300195
p21590,0.6380574440391538
p21591,-2.3173553416639123
p21592,3.2258394268862114
p21593,0.08166399684147829
p21594,-0.737567234272465
p21595,2.288441137764922
p21596,1.2840519213824864
p21597,-0.03547460168302219
p21598,2.824270906442319
p21599,-0.15790219245870551
p21600,2.9925436519120217
p21601,1.1585969177676243
p21602,0.8841791520961853
p21603,-0.024680882700650053
p21604,1.528563003031147
p21605,1.936064806811713
p21606,0.9428770926842958
p21607,2.4932061222844517
p21608,-2.143701716820778
p21609,1.25179263387747
p21610,2.484197919047465
p21611,1.0914310973579537
p21612,0.9281368486567353
p21613,-1.4331275066433453
p21614,-0.9694582953090393
p21615,-0.3789076806206363
p21616,0.11015938797467861
p21617,-1.283163983941511
p21618,-0.40335928260495424
p21619,1.9945898703591172
p21620,2.0967410894564416
p21621,-0.494892120160381
p21622,-0.24239610593133187
p21623,-4.890292618321255
p21624,3.7797618405123723
p21625,-2.455470952164098
p21626,0.8039119227682918
p21627,1.2219218592104675
p21628,-0.2578536399507033
p21629,2.8729719655956196
p21630,-1.8323739709647664
p21631,-0.16144573237900672
p21632,3.507509374443327
p21633,-0.2962040352217271
p21634,0.4876870785809071
p21635,1.7788361938961845
p21636,-1.1747724669923603
p21637,1.209205972223916
p21638,1.4525554936283886
p21639,0.8299370240159321
p21640,3.238489426194292
p21641,0.845601037801411
p21642,2.509587390353657
p21643,-0.8583099204927381
p21644,1.4575305093081377
p21645,0.8196170523645703
p21646,0.4224303761947631
p21647,2.9686193021769207
p21648,2.0574399524949594
p21649,1.7733499157156467
p21650,-0.05442229407814725
p21651,2.2848281295478543
p21652,3.673021319828899
p21653,1.703501228320158
p21654,0.7037809354305858
p21655,0.7589300229010272
p21656,-0.5640359173379282
p21657,0.4329680242632962
p21658,-3.5721626684276226
p21659,2.686969360457446
p21660,4.620253184243427
p21661,0.04625243822129865
p21662,0.9884937954215436
p21663,1.7716167467900021
p21664,1.301654616911616
p21665,1.159701400858991
p21666,0.82247250137782
p21667,-1.6477726635187788
p21668,1.2296562289590098
p21669,-1.9716315294901432
p21670,1.662433098876137
p21671,-1.267144650301943
p21672,-0.7534578301229556
p21673,-1.9847505924370776
p21674,1.6820784449611192
p21675,0.2399205705903651
p21676,1.7974042303867077
p21677,1.7754544087047388
p21678,0.46260704968399224
p21679,0.09983541091085457
p21680,-2.196972540815206
p21681,1.3853499025518259
p21682,0.026899955633227335
p21683,-2.0156661538549923
p21684,1.545103900669734
p21685,-1.0296735279666223
p21686,1.8957166420771996
p21687,0.3035050854985295
p21688,-1.6885933719765749
p21689,-0.6572573955065785
p21690,-0.29665474600286135
p21691,0.8164048277860079
p21692,3.6831156787200316
p21693,2.481516221737571
p21694,-0.4079618857073767
p21695,2.4934557833859476
p21696,2.8747998159236063
p21697,0.44641316707553036
p21698,0.1304810917527982
p21699,-1.0579567008278405
p21700,-1.1987428692306437
p21701,1.3372354051266115
p21702,-0.24523841910181188
p21703,1.5213860704887954
p21704,1.4871994277279157
p21705,2.7695658424783343
p21706,1.0469466588813838
p21707,3.1708123155278742
p21708,1.9714269144013583
p21709,-0.35261806522339467
p21710,-0.3266826634418155
p21711,2.190504758680696
p21712,-0.1127372205730689
p21713,0.1553056118757481
p21714,0.03482963605449285
p21715,1.6829444500406714
p21716,1.5185421329166018
p21717,-0.5147460518226926
p21718,0.9887438414906211
p21719,2.226696962599782
p21720,1.0223759273269368
p21721,0.6961059010681052
p21722,3.616237520055336
p21723,3.1304901030711236
p21724,2.5361979732543567
p21725,0.27445936486962796
p21726,-0.208785919748531
p21727,2.7317564539787256
p21728,1.7454521701684236
p21729,2.3048909566344267
p21730,-1.0807094895317828
p21731,1.981915758165472
p21732,-0.6432003765959179
p21733,2.162990655102348
p21734,0.33079734060190946
p21735,2.2415986619349018
p21736,2.5417196746662576
p21737,-2.3721964266905773
p21738,-0.02024033721100682
p21739,-1.4828234577299066
p21740,2.006026062150584
p21741,1.8570019312777002
p21742,1.5886794686496026
p21743,-1.3367107068909032
p21744,-1.1338625788894543
p21745,1.5418140917505427
p21746,-0.6881030241083487
p21747,-1.04263925831065
p21748,0.5945371370582703
p21749,-0.18206940389867854
p21750,-0.1819260890058857
p21751,0.27161172138417466
p21752,0.6675328720522637
p21753,-0.747644910266572
p21754,1.446145087179529
p21755,2.414070183866084
p21756,-0.4836013814326229
p21757,-0.24415326512027657
p21758,-1.0274341536448972
p21759,0.4181902278261001
p21760,-0.8397268652710855
p21761,1.8850303718012515
p21762,0.0785256684518787
p21763,0.4988017501493236
p21764,0.643769318045369
p21765,-1.2021025847753575
p21766,-0.2949805287559132
p21767,1.8742603111905245
p21768,0.33148634397453564
p21769,2.157337034307875
p21770,0.029830873269234615
p21771,-0.9524229293218088
p21772,0.6258438475167558
p21773,0.3912885682948985
p21774,2.1436789653167505
p21775,-4.285543742640076
p21776,0.6041400924839261
p21777,-0.6709500003002516
p21778,0.012691790745442244
p21779,1.1078539806613792
p21780,0.7894259987466766
p21781,0.536144397930002
p21782,3.7479746390206437
p21783,1.1467637623025417
p21784,1.3564695505361595
p21785,-1.5992550479128318
p21786,1.1219220127651552
p21787,4.428360950468331
p21788,-2.703340993638874
p21789,-1.386665433244905
p21790,1.4841090386838791
p21791,0.7088542901382524
p21792,-2.108419349800955
p21793,-0.08239383180754722
p21794,0.14417003361957625
p21795,-0.003986194555350986
p21796,-0.4269034781071238
p21797,0.4521903016240081
p21798,-0.7898807303255405
p21799,1.1817633784881156
p21800,1.7858422393841997
p21801,0.04220276315415761
p21802,3.2210756924585735
p21803,2.2399686638022085
p21804,0.1579438268365898
p21805,4.046713980181793
p21806,-0.21394612430371585
p21807,-1.1729534713549121
p21808,-1.0715993815488258
p21809,-1.415242507230218
p21810,2.9663320121537535
p21811,0.07051162245309839
p21812,2.3357843401068057
p21813,0.4205382064110495
p21814,-0.6089536237404626
p21815,-0.4886242400764357
p21816,2.202769020205515
p21817,1.7493224403212304
p21818,2.6856694304764632
p21819,0.6391600562205783
p21820,-1.0005521839747211
p21821,-3.4209844656115798
p21822,1.3663300787650918
p21823,-0.6811203222447791
p21824,1.7783756915972304
p21825,1.1154274156916708
p21826,2.5447819287593627
p21827,0.2992664324585005
p21828,0.3279721164667914
p21829,1.3700732251398768
p21830,-0.4746646705367691
p21831,0.2783958383868833
p21832,1.942268493104479
p21833,0.6766468972060046
p21834,1.5278734720982503
p21835,2.4829913568508917
p21836,-1.2676036024881876
p21837,0.21066903812464988
p21838,1.279819224151455
p21839,-1.604887096876773
p21840,1.5474974677891407
p21841,1.3163834372088283
p21842,-0.6695760291728389
p21843,1.4300051596708667
p21844,0.4225632597959949
p21845,-0.1879845577819177
p21846,1.5375761328104451
p21847,2.875123125438344
p21848,-0.5989208458746295
p21849,4.977282477271244
p21850,-0.019397002878627556
p21851,-0.9729618272970054
p21852,-2.469591923088757
p21853,0.19656076432199165
p21854,1.0537284293528941
p21855,0.1486014026772663
p21856,1.1242228554533795
p21857,-0.5613472213237357
p21858,1.8434120242524106
p21859,1.102401594113784
p21860,2.384784776962593
p21861,2.608412413952594
p21862,0.6614973108428372
p21863,-0.9538550182241722
p21864,1.009321057116579
p21865,-1.1223328928049803
p21866,-0.31372635009193817
p21867,-0.823683280003176
p21868,-3.6177691356225963
p21869,1.9817148094345898
p21870,0.24082893159772878
p21871,0.6733037647137962
p21872,0.24387748549607635
p21873,3.2132339973669213
p21874,-1.6618969338676686
p21875,-1.2899475574578134
p21876,-1.199594963143202
p21877,1.5316977177595719
p21878,0.2926811103633603
p21879,3.3006661164453184
p21880,2.709689428395029
p21881,-2.1483042603238474
p21882,0.7153645194090986
p21883,2.5170587859014355
p21884,2.7025619709255944
p21885,0.8182069041850177
p21886,2.5680989168709245
p21887,1.3723125049831344
p21888,2.4889940678856983
p21889,1.7712038777716739
p21890,2.519740145269839
p21891,-3.61749079106213
p21892,0.8355165164297083
p21893,3.126589644429304
p21894,1.3443965515965488
p21895,-0.8137196242522801
p21896,2.066124014695854
p21897,1.1337148233446577
p21898,-1.1503839662377735
p21899,2.813608050135314
p21900,1.7213157278666742
p21901,1.9349900383146243
p21902,1.0418679283609849
p21903,0.6083886421745704
p21904,0.22333235777799076
p21905,0.9096601420591264
p21906,3.616079169969595
p21907,-0.46516086498559306
p21908,-1.2068486265436205
p21909,-0.5006196223753295
p21910,3.649709050519416
p21911,1.2914947577323437
p21912,0.9175041280409177
p21913,-3.944391802321302
p21914,0.9631202810019759
p21915,3.783172061837883
p21916,2.0343751969559603
p21917,2.5415218718899655
p21918,-1.2934752397550047
p21919,0.5942530928068179
p21920,0.6751458558187776
p21921,3.153392747387146
p21922,0.6583561124288376
p21923,1.5055644446741931
p21924,2.255433116064958
p21925,-1.7186598003465376
p21926,-1.0394419946559883
p21927,2.695927159390295
p21928,-1.0967532842918648
p21929,0.20792872679540808
p21930,0.5615660083167217
p21931,1.0490304017311707
p21932,-1.1439385198221403
p21933,3.4535890518473193
p21934,-0.5936386009274729
p21935,-2.093032056472515
p21936,0.08703991410259515
p21937,0.3608117503830523
p21938,1.0209158233317812
p21939,-0.012456165755273196
p21940,-0.34196243343135435
p21941,-0.37651820684703885
p21942,-1.629134359938845
p21943,-3.2090963114692017
p21944,0.6025230105289492
p21945,2.1735779178022017
p21946,-2.332717591223354
p21947,1.4108328198268154
p21948,1.494672719046179
p21949,-0.11907134356976978
p21950,1.07415905645995
p21951,0.6387117700605706
p21952,0.8430559725351279
p21953,0.09508752178630275
p21954,1.7257883010147061
p21955,-0.17398948384183044
p21956,2.267571589449291
p21957,-0.11469521692942253
p21958,3.0592334794363545
p21959,-0.9230270937595003
p21960,1.2145141314012027
p21961,0.3924602733150814
p21962,-0.40221293073801634
p21963,0.6882267533832609
p21964,0.8444242636236344
p21965,1.627422329371703
p21966,1.282492620681455
p21967,0.5702346860465488
p21968,-0.3721602535749461
p21969,2.6602352820290514
p21970,1.673669490263249
p21971,3.022574365379188
p21972,2.163975662577962
p21973,0.8362418873040903
p21974,-0.3734378245046225
p21975,-0.20971595252059572
p21976,1.529108126427062
p21977,0.6919631422240184
p21978,1.920864888425045
p21979,-4.372179837952964
p21980,0.7145271680024309
p21981,-0.2049720615416486
p21982,3.0047118169164997
p21983,-2.6892225392086258
p21984,0.9922704841500791
p21985,1.6395971304168415
p21986,1.5258748732002876
p21987,1.8056631342868021
p21988,1.520423742747032
p21989,-0.21092165783124084
p21990,3.433706741634844
p21991,0.25019044265346124
p21992,0.5076694949741479
p21993,-1.0990140799587849
p21994,-0.5489460359021295
p21995,1.9158701510116312
p21996,1.719659732940349
p21997,1.765690987612781
p21998,-0.5709466029746132
p21999,-0.49813851431880984
p22000,0.3907039968571293
p22001,-1.0754320775310595
p22002,1.0379410235921194
p22003,1.6161476173202916
p22004,-0.3901456865202747
p22005,0.18524983832261654
p22006,0.25700438121751434
p22007,2.784385661936064
p22008,-0.6775958012405742
p22009,-2.006181060892339
p22010,2.065994153004833
p22011,-0.028234507417083554
p22012,2.352506041758781
p22013,1.9484877164420458
p22014,-0.3259710878654808
p22015,-1.0598756605172452
p22016,-2.4529593990936442
p22017,3.8161858878285657
p22018,-0.9543789815059497
p22019,1.1032826225122057
p22020,-0.5900497239978536
p22021,2.171933708104021
p22022,-1.4517501941636182
p22023,-0.9472535861596006
p22024,-0.34874036687033605
p22025,2.619478174348844
p22026,-0.4634794735182076
p22027,0.6565742628272893
p22028,0.5991905775364199
p22029,0.33314116910167346
p22030,-1.332466821497567
p22031,1.5163109418663487
p22032,0.6327212796411117
p22033,1.1790997382537496
p22034,-1.1403686284102261
p22035,0.6298026981068545
p22036,-1.524659594686148
p22037,-3.2739500965121278
p22038,-3.802090074843137
p22039,-2.224445750969036
p22040,1.8924930353189988
p22041,0.06771484903061575
p22042,0.9257680318202821
p22043,-0.600080602422593
p22044,0.4545104606303114
p22045,0.21559606557413147
p22046,3.0155129889607246
p22047,1.823827930196566
p22048,2.302374742985072
p22049,-2.9422681104120816
p22050,3.7045349076462815
p22051,2.5286111500237043
p22052,-0.8762110275861567
p22053,0.9741188099545679
p22054,1.95465909800502
p22055,0.0021680473438550063
p22056,2.8137032740582817
p22057,1.8720922989704252
p22058,1.67896716263439
p22059,3.7447138165032956
p22060,0.9540394919613182
p22061,2.021698498518392
p22062,-1.6866335201808567
p22063,-2.2652573387150343
p22064,-1.3317294008968688
p22065,1.466462863639582
p22066,-1.4840311211917965
p22067,2.055669512404157
p22068,0.41411223774753103
p22069,-0.43282620496892854
p22070,2.583987074751632
p22071,1.2343495651059047
p22072,2.7122465121627104
p22073,-0.7478726385772
p22074,2.1878863297939204
p22075,-0.5627489758211949
p22076,-0.1614859472155158
p22077,-0.40946205693507476
p22078,2.5318905454201626
p22079,2.852524240661323
p22080,-1.3036913438881887
p22081,0.1678092714758439
p22082,-1.015384363782048
p22083,0.5345689847439169
p22084,1.2707244021806954
p22085,2.1615623038002143
p22086,3.445933521784932
p22087,0.3222780311894
p22088,2.6758347319392475
p22089,-0.44114527914870816
p22090,-4.354265741050718
p22091,-0.31116530272082377
p22092,1.114686519245581
p22093,2.6682680562555214
p22094,0.9010372847986908
p22095,-1.0710692781212932
p22096,-0.09795658139524044
p22097,0.7314308490460618
p22098,2.2366544088933495
p22099,2.478140906225125
p22100,2.41258065491259
p22101,1.8259755448214623
p22102,-2.498809088009208
p22103,3.2798014509805524
p22104,1.3550024205438829
p22105,-0.8129716467213445
p22106,2.4392185701336913
p22107,1.5589236919824625
p22108,0.1795254258769492
p22109,1.0899152721233833
p22110,4.210392664348589
p22111,-1.1830012177957938
p22112,0.9079668784695223
p22113,-3.5746400433345573
p22114,-1.4276330150989902
p22115,0.40882678896392055
p22116,-1.218496412985362
p22117,1.357911538952226
p22118,0.029311580172934115
p22119,1.342791518717433
p22120,0.9457197202521521
p22121,0.8441775814456236
p22122,-0.58145250333312
p22123,0.5079108792913811
p22124,-0.051167037610192034
p22125,1.5554102242092496
p22126,-0.7339856905678889
p22127,0.5346176296338605
p22128,2.6430079726143845
p22129,-0.24863359997545953
p22130,2.7164976378053205
p22131,0.6696997927171316
p22132,2.0279676521304255
p22133,1.7085994980301749
p22134,0.729303324847285
p22135,0.3376757708154554
p22136,1.068381165886207
p22137,2.4232188999552404
p22138,2.216626777786563
p22139,2.03545445676014
p22140,1.2043183540813942
p22141,-1.6188821924326393
p22142,-2.660597202815468
p22143,-0.23386982164573855
p22144,1.8753411684737862
p22145,-0.29734786168862615
p22146,0.8289086203738325
p22147,3.642397636384131
p22148,0.29524566066973146
p22149,0.4629280589203063
p22150,-1.5734671136387046
p22151,0.08199722118631092
p22152,2.5600873338358956
p22153,2.8339967274929037
p22154,-2.6980522308837274
p22155,2.474760882139038
p22156,2.5117644864501703
p22157,0.35246446322891767
p22158,1.1875676983571344
p22159,0.4518546516417807
p22160,-0.15572559989826662
p22161,2.3321678153130336
p22162,-0.5572375841525364
p22163,-0.26099116927327304
p22164,-3.5011397550829026
p22165,3.0858624505625905
p22166,-0.31373255038673953
p22167,-0.8727632138311822
p22168,2.5936066791743344
p22169,1.8119122341059675
p22170,0.795518772887664
p22171,1.6017379329490615
p22172,2.2415011448111586
p22173,0.6521328943653902
p22174,-3.3748134034021766
p22175,1.9023000779652168
p22176,0.9121172754626939
p22177,1.6783526251771292
p22178,1.503612499097327
p22179,3.9022175111305577
p22180,2.3183275267112964
p22181,0.26342820309146864
p22182,-0.9762157553041032
p22183,-0.6193363347159869
p22184,3.596736630587665
p22185,-1.2456689487621673
p22186,1.404011865305058
p22187,-0.6377592073628621
p22188,-0.9085233366584443
p22189,2.140015750147032
p22190,1.8129707477650774
p22191,0.19730229710588298
p22192,1.659517512354844
p22193,2.46574722997723
p22194,-1.1519490924505895
p22195,1.0665382242940797
p22196,0.251785210179139
p22197,-1.977647247359728
p22198,-1.8067610848806868
p22199,1.4559091101880806
p22200,0.053988328253784856
p22201,-0.07577879093348372
p22202,1.3279328765124974
p22203,-0.012091998929954273
p22204,0.004415288425827613
p22205,0.33261385016309775
p22206,1.8295879121867875
p22207,2.8151388227256864
p22208,-1.9840815497527102
p22209,1.2814100713935188
p22210,1.1201453822432896
p22211,1.2667206291148365
p22212,2.0623815460920634
p22213,1.7091821897626849
p22214,1.6527159449028408
p22215,0.01873613969446175
p22216,-1.1924103405083524
p22217,1.2979996485010719
p22218,0.2311209111102469
p22219,1.5521525817553428
p22220,0.1418092440701585
p22221,3.1409435702122255
p22222,1.9490708961540268
p22223,0.987248189999698
p22224,0.5256888374175519
p22225,2.5590170531478393
p22226,1.1715563521988455
p22227,-4.094147903611635
p22228,-0.18300786839568584
p22229,0.6104444186781407
p22230,-1.678022164549824
p22231,-0.8359456344582911
p22232,-0.35936397432089684
p22233,1.653179014116763
p22234,-2.0928485027831907
p22235,-0.8220826899026509
p22236,0.33149696126949574
p22237,0.08905092735819975
p22238,-1.9037414035416638
p22239,2.1122734658997784
p22240,-1.6139717681068526
p22241,1.7569202494738083
p22242,0.9343405878977813
p22243,1.0776718708596777
p22244,1.5598844438828228
p22245,0.08441828296446419
p22246,0.3495028495461783
p22247,0.7749286327588356
p22248,-0.2115852280912346
p22249,-0.3627232120461371
p22250,-1.111904139400942
p22251,0.4369097740072233
p22252,1.1607031632358695
p22253,1.4927950188833377
p22254,0.45575796295041254
p22255,0.22469329497051282
p22256,0.06356180802725586
p22257,2.794512221711182
p22258,0.027858449413478703
p22259,3.119440946185948
p22260,1.4239217858950552
p22261,1.8419634584895004
p22262,0.6181988514622041
p22263,-1.502732981591528
p22264,3.166007986133605
p22265,-1.0314268209023543
p22266,3.4296316861581464
p22267,1.5687112561358405
p22268,2.282718843103932
p22269,3.6889464358746675
p22270,3.341581478822943
p22271,-0.8390037934211608
p22272,1.6496773183110216
p22273,1.3781877620429652
p22274,0.08443090853106494
p22275,2.44155777647669
p22276,2.4434262836358704
p22277,1.101443819120251
p22278,2.7964940986701468
p22279,0.20949213929603128
p22280,1.3622141642124528
p22281,0.5018459671740568
p22282,0.961564810551566
p22283,0.7903730607659083
p22284,2.879426762878746
p22285,0.03928515637157126
p22286,1.0976015038825426
p22287,3.510337644913408
p22288,-2.0973154225405874
p22289,-1.130316402563908
p22290,2.349322060426977
p22291,3.73442955541463
p22292,-0.9811198070606798
p22293,-0.1281233439935554
p22294,-1.983128273144449
p22295,0.49780024382280286
p22296,-0.21133387806994397
p22297,-1.3188054484445542
p22298,0.7087165907504683
p22299,-3.1392929765892217
p22300,2.358149495370873
p22301,-1.1243830661853123
p22302,3.4977914866995383
p22303,-0.4895154066535842
p22304,-3.3998168115729297
p22305,2.9850012693278503
p22306,-1.7197919053821948
p22307,0.7911300330010689
p22308,2.1667264452581994
p22309,-0.21298658350887123
p22310,0.4200370130768756
p22311,0.7544031738067015
p22312,2.269138822807619
p22313,0.005701847175692776
p22314,-1.693424043699355
p22315,3.5607481864626678
p22316,-0.8461282903771036
p22317,0.26539042186124573
p22318,1.9815437785127736
p22319,2.1453178753247553
p22320,1.2311084896135471
p22321,2.0557728343223816
p22322,0.8678997128685579
p22323,-1.020108033296954
p22324,0.6600566240618941
p22325,-0.6775085872191343
p22326,1.5204630269446304
p22327,-0.9878798921077577
p22328,-0.28447136655591565
p22329,-1.3884395987174045
p22330,1.9547729487469376
p22331,-0.43108518898225545
p22332,-1.3685625980453597
p22333,2.9987381976769574
p22334,1.2269704780505695
p22335,-3.294838037484722
p22336,0.34087568362260146
p22337,1.793300467808459
p22338,1.7169100770843388
p22339,1.4498992248235072
p22340,-0.24216327704107987
p22341,-0.14505710654245785
p22342,2.6334785020428546
p22343,2.458558372053657
p22344,1.316115326160947
p22345,-0.7952718046680237
p22346,1.0205416220095644
p22347,0.05339262344092488
p22348,0.5900168254555096
p22349,3.4279563333675434
p22350,-1.632033087966962
p22351,-0.051815318522951626
p22352,0.47514482504750094
p22353,1.4181194643364572
p22354,3.0041601360310084
p22355,-1.314160139402221
p22356,3.532674467498396
p22357,-0.5612656443681695
p22358,1.908005859622763
p22359,3.6777380208641097
p22360,1.4280373457671023
p22361,2.549090950715134
p22362,-1.257169379782685
p22363,-1.2596684507076183
p22364,-2.8155747091039536
p22365,-0.5669270222383714
p22366,2.025776344243757
p22367,0.6242961304759769
p22368,0.33903696080096046
p22369,0.29919315702000715
p22370,2.894937072268314
p22371,2.737130141756932
p22372,-1.3868785055316128
p22373,0.4622668791520366
p22374,2.317258467629063
p22375,0.3150939270836483
p22376,-1.1391002141239852
p22377,0.6895845459056632
p22378,2.2797867100244367
p22379,1.458172710462649
p22380,0.7976434739522219
p22381,-1.299949257273536
p22382,-1.796694459182198
p22383,-0.023928045327978764
p22384,0.9743249865847583
p22385,-0.11050605699149185
p22386,1.0369555099157581
p22387,-0.30350820746615026
p22388,0.4628097567496776
p22389,-1.7855149569333073
p22390,1.0350430497242042
p22391,3.737327455032694
p22392,-1.6521568689073751
p22393,0.9322061212689827
p22394,3.700772460125877
p22395,1.5772138320588964
p22396,1.9241856066031726
p22397,2.4403290567498033
p22398,-1.2069197856415141
p22399,2.1528531095836176
p22400,-0.3689371926884034
p22401,-1.0986894128898292
p22402,2.8008534213236125
p22403,1.5021542479395102
p22404,0.2642456871457336
p22405,1.1772593327772398
p22406,1.8962939213093275
p22407,2.035692490837605
p22408,0.6027467830683122
p22409,-0.7642304322712951
p22410,1.0551344042301833
p22411,2.787093343404007
p22412,1.8881453572461124
p22413,1.7624027442138086
p22414,0.9449068107949652
p22415,0.8985668417268747
p22416,-0.8779387555774739
p22417,1.7038278535583793
p22418,1.5932292592115407
p22419,-0.16053439961955351
p22420,2.6467961885959084
p22421,-4.266329381767478
p22422,2.8551676350856314
p22423,2.330451409668106
p22424,3.0150401957971558
p22425,0.9165849225338136
p22426,2.7166985117464972
p22427,3.3558314331436043
p22428,0.7626796067560089
p22429,-1.8021914834112973
p22430,3.846322243327628
p22431,-1.1578758498407753
p22432,0.7423065533318071
p22433,-1.1375458716646127
p22434,2.7424798592317337
p22435,0.517335795942149
p22436,-0.177087064309688
p22437,1.6077760718370486
p22438,0.4795300587349843
p22439,1.1472648097431501
p22440,0.9067195238715359
p22441,1.2301662059494043
p22442,4.405862639768721
p22443,-0.10400171622390486
p22444,-1.2720912947111622
p22445,2.297078060061564
p22446,1.390469948309369
p22447,-3.422099919293229
p22448,2.2402824587481547
p22449,1.7281483536609374
p22450,0.80867289318458
p22451,1.8679449191443354
p22452,2.3262550336373735
p22453,1.8183765088295734
p22454,2.5699554794072084
p22455,2.85364164691826
p22456,1.9246193679684476
p22457,1.0733191543683205
p22458,-1.4944328662033302
p22459,2.0818418578884192
p22460,3.8909762268565213
p22461,1.7531648886518667
p22462,0.8103405233484209
p22463,1.2468812019261346
p22464,-0.8751534755321922
p22465,-0.9950965398508208
p22466,-0.49436843952711207
p22467,0.4993617730019234
p22468,-1.0295636442529528
p22469,2.335176598365575
p22470,-0.1098260745745645
p22471,-1.909293234954283
p22472,-0.4568171399239608
p22473,2.5884172594493964
p22474,1.7283681277313847
p22475,2.245805610419479
p22476,2.8995262031665168
p22477,2.4335863163150293
p22478,1.6760766742795865
p22479,-0.7578392692267565
p22480,1.6218318718045612
p22481,-1.1198097758064676
p22482,1.0233096346187134
p22483,0.8186233568109595
p22484,2.2466971023867863
p22485,-1.2299998840067854
p22486,-0.645726155817539
p22487,2.4416773127945155
p22488,0.8306958385931585
p22489,-0.606608718470817
p22490,0.6108197719407045
p22491,2.7100414194690394
p22492,-0.8399991752510393
p22493,1.9732971976644982
p22494,-1.3177120306405112
p22495,-0.9582599732685059
p22496,1.530501492783415
p22497,1.7208598023742767
p22498,1.1866593361879534
p22499,-1.8256776319581545
p22500,2.048640569111678
p22501,2.2544143110317214
p22502,-1.3544703992178913
p22503,-0.19556235676924594
p22504,-0.9694742566457039
p22505,-4.668861764012824
p22506,-2.147364731830093
p22507,0.884573057666316
p22508,-2.0115897386932606
p22509,-1.2772065954133036
p22510,1.4192974356851367
p22511,1.6014289405675817
p22512,-3.1298169000724796
p22513,-0.9132636927852392
p22514,0.7288501688039242
p22515,1.4035479650339728
p22516,0.8845234099986278
p22517,2.6922132510900147
p22518,1.7175204653448013
p22519,-2.1090921846121433
p22520,0.7389195646812036
p22521,-0.1445505283978965
p22522,1.4995461709906759
p22523,1.2822987261653433
p22524,-0.1368689229724177
p22525,2.8520516752993696
p22526,-1.2376523667993644
p22527,-0.18896885077116232
p22528,1.0883395041204138
p22529,3.017222201230997
p22530,0.9523734942829344
p22531,0.8017704038171868
p22532,0.8148941905012438
p22533,2.3048570222899842
p22534,3.3485664405246913
p22535,1.00561939393556
p22536,-3.13610598056917
p22537,1.92236149585111
p22538,3.388260029193988
p22539,3.247931667915096
p22540,1.0477998378708766
p22541,1.0772300258062726
p22542,2.2455948161164567
p22543,0.7117122952973977
p22544,0.0907630377865205
p22545,1.6106851674331122
p22546,-0.5561251931241292
p22547,2.11564861680583
p22548,3.204341792127081
p22549,-1.1603266137665758
p22550,2.74195147415956
p22551,-0.34424572516136964
p22552,-0.8777456974849204
p22553,3.800169057427111
p22554,2.97728648850702
p22555,2.6491665958451147
p22556,0.32370269356743
p22557,3.0257860734827733
p22558,4.192930926603435
p22559,2.646508785996586
p22560,2.070085433478519
p22561,-0.665061745225544
p22562,1.9041727592509017
p22563,1.2520601307251666
p22564,1.1546159905336333
p22565,-2.083193997895064
p22566,2.151512047158728
p22567,0.44138750850835917
p22568,0.965960814098544
p22569,0.8546464844152906
p22570,0.7334884258597648
p22571,1.287444590364816
p22572,1.5621868831560919
p22573,-0.721608937798735
p22574,-0.3947917395121233
p22575,2.339422528299686
p22576,0.4506261973080357
p22577,-0.46205199314966194
p22578,-0.01950324720520824
p22579,1.6602075386372208
p22580,0.03162208757979412
p22581,1.406973685080981
p22582,2.9468259593679633
p22583,0.19393671032716753
p22584,-1.1359348444543422
p22585,0.2613310132934995
p22586,-0.20376874370408793
p22587,-2.4411284888726725
p22588,1.637020845232564
p22589,2.6534282466089962
p22590,2.0772820342543987
p22591,2.642255473509512
p22592,-0.6571584028353278
p22593,0.21443737255654782
p22594,0.049202545731257596
p22595,0.7817467886582141
p22596,-5.372361959996399
p22597,0.1863072884774587
p22598,2.9653616432231664
p22599,2.378422654420191
p22600,-1.9943736345110343
p22601,0.4593602525304557
p22602,-1.0457576878812542
p22603,-0.7198726153981442
p22604,1.3222005938999568
p22605,2.6748254325696874
p22606,4.345892597851622
p22607,-1.4333760656557932
p22608,2.5516310317758406
p22609,-0.7745235035825312
p22610,-0.531224072802403
p22611,-0.7257873940459149
p22612,1.5030325920715473
p22613,2.890245409125906
p22614,2.2698818570387806
p22615,1.471260922136513
p22616,2.399911945386214
p22617,0.9673163975541349
p22618,0.916918561487602
p22619,2.8279898979765012
p22620,0.9752192078219164
p22621,0.49001447979889773
p22622,1.0439437195215913
p22623,0.37842650008317147
p22624,-0.49115466467458757
p22625,-1.2166338530500114
p22626,1.8687329647644417
p22627,2.3394569108871726
p22628,1.489783301360268
p22629,1.9418050232052781
p22630,0.011896851570476819
p22631,0.6712120998354312
p22632,1.422141467020463
p22633,-0.9582361962722837
p22634,4.189693197944758
p22635,-3.178346165517832
p22636,-0.44409907253399095
p22637,-0.6701396769695408
p22638,0.5164307923171483
p22639,-0.0771943285112926
p22640,0.21799385331748866
p22641,0.34488905381613844
p22642,2.8400000565042016
p22643,0.47717259393114864
p22644,0.781980167851879
p22645,2.364557501392664
p22646,2.005305573245035
p22647,-1.0399342475573712
p22648,1.1962405810260406
p22649,2.633292230143611
p22650,1.3537268548906836
p22651,2.751212467801772
p22652,-0.26244417784120333
p22653,-1.8831523215802592
p22654,2.171344516609703
p22655,-0.6244693336585726
p22656,2.593356417357775
p22657,1.038641282734919
p22658,2.0555195144374174
p22659,0.5681121297616715
p22660,-1.6139143393115254
p22661,2.3703941068528525
p22662,-0.7969519954171614
p22663,-0.09526834879111212
p22664,2.162573032778753
p22665,-1.3203785961549275
p22666,3.7673402667304003
p22667,-0.2611250898396621
p22668,0.8111012607549053
p22669,2.1616304804354907
p22670,-0.27753811964781006
p22671,-2.6244364237157334
p22672,-1.4133708780662984
p22673,-1.3576932195507605
p22674,1.9563213916958282
p22675,1.006827181433939
p22676,1.094402985657761
p22677,0.5166009929578218
p22678,2.9173899966543844
p22679,2.434973483496268
p22680,0.04918542789078373
p22681,2.43177732237016
p22682,-0.3459971062900328
p22683,0.49833314089118613
p22684,3.103495992617612
p22685,0.8385323804706531
p22686,2.9521807719255335
p22687,0.40236972704182317
p22688,-0.6007894699091202
p22689,0.7673592161704793
p22690,2.087384566125251
p22691,-0.09840033759702094
p22692,1.8909400076210932
p22693,0.25504407540951146
p22694,0.367945345376531
p22695,-2.6210522311110864
p22696,1.906790029774533
p22697,0.43519678771098447
p22698,-1.7107175411892461
p22699,1.9656919191579925
p22700,0.7138694618107609
p22701,2.4541090069948726
p22702,2.355900463347293
p22703,-0.10123008717557003
p22704,0.474349570116626
p22705,0.8789685924108754
p22706,1.9789059793858912
p22707,1.883291207213389
p22708,-1.6860888782469403
p22709,3.183479341506305
p22710,1.9415144243113804
p22711,1.5551833725626794
p22712,1.0582258347652695
p22713,0.11928167580451865
p22714,-0.14507696033068262
p22715,-2.0802856079987344
p22716,-0.521379521871422
p22717,0.21251745634074737
p22718,2.885745588126277
p22719,-0.024682232753512223
p22720,-1.6070838125136704
p22721,-0.5231261726873789
p22722,-1.2274622496294114
p22723,-0.5997757266400013
p22724,1.966317868620282
p22725,1.3499564149883818
p22726,0.42330953572349345
p22727,3.3939702655939064
p22728,0.9901026915022166
p22729,0.04935880726162012
p22730,1.5776326031293415
p22731,0.4584655613598952
p22732,3.751403326644283
p22733,0.5500169472799474
p22734,2.7052039411094015
p22735,2.328364005629245
p22736,1.5408507504666251
p22737,3.1936496413801625
p22738,0.19360689935768616
p22739,1.7356935781722451
p22740,-2.930005020592075
p22741,1.004120783002331
p22742,2.0570188949702373
p22743,1.742691178477409
p22744,0.9886954197418265
p22745,-0.5581453864121658
p22746,1.5773085554792683
p22747,0.9420277307356903
p22748,1.0317210456902262
p22749,2.105412000457314
p22750,0.5252102409299799
p22751,0.10685146651499733
p22752,-1.7102201142767939
p22753,0.7259951528084561
p22754,1.8487176041476494
p22755,2.299031368209035
p22756,-3.29032311133972
p22757,0.6448606518307005
p22758,0.481373250628937
p22759,0.6228911072628724
p22760,0.1137738452357212
p22761,-1.939710291118852
p22762,3.05489047935799
p22763,2.3229174303879145
p22764,1.523719075493739
p22765,2.91066480890676
p22766,0.12898438862552808
p22767,-0.7341762407534779
p22768,0.07725497673957038
p22769,2.7948951822854133
p22770,1.458182367053769
p22771,2.481499565265811
p22772,1.1424945306313368
p22773,2.830955954723445
p22774,0.8689638167002753
p22775,-0.29670087304783543
p22776,2.0804542731868736
p22777,0.09885745796643408
p22778,2.9423278852359354
p22779,1.1427582018175642
p22780,-0.060101935085376756
p22781,-3.5115362605626816
p22782,2.2002765073423727
p22783,0.8623508971781801
p22784,1.1750957742128612
p22785,-0.04108400532216805
p22786,-1.8678347002484363
p22787,1.3879999025309866
p22788,2.5499595880077353
p22789,-0.09880792078854084
p22790,2.1623381620110544
p22791,2.131331769275715
p22792,1.8686192951732066
p22793,2.7281072243353215
p22794,2.6448556098839426
p22795,3.2504031555348707
p22796,2.678594610055019
p22797,1.5079931000113425
p22798,2.5768931041874015
p22799,3.051022101805081
p22800,-0.026513589903261692
p22801,-2.1758620206158663
p22802,1.3027498075821777
p22803,1.3157045550252844
p22804,3.3699375273052827
p22805,3.176273555854903
p22806,-0.15954089061707444
p22807,-0.5150741743007944
p22808,2.5238078708395726
p22809,-0.8911975858525291
p22810,1.389315375252072
p22811,1.8201157015774334
p22812,3.279500229361113
p22813,1.5272183466231892
p22814,2.7245137887987405
p22815,0.7884203760888603
p22816,-0.896089203386336
p22817,0.3037897963151613
p22818,1.7650230574612875
p22819,0.48371313735785093
p22820,1.6186668614855693
p22821,0.8042718041895739
p22822,0.8268634220921708
p22823,-0.5416454112956842
p22824,-0.01159566731973194
p22825,0.5180329840529418
p22826,-0.45911638490463813
p22827,0.6185677160430134
p22828,1.1900817253343279
p22829,1.3526660083442161
p22830,-0.5303093872945749
p22831,1.1786377330982765
p22832,-0.9110709825186328
p22833,-1.0256873103233883
p22834,0.8796857737920943
p22835,0.7921751473351356
p22836,1.213077783195306
p22837,-2.4013682109048435
p22838,2.2680267894708024
p22839,-0.4460801697598583
p22840,-2.048916363996409
p22841,2.1408592576051766
p22842,1.0807471344567168
p22843,1.4186465927817902
p22844,1.4675442390080853
p22845,2.59904416522386
p22846,0.023917598328889067
p22847,0.9083470043368715
p22848,-0.105151141629515
p22849,0.9963354384364986
p22850,0.07757423276606124
p22851,-2.042308199689591
p22852,1.4343171227328728
p22853,2.1574048289312744
p22854,-0.42586469418149175
p22855,0.24443226494151615
p22856,-1.2398237969557822
p22857,-1.4279197976986207
p22858,0.8522393353906865
p22859,-1.6847453901410385
p22860,3.992000672559264
p22861,0.2520465076244147
p22862,-1.6523816999131422
p22863,1.776401729356546
p22864,2.6587734550579287
p22865,3.9228303188384435
p22866,1.5782905078453227
p22867,-0.2761669549118587
p22868,0.5556303153143236
p22869,1.352802049350717
p22870,1.6683727920626588
p22871,0.20608715758977725
p22872,-0.715637233090931
p22873,0.6878764652062166
p22874,-1.4985988187825448
p22875,-1.0491634088958057
p22876,-0.46872863581277346
p22877,-1.6712270434891465
p22878,0.6283756340674815
p22879,1.7867451049614367
p22880,0.6438338614812602
p22881,2.1334727579183044
p22882,2.2102448652710316
p22883,1.0751877350793582
p22884,0.30630000650441686
p22885,-1.07582010669034
p22886,0.22812696884050443
p22887,-1.1554763283537226
p22888,1.1212550683964986
p22889,-0.4122419270606513
p22890,1.2071358770759903
p22891,0.2831524965543283
p22892,-1.9430133020910185
p22893,1.4824954727151738
p22894,-0.19374127771541905
p22895,3.125918568910954
p22896,3.3365071215855098
p22897,1.404921825935428
p22898,3.2357740365223684
p22899,0.006605231104178544
p22900,1.6617672179293903
p22901,0.805620949766865
p22902,2.4055211513657486
p22903,-0.8008893875203801
p22904,1.1302454769541486
p22905,2.191660525948437
p22906,2.9817385878550287
p22907,-2.4073647285215345
p22908,2.1440538686959165
p22909,1.3570348843194806
p22910,-0.3862139679306803
p22911,2.359855056524209
p22912,-1.2961571564057688
p22913,3.1087700545377643
p22914,0.694036905390757
p22915,2.8906098625335432
p22916,1.2716857444114475
p22917,0.7541563020930229
p22918,1.0381248264366996
p22919,1.599181286600349
p22920,0.9543189893616946
p22921,2.3758326791935236
p22922,1.2432536491605783
p22923,3.1973649512320406
p22924,1.7927384356930591
p22925,0.060119991223968716
p22926,-1.7361145309419173
p22927,-1.2346663786888152
p22928,-0.9522565081642741
p22929,1.686583426177291
p22930,2.45559700716953
p22931,-3.0604246480447492
p22932,0.7685336867828343
p22933,1.0339133573079005
p22934,3.365192176793491
p22935,1.7206535638402634
p22936,1.976187815549593
p22937,0.9452097790837349
p22938,1.390014526805092
p22939,-2.506679478462345
p22940,-0.4670059294779175
p22941,0.4705990804486733
p22942,-2.0136043273827586
p22943,2.6069555315330057
p22944,-1.6228251448806996
p22945,0.3712274044784614
p22946,-2.253639409860787
p22947,0.6090691527382961
p22948,0.07946200852321017
p22949,2.056036682987232
p22950,1.2207815774306157
p22951,-0.21479444516444335
p22952,2.1402187976729614
p22953,1.5350534913932765
p22954,1.7412361041268891
p22955,-0.12062982192747596
p22956,2.741291308425026
p22957,-0.09707623515791741
p22958,0.996718792596291
p22959,-3.9815707549799506
p22960,-2.244934618574917
p22961,0.8535393926330458
p22962,1.6556223534722454
p22963,0.49009081693175727
p22964,-2.7006747339386616
p22965,2.531215807473848
p22966,-0.6154813678370309
p22967,0.7082394899698958
p22968,2.376371847196385
p22969,2.4139007189591184
p22970,1.286603977528518
p22971,-0.44508736516220615
p22972,2.538114230343359
p22973,1.799080739496849
p22974,3.6303516243338794
p22975,1.8660999997371772
p22976,-0.9207991865886384
p22977,-0.48153142640525626
p22978,1.6704965179145304
p22979,0.9569082615617743
p22980,-1.4739850261370702
p22981,2.578593495316125
p22982,1.3330215565144292
p22983,1.089541283576612
p22984,3.1407760163447542
p22985,1.15814814067506
p22986,-2.3561473093269227
p22987,1.2909641416918214
p22988,1.5152418388874698
p22989,-0.5162027184769608
p22990,3.298608650529917
p22991,0.7219044391963447
p22992,0.7908917454416036
p22993,2.595048811391372
p22994,2.783226910395026
p22995,2.1535867898373624
p22996,3.0683074667168495
p22997,-4.988196888727286
p22998,1.182767532374974
p22999,0.42788551599164504
p23000,1.4834508497066832
p23001,-0.06659378773545443
p23002,3.0397626743364965
p23003,2.0202591953429745
p23004,0.6200455938344671
p23005,4.038144421560905
p23006,-0.6759318217798777
p23007,1.2074149821242088
p23008,2.7780191532055922
p23009,1.745243021892219
p23010,3.110695669890204
p23011,0.09964980753719832
p23012,2.2500004655795163
p23013,0.0462144458336573
p23014,-1.5727596674560655
p23015,-0.6601060064390448
p23016,2.571789733945354
p23017,1.3360163263664933
p23018,-0.9643053896133219
p23019,0.14010151756659917
p23020,-0.2952879717246416
p23021,2.143653255501108
p23022,-2.2274809299856386
p23023,2.5308271879151643
p23024,3.4802064087243294
p23025,0.2395666324566782
p23026,-1.1167069246655914
p23027,2.688300253864563
p23028,1.8708119083878159
p23029,2.1665225758951747
p23030,-0.026889506656506912
p23031,1.7913304217765746
p23032,0.8338581682786546
p23033,-4.383045766225858
p23034,1.9726319895472817
p23035,1.958017744342936
p23036,0.782227116409363
p23037,3.2770972533142864
p23038,2.7717197179244306
p23039,1.4607061918670914
p23040,1.579615085529631
p23041,-0.022571236889180835
p23042,2.508629506472129
p23043,1.5412266500504004
p23044,0.9002778066631477
p23045,-1.630017967949526
p23046,-0.23227341203300378
p23047,2.081111745780798
p23048,-3.7566870553231397
p23049,0.713310138531587
p23050,3.243982384202212
p23051,1.7549422389807923
p23052,0.9894625520967761
p23053,4.1438587616223685
p23054,0.014221321752554972
p23055,-2.4074661088713665
p23056,1.708832758358032
p23057,0.47962586964670406
p23058,0.7304489856961459
p23059,1.8173052808032089
p23060,2.402503773716048
p23061,2.708329487345241
p23062,2.257602019971673
p23063,0.8495810393971808
p23064,-0.6883072573630921
p23065,2.2526563907800474
p23066,2.8544175568050787
p23067,-0.8510069343202232
p23068,1.7776394845000647
p23069,-0.09494043455941303
p23070,2.824577252602189
p23071,0.725216702390682
p23072,-0.5089727445618065
p23073,-0.3637596223018903
p23074,-1.5070740584935072
p23075,2.712521566704672
p23076,-0.64466253694326
p23077,-0.5284906026548549
p23078,-1.4595648371251562
p23079,0.2261806458600929
p23080,-1.2497699000261053
p23081,1.0153002043452055
p23082,2.419029960595132
p23083,-0.26928782521817196
p23084,-2.157667504700759
p23085,3.4846262838614854
p23086,2.04429658983209
p23087,0.15420815442295932
p23088,0.8162301763508426
p23089,1.4281225382230425
p23090,3.869541334505042
p23091,0.5320081042551974
p23092,3.048336100145093
p23093,-0.524959842972145
p23094,-0.88283978580611
p23095,1.186198428016162
p23096,0.02358652068276923
p23097,0.660359731837696
p23098,-0.8500918465971968
p23099,0.5862161053211915
p23100,2.470232613683558
p23101,-0.32734919783073113
p23102,3.1413284219561732
p23103,-0.3722121492002576
p23104,3.0245781749504554
p23105,0.43523420487604914
p23106,-2.541599402268897
p23107,-0.16200359954877996
p23108,0.44608472834430346
p23109,2.3452318087349204
p23110,-3.984749923597531
p23111,0.8003476915114617
p23112,0.4476042456537115
p23113,1.8842415760295284
p23114,0.23204895834125028
p23115,1.7650074411599033
p23116,4.073576907396085
p23117,-1.2961913770673017
p23118,2.7786804305327046
p23119,-2.765205375214394
p23120,1.8757380058701463
p23121,-1.009228857852524
p23122,-4.43771383288303
p23123,0.8989818845179574
p23124,1.1835482218732178
p23125,-2.3265134758456187
p23126,1.7366684160348949
p23127,0.7086472962513171
p23128,-0.5799650332834915
p23129,1.0602994872151736
p23130,0.7148723796064419
p23131,-0.6501491139257477
p23132,-0.9472071069482678
p23133,0.36174380943855805
p23134,1.9889656022497193
p23135,3.102787525774367
p23136,-0.29970908872124913
p23137,2.3352386024171468
p23138,1.649607606414516
p23139,-1.0301879771802755
p23140,-2.4779316586273095
p23141,-1.5476641172032441
p23142,0.87179889778136
p23143,2.501973938940179
p23144,1.113686367657584
p23145,-0.38529558318156
p23146,0.21587531609372435
p23147,3.698889446228976
p23148,0.503783245946719
p23149,2.327161156584719
p23150,0.18342465261553909
p23151,-1.3825689045244856
p23152,3.1830478444328354
p23153,1.9249324914501424
p23154,0.5293145439272366
p23155,0.9607465067118721
p23156,-1.0640911530935853
p23157,-1.9532242522683188
p23158,2.777833442622409
p23159,-1.48978682448648
p23160,-2.777277723464643
p23161,-0.20244954524121528
p23162,0.37755643480380346
p23163,0.11216907184136615
p23164,-0.8776003415939059
p23165,-0.6273912312475945
p23166,1.8133830585326898
p23167,1.3703453518356499
p23168,1.268625343546804
p23169,2.2894974204951293
p23170,0.16936492194055475
p23171,1.1129106674215716
p23172,-2.7007478043882887
p23173,1.86739117505133
p23174,1.0634144628524749
p23175,0.8058456974966028
p23176,1.1457172942292018
p23177,0.7923321038067846
p23178,-1.4090920372544535
p23179,1.1909202059819575
p23180,-0.8802997667213538
p23181,1.003622447426363
p23182,0.2423658452867875
p23183,0.3278787272496574
p23184,3.3980315678023514
p23185,-3.173317947505399
p23186,-0.028201203931125574
p23187,0.9926313914231082
p23188,-0.2570207309654514
p23189,-1.6225771517157024
p23190,2.6829972050171045
p23191,1.3634542543709967
p23192,-0.9387355632180491
p23193,0.4067378354881522
p23194,0.7087632914757973
p23195,-1.59265474481353
p23196,0.5099525204526127
p23197,1.7423763804247654
p23198,2.2106331826763705
p23199,2.6609168057820636
p23200,0.6693667902033871
p23201,1.3630259605744133
p23202,-1.4627760648823722
p23203,1.5300357079844462
p23204,1.5736609273558781
p23205,0.5676067221666187
p23206,0.5787967481090163
p23207,1.401757521039553
p23208,1.8458523022936943
p23209,2.030237784699712
p23210,3.476475349821373
p23211,0.4925527631005947
p23212,4.740923288950378
p23213,0.8651332207377768
p23214,-4.382155706002237
p23215,-0.7819587132223588
p23216,-0.26990572292361004
p23217,2.1838977579037593
p23218,2.2214967887178267
p23219,1.0635536105961678
p23220,2.057648332482218
p23221,3.24100262241731
p23222,-0.16349064293955118
p23223,3.820754832794834
p23224,1.0189713079193627
p23225,0.1976367984270243
p23226,0.2689699348599627
p23227,-1.752521589815923
p23228,1.6855886255846233
p23229,0.13095604728987376
p23230,1.7265790995725467
p23231,2.2628774112813255
p23232,-1.6170439853660645
p23233,-0.3082316684253251
p23234,1.8891521037201917
p23235,2.016030193489175
p23236,-2.38536130000221
p23237,-0.2677399759363651
p23238,2.9385526374930606
p23239,1.5968264089470032
p23240,-0.36234024731274517
p23241,1.455127431711094
p23242,1.669038131894845
p23243,3.1411381159122067
p23244,1.0137017597101448
p23245,0.6602601713656763
p23246,0.8991519387487719
p23247,-1.2550269504966725
p23248,-1.05733057411187
p23249,-0.5465760948647626
p23250,-3.777310857661511
p23251,1.2398229691186824
p23252,-1.328209884496903
p23253,0.7676556715485577
p23254,2.7296032697975066
p23255,0.827477888322528
p23256,2.4318775699264332
p23257,0.0063070685907562485
p23258,3.673753816909373
p23259,2.010850493065853
p23260,2.3868998141776787
p23261,0.683344090741955
p23262,-0.2511813995632687
p23263,-0.7928904742481026
p23264,-0.058780439375811566
p23265,-0.696232800898768
p23266,-3.9148262461809336
p23267,1.4568832299587453
p23268,2.1835143418704805
p23269,0.10963812137632079
p23270,2.7552016494564273
p23271,-4.4301914874260175
p23272,0.8411349361298693
p23273,2.1265769965277217
p23274,-1.7024464305579188
p23275,0.7055400161862548
p23276,2.2219770535344385
p23277,3.1903693826279
p23278,3.0203857393879017
p23279,2.520043274895512
p23280,-0.3933529913275552
p23281,-5.0096379299056295
p23282,3.394774034468093
p23283,0.06767126257726586
p23284,-0.7740319785286193
p23285,3.119849971969768
p23286,2.0510370103799462
p23287,1.7208157178081072
p23288,2.1043627117562127
p23289,1.0609307252210134
p23290,1.4720046548736923
p23291,0.8875054734396186
p23292,1.4118894594800926
p23293,0.6099568856679491
p23294,1.4751540775838314
p23295,2.2093224971060743
p23296,-0.06072741194792619
p23297,-0.6829373570245191
p23298,1.4061988027128383
p23299,0.450587244503995
p23300,2.2421747495973574
p23301,-1.7919288127699717
p23302,2.202575287539902
p23303,-1.3413363792841286
p23304,2.8123504703748528
p23305,2.29921963228315
p23306,1.6336547517976108
p23307,2.542980828610365
p23308,1.3387782032913078
p23309,1.1463356015825612
p23310,-0.35820141340240175
p23311,1.0959466128851767
p23312,-0.9529628366935144
p23313,2.003760911216595
p23314,1.9368786883448506
p23315,-3.752734064088479
p23316,1.3585256736775684
p23317,2.0733869797379914
p23318,-0.40816202982144867
p23319,2.346939397213478
p23320,2.975837179844019
p23321,-1.4491487516652195
p23322,1.6913348844696832
p23323,1.8546319189998721
p23324,0.9967959858755984
p23325,0.1762900034061572
p23326,-0.7273674489395304
p23327,-0.06727909149477818
p23328,2.4164820406266636
p23329,1.5846689201332296
p23330,2.435097739341599
p23331,1.3312656230371602
p23332,1.094568424157684
p23333,0.9699861892584754
p23334,0.7255858708901011
p23335,0.33905945144301
p23336,1.9436809602147558
p23337,2.2832319894529283
p23338,1.1472161233625158
p23339,2.5461396962953255
p23340,-0.5531225774053298
p23341,1.1502482156359222
p23342,1.0234785775422857
p23343,2.426355118192063
p23344,0.0291924817747925
p23345,3.7397553014553346
p23346,1.7883280618224418
p23347,0.0074772353714133155
p23348,1.579591781166911
p23349,-1.960414409245217
p23350,2.381022792780452
p23351,-1.590591436765116
p23352,0.4331550603900862
p23353,0.4723041424975124
p23354,1.1777352878843377
p23355,-2.8452620775677944
p23356,0.40880467602576265
p23357,2.750703728390221
p23358,3.2753042096670804
p23359,4.284290455443093
p23360,-0.558113450942605
p23361,2.505312864126576
p23362,-0.7017978671474637
p23363,-0.7159548342183978
p23364,2.7908402357796724
p23365,0.7965199846917698
p23366,1.3561180752054334
p23367,2.5822846310412197
p23368,0.06103348580902357
p23369,-0.17958339189280892
p23370,0.3285548850210235
p23371,-1.6009003099592265
p23372,2.5719804546375142
p23373,2.1225943270310825
p23374,0.5028015354133796
p23375,0.8891709068569442
p23376,2.0661099236865694
p23377,2.314125526861609
p23378,-0.46935673462481564
p23379,0.5739136877153206
p23380,1.7613963724137616
p23381,-1.7933460934616203
p23382,1.1826844548672217
p23383,2.2516314270735793
p23384,-1.643759221033506
p23385,1.0746388589501752
p23386,-1.7507834958320805
p23387,2.320137582179241
p23388,1.3920766993792295
p23389,3.071375647594056
p23390,-0.2260496426326365
p23391,-0.16083459093060093
p23392,1.2050889620617136
p23393,1.0158674331803268
p23394,0.8899048581058506
p23395,1.5076682279997193
p23396,2.513174625764716
p23397,2.6839862168363924
p23398,0.9392190839315255
p23399,2.223125506762754
p23400,0.13424410874848225
p23401,-2.2171745919392807
p23402,-2.1405929877101846
p23403,0.6214990718309942
p23404,1.754446607607341
p23405,2.7211268411011695
p23406,0.015121931677573142
p23407,0.46335418534548195
p23408,-0.9446229879140694
p23409,2.2225456769879615
p23410,1.305374574862449
p23411,4.098134791426602
p23412,1.0468190403400812
p23413,1.582382064226859
p23414,0.775951437889822
p23415,1.1775612462806173
p23416,-0.5625868669893211
p23417,-1.4656660848017995
p23418,0.18556088656208047
p23419,1.7098233903155364
p23420,2.1955620574954935
p23421,0.7522818795851725
p23422,-2.244500790721271
p23423,0.12890832143831177
p23424,1.6532994333101758
p23425,0.9564244638143599
p23426,2.70831507839002
p23427,1.1945027050197885
p23428,2.581912303552458
p23429,2.3570477930441687
p23430,1.740055738348022
p23431,-2.08288874610495
p23432,0.36069553010020095
p23433,0.6301429141211856
p23434,1.4249064201174648
p23435,1.508247982339192
p23436,2.00930545432418
p23437,0.08627632568287724
p23438,3.8297341415695256
p23439,1.3462458329542502
p23440,-0.713878907945397
p23441,2.3984091958599856
p23442,-0.037760624773623186
p23443,1.0654065119003493
p23444,0.306469059576865
p23445,0.028357450929372807
p23446,2.652934893568386
p23447,1.9568035031441693
p23448,-1.3834880004244416
p23449,0.8829669309490182
p23450,0.5420062516018564
p23451,0.8614251999378951
p23452,1.8209546337069318
p23453,0.19449187729828243
p23454,-0.6897334921957298
p23455,-5.096842427888352
p23456,2.4177004389861136
p23457,-1.9672322761606624
p23458,3.172968448465169
p23459,1.6922325809489456
p23460,1.455238436771853
p23461,-1.3171388723555566
p23462,1.5023374404443324
p23463,1.5763016798333644
p23464,4.0670709634167475
p23465,-0.4956303805690633
p23466,1.4052240911436473
p23467,0.29901870324805385
p23468,0.15428399183724872
p23469,-0.34780608630820964
p23470,-0.8665517096673726
p23471,1.5063283501716012
p23472,1.91868940124454
p23473,-1.8331358384443543
p23474,2.313410921202332
p23475,-0.728438430499429
p23476,3.495777669122838
p23477,-0.9637825016717786
p23478,-0.3244456141626112
p23479,0.440835610343256
p23480,1.3508829963411646
p23481,1.9187876233973804
p23482,-0.6442599058758064
p23483,-0.9149072111141808
p23484,1.704716819586216
p23485,-1.55139701330496
p23486,1.3018904095515436
p23487,1.0515638774320848
p23488,-0.7714055952788333
p23489,0.8491173386313677
p23490,-2.0834328846158052
p23491,0.5903802663252611
p23492,0.04113742106172691
p23493,2.205066452741261
p23494,2.0696844085942296
p23495,-0.8384758339397528
p23496,0.29147335372403005
p23497,2.8589512200592453
p23498,-5.276657134119674
p23499,1.7830555184619108
p23500,1.8454276335124447
p23501,-1.283024197440498
p23502,0.7700762122092382
p23503,0.7609606573169582
p23504,1.192311725982144
p23505,-1.5336440304196195
p23506,-0.2354955846613186
p23507,1.7716147010187617
p23508,3.2493934029424096
p23509,2.548813335956602
p23510,0.45667111318428566
p23511,0.9667985527295958
p23512,1.7423549249957095
p23513,2.2064565362636883
p23514,1.0365912600209621
p23515,-0.5331702414480982
p23516,-2.4440370966773535
p23517,0.8275500841686065
p23518,0.6965687307080517
p23519,-2.557839558441734
p23520,2.1429413427075015
p23521,-0.2609590932116249
p23522,1.4038954816067428
p23523,3.052442429655277
p23524,1.1446166125571624
p23525,-0.719168821662948
p23526,0.9999890542104377
p23527,2.3329975099907156
p23528,3.03535772435908
p23529,-0.14213568718252556
p23530,2.108301908790836
p23531,2.311933287269868
p23532,1.0201761438991377
p23533,2.5300538361028018
p23534,0.42298846676353047
p23535,-0.8079234648008756
p23536,5.1672478815664045
p23537,0.43959540042502876
p23538,3.646167674406215
p23539,0.7812048976193791
p23540,-0.0973921924000879
p23541,-3.8371700720488096
p23542,0.17453177215602633
p23543,1.2788987616093423
p23544,0.05751519240106917
p23545,2.0894905303116365
p23546,-2.9113326371819688
p23547,0.41069833765252045
p23548,0.2061242053602188
p23549,-1.492411132176089
p23550,3.8094486364616817
p23551,-3.150089755842123
p23552,1.8802796923919978
p23553,0.5856559901781386
p23554,-3.3991638066066465
p23555,1.989972254579289
p23556,1.7876697261808474
p23557,-1.3340274339363614
p23558,1.0532576586233602
p23559,2.2643420243266092
p23560,0.7397357378283101
p23561,1.049185028938919
p23562,0.4958299868086167
p23563,3.973289046912057
p23564,2.090093770589874
p23565,0.1899457406540177
p23566,1.3471146317113438
p23567,-2.122545179422002
p23568,1.6592937551241795
p23569,0.3370891353927703
p23570,1.1393091967636286
p23571,1.028444221867972
p23572,0.06082925169999609
p23573,-1.1815047729040562
p23574,2.9248732056126534
p23575,-0.9673469509867773
p23576,2.490418400090698
p23577,3.0335610411823803
p23578,1.9103239095846685
p23579,1.2448484506385589
p23580,-1.5565793292670782
p23581,-0.7044656601216163
p23582,2.6378272220814742
p23583,0.8276164945643325
p23584,1.6387896989873214
p23585,3.435628824189824
p23586,0.2427233346842217
p23587,1.218558189803601
p23588,1.552675433304373
p23589,1.0337401054703612
p23590,-0.9740776181852865
p23591,-0.1936231435422987
p23592,1.9493005352365134
p23593,-1.4257048611171208
p23594,1.6203332896349676
p23595,-0.5328936702309061
p23596,-1.0033933321482689
p23597,-0.6152089024551491
p23598,3.407407230506505
p23599,-0.3287764298823549
p23600,2.4907567646992015
p23601,-4.320555996225638
p23602,-0.08383335325794872
p23603,0.48877206807383977
p23604,-0.45108905597349025
p23605,3.6091700782786376
p23606,0.08835596742211038
p23607,-0.6789682211140687
p23608,-1.5937023225783995
p23609,4.048495910172625
p23610,-0.6885833457305871
p23611,0.549836273357543
p23612,-0.011406756904893567
p23613,1.346645072819481
p23614,1.3853737787121858
p23615,-0.14364160749940436
p23616,-0.21141467121660729
p23617,1.8733851886427564
p23618,1.3646823943131703
p23619,2.3298579364000584
p23620,0.2781948106814517
p23621,-2.0281316794684785
p23622,1.7680691156940176
p23623,3.352352379820374
p23624,-0.18992094398809534
p23625,-0.8467918971577112
p23626,1.3569424575578606
p23627,1.9463878836778816
p23628,1.7599917723775569
p23629,0.25024210735081354
p23630,3.3694746438246233
p23631,1.2300230847443308
p23632,1.219472405927941
p23633,-1.7732296777644465
p23634,0.12548921552228676
p23635,1.203932875883609
p23636,-1.9437467668503436
p23637,2.259477628419277
p23638,0.545487760819066
p23639,-2.053667008024521
p23640,2.1526435630455696
p23641,-1.9168085208059646
p23642,0.6337418198316408
p23643,0.9577030802057991
p23644,-2.2411417364349355
p23645,-0.3326702449372362
p23646,2.2342957009526945
p23647,-1.3360950336434865
p23648,1.4095431098537898
p23649,-1.5291693986294201
p23650,-2.860535053895741
p23651,3.8214634930361937
p23652,0.8593269080496923
p23653,-1.4270721853209811
p23654,3.234467642867401
p23655,1.6367957733051322
p23656,-2.216057522548065
p23657,1.8437553757274534
p23658,2.629847616233075
p23659,3.7179969260693695
p23660,2.0805513786869185
p23661,2.401139705275451
p23662,3.032405936252332
p23663,0.28848978136859016
p23664,-0.385369033186283
p23665,-1.1494910499217479
p23666,1.7415996751207756
p23667,0.3356429541046831
p23668,2.171581831246449
p23669,2.1308605656475983
p23670,-2.304605726913328
p23671,-1.7082169813782628
p23672,-0.9964188103571169
p23673,2.36655651478528
p23674,-0.2156348394491049
p23675,-3.615181984135567
p23676,1.5105469180449855
p23677,-0.8495895270418828
p23678,-0.43639299952126887
p23679,0.5223955108018377
p23680,0.9858393797486434
p23681,1.1892686167854551
p23682,0.8930821980834046
p23683,3.4977906073701734
p23684,-0.7469335093656723
p23685,3.0280390967408386
p23686,0.05421780743150528
p23687,1.6175458640809106
p23688,2.1849953099505655
p23689,0.8187392984322097
p23690,3.589462256317645
p23691,1.2946358759132264
p23692,0.435747393165472
p23693,-1.4891054168742088
p23694,0.9382330015343662
p23695,-1.6796328261703803
p23696,-1.6220821126138603
p23697,-1.4236274314691526
p23698,-2.577932674409394
p23699,-0.33060787872966413
p23700,0.7397249027333843
p23701,0.8448892482832714
p23702,1.4462740356655375
p23703,1.2648589641477872
p23704,1.720130670198087
p23705,2.0738751697040247
p23706,1.426846611408933
p23707,0.6712160095055009
p23708,2.1579031987171375
p23709,-0.28246051470516187
p23710,0.10003871786454133
p23711,-1.4934828698144318
p23712,2.6404569489769387
p23713,3.3197654966191257
p23714,-1.7194820693375839
p23715,-2.992079217092185
p23716,1.8387766327674404
p23717,1.0580370978157925
p23718,-0.3512422706821615
p23719,-0.33088716876655233
p23720,1.1199831255574029
p23721,0.7287037846358048
p23722,2.013374558351592
p23723,1.3381012246730772
p23724,-4.177509614604182
p23725,0.19142460270953998
p23726,2.7964188787632343
p23727,2.774792585367686
p23728,0.8777068827859287
p23729,1.1987059738277466
p23730,1.3666592148784622
p23731,-2.034245844803953
p23732,0.9386016910567299
p23733,0.5590624354892552
p23734,3.746110383843584
p23735,-1.3338707268788577
p23736,2.9386245504205806
p23737,2.018567895962934
p23738,0.9862365388792165
p23739,2.24273962909526
p23740,2.7814816491542724
p23741,3.066421787832702
p23742,0.989935807589986
p23743,0.06144573637470241
p23744,2.9446631059213764
p23745,0.38981703072322393
p23746,3.7292571680779925
p23747,2.133477933833688
p23748,-0.8196550838936009
p23749,-1.0629094583923342
p23750,-1.9812638106740823
p23751,-0.41103238647815743
p23752,-1.3405980057617852
p23753,1.0008197866620496
p23754,1.5576457063732998
p23755,2.2447061869169107
p23756,1.8896070730863421
p23757,2.4630827888777524
p23758,0.18317502376011618
p23759,0.4103788478862678
p23760,0.056613800409720416
p23761,0.8812660940876895
p23762,1.030104431932064
p23763,0.9180503513257671
p23764,-0.008992655289367213
p23765,-0.956579893221383
p23766,2.7842061497267925
p23767,2.152392808483096
p23768,0.31485505158824706
p23769,-0.06913132123306076
p23770,0.13446072054792835
p23771,2.62019333199231
p23772,-0.09145775266023726
p23773,2.0694727929009917
p23774,0.4736352841652557
p23775,0.07620950259107284
p23776,-1.1439355363189345
p23777,-0.4488040720283294
p23778,-0.6691645583928724
p23779,3.3176096428375677
p23780,0.8030901366300901
p23781,0.707874196172934
p23782,3.357885923883547
p23783,1.633067469824287
p23784,2.2289441613563095
p23785,3.67184345571232
p23786,1.4715822715475393
p23787,2.1445122601761915
p23788,1.5303759361176528
p23789,0.4716149438497665
p23790,2.85588957851814
p23791,1.7206991782358774
p23792,1.8945481047668338
p23793,0.814093723931587
p23794,0.08461142316406556
p23795,1.6386955550122082
p23796,-1.9828972402737808
p23797,0.7921327055036689
p23798,1.1322320049851688
p23799,1.277781506235125
p23800,-0.1371559784308125
p23801,0.3764278754333761
p23802,1.1593709363231142
p23803,-4.122775252623602
p23804,-0.8779799634274025
p23805,0.8009771043871321
p23806,0.4746686265827124
p23807,2.3229576823125835
p23808,1.0979289730131214
p23809,1.9619887355247436
p23810,2.329385687501923
p23811,0.2950086172521654
p23812,0.8284129086534626
p23813,2.3967896922151137
p23814,-0.14118633965395289
p23815,-0.3373007324711733
p23816,1.4293419431103453
p23817,2.2473558991251803
p23818,0.5633834395973407
p23819,0.07077723458664786
p23820,-0.3949949192246046
p23821,3.339416187577949
p23822,3.8157556259497025
p23823,-0.775326670396539
p23824,-0.24185543736174064
p23825,1.0661036877163497
p23826,0.2891359448112557
p23827,0.4870466629893336
p23828,-1.884002727727569
p23829,2.6606598902503618
p23830,0.40871466595404715
p23831,-0.5335695823752215
p23832,1.1441407743655327
p23833,-1.1898851001351876
p23834,1.8488254273444777
p23835,-0.9728732906319325
p23836,-0.030768559108152682
p23837,2.828881189872889
p23838,1.193524759085827
p23839,2.8291793337995528
p23840,-1.5085326471699116
p23841,1.4289088225701219
p23842,-1.2526533613701343
p23843,-0.6653130654853351
p23844,-2.817373825594757
p23845,-0.6512941073913653
p23846,-1.4244405744912192
p23847,-2.230973510518518
p23848,0.860444016771392
p23849,2.0259661543027034
p23850,-2.981672213348794
p23851,2.7399166785835574
p23852,0.7552207233618752
p23853,2.1849630244662097
p23854,1.4676205113434162
p23855,2.0211779212966836
p23856,1.3864581640569362
p23857,0.5399489162303669
p23858,-0.728036633740701
p23859,2.66835301965351
p23860,0.9425082809915903
p23861,1.514782694795671
p23862,1.4691068621129144
p23863,0.7141330184952555
p23864,2.174078849401502
p23865,1.0141333421538143
p23866,1.1964001328582166
p23867,1.110211803170065
p23868,0.7402067623186
p23869,1.378097884126436
p23870,-2.3146294961846725
p23871,0.3074621017660125
p23872,1.5397096003923578
p23873,1.1781041868405018
p23874,3.184986799363001
p23875,2.774104706545695
p23876,1.8428759809934965
p23877,-0.15558707142080663
p23878,-0.6796392005488036
p23879,-0.7062243682825403
p23880,0.5855410717494254
p23881,1.2610663621364981
p23882,-0.1749966989305931
p23883,-0.808221771362167
p23884,2.653493195209285
p23885,-3.0061927833989093
p23886,0.5429245199388526
p23887,2.036551805811313
p23888,-0.8602419499871198
p23889,2.381946488584475
p23890,2.9682995942175947
p23891,3.3663867175593754
p23892,1.7703514826803644
p23893,-1.7325247326414406
p23894,0.37665664184528275
p23895,0.4241573185072967
p23896,1.2749843574480275
p23897,0.7641651449306284
p23898,0.994567448377504
p23899,3.402464999148229
p23900,-2.6578388346814905
p23901,1.6842229928929129
p23902,0.606717982641512
p23903,3.4365438796014
p23904,1.6398995364642386
p23905,0.8362720883318947
p23906,3.1956209901746795
p23907,0.7521602351140274
p23908,0.30619603925539335
p23909,1.149033765365622
p23910,-1.45286383201173
p23911,1.4752702620997449
p23912,-0.06598042941435545
p23913,0.88416622446939
p23914,1.4830447592396836
p23915,2.707157039354454
p23916,3.1965552546123313
p23917,1.3711139577489515
p23918,-0.13414193060003043
p23919,-1.8744394741439039
p23920,0.7893327487390166
p23921,2.650513310484891
p23922,2.2468292934242164
p23923,1.1110993872948156
p23924,0.6956911718058397
p23925,2.9672050706630038
p23926,-0.3094066586699117
p23927,3.1654816953390377
p23928,-0.558442031400339
p23929,0.5565753180274089
p23930,2.7949551268634267
p23931,2.1215437294314605
p23932,2.7319916194358953
p23933,2.6446691060376777
p23934,0.6352534829959471
p23935,1.7501495756709073
p23936,0.6451655552928725
p23937,-1.0045870145771172
p23938,-0.0831377865116889
p23939,0.511163941220976
p23940,0.8835258567164593
p23941,-0.10886455377538284
p23942,-0.3912040163738545
p23943,-1.4858296101812907
p23944,-1.006711439807419
p23945,0.42940574189749714
p23946,1.8253168478513047
p23947,0.34521348286566045
p23948,-0.379183150026995
p23949,2.9730727799289154
p23950,1.4826760308179825
p23951,3.275501548017729
p23952,0.24435274980145283
p23953,3.32067215158411
p23954,-0.5152130167391792
p23955,0.892587677702634
p23956,-0.09061161099453474
p23957,1.157781223244727
p23958,0.899673508124215
p23959,0.9860927452095296
p23960,1.0449559557035446
p23961,1.3024013301954274
p23962,2.9206896021154147
p23963,1.3949255280624322
p23964,0.44354154209832874
p23965,1.4779274380933418
p23966,-0.9638288101407285
p23967,1.4061840847811142
p23968,1.7234781339262872
p23969,1.4201742670997186
p23970,-0.32592979528661925
p23971,2.471572651842121
p23972,2.5466997279338317
p23973,1.8565481330045572
p23974,2.0329265464805895
p23975,-3.8649026043202244
p23976,0.5476189644287343
p23977,3.0923983287564263
p23978,3.1305235599921963
p23979,0.02655281285228639
p23980,-0.5942851196388107
p23981,2.7888772296397653
p23982,-0.07088342423480809
p23983,-1.1512326452550425
p23984,1.080392451767651
p23985,0.6834380192742985
p23986,-0.35136756504999556
p23987,2.526138319811532
p23988,2.940091585552419
p23989,-2.5693446589257354
p23990,0.8265896291615866
p23991,0.588401448031687
p23992,1.837984443985114
p23993,-0.6653435099495021
p23994,-0.6625599203645732
p23995,1.7957823474068841
p23996,1.8521776660155571
p23997,0.72030249851407
p23998,0.10043636782438714
p23999,2.669091271998854
p24000,1.5574010706166574
p24001,1.1602361741793439
p24002,-0.9769910885793879
p24003,2.4532087649847543
p24004,0.7642113033776662
p24005,0.07324848135225281
p24006,-0.2687972354029783
p24007,1.8546299865174176
p24008,2.79515734349707
p24009,0.7130691142300392
p24010,1.5747671199120625
p24011,0.6411147038239711
p24012,-0.8884771325962516
p24013,0.021359600166997894
p24014,1.3049294318917517
p24015,1.0276402174723231
p24016,2.8866638893082994
p24017,-1.454838167795311
p24018,2.014645085636574
p24019,0.036759461033137764
p24020,1.733348898704424
p24021,1.5083453866370409
p24022,1.4925767100336365
p24023,1.9238734678173084
p24024,3.2095188902647402
p24025,-2.790164698727794
p24026,-2.1867585951277912
p24027,-1.6213217834238902
p24028,1.636591614605802
p24029,1.8717697203451138
p24030,-2.705568648147318
p24031,2.1807734102147456
p24032,-0.7962821060803528
p24033,1.3476403334992981
p24034,-0.9311034969171547
p24035,0.08815785037253498
p24036,0.9840525675739611
p24037,1.2513364662615583
p24038,-0.8372188707264449
p24039,3.1851966721419767
p24040,-0.42126067789509125
p24041,3.9008359596130284
p24042,3.164180764846805
p24043,-0.5395121048783594
p24044,2.3334292258507747
p24045,0.33277073597664564
p24046,0.0846298732228129
p24047,-0.7806002796276813
p24048,0.419886905606286
p24049,-0.2957354683145096
p24050,-0.38926409206242607
p24051,3.0534971081455935
p24052,-1.119949087058285
p24053,-0.251226308368662
p24054,1.4425373093225593
p24055,0.7832579237162719
p24056,1.871739652653817
p24057,1.1360615785161017
p24058,-2.5137662893688204
p24059,2.831466359098691
p24060,-1.8426182612650885
p24061,1.0884045104734807
p24062,2.0581864257873956
p24063,2.939905680917638
p24064,2.187150684376227
p24065,0.7027112147962242
p24066,-0.5418628376321845
p24067,2.0558295816600998
p24068,0.11951734969167183
p24069,0.03951742027907257
p24070,1.782980370538576
p24071,-1.1814097536387376
p24072,2.598281674548411
p24073,-0.7429116127363583
p24074,3.4795520408235796
p24075,1.609354312223177
p24076,-1.632507586367237
p24077,2.173348871787539
p24078,1.2565380232949825
p24079,-0.49600901950485976
p24080,1.8607970343522942
p24081,1.8906628575958577
p24082,1.4100270266034194
p24083,-0.41211327614680615
p24084,1.5020034470337182
p24085,-0.5827649588784393
p24086,0.2464746157910691
p24087,-3.5060430670730045
p24088,2.4929709322722338
p24089,2.300173680528516
p24090,2.2930029106589718
p24091,1.7616138696644699
p24092,0.2700262596562292
p24093,2.1346212629715065
p24094,0.12867342259566106
p24095,1.1258541560514697
p24096,3.4203477697372007
p24097,1.4842168340921607
p24098,0.700633457460514
p24099,-0.9845230783790994
p24100,-0.1453476839855169
p24101,3.286784640772949
p24102,1.298500168331305
p24103,2.5211829348363213
p24104,-0.14895732113766003
p24105,-0.9344397127638552
p24106,3.5237822175970375
p24107,-4.776864075072107
p24108,0.9671489442144865
p24109,-0.18888882683137975
p24110,-1.125616373076368
p24111,1.7216003386997456
p24112,1.0113189127069475
p24113,-1.0978139094343433
p24114,1.5556974570437472
p24115,0.654674465224741
p24116,0.33016126898695897
p24117,-2.9342803050461246
p24118,4.929585991015225
p24119,-0.002097388496850039
p24120,-0.3170939724522156
p24121,1.923343586770029
p24122,1.0533834894861502
p24123,0.8710104786242953
p24124,-0.9155137251126976
p24125,-0.9412396286136832
p24126,3.1205375823204897
p24127,-2.4226577251726558
p24128,1.6520265274647854
p24129,1.2445652764644572
p24130,3.3504152828162277
p24131,1.4600522776927627
p24132,0.6215703484307504
p24133,0.46142401391815896
p24134,1.7125494066424491
p24135,-0.5012033579784193
p24136,0.8038251207913747
p24137,1.4004412651636735
p24138,0.0909528638241226
p24139,0.7176722144260061
p24140,-1.0827508899641574
p24141,2.1883108115677943
p24142,0.5896772330985636
p24143,0.8375387476691822
p24144,1.82455725531584
p24145,-0.08576398348949477
p24146,-0.6190423940462207
p24147,-0.23969776392246744
p24148,1.0006942951905198
p24149,1.814491493686612
p24150,0.2981342334806979
p24151,-1.4482533755107174
p24152,0.7364041581370067
p24153,-1.3742862668784839
p24154,1.0584419125845292
p24155,-1.5725728317078205
p24156,1.8244211803560795
p24157,1.3573002207614744
p24158,3.2490433364966416
p24159,1.877286350684595
p24160,-2.3838653195649857
p24161,3.5722212449900184
p24162,0.6538699018508018
p24163,2.7758958720943814
p24164,1.4046133237600564
p24165,1.1498804943085796
p24166,-0.13272101725404062
p24167,-1.6698986083012888
p24168,0.09080426619071069
p24169,-2.457278438346788
p24170,0.30401079589291297
p24171,1.5596170751271314
p24172,3.2958991532306565
p24173,-2.118824092693478
p24174,1.3769157857737921
p24175,2.449290985662066
p24176,-2.443973217133995
p24177,1.5052636258065868
p24178,-0.31824733225905455
p24179,-1.2170218010569411
p24180,1.4173017878695053
p24181,3.5212331934040404
p24182,3.3435172905097983
p24183,3.239740368593306
p24184,2.7489917538851456
p24185,3.8558866591626604
p24186,-2.9803458139587318
p24187,1.1352231475849477
p24188,2.9231238013625402
p24189,0.7060649602749769
p24190,1.3717917531379298
p24191,0.26178780891236075
p24192,0.45466962992130844
p24193,0.2869008753806589
p24194,1.628513556143503
p24195,0.969584436349208
p24196,0.09888726530482506
p24197,1.9923362841905616
p24198,3.008363813975347
p24199,0.1098521826560882
p24200,0.6556613314276314
p24201,-0.026545333938684412
p24202,1.8633171348244946
p24203,-0.3540010656464626
p24204,1.7946692215708593
p24205,4.5237668671748335
p24206,3.4197802456956308
p24207,1.7834872684269576
p24208,3.0475188174867536
p24209,0.8081855910162731
p24210,-0.1871975777099154
p24211,2.8656348453340406
p24212,0.2750066190116591
p24213,1.2067525611296512
p24214,0.33080710914108546
p24215,2.1770760673971146
p24216,0.08574130189988993
p24217,4.316036394550142
p24218,-0.9915695527626497
p24219,-0.6348005430655722
p24220,2.2113420615876502
p24221,1.5819672796234627
p24222,2.1561339224373737
p24223,0.3344129989772663
p24224,-0.4552964280124331
p24225,-1.522976215562739
p24226,-0.09232848497723267
p24227,0.6884256547157672
p24228,2.5727157581989624
p24229,2.3591852219106637
p24230,1.3818403947695954
p24231,-0.10453181295230596
p24232,-0.7167308970820182
p24233,0.5674074722599807
p24234,-0.6879066274989091
p24235,1.8551080909184958
p24236,-0.5055029957184384
p24237,0.7321535958599433
p24238,0.5708571558765732
p24239,3.760169126033628
p24240,-0.08928283706915818
p24241,2.2517185592161018
p24242,2.2315178548447148
p24243,1.488706416599272
p24244,0.7425419082881215
p24245,-0.23718684677872537
p24246,0.7388415330672147
p24247,0.5392311506573125
p24248,-2.106986099733327
p24249,2.325190389918393
p24250,2.2425226723373815
p24251,2.6544716045706958
p24252,-0.8512963061830515
p24253,2.1535040413471407
p24254,2.6177333263640485
p24255,-0.5013182144016207
p24256,-0.17688851830547392
p24257,2.392624535088382
p24258,-1.3841574368534735
p24259,-0.40897910665997983
p24260,1.7087759496616624
p24261,2.9188533071289458
p24262,0.9053052468535929
p24263,1.070180590565821
p24264,2.4358679129860468
p24265,-0.756753978241777
p24266,-0.7068991928024236
p24267,-0.8473189299193772
p24268,-2.2043623420728635
p24269,2.741124571762327
p24270,-2.3235463508984413
p24271,0.9036576347468566
p24272,0.0823532536744328
p24273,1.5261473234521317
p24274,2.9549152662458864
p24275,2.0470859316279326
p24276,-2.1208471572687877
p24277,0.9077669320696488
p24278,1.299166361593958
p24279,0.5007259208539498
p24280,-0.6633050308628482
p24281,0.894561727675622
p24282,1.535785234979667
p24283,1.4913404206295597
p24284,-3.2461692800775723
p24285,1.5386456090142548
p24286,1.240984352952306
p24287,1.4856523184011188
p24288,2.3614197960931684
p24289,2.696879947318283
p24290,1.8303346030048857
p24291,1.7559543991078779
p24292,-0.11667281029109267
p24293,0.3724094199429704
p24294,-0.1575877607791778
p24295,2.188350646811508
p24296,0.3549187078934404
p24297,2.5112706592382037
p24298,1.777323889823458
p24299,2.216598312699879
p24300,-1.5868086792785512
p24301,-2.9410203926059864
p24302,1.4865584745374356
p24303,-1.126228298012057
p24304,2.766450034460839
p24305,0.024455634400519677
p24306,1.7405468898892624
p24307,-0.4918900085402883
p24308,-1.4827056866082984
p24309,-0.3939443551355034
p24310,0.18960188689380153
p24311,0.4942894207476452
p24312,-2.4529065678474584
p24313,0.5469912779832662
p24314,2.731292840771965
p24315,1.914761609042305
p24316,0.13404829937393914
p24317,3.8902407682718296
p24318,2.6451146240207675
p24319,-1.438043265761304
p24320,1.1832276078018191
p24321,1.491483396316141
p24322,-1.0641545219977098
p24323,-1.0733857831899796
p24324,1.7279237176371418
p24325,0.8398001530915934
p24326,2.028849568877755
p24327,-1.88496191491696
p24328,0.5029807838730864
p24329,2.3221910103463506
p24330,1.4846645472743698
p24331,1.524055996901129
p24332,1.6036606094666728
p24333,-0.3362973972393556
p24334,1.4105669050937726
p24335,0.1008058500637824
p24336,2.814421507199115
p24337,-0.06332673481481066
p24338,2.3688574146304227
p24339,1.9472431281077158
p24340,0.5984711933161203
p24341,2.068014553737803
p24342,-0.19935786948587597
p24343,1.1064763545678487
p24344,2.8734083353016326
p24345,-1.3498545472369439
p24346,0.9630161094376806
p24347,0.6519250101485579
p24348,0.4529408364309031
p24349,-1.1258036237863593
p24350,1.3486789234131393
p24351,0.8493942783551851
p24352,-1.5414791516994222
p24353,3.0743722687721
p24354,-0.9992668685019376
p24355,-1.3087337785973547
p24356,-1.9695895429789259
p24357,1.324576543823675
p24358,2.5244470435940007
p24359,-4.445933432705421
p24360,0.9897504845831666
p24361,1.9958945478323584
p24362,0.17568329955067452
p24363,-0.5661204494811153
p24364,-1.1794558886667272
p24365,1.92867656613956
p24366,3.164901034012875
p24367,1.298668089504418
p24368,0.12093530384584772
p24369,0.8083896712994545
p24370,1.8069295219054746
p24371,-0.9076324846109322
p24372,2.2909434940966373
p24373,2.305086283483716
p24374,1.176530387086769
p24375,1.505833165355123
p24376,0.22319593040177332
p24377,-1.2198135036778441
p24378,2.943979528159655
p24379,2.9693053269584184
p24380,2.5880124565778266
p24381,1.6207310088385012
p24382,3.2478192935127725
p24383,3.058023756823958
p24384,0.007253480372225618
p24385,3.1387749405535628
p24386,1.7282443315228495
p24387,0.9771670281878083
p24388,0.0048454856453726824
p24389,-0.3979495949665498
p24390,2.6996469439342325
p24391,-0.49473924652884216
p24392,2.0676682114146407
p24393,-0.8597547927340911
p24394,-3.16417965998741
p24395,0.44030611326383745
p24396,0.06979229953140631
p24397,2.612584602546709
p24398,3.3759035337840717
p24399,2.0212424818837373
p24400,1.1338170693125305
p24401,-2.2081304842571714
p24402,-0.48937487168298743
p24403,-2.176059797348361
p24404,1.165897310796666
p24405,0.5419666033840167
p24406,-0.012707199375635692
p24407,1.6786813443202449
p24408,0.1454949889397228
p24409,3.2766654296413527
p24410,-1.8548388634571569
p24411,2.1289068476239734
p24412,-1.9181425252746256
p24413,0.10000948767214024
p24414,-0.19384412714782884
p24415,0.9655206776492586
p24416,-0.09778663684759137
p24417,-1.897095184208919
p24418,-0.546973738130785
p24419,-0.14170368918307774
p24420,1.2732556343481403
p24421,-2.6643821611548932
p24422,2.765487701042074
p24423,0.9481039868530059
p24424,-0.08187397984095834
p24425,2.5688088600651495
p24426,1.0211196136174092
p24427,2.097028150887819
p24428,0.46167090139202743
p24429,1.8881700210766383
p24430,1.2584475125761716
p24431,-2.1288598254460496
p24432,-1.9650000993245804
p24433,0.6162966728705916
p24434,1.074245594957632
p24435,-3.4458006421046528
p24436,3.0412595301091656
p24437,3.987970418832641
p24438,-4.057399714099555
p24439,3.5010262190077337
p24440,2.104662042858077
p24441,-0.05641045551416635
p24442,0.852918881014758
p24443,1.1970606133571886
p24444,1.8038509769201418
p24445,3.8109675725425607
p24446,2.3920247599121165
p24447,-0.11722624827962003
p24448,1.7348415580063743
p24449,-0.04561502485985647
p24450,2.671864857346657
p24451,0.47537977599658976
p24452,2.458357157862877
p24453,0.15353611020122104
p24454,3.4643013589466825
p24455,1.1235144105662012
p24456,0.17151545428779602
p24457,0.24328345822284358
p24458,0.22771929844948813
p24459,-2.2367057584850074
p24460,1.2425005853972708
p24461,-2.4738391828252073
p24462,0.9510552413656099
p24463,0.5866611708831491
p24464,4.331665298480909
p24465,0.02079206930134403
p24466,-4.074473689205774
p24467,-0.5957231962397412
p24468,1.6686296140410837
p24469,0.5179595968868246
p24470,-3.4686560057504585
p24471,-0.21229010995941222
p24472,0.7355692746487743
p24473,-0.8454523224118894
p24474,3.18946006999368
p24475,1.1701584442616308
p24476,3.4342255214095356
p24477,-1.8194278591860362
p24478,-0.4694014467302666
p24479,1.131629093879839
p24480,-0.11080020414557656
p24481,0.10913260467763553
p24482,-0.2985696263533305
p24483,0.9079547417194793
p24484,3.1840355427388007
p24485,0.7885507545294813
p24486,0.9225324146828585
p24487,2.016256110902157
p24488,1.1826368948148067
p24489,-0.17453223020786113
p24490,3.0259874662990773
p24491,1.1146310388984564
p24492,-0.6324359854994123
p24493,2.1502004410865054
p24494,0.5323933871612043
p24495,1.0843287106687172
p24496,0.1729807225618314
p24497,-2.2868920914234216
p24498,-0.7909335924841662
p24499,-0.9297980914924872
p24500,2.8646022911947635
p24501,0.640607722984813
p24502,1.1946168626168274
p24503,1.2424880942763372
p24504,-0.10001374869280277
p24505,-0.019717600207536212
p24506,2.833873387532994
p24507,1.8080681269191183
p24508,0.6014063528570469
p24509,-1.5378441721313698
p24510,0.17128253667472182
p24511,0.9992121462517858
p24512,-2.5232343492611045
p24513,0.6151874660990794
p24514,0.8520360879192342
p24515,1.5244171879363009
p24516,0.9341105386751499
p24517,0.37224388708324707
p24518,-0.32056104298958277
p24519,-1.5415434763537945
p24520,1.9536718930089791
p24521,2.7243812072303513
p24522,-0.6854501273534571
p24523,1.0598277268234744
p24524,3.2856577404255067
p24525,2.161882106283304
p24526,1.0400259785239911
p24527,0.5428465240797269
p24528,4.02129382855627
p24529,1.3057561367279487
p24530,0.2757760279733924
p24531,-0.41908765766204514
p24532,0.3814769976932605
p24533,0.17160600926568026
p24534,1.734709103059277
p24535,-0.54092411264202
p24536,-1.1970364759294534
p24537,-1.2541037016389005
p24538,0.6906421733275747
p24539,0.018910158372444807
p24540,3.9206641961739064
p24541,1.5788806280189984
p24542,0.19940028212201955
p24543,-0.8623085591450258
p24544,2.4135278925090735
p24545,-0.15076197510965084
p24546,0.6560173648353418
p24547,-1.5244277822001444
p24548,2.021552191655903
p24549,-0.46025998904467025
p24550,1.301570319055148
p24551,2.4006120114379272
p24552,-3.9973093746298516
p24553,0.2816609093828961
p24554,-0.1885802479538814
p24555,-4.053904161700739
p24556,-0.8561246209192509
p24557,2.5888500538201815
p24558,3.1860519315887785
p24559,2.419380819962272
p24560,2.082048742276168
p24561,3.48937209111527
p24562,0.4770524449267232
p24563,1.3192132741567395
p24564,1.5874680181037097
p24565,-1.7923059689201368
p24566,1.6406735427363277
p24567,2.6778760294769484
p24568,0.1847410122419647
p24569,-0.05783205042561901
p24570,3.482272753906364
p24571,0.572540673708654
p24572,0.08254561043877973
p24573,-0.5812903167940392
p24574,2.3475542323438483
p24575,2.5074389891928517
p24576,-0.2850127611029466
p24577,1.9588157599655496
p24578,-2.1627027976797946
p24579,0.8383194491288253
p24580,-1.077795741872607
p24581,0.9667483356232244
p24582,2.1405745147450297
p24583,-0.8668285948078703
p24584,2.4026817700976744
p24585,0.8912502127454986
p24586,1.3910433901659143
p24587,1.0884264821764105
p24588,0.6331549158344281
p24589,-0.5067487368808975
p24590,1.5250144725484573
p24591,1.7595518225505558
p24592,2.4030909693172404
p24593,1.8304122953548125
p24594,-0.9273241012369943
p24595,0.2950103472929143
p24596,3.0492109761660737
p24597,1.6650785048229375
p24598,2.211102138081403
p24599,-1.0141729623180438
p24600,0.48145137429290563
p24601,2.1758707883925554
p24602,1.7497522416035576
p24603,-0.07549669229696676
p24604,-2.2360470157692403
p24605,-1.3132530814469345
p24606,3.8635649712692453
p24607,1.8681326528092939
p24608,-1.921824253538691
p24609,1.191253074651617
p24610,3.1768536714523523
p24611,1.341993083553528
p24612,0.4843170720417247
p24613,4.1496881193868695
p24614,-0.3605729079441421
p24615,0.6146003269733249
p24616,-0.7331254242351714
p24617,-0.8738226025010464
p24618,-2.9645871064786653
p24619,-0.4318458710513492
p24620,0.35977208926387183
p24621,2.16878485319011
p24622,2.5239378177374623
p24623,-1.5766344371758607
p24624,-0.9882913239493555
p24625,0.7634745646704256
p24626,3.398289504985314
p24627,1.4290939246529448
p24628,0.3654997743410996
p24629,-0.14212827515661852
p24630,0.020479256702214288
p24631,-1.2927482913144677
p24632,1.2183232385294072
p24633,-0.831401829334072
p24634,4.583334462263308
p24635,3.8964686039983
p24636,1.7998128305100591
p24637,0.7972183183145837
p24638,2.811370798836795
p24639,4.882811197776911
p24640,0.2302387862879004
p24641,2.3290177760229014
p24642,-0.02440622442244278
p24643,1.6283380374182643
p24644,2.868906517812734
p24645,-1.007147221033792
p24646,1.7362663390440538
p24647,-0.06797766262652727
p24648,-0.3374248464314856
p24649,-4.8731718324990565
p24650,3.0971531234159073
p24651,1.2056601602915253
p24652,-0.75889732736363
p24653,-1.115194897365995
p24654,0.1408960120874374
p24655,2.558192447748587
p24656,-0.8420490217310116
p24657,-0.8036110321016688
p24658,2.680780671704407
p24659,0.16637428737914584
p24660,1.3422172111894746
p24661,0.9642814654509144
p24662,-2.620161328168636
p24663,1.4050381455766674
p24664,-1.3395405744183857
p24665,-0.575792228452198
p24666,-0.3431700246365118
p24667,-2.50637671717969
p24668,-0.6133032335725871
p24669,-0.5306055559340032
p24670,-0.48150263303208296
p24671,3.181029813450246
p24672,1.6706674753956448
p24673,1.7774177760238883
p24674,-0.49871903395723416
p24675,1.7818709452424595
p24676,-1.637166371217825
p24677,0.8891637830858875
p24678,2.139279319057605
p24679,0.8722488871458162
p24680,-1.8220179261049916
p24681,-1.6382876268765671
p24682,-1.5114197169730708
p24683,0.4520242954163674
p24684,0.16666545375115105
p24685,2.1411711857713978
p24686,-0.4279321120979914
p24687,0.7512868121250127
p24688,2.4473799370643894
p24689,-1.5180370217942545
p24690,0.5543491331157175
p24691,1.287445795683313
p24692,-2.2122831551497497
p24693,-0.5276133043760775
p24694,0.7028613502019458
p24695,1.9301357508908588
p24696,-2.3074130068979266
p24697,-0.23081464188381873
p24698,-0.0012018978236832956
p24699,-1.0508137407943474
p24700,4.019143295338312
p24701,2.179968646955809
p24702,2.814351955409731
p24703,2.043191771350747
p24704,1.7936484339665628
p24705,-0.7842753081751351
p24706,-1.5817517932308287
p24707,-0.192527661313889
p24708,-0.712407891187448
p24709,1.056527604113474
p24710,1.6370136379451954
p24711,2.6600697651349807
p24712,0.634142567515376
p24713,1.5521326678775031
p24714,-0.7129380141423342
p24715,3.6054732341337723
p24716,0.1271549758006839
p24717,2.1304964919771416
p24718,2.0066835777989356
p24719,1.1523101185609248
p24720,-2.769341075186186
p24721,-0.07246610299631906
p24722,2.045853370160426
p24723,3.105902953783341
p24724,0.17910389714231478
p24725,-5.146498206398182
p24726,-0.5947618776688356
p24727,1.5979443793514316
p24728,-1.680577442222475
p24729,2.051282884442229
p24730,-0.12238821781072784
p24731,2.598018210106846
p24732,1.6668157169663929
p24733,0.3996354798866311
p24734,0.2767477255370958
p24735,0.5087943633041705
p24736,-1.2360019933327897
p24737,0.6571258726083636
p24738,0.45752273068020016
p24739,-4.34464860399392
p24740,1.2137160492473449
p24741,0.7662444847187572
p24742,4.886769588535054
p24743,2.9198154007485577
p24744,-4.368873567665802
p24745,2.4993184724718955
p24746,-0.23254812770813282
p24747,0.5250018660829681
p24748,0.9303565942538365
p24749,2.946312235016343
p24750,2.7864709241067747
p24751,-0.9388023694831263
p24752,2.272824508015981
p24753,3.050927091528511
p24754,2.6431671090826785
p24755,2.365362308497008
p24756,-0.6245689384260565
p24757,0.5062834152010629
p24758,-0.6442190601246386
p24759,1.3092964865498848
p24760,1.0525518751790162
p24761,0.4632523488223074
p24762,1.6407178592261924
p24763,1.7358021497331053
p24764,-0.234981212804385
p24765,0.2659371079534405
p24766,0.36183023007907367
p24767,3.429941700743264
p24768,1.9717420098481
p24769,1.880263886418879
p24770,4.690223036509316
p24771,0.7893055006718759
p24772,1.7426559828867605
p24773,2.9058741137189084
p24774,0.36476890809291573
p24775,2.4795957905471133
p24776,1.7955996137510315
p24777,-1.1632533722528553
p24778,0.8676225827778078
p24779,1.4829521562419183
p24780,1.9451043077156398
p24781,-0.767410028722611
p24782,2.19703505936124
p24783,3.0385843388194176
p24784,0.8445443278316225
p24785,2.05638776176601
p24786,0.4974167610439496
p24787,0.05695208455753231
p24788,1.232079095254423
p24789,1.436670218022741
p24790,3.107920077686387
p24791,2.10625353019789
p24792,-2.5292836752074015
p24793,1.4895568631216025
p24794,1.3416567720154913
p24795,1.6878506181711388
p24796,0.7632919681728463
p24797,1.4395966120581587
p24798,2.0272603638084736
p24799,-0.6606350603276664
p24800,1.178388225154362
p24801,1.076046611939095
p24802,1.0266749795970087
p24803,0.5583062687794519
p24804,1.530787276063545
p24805,-0.4843570150732005
p24806,0.9477843644219134
p24807,0.2034216659732625
p24808,1.5003552730214729
p24809,3.1817599955030316
p24810,0.4903113864865353
p24811,2.762352170950374
p24812,0.04927404738192831
p24813,-0.6750964008601158
p24814,1.2325083281474292
p24815,1.0037402226951713
p24816,-3.3743076525166305
p24817,2.235438725867435
p24818,2.995749822406269
p24819,1.098380475174062
p24820,2.6331227013936056
p24821,-0.21487098632321178
p24822,-0.48206231280735745
p24823,-2.8416027225663414
p24824,2.525005269276643
p24825,0.38176349320447744
p24826,2.2670916271851556
p24827,-0.987421887811832
p24828,1.89594098096553
p24829,3.135925975014453
p24830,0.43379657973483754
p24831,0.24884961916490822
p24832,2.1758524188832418
p24833,2.520193832108334
p24834,-1.6336382338644841
p24835,0.13406657229222374
p24836,0.02794762341258228
p24837,-3.2034357850050843
p24838,1.952938885601208
p24839,0.13687690521973295
p24840,2.013933017865117
p24841,-0.3289418668350982
p24842,3.1963260199432293
p24843,2.0414039679989604
p24844,1.147625154293119
p24845,1.089998257539546
p24846,1.1957044810453192
p24847,-0.09977409768538437
p24848,1.800097977325637
p24849,0.12819319904385684
p24850,3.307820476567422
p24851,-0.7565233744548158
p24852,2.6739373992523756
p24853,0.49588204495989774
p24854,-2.031907099032887
p24855,-1.5603649174989491
p24856,1.0494945804585407
p24857,2.5979144275659927
p24858,2.0009509194043753
p24859,1.5936767326430357
p24860,0.14514461641984144
p24861,0.21323084356582778
p24862,2.168208087054715
p24863,-2.6088493209806174
p24864,1.9698249002143724
p24865,2.0211152668793035
p24866,1.7091298428149866
p24867,1.0909292896256122
p24868,2.1422190691331844
p24869,1.4682773540488352
p24870,-1.7444501392227387
p24871,0.8273342898918704
p24872,2.825427155528607
p24873,-1.2892558428019187
p24874,1.6995945450867258
p24875,-0.9825041332464005
p24876,-1.4270341421494375
p24877,1.3428088022208797
p24878,2.795227118259149
p24879,0.8167417746859889
p24880,-1.6460529758580034
p24881,-2.24442126413969
p24882,-0.24253160024219766
p24883,-1.188850312249747
p24884,-0.779766320035658
p24885,1.156394724705515
p24886,3.272623437410367
p24887,-1.875671799703099
p24888,3.4217286706476706
p24889,2.7949504081270806
p24890,0.581126631156721
p24891,0.5195135005688202
p24892,1.9257956678140027
p24893,-0.07032956079199859
p24894,0.5213256327243792
p24895,3.0159897944020946
p24896,1.7033306122231493
p24897,-2.85124889751654
p24898,2.6622315513668267
p24899,0.7867208025667325
p24900,-0.7884225421002774
p24901,1.7475470534507767
p24902,0.05706752633624668
p24903,0.6424727275137778
p24904,0.3260722559206556
p24905,0.7890302377903414
p24906,2.6788120329262837
p24907,-1.1523088019628744
p24908,3.037393455933068
p24909,0.6074624872828311
p24910,1.2980041170523617
p24911,1.8862930588204971
p24912,2.1418623328099087
p24913,1.442671357780093
p24914,-0.5756329547193014
p24915,-0.3035435721638867
p24916,2.6639073003959597
p24917,0.5384154505277428
p24918,1.5590915128693452
p24919,1.4856523480460893
p24920,2.190886288884136
p24921,-3.762033531535787
p24922,2.7381017075955105
p24923,2.3865455017854713
p24924,1.9792749492096475
p24925,0.848905978864448
p24926,1.4334739500982265
p24927,2.0227780078039186
p24928,0.9515102535471092
p24929,2.766919053254842
p24930,4.0247500290571825
p24931,-1.672930938952033
p24932,2.3747071576100907
p24933,-0.7544439909469135
p24934,-0.4705057962424831
p24935,1.5269930768365758
p24936,0.38110484343943574
p24937,-0.6153696999323982
p24938,-0.6499988604823662
p24939,2.590634376470627
p24940,1.808609789975907
p24941,0.16364280614221005
p24942,2.3839434752797253
p24943,-1.5307283219754448
p24944,2.1725546226811074
p24945,0.16642948937972502
p24946,1.5060922347305397
p24947,-0.34565127732653644
p24948,-1.6603377781988287
p24949,1.192925694383675
p24950,-1.159466011063865
p24951,3.63437652000234
p24952,-2.4587499533534687
p24953,1.5305717905838163
p24954,2.456756423921402
p24955,-0.4337677789920257
p24956,-0.9392127978293295
p24957,0.3771832052117962
p24958,-5.264747064149824
p24959,-0.7207385332049946
p24960,2.2895633657623997
p24961,2.589282544857786
p24962,-0.060712862214082786
p24963,2.116401331273257
p24964,1.8703950797751987
p24965,0.07686488491061638
p24966,-0.41696741277375937
p24967,0.9535405353295923
p24968,2.1459532750304873
p24969,2.2057286401661194
p24970,0.5163360996163778
p24971,2.450284709094194
p24972,-0.8664998006993129
p24973,-0.3581535304056921
p24974,-0.6991322000162413
p24975,1.9177188270019498
p24976,0.21613559515388148
p24977,2.750349900165583
p24978,-0.052160710723659354
p24979,-0.026482320615029198
p24980,-0.30043460472733463
p24981,0.8670367267403537
p24982,1.2699041690157022
p24983,1.502436888615493
p24984,0.24674635462302918
p24985,0.06101946419044613
p24986,0.019935352616478164
p24987,-4.4903093273590535
p24988,0.044622734687119636
p24989,-0.40892072583850425
p24990,1.5134053557358342
p24991,1.8535319674303854
p24992,0.47216730812649066
p24993,-2.020589554811706
p24994,1.012434701238751
p24995,-1.800707310210135
p24996,-0.6263462214431655
p24997,0.7942044441938721
p24998,4.180741387284375
p24999,0.17741498603185013
