patient_id,fold,e,y,wt,mu0,mu1,phi,a,b,treatment,duration,event
p1,2.0,0.48973168152472063,0.5987204077291715,0.0,4.486374779546573,8.004576313247831,3.5182015337012587,0.0,0.0,1,0.5987204077291715,0
p4,4.0,0.2717505687814424,1.8927271247097879,0.0,11.991822871524533,12.540224799856123,0.5484019283315895,0.0,0.0,1,1.8927271247097879,0
p5,4.0,0.3698609594256971,13.571177677783066,1.2508408675400302,12.353148855344921,10.45917339560856,-4.311791419145464,0.0,1.9850236011405122,0,13.571177677783066,1
p6,0.0,0.3084581565817353,6.170290568428922,1.1281637669890041,11.90659685782696,9.520911990391191,6.972379252099886,0.0,1.6313745548823684,0,6.170290568428922,1
p7,4.0,0.3007216705827393,7.722658203046585,0.0,13.306518897334962,7.481013099709716,-5.8255057976252465,0.0,0.0,0,7.722658203046585,0
p8,3.0,0.47718129627422196,1.2480477177891336,1.0251058729255338,10.807698594562453,8.724125487676133,-18.144075243489446,2.1482524167008337,0.0,1,1.2480477177891336,1
p10,0.0,0.6545092063847043,2.265501738548736,1.0275003152039672,10.321145099075972,8.89652621165266,-11.83452553163141,1.5698790867733463,0.0,1,2.265501738548736,1
p11,2.0,0.5521477655647429,6.4088958521022406,1.3194888104568232,6.68088990899201,10.770349350057947,-6.333274194366166,2.3897385677314755,0.0,1,6.4088958521022406,1
p12,3.0,0.5959815795042673,20.0,3.110984812020097,7.363397049888768,10.543565395718542,-94.12301848681025,0.0,7.7001063669396625,0,27.131173471122437,0
p13,1.0,0.20708466974975676,1.707206012631017,1.0230461784084943,13.34811986078983,9.482695703283127,-42.27814211914437,4.9402313538938145,0.0,1,1.707206012631017,1
p15,2.0,0.6891845877218065,18.83677777827891,0.0,7.152144311038444,11.330954658482032,4.178810347443588,0.0,0.0,1,18.83677777827891,0
p18,1.0,0.39049897025827907,5.178103267097658,1.0383253506608359,13.778697583272631,10.605407810067394,-17.604333954947798,2.658970777756672,0.0,1,5.178103267097658,1
p19,0.0,0.4601613337058849,0.7531087360118808,0.0,10.457779126971163,12.26098125532909,1.8032021283579276,0.0,0.0,0,0.7531087360118808,0
p22,3.0,0.4233348049435233,6.145861999686744,0.0,7.122475076704797,10.745594302370755,3.623119225665958,0.0,0.0,0,6.145861999686744,0
p23,3.0,0.24339463480428294,20.0,1.4344829046479108,11.481317400997677,11.094405936194676,-16.53787353897419,0.0,1.8959459853643013,0,23.471115935933934,0
p26,4.0,0.761685540612872,0.8355081117194844,0.0,7.725680132340992,9.774112681299169,2.0484325489581767,0.0,0.0,1,0.8355081117194844,0
p27,0.0,0.4132104726856627,13.74706909634641,0.0,11.048729121914272,8.204055209563773,-2.8446739123504994,0.0,0.0,0,13.74706909634641,0
p28,2.0,0.2581053398997606,3.525749390380454,1.0536430562602674,11.755070456197323,10.763531101409582,-30.537764339962763,4.08222106783791,0.0,1,3.525749390380454,1
p29,4.0,0.1675758746021455,20.0,1.3169714558586494,17.92555578242261,13.037282789492174,-8.170234360898608,0.0,1.5820918876290462,0,21.22345107802696,0
p30,3.0,0.37065918440931445,13.78838376390394,1.1113483561370858,10.19138306060762,12.484421785020166,6.2027111746099735,2.9983024915682037,0.0,1,13.78838376390394,1
p32,3.0,0.5053759323640389,4.682303635366752,1.1452217129637883,13.864390919166999,8.746457390600908,16.1416986158933,0.0,2.3153376228482703,0,4.682303635366752,1
p33,3.0,0.20566779312870928,11.125104430398801,0.0,11.87438964879239,6.807132374831507,-5.067257273960882,0.0,0.0,1,11.125104430398801,0
p34,2.0,0.5980273158763203,9.94144324446284,1.2578814448739837,9.912101855843538,7.970616654629904,2.203921091444447,2.1033845971245393,0.0,1,9.94144324446284,1
p35,2.0,0.8677617005613831,4.810555593144294,1.3461166005178438,5.538428124958508,11.208697097300144,-4.2548573447504845,1.551251454917862,0.0,1,4.810555593144294,1
p36,4.0,0.7153697124456266,3.130818510016251,1.1366220427456628,8.122707648697848,9.752884906175959,-8.891356578038511,1.5888596105919908,0.0,1,3.130818510016251,1
p38,1.0,0.3129318829023146,0.8675781942260914,1.0235379545153858,10.133044131649426,11.311575491343953,14.981465620831138,0.0,1.48971831037513,0,0.8675781942260914,1
p39,0.0,0.0809844551279554,18.295703885447885,1.4627335437882143,13.925206869480311,12.500116597026674,-8.381308395153784,0.0,1.5916309054292135,0,18.295703885447885,1
p42,1.0,0.6208609958939544,2.6477000198361815,0.0,7.701513581784877,10.730409001720203,3.028895419935325,0.0,0.0,0,2.6477000198361815,0
p43,0.0,0.3255986358824734,10.041466104376633,1.1258693360299565,10.37965343494428,13.829674474532862,-9.649013085328335,3.457844142923084,0.0,1,10.041466104376633,1
p44,2.0,0.4778695835037664,0.9486212880571877,1.0408683695435603,11.206482379171694,8.98510018781031,18.227691089144777,0.0,1.9935026511734901,0,0.9486212880571877,1
p45,3.0,0.5191269394255537,20.0,3.023971182472093,7.231832117956578,10.08913896841832,-77.43534186257122,0.0,6.288501956960713,0,25.349803583598444,0
p46,1.0,0.5742305881783271,0.5824761347418715,1.0148042467383354,11.700307431905811,10.49486731955673,-18.723031262609958,1.767241710264289,0.0,1,0.5824761347418715,1
p47,0.0,0.3102548049368009,20.0,1.8157911198376027,10.007792318715167,11.384492683197378,-24.928320830464468,0.0,2.632553489076829,0,30.95904119803136,0
p48,1.0,0.5630177498813242,1.7115401183577537,1.0409215193509724,14.517249180176854,9.806166851268305,-19.676633875331902,1.8488254048302797,0.0,1,1.7115401183577537,1
p49,4.0,0.7694495191460589,20.0,8.13217080589221,6.8547597090332015,10.394891389354253,105.05476244856787,10.568816541619725,0.0,1,25.094865066704788,1
p51,2.0,0.2310829631371598,12.403466175177936,1.0669208871406441,7.786453294133502,8.67538274496184,18.10166563311278,4.617046936979819,0.0,1,12.403466175177936,1
p52,3.0,0.45060898435538943,6.42319939826385,1.2719965378121783,9.638861775259254,13.782031457907912,11.588343145326778,0.0,2.3152845634356094,0,6.42319939826385,1
p54,2.0,0.5218615083747524,5.6052960626962305,0.0,8.082580624055755,6.646989375996645,-1.4355912480591098,0.0,0.0,1,5.6052960626962305,0
p55,2.0,0.7338209490044245,1.2412417178713349,1.0364032475554692,9.61316583129187,12.593622813331022,-13.052942787733292,1.4123380491679316,0.0,1,1.2412417178713349,1
p56,1.0,0.06601526081500687,3.5467986013767776,0.0,13.787374992578805,8.145645267201347,-5.641729725377457,0.0,0.0,0,3.5467986013767776,0
p60,2.0,0.358043586367625,5.079626546963445,1.0644654114918517,11.919959365924901,10.568771673958445,-17.67044419820047,2.9730051089335827,0.0,1,5.079626546963445,1
p61,2.0,0.6958558994430559,20.0,1.5690762458333978,10.70184186603708,8.644915842205862,-50.026026957525815,0.0,5.158989580794528,0,21.095725116681308,1
p62,2.0,0.7113176272050993,3.142538417894088,1.652033933446971,7.939545155572672,8.845493176257643,28.357634221314527,0.0,5.722669927687917,0,3.142538417894088,1
p66,3.0,0.5976577349067853,12.132429680868897,1.2662286291245,8.61782042784458,9.594373990814814,6.353809790667276,2.118651788756636,0.0,1,12.132429680868897,1
p67,2.0,0.8408986531203686,0.024849409606411323,1.005289046100253,7.216523715133766,7.708097479114893,45.93249267673523,0.0,6.318545165182087,0,0.024849409606411323,1
p68,4.0,0.38188055781813324,5.095295553943632,0.0,11.487286897255878,10.793650892096316,-0.6936360051595614,0.0,0.0,0,5.095295553943632,0
p69,2.0,0.5179682274010283,8.744333644853052,0.0,9.516108435641529,6.117482413194307,-3.398626022447222,0.0,0.0,0,8.744333644853052,0
p70,2.0,0.45287775070543496,5.799025588317109,0.0,10.65710660719181,7.068970221998746,-3.5881363851930645,0.0,0.0,0,5.799025588317109,0
p71,2.0,0.6116429315221174,20.0,1.756382738076562,9.214171911240799,7.691696188817095,33.821826050451264,2.8715818454824245,0.0,1,24.146683219324043,1
p72,3.0,0.2657156235537592,20.0,1.3679385233826962,11.15433153564052,10.803978208343187,-16.829432885045065,0.0,1.8629546906652006,0,30.0644833141957,0
p73,2.0,0.524012761146584,20.0,2.029989110778528,12.012217246721022,11.88054326304742,-34.19794863313837,0.0,4.2647973413499,0,27.16390816052342,1
p75,4.0,0.6114385745141455,4.217935080156917,1.2121123284027944,11.745122097520467,8.754441945665905,20.490282145242958,0.0,3.1194870331947584,0,4.217935080156917,1
p76,2.0,0.46600616675611045,20.0,1.4218548069143415,11.30233675003428,13.584273741942718,21.857281419999513,3.0511501957408327,0.0,1,35.175810182635715,0
p78,4.0,0.4974669259964255,4.038299211986281,1.1014356254214066,5.432643992660025,11.043682957812438,8.667118445293326,0.0,2.1917674326318513,0,4.038299211986281,1
p79,3.0,0.42375673905564987,20.0,1.992782450436325,11.823980666203619,10.828050903229803,-29.270495293018243,0.0,3.458231246245802,0,25.415214559999765,0
p80,2.0,0.44020860244589416,13.29682430596017,1.2105011600058615,8.389287191810702,6.445083310420342,16.896955462332585,2.749835312804101,0.0,1,13.29682430596017,1
p83,3.0,0.48473609544876556,2.3012997646119886,1.0416295599581933,7.510637142555223,11.362040620766004,-15.618851779247098,2.148859079689247,0.0,1,2.3012997646119886,1
p84,4.0,0.6274111352164744,2.342302262577289,1.392241334345543,0.33231145606541357,13.499436657589278,5.656454467694405,0.0,3.736669197439479,0,2.342302262577289,1
p86,0.0,0.36378846143202626,0.11755901511585728,1.006036799560076,9.066144401309682,10.13450420469012,-26.632946170478636,2.7654444992562075,0.0,1,0.11755901511585728,1
p87,3.0,0.6795077559386533,0.6869412660844528,1.0225000391157097,6.020993507895913,6.588756150035906,-8.313086615213958,1.5047658105141954,0.0,1,0.6869412660844528,1
p90,2.0,0.7736241552242143,0.44634233197990747,1.0356882583111557,7.858112291376082,10.677028855126174,-10.877400743474965,1.3387486046257038,0.0,1,0.44634233197990747,1
p91,3.0,0.4032782144454249,7.164519540819003,0.0,4.1941297432850115,15.029027767074956,10.834898023789943,0.0,0.0,0,7.164519540819003,0
p92,1.0,0.6838239106902609,7.55066011258145,1.0736302869903729,6.650273466037631,8.357974547597824,0.44018584114810455,1.5700391141728816,0.0,1,7.55066011258145,1
p93,1.0,0.5040734162178208,5.477573032435781,0.0,6.205877265948482,8.476828178549948,2.2709509126014655,0.0,0.0,0,5.477573032435781,0
p94,0.0,0.653555090661597,14.643157692089583,1.8974789309321258,7.457687230334377,11.265929750266983,13.613412667221306,2.903319028563145,0.0,1,14.643157692089583,1
p95,4.0,0.7095814360271856,0.5309298215950513,1.0270286999950013,8.651367129855974,9.889083541131074,-12.307018499969457,1.447372560569149,0.0,1,0.5309298215950513,1
p96,4.0,0.8672597260232688,0.7112674504795565,0.0,5.522310454279472,9.14731084666724,3.6250003923877685,0.0,0.0,0,0.7112674504795565,0
p98,4.0,0.6813654020566685,2.0707874950405634,0.0,6.001867351893022,10.576746542595219,4.574879190702196,0.0,0.0,0,2.0707874950405634,0
p99,3.0,0.8221095823759313,18.276559103766246,1.1282279389118306,8.527752979606003,10.069065138637088,12.804924940611112,1.3723571201435267,0.0,1,18.276559103766246,1
p100,4.0,0.6826892433806205,2.879908185595687,0.0,4.997988746424653,12.642277351022619,7.644288604597966,0.0,0.0,0,2.879908185595687,0
p101,0.0,0.6363980972873929,2.551879552682786,1.0588532338581742,11.347089667304715,7.750870669684666,-12.246415439912925,1.663822123874144,0.0,1,2.551879552682786,1
p102,3.0,0.13828219663332517,0.37231075991250256,1.005516631990018,14.962930779839168,16.964198337166156,19.026691708671805,0.0,1.1668746172604658,0,0.37231075991250256,1
p104,3.0,0.5643239028203432,5.713445945688184,1.1806799930174647,3.7805481394737384,14.489231406429017,-7.652038766484592,2.092202699755823,0.0,1,5.713445945688184,1
p105,2.0,0.16380558854904073,20.0,1.6777693299843197,14.717111477618326,8.695484763108597,-16.621396594815817,0.0,2.0064345169122393,0,32.64790124258246,0
p107,1.0,0.3741108250960888,14.60022985501036,1.3988022172569325,10.311685350428828,13.862883503836525,-6.033287091499506,0.0,2.234903994739455,0,14.60022985501036,1
p108,0.0,0.18441731933888156,4.220917053588336,1.028755078695101,13.627225308590305,8.333461127826979,-28.23521359504536,5.57840815810082,0.0,1,4.220917053588336,1
p109,4.0,0.6446273097807712,9.086011818573303,0.0,10.270057333162605,13.83075644927838,3.560699116115776,0.0,0.0,0,9.086011818573303,0
p110,0.0,0.4546261806026035,19.287403057957874,1.957211526272927,9.04595559808638,14.141942196199745,-31.658031107260136,0.0,3.5887522588369234,0,19.287403057957874,1
p111,2.0,0.6210071565932136,10.397399863143065,0.0,12.256768852395911,9.699648064884729,-2.5571207875111828,0.0,0.0,0,10.397399863143065,0
p112,3.0,0.23947667935520403,11.17591000016732,1.070829686293262,12.957163838967407,10.30661437706043,1.2365411804638669,4.471540565772389,0.0,1,11.17591000016732,1
p114,4.0,0.3434392952078183,4.208581012163727,0.0,8.773629277535763,9.562904390811413,0.7892751132756501,0.0,0.0,1,4.208581012163727,0
p115,2.0,0.711471429816,1.5172543821766717,0.0,5.534725672894485,6.376305889501771,0.8415802166072863,0.0,0.0,0,1.5172543821766717,0
p117,0.0,0.816953129446449,1.4038202561030073,1.082981463935851,4.274284670293047,10.593827561359875,-5.863050217759297,1.3256347578589454,0.0,1,1.4038202561030073,1
p118,3.0,0.5877147325540971,0.8530459316397664,1.0957695823324882,8.956307160081591,11.181077969306152,23.76157523308339,0.0,2.657794660286442,0,0.8530459316397664,1
p119,2.0,0.48748828420255624,9.967281896372457,1.77328870576474,7.954043383069288,10.139558657634796,-4.78028278937977,0.0,3.4599964276047577,0,9.967281896372457,1
p120,2.0,0.264229208221914,1.0683531776160715,1.0317398758675655,14.57234401252608,6.793908677688292,11.157632776886025,0.0,1.4022571803567137,0,1.0683531776160715,1
p121,3.0,0.3402977758174703,5.09089693824094,1.0384425030147442,12.725195554696889,11.971185717351625,-21.74969305649241,3.051570056607559,0.0,1,5.09089693824094,1
p123,2.0,0.5787173177956532,20.0,1.8476946018717453,5.686399702691764,11.099259310415098,33.83062078246893,3.192741162316784,0.0,1,32.569754258736495,0
p124,2.0,0.6624137388558566,18.763683921466104,0.0,7.509529121892858,9.708504570241372,2.1989754483485138,0.0,0.0,0,18.763683921466104,0
p127,3.0,0.4896995229347131,5.60430018321218,1.1685267394707657,11.844023255027253,8.612955125485291,-10.41035580541686,2.3862117170707435,0.0,1,5.60430018321218,1
p128,2.0,0.12670926981841157,3.250064543313395,1.0664314105246167,11.346945658277361,10.34233050513537,8.883006517233094,0.0,1.2211642396603333,0,3.250064543313395,1
p129,3.0,0.6043452873151394,6.18405658712567,1.4561068473532444,12.736736079599114,10.675997475889657,22.054736763069503,0.0,3.6802464388008818,0,6.18405658712567,1
p134,0.0,0.4952081691081545,4.20438072182815,0.0,13.33164441613394,8.111482784775275,-5.220161631358666,0.0,0.0,0,4.20438072182815,0
p135,0.0,0.5402531896515438,4.648871472098342,1.1540157507325541,8.305868865258747,9.422705683094813,10.29630799001528,0.0,2.5101114890995984,0,4.648871472098342,1
p136,0.0,0.41141135038099474,6.570040024926961,1.2034493427292248,6.483685055565133,12.858334208120839,-12.019698729787674,2.9251729239233417,0.0,1,6.570040024926961,1
p137,1.0,0.3805126357252062,0.900879586098301,0.0,4.839850017650032,13.268455335654112,8.428605318004081,0.0,0.0,0,0.900879586098301,0
p138,2.0,0.46992008436386046,4.016447558873868,1.0995804784065373,14.551779061056195,15.088776110171136,22.39114490800678,0.0,2.0743673660733783,0,4.016447558873868,1
p139,2.0,0.3535121223935721,20.0,1.499955360358788,8.441669865440838,12.613279592382982,35.5135359835515,4.243009688615028,0.0,1,23.564364898073066,1
p140,3.0,0.27558638942786834,20.0,1.3025421512048485,11.321458994464223,16.018328224051878,23.51599644121126,4.726438609355831,0.0,1,23.253748784733684,0
p141,0.0,0.12551400300279267,19.099233873611787,1.3295929537642903,12.738660305620167,10.576123454432423,-11.833330696875883,0.0,1.5204279523397977,0,19.099233873611787,1
p142,1.0,0.18744430592603376,8.848346349649228,1.2182079604806493,11.975951341908557,9.115371412025072,1.828419638511031,0.0,1.4992301073823462,0,8.848346349649228,1
p143,3.0,0.1829505391411477,20.0,1.5024211126260034,11.410851516085687,8.29294169315294,-18.911957356049943,0.0,1.8388374077705327,0,26.197249131148237,0
p144,2.0,0.5164789244267777,6.347783121258404,1.2279837518667343,10.049620460268208,9.921148820323149,9.27297192478169,0.0,2.539669548862868,0,6.347783121258404,1
p145,1.0,0.5668900480314405,0.3528525619226084,0.0,9.66080698115962,8.942989252093787,-0.7178177290658336,0.0,0.0,0,0.3528525619226084,0
p146,4.0,0.5852709445687624,4.156570303931745,1.31317550098375,4.504206420681423,11.585457639260797,8.181987291430902,0.0,3.1663455544929273,0,4.156570303931745,1
p149,3.0,0.5029348304064083,0.6912780104202092,0.0,9.09219053068626,8.67731609502843,-0.4148744356578291,0.0,0.0,1,0.6912780104202092,0
p150,4.0,0.518866750962063,8.724923836800603,1.390142677865278,6.048316533833561,13.345417765926992,-5.082080497679127,2.679190129812188,0.0,1,8.724923836800603,1
p152,4.0,0.123076033897253,2.1359797466707633,1.034875458776538,15.067257739948612,8.993505880747625,9.186707157940754,0.0,1.1801199405870546,0,2.1359797466707633,1
p153,1.0,0.6945045873959992,20.0,2.196582778172505,10.065267298046978,6.615183977852389,38.88348350834645,3.162805283127722,0.0,1,22.613963462548565,1
p154,4.0,0.3024773252763233,0.06231484771515118,0.0,13.542048237147748,10.801924274319816,-2.7401239628279317,0.0,0.0,1,0.06231484771515118,0
p155,0.0,0.17105926570063562,20.0,1.33453267278559,14.763831577175004,7.526177557164315,-15.667494117535144,0.0,1.6099253150028403,0,31.521254721442745,0
p156,1.0,0.6537431227149905,3.8582090552003003,1.1197574624095268,2.547668777863585,10.853009765947359,-3.6756344467295925,1.712840140878549,0.0,1,3.8582090552003003,1
p159,2.0,0.815041844242694,17.024609834069814,0.0,5.592857158296499,7.216637184793028,1.6237800264965294,0.0,0.0,1,17.024609834069814,0
p160,3.0,0.4550352962464644,20.0,1.6875950229698091,14.057318665697142,7.080850602165662,-25.379200155701444,0.0,3.0967051835581567,0,21.659757573689078,0
p161,2.0,0.7564108091275485,1.0962793767047858,1.0488960284901663,10.129659531032281,6.976505670332769,-11.307117198589644,1.3866750922028375,0.0,1,1.0962793767047858,1
p162,2.0,0.4012409971805305,4.394482654741435,1.061540052622763,10.674789678126507,10.390096757468832,-16.14694168097416,2.64564204575821,0.0,1,4.394482654741435,1
p164,1.0,0.6011413789091755,8.117499021347744,0.0,12.700256141253845,14.164674915945456,1.4644187746916106,0.0,0.0,1,8.117499021347744,0
p165,2.0,0.6085378626878148,7.884843016759751,0.0,6.7101278727422535,9.603493192539586,2.893365319797333,0.0,0.0,0,7.884843016759751,0
p166,4.0,0.39597564639074745,5.389275229481041,0.0,7.878450906288554,8.895729543808232,1.0172786375196772,0.0,0.0,1,5.389275229481041,0
p168,4.0,0.3684471125336596,11.449971471490974,0.0,12.605199512176839,5.170146231228174,-7.435053280948664,0.0,0.0,0,11.449971471490974,0
p169,0.0,0.6060617338629497,0.33175137255070436,0.0,7.951823355720238,11.064389843704532,3.112566487984294,0.0,0.0,1,0.33175137255070436,0
p170,0.0,0.5295077574459964,0.04657293594310116,0.0,2.6304138848916208,14.856259989535646,12.225846104644026,0.0,0.0,0,0.04657293594310116,0
p172,0.0,0.2982307049873596,13.65812718705948,1.1530650299702117,9.639372289332389,7.667275514867018,21.19064752859517,3.8663524938489613,0.0,1,13.65812718705948,1
p173,1.0,0.724096437656257,2.0064134461439926,0.0,9.001487766867807,6.9805968326381,-2.0208909342297074,0.0,0.0,1,2.0064134461439926,0
p174,2.0,0.34919118334573324,3.9378313113232353,1.0463930600332516,12.147889681090135,11.62990294578655,-23.5681975065527,2.9966193590782066,0.0,1,3.9378313113232353,1
p175,1.0,0.8132248867383437,20.0,1.651960460102864,8.067443154391496,8.345962812840659,23.95217862745953,2.0313697810312887,0.0,1,20.24531215708642,0
p176,1.0,0.3714077167268131,2.0438167599975285,0.0,10.181817864200958,11.169369166616042,0.987551302415083,0.0,0.0,0,2.0438167599975285,0
p177,2.0,0.5626154647842792,0.08596563347172652,1.0023127195255186,10.0878318188974,8.192878485437852,-16.337609776837134,1.7815235845140347,0.0,1,0.08596563347172652,1
p178,3.0,0.44531102870499106,5.666841109169543,1.1756097676945811,9.649093451667017,9.824043851503921,8.614950099731391,0.0,2.1194035369946778,0,5.666841109169543,1
p179,0.0,0.5525687644955629,4.078539439133006,1.1037479871499627,12.069206794192793,11.513569421674287,19.15618046511812,0.0,2.4668550149512685,0,4.078539439133006,1
p181,2.0,0.8673620738177928,9.916928652910052,0.0,3.710509719709697,7.206332881352119,3.4958231616424222,0.0,0.0,0,9.916928652910052,0
p184,2.0,0.6345791264820698,7.1321574022647365,1.138999681901244,9.78517873113193,9.708796931734703,-4.701166135922968,1.794889926833146,0.0,1,7.1321574022647365,1
p185,1.0,0.5841556430782268,7.456350682699575,1.1066990922928674,7.506385093217809,7.15367631152004,0.2207162220898743,1.894527777667406,0.0,1,7.456350682699575,1
p186,2.0,0.5796334269048624,0.6582720718804225,1.0242046907046194,9.4427061377606,9.968516464200928,-15.925269848730723,1.7669869320230323,0.0,1,0.6582720718804225,1
p187,4.0,0.3233068801793877,17.182948218450495,1.3767057762706623,12.362240544393158,9.941049623707226,-12.228732783009576,0.0,2.0344610222069637,0,17.182948218450495,1
p188,1.0,0.20716253084498668,20.0,1.7483972669735333,12.669084432599114,12.036858699053358,-16.798657368162946,0.0,2.205240462256321,0,22.24304414701455,1
p190,1.0,0.4396703647944302,9.946537099527548,1.3443908302601855,11.580557961741436,8.18410364974163,0.5240284281434309,0.0,2.399285609384135,0,9.946537099527548,1
p192,3.0,0.557269963658328,6.429935980206649,1.0574752010602841,10.414040933318352,10.367093459535985,-7.518095514361983,1.8975994940015117,0.0,1,6.429935980206649,1
p193,4.0,0.4887713969262644,0.9788100190476249,1.0763426507906013,9.429744797236065,11.211572169067372,19.574457686575016,0.0,2.1054038141041924,0,0.9788100190476249,1
p194,0.0,0.6875362542555519,14.200329787612404,1.3921007590435892,8.376049192158296,7.651565506722307,-26.673047473203273,0.0,4.4552392973683865,0,14.200329787612404,1
p195,4.0,0.5283723810357326,2.061114343756816,1.1784569447545328,6.511082316301429,14.758993007797141,19.367055224839426,0.0,2.4987021484079324,0,2.061114343756816,1
p196,3.0,0.525007018442353,0.8610611452914051,0.0,10.12816032278647,10.331549976614289,0.20338965382781815,0.0,0.0,0,0.8610611452914051,0
p197,0.0,0.7647718445819359,2.46376917275742,0.0,6.80562223600011,8.2318721598692,1.42624992386909,0.0,0.0,1,2.46376917275742,0
p199,4.0,0.32986969889637097,3.024895010551646,1.0599472808524812,9.893095022094784,6.815159756150006,-15.256928438852425,3.2132302069535195,0.0,1,3.024895010551646,1
p201,2.0,0.3208615143943632,18.456016691885026,1.3741256598240643,10.128877054324485,11.327004117093715,31.728928261285468,4.2826128973983435,0.0,1,18.456016691885026,1
p202,1.0,0.2915176183421442,14.088796372510133,0.0,6.069402390895953,9.835800088204023,3.7663976973080695,0.0,0.0,0,14.088796372510133,0
p204,1.0,0.7546842996516513,2.9392466363046346,1.0617193564452259,8.32117710904496,11.322046136983733,-8.792380805373693,1.406839067587992,0.0,1,2.9392466363046346,1
p205,2.0,0.5710628645440453,20.0,1.477798221449867,11.047310215179856,13.319277554978141,19.56036124567104,2.5878030479705383,0.0,1,28.39575080665965,0
p206,0.0,0.2546465026635429,7.380430992810893,1.0797951602121176,12.770012383314413,12.730072111321919,7.767957486361987,0.0,1.448702077699773,0,7.380430992810893,1
p207,0.0,0.1252625025665545,20.0,1.545031404714271,14.385718405157636,7.3918451273271994,-16.910266943806505,0.0,1.7662800660169766,0,29.53423216875446,1
p208,2.0,0.2545407326805106,20.0,1.3541358998262387,12.467454996040171,13.586984620765575,-12.56343073821448,0.0,1.8165122618911413,0,30.568034648606996,1
p209,2.0,0.40344320914315074,20.0,1.480547797181042,10.260491125402474,9.91036321048796,36.67661881059164,3.6697799433171525,0.0,1,33.0313938156407,0
p210,2.0,0.8640810378934949,0.4617306647962116,1.0127464803652677,6.118655912839521,10.772202887496832,-7.430845572481261,1.1720503470764707,0.0,1,0.4617306647962116,1
p212,3.0,0.1836467396987053,15.123079868982938,0.0,9.677256211299033,10.154928687119632,0.477672475820599,0.0,0.0,0,15.123079868982938,0
p213,1.0,0.4536939055483926,20.0,1.9513143704502052,11.663448724258528,14.342169833731282,27.012760368083065,4.30094904645368,0.0,1,22.011713943433413,1
p214,2.0,0.4992157535839505,1.7486644827886364,1.0443319790088292,10.251744127770191,7.801418956568883,-15.112355591269946,2.091945159004702,0.0,1,1.7486644827886364,1
p216,0.0,0.30432080332290623,0.7387627825854062,1.0127755248332349,10.996014699675188,12.717430869783398,-38.143429500473374,3.3279864990320998,0.0,1,0.7387627825854062,1
p217,2.0,0.6103492817165139,16.493677764751933,1.3139736871651415,11.455389086880048,9.345916357106528,13.278389094798557,2.1528225337953897,0.0,1,16.493677764751933,1
p218,3.0,0.8009225350221486,2.4500642408022997,1.153008546030945,10.558788216564395,7.147169068131206,-10.17357398263406,1.4396005800973746,0.0,1,2.4500642408022997,1
p219,0.0,0.6929753490577292,6.316912264564595,1.401472165401861,3.58993217375813,8.353545049663545,0.6447302008692102,2.0223982964293143,0.0,1,6.316912264564595,1
p221,1.0,0.49238059027307096,2.169167930518424,1.0548164520790504,10.4496733201068,9.18886700836443,15.945811774760063,0.0,2.0779671381094014,0,2.169167930518424,1
p222,4.0,0.456135358383715,15.47187265556506,1.7084195435370189,11.775082136750957,12.60312776292307,-10.784529796887451,0.0,3.141258711836551,0,15.47187265556506,1
p224,3.0,0.6417051723262902,3.840314607720357,1.1306704953241433,5.074484923422411,15.413751118800763,-10.052876110640106,1.761978154586585,0.0,1,3.840314607720357,1
p225,0.0,0.5242987101476656,8.166013656726907,1.1587063714112924,11.228821459133986,9.888621889121366,-5.147184206230479,2.2100118672520663,0.0,1,8.166013656726907,1
p226,0.0,0.1338764941247511,20.0,1.2954588313210054,13.415461634771823,12.00072385060856,-11.26321587942861,0.0,1.4956975795408043,0,21.639051745597865,0
p227,4.0,0.6127148855280051,0.30366453459251325,1.0100426602307067,9.082739668687735,9.809798281972594,-14.94352626313531,1.6484709023517612,0.0,1,0.30366453459251325,1
p228,0.0,0.26717358630071175,15.064818174109508,1.4422569880031415,13.73409189370858,12.087927347963571,-4.265133023340333,0.0,1.9680745140212217,0,15.064818174109508,1
p229,3.0,0.6312483397938257,20.0,1.859662531341684,13.50576155122804,5.136852861141229,-41.12019693114118,0.0,5.043129921915253,0,27.94882487076197,0
p230,4.0,0.14783214704159084,20.0,1.3547958420859918,17.326982949639135,9.440543335168206,-12.136062940534847,0.0,1.5898227530910085,0,23.91254620246508,0
p231,3.0,0.5134473069348942,0.5880230611068307,1.0974122025185027,7.850481383961989,11.08025562543622,19.61013858305409,0.0,2.2554847977619916,0,0.5880230611068307,1
p232,1.0,0.568082875711365,18.295927728341404,1.3102050134989387,10.540960828184897,11.062622774652425,17.20428488704213,2.306362450827748,0.0,1,18.295927728341404,1
p233,0.0,0.6152509213432883,8.659869206173353,0.0,4.79733844144603,7.221972346103039,2.424633904657009,0.0,0.0,0,8.659869206173353,0
p234,0.0,0.41371979647427304,13.4451526826852,1.2711983151402853,10.382301448886148,14.673771096274802,-2.349538021838992,0.0,2.168243627357107,0,13.4451526826852,1
p236,0.0,0.33476741488981215,12.95071206730233,1.169895155647065,10.276968998431698,8.54594740742551,13.662091980251688,3.494650624918596,0.0,1,12.95071206730233,1
p237,4.0,0.6526250463849009,1.6993597174141217,0.0,9.01520077617084,9.284592301398751,0.26939152522791154,0.0,0.0,0,1.6993597174141217,0
p239,4.0,0.4108606594913422,5.726795215930902,0.0,9.638267066374107,13.308895211539667,3.6706281451655602,0.0,0.0,0,5.726795215930902,0
p240,3.0,0.7692246964419741,4.0887764217386575,0.0,-2.6772443658059752,12.718875949492938,15.396120315298914,0.0,0.0,1,4.0887764217386575,0
p241,4.0,0.7307208227743011,5.078130201301993,0.0,8.78265730308538,7.178787306016007,-1.6038699970693724,0.0,0.0,0,5.078130201301993,0
p243,2.0,0.534394605015321,0.039302524782803376,1.00125024124991,14.901182740590317,8.337801660389074,25.396001933378717,0.0,2.15042663172504,0,0.039302524782803376,1
p244,4.0,0.7247273742925068,2.4589494138780785,0.0,7.908301671945466,9.644131768253333,1.7358300963078666,0.0,0.0,1,2.4589494138780785,0
p247,4.0,0.6033140545070391,5.978978607909276,1.0920175193695685,7.628405569646219,10.49356667210746,-5.306386074356007,1.8100316264998058,0.0,1,5.978978607909276,1
p248,3.0,0.2974811685178005,16.037015003071375,1.1574861226377295,12.028088858870253,11.657320241771334,-6.975967183523334,0.0,1.6476229116814187,0,16.037015003071375,1
p249,2.0,0.11136538690907918,20.0,1.2386485108430707,8.349564688162868,9.839786465412988,-14.749067281597398,0.0,1.3938783079073447,0,33.006508796837046,0
p250,2.0,0.19313370236702637,0.14669384877726394,1.0038300951503583,13.437439689192368,9.749371144882039,-53.598862702486116,5.197591527773361,0.0,1,0.14669384877726394,1
p251,3.0,0.8485870416440415,5.245319165880151,1.294226381157958,6.553635999273321,8.222198865379681,-2.871638729668171,1.5251545423679114,0.0,1,5.245319165880151,1
p254,0.0,0.2843405557122556,16.92236122400964,1.1433936047154791,13.463450748146702,9.259433566309323,26.610238122912538,4.021211824149913,0.0,1,16.92236122400964,1
p255,4.0,0.5194660598751896,4.336204889568022,1.049083440013752,11.705905188460315,10.641529989434916,-13.798243024312647,2.0195418354489068,0.0,1,4.336204889568022,1
p258,0.0,0.47645119408126996,7.248443782944369,0.0,7.604951914853968,10.47533091824144,2.8703790033874714,0.0,0.0,1,7.248443782944369,0
p259,4.0,0.7052488577297182,6.189021712911129,0.0,9.473648763015895,7.750358300775914,-1.723290462239981,0.0,0.0,1,6.189021712911129,0
p260,0.0,0.6902739732254932,0.9652946151298104,1.046722535178388,6.633458519809143,8.919136161305547,21.44130028612499,0.0,3.379511066857952,0,0.9652946151298104,1
p261,0.0,0.25546172050633353,20.0,1.2160152602908703,10.442450336648873,8.85040855303038,-17.2018855777168,0.0,1.6332474686430336,0,27.071445861808584,1
p263,3.0,0.32018764320516385,20.0,1.5684184453346504,13.559381539813451,9.54899650986022,-18.869757166032308,0.0,2.307134357971064,0,23.09910515631011,0
p264,0.0,0.6974036977100164,1.898993740765442,1.2161000261114363,2.2712369047990655,7.294650313582565,-4.385280753058488,1.7437533384245063,0.0,1,1.898993740765442,1
p265,4.0,0.7340918218833286,12.963655844121492,0.0,8.559799976101614,6.720953851033055,-1.8388461250685584,0.0,0.0,1,12.963655844121492,0
p266,4.0,0.7946999429585051,20.0,1.7086225538255806,6.1417792142340994,8.492080598010201,27.092584068038786,2.1500222429420703,0.0,1,27.008130390213765,0
p267,2.0,0.20937293064098556,8.848524435655635,1.2644828163072108,12.498170462936091,11.778611262487383,5.117471766428591,0.0,1.5993416685471769,0,8.848524435655635,1
p270,4.0,0.7204653507536796,14.071207355435822,0.0,6.121925217331579,11.265978312910663,5.144053095579085,0.0,0.0,1,14.071207355435822,0
p271,3.0,0.17433013462925245,10.384167434131118,1.1719030266366495,11.980625186267376,10.178157769933474,0.4634426647927019,0.0,1.4193360758181894,0,10.384167434131118,1
p273,4.0,0.3527321282663898,18.751653395242027,1.581503626230505,10.877070504460972,15.931822741107867,-14.185630208827508,0.0,2.443352582903094,0,18.751653395242027,1
p275,2.0,0.6221327779253699,2.3605941070742325,0.0,8.719978200073186,8.999195873624679,0.27921767355149285,0.0,0.0,1,2.3605941070742325,0
p276,3.0,0.5908472911273249,13.637226470940751,1.9767718545817503,5.354232916864519,11.023778614495289,14.413243508585285,3.345656118368773,0.0,1,13.637226470940751,1
p277,3.0,0.3921675738787895,13.945934781211173,1.4579295166483566,11.642572581963503,12.170218796648241,-4.997132644588543,0.0,2.3985714713377675,0,13.945934781211173,1
p278,1.0,0.29014904752125725,8.729103277137959,1.081761985433067,13.51220137670419,10.070007346042392,-8.44148339674895,3.7282975583568425,0.0,1,8.729103277137959,1
p279,2.0,0.268290030511382,9.758377806513016,1.322260594100384,12.336063044552958,9.522724275733834,1.8447522185656018,0.0,1.8070829279864722,0,9.758377806513016,1
p280,1.0,0.8160768145067325,2.5328920844880565,1.0348121138700397,9.867677698267673,8.363705002275559,-8.897634338840616,1.268032733530751,0.0,1,2.5328920844880565,1
p281,1.0,0.18482357587604295,5.5843102126034685,1.0680936270126242,12.730653692564067,9.584085300443576,-26.261229281871394,5.778990163727656,0.0,1,5.5843102126034685,1
p282,0.0,0.6050436842179583,19.930730101386093,0.0,15.484444398477237,10.829889328875831,-4.654555069601406,0.0,0.0,0,19.930730101386093,0
p283,4.0,0.6180751271392747,3.151638389680007,1.1189587034037993,8.043828692679728,7.618648254899297,-8.512222526033622,1.8103927083797007,0.0,1,3.151638389680007,1
p284,3.0,0.773178330408687,8.94454631864289,0.0,3.7501586174751402,8.728661447384514,4.978502829909374,0.0,0.0,0,8.94454631864289,0
p285,1.0,0.8166342547370331,1.2232700144407167,0.0,8.208118625316352,11.049418529613076,2.841299904296724,0.0,0.0,0,1.2232700144407167,0
p286,2.0,0.6796491595547983,20.0,2.2441358408999026,9.899491190683632,9.94346445821912,33.2496817236122,3.301903356093187,0.0,1,30.170820985336682,0
p287,1.0,0.15559189255830796,17.15878243243258,1.3509566646260913,12.356469970496773,10.964356778535546,-9.075265412899727,0.0,1.5998859469967577,0,17.15878243243258,1
p288,4.0,0.74188338533717,0.6079845489436366,0.0,3.0058936571727934,11.894959931710575,8.889066274537782,0.0,0.0,1,0.6079845489436366,0
p290,1.0,0.2050770552400957,8.041674386652703,1.3302248574903368,9.787555296378027,14.107794642551584,7.24179822133714,0.0,1.6734010085620477,0,8.041674386652703,1
p291,2.0,0.6845011492439047,2.678052556896233,1.0577107335576579,5.46255258254442,10.70626834637551,-7.161712658354881,1.545228572261709,0.0,1,2.678052556896233,1
p292,3.0,0.12938356095654693,19.37749409511391,1.1839629271077035,12.996901180770934,10.19113503114152,81.25675683577447,9.15079874409496,0.0,1,19.37749409511391,1
p293,3.0,0.25452257853205484,11.77749742477357,1.0928624171789898,13.239583963593144,11.559422058089865,-0.7437955770789711,4.293773949179733,0.0,1,11.77749742477357,1
p294,4.0,0.11047964206959468,20.0,1.2427993958435306,14.223131780639244,10.890208433455598,-11.404113926332766,0.0,1.397156776417213,0,28.580582795272022,1
p297,4.0,0.4540336775213896,4.167310492286153,1.0464803808029586,13.079754703979372,10.249993473748692,-16.84944461031369,2.3048518922996823,0.0,1,4.167310492286153,1
p298,0.0,0.8382336263790063,8.209536298811713,1.1456488114241627,11.624836167700604,9.386959609160094,-3.847110039032995,1.3667416521729456,0.0,1,8.209536298811713,1
p299,0.0,0.520567792473104,6.095461662120019,1.2053881850916106,10.376579311063022,7.60660778662238,7.993612047974178,0.0,2.5141994345967857,0,6.095461662120019,1
p300,3.0,0.2910331304279979,0.8299657291298005,1.0284474434082986,13.231814530134171,11.785286957729223,16.54394594665964,0.0,1.4506283545085321,0,0.8299657291298005,1
p301,1.0,0.6260487914062964,3.8506307022586985,0.0,10.72086622556959,9.828962955294006,-0.8919032702755842,0.0,0.0,0,3.8506307022586985,0
p302,4.0,0.7176784057164729,4.392701623844103,1.2025601748999115,5.655998804859561,9.50608846421177,-4.718031276298099,1.67562541288862,0.0,1,4.392701623844103,1
p304,0.0,0.3540731064249777,15.88107220287783,1.1389670289859584,10.260799932978248,10.045561616843175,18.55617932103098,3.2167566762862485,0.0,1,15.88107220287783,1
p305,3.0,0.35984688978851354,20.0,1.6847095363916738,10.568094290911246,12.084634923696163,-23.30567961574177,0.0,2.63172904968797,0,22.90066626352911,1
p306,3.0,0.6869394836086283,8.26535576616973,1.8658312144704197,1.8475246243774273,10.984846150042282,1.750775597301189,2.7161507803698237,0.0,1,8.26535576616973,1
p307,3.0,0.5370915253728424,0.2562906516369697,0.0,6.9600042083709335,11.828039677373999,4.868035469003066,0.0,0.0,1,0.2562906516369697,0
p308,3.0,0.24517148884874557,10.951884410519359,1.2568119333035346,12.188187146317409,10.302438375145174,0.17273207390999623,0.0,1.665029758066056,0,10.951884410519359,1
p309,1.0,0.44779422916047307,18.415585453728472,1.3405333333963174,12.547574734729094,11.346590225953078,19.961020535859067,2.9936369120020956,0.0,1,18.415585453728472,1
p310,2.0,0.7343822784303825,5.177880153134071,0.0,5.8178675825625925,7.999005607582246,2.1811380250196537,0.0,0.0,0,5.177880153134071,0
p311,2.0,0.6358533992772388,19.54478061114458,1.2248620048996062,11.503901403738764,9.255131507025203,17.572466013499575,1.9263276822800366,0.0,1,19.54478061114458,1
p312,2.0,0.2445274379197043,19.932704137915234,1.2076688416735215,11.400148505246747,6.490803393545428,61.47733459977588,4.93878663248451,0.0,1,19.932704137915234,1
p313,3.0,0.716781666076583,3.4456764072970802,1.0801008902375313,8.832111546576355,7.606400636294445,-7.495405234875262,1.5068757215145208,0.0,1,3.4456764072970802,1
p315,0.0,0.4937035303139624,6.437903322442357,1.1362321287665447,13.170813063041932,10.315036650597774,12.254240791701935,0.0,2.244203143409513,0,6.437903322442357,1
p316,1.0,0.5695689502947161,19.716212648629828,0.0,5.988500687223008,8.431203033898534,2.4427023466755253,0.0,0.0,1,19.716212648629828,0
p317,4.0,0.4444905020122792,17.581365943895268,0.0,4.974280915270879,8.197455702284694,3.223174787013815,0.0,0.0,1,17.581365943895268,0
p318,4.0,0.4633302237861664,0.9692425195454359,0.0,3.6674936521993917,12.148427654486015,8.480934002286624,0.0,0.0,0,0.9692425195454359,0
p319,4.0,0.17436672106013928,4.650816503797531,1.1170909361565793,12.616442229831119,10.501709433160805,8.662846700601802,0.0,1.3530110336528094,0,4.650816503797531,1
p321,1.0,0.12540130697331406,4.638279600900235,1.1009980742163386,13.289567399148746,15.637099492396173,13.238299803407141,0.0,1.2588608729864004,0,4.638279600900235,1
p322,1.0,0.6370420504168187,10.124555946516667,1.195127661598737,13.270754440354763,9.971477360029231,7.060349573903361,0.0,3.2927441401165463,0,10.124555946516667,1
p324,4.0,0.09376294533257633,0.0939384367589049,0.0,12.878259972377574,10.675115450877168,-2.2031445215004055,0.0,0.0,0,0.0939384367589049,0
p325,2.0,0.12018347625806608,20.0,1.3305072164024903,11.410363520827824,10.707641306089771,-13.692445655264006,0.0,1.5122553174424715,0,22.858629230767963,1
p326,2.0,0.7026345220048594,1.480405567699994,0.0,2.63213145242222,11.177906206220003,8.545774753797783,0.0,0.0,0,1.480405567699994,0
p327,2.0,0.21705780300583732,19.4698374882937,1.2482484500151196,10.395090809903705,6.784905434721816,-18.07809695162821,0.0,1.5943047325937219,0,19.4698374882937,1
p329,0.0,0.6518344047267083,2.439870803744775,0.0,7.661882519447873,11.475532661779724,3.813650142331851,0.0,0.0,0,2.439870803744775,0
p330,0.0,0.5743813694706459,2.493068677337872,0.0,4.923858882396861,9.990831119171771,5.06697223677491,0.0,0.0,1,2.493068677337872,0
p334,3.0,0.520530579583388,0.042837742669757546,1.0010236906670087,10.933102440383955,11.466995482291916,23.270302280633217,0.0,2.0877737933677127,0,0.042837742669757546,1
p335,0.0,0.4171846650624603,5.04758060414182,1.0347276795335303,14.194945498713212,13.808644445073657,-22.11604334178255,2.480262977496098,0.0,1,5.04758060414182,1
p336,4.0,0.5221171669620374,1.1675216874184553,1.0603162248409401,8.616005739680073,11.800103289387867,-18.408563059617002,2.03080130655431,0.0,1,1.1675216874184553,1
p337,0.0,0.5849162697918473,6.478116615954872,0.0,3.4684663395998063,11.736694496408834,8.268228156809027,0.0,0.0,1,6.478116615954872,0
p339,1.0,0.6997480232273529,2.597699277147213,0.0,5.846599277348143,13.329459277395369,7.482860000047226,0.0,0.0,0,2.597699277147213,0
p340,4.0,0.6861940954544498,1.250339147932913,0.0,4.724754499423839,9.154187472848456,4.429432973424617,0.0,0.0,0,1.250339147932913,0
p344,4.0,0.725924554299366,1.698810745131279,1.1323192567091673,2.6563589429721657,10.880547123050366,-6.097764217274317,1.5598304947847337,0.0,1,1.698810745131279,1
p346,4.0,0.22402108894599612,8.826177727489412,1.129565453250255,10.26737344874696,9.5910803230065,1.4216052512829789,0.0,1.4556651439353918,0,8.826177727489412,1
p348,4.0,0.5505693032979109,3.575425821091399,0.0,7.742985374683268,8.384930495035402,0.6419451203521334,0.0,0.0,1,3.575425821091399,0
p349,4.0,0.5440580159651432,4.195831325365264,1.1242207705924656,10.55043208886615,8.600664685506876,13.718836097309532,0.0,2.4657101340913563,0,4.195831325365264,1
p350,3.0,0.8985969659536408,5.525382692988944,1.544455610130815,4.021153389806415,10.286991122073339,-1.9181347606081207,1.7187411805822794,0.0,1,5.525382692988944,1
p351,1.0,0.30900629219019954,2.7987779757043367,1.0925149495586424,5.003769425824599,9.419307063682938,7.9018011098384076,0.0,1.5810780000030948,0,2.7987779757043367,1
p352,2.0,0.2140249451417205,8.762979393441455,0.0,12.118071357816795,13.009725062089581,0.8916537042727857,0.0,0.0,0,8.762979393441455,0
p353,4.0,0.4215720152323002,5.617994959164841,1.1263796666680106,12.155083524997162,9.760707368927804,10.335373845080042,0.0,1.9473118457786434,0,5.617994959164841,1
p354,1.0,0.2764712667491296,20.0,1.3913388749034166,13.418602326711415,12.46990735942381,36.946420664980025,5.032489962748713,0.0,1,32.97457796594531,1
p355,1.0,0.4660519241953914,10.008993535095026,1.3717810011975127,8.593700314602547,13.448927774934488,-5.269902789322854,2.9434080839078267,0.0,1,10.008993535095026,1
p356,0.0,0.7830924778461938,10.986682304772541,0.0,7.313260552677452,13.841525394535743,6.528264841858292,0.0,0.0,0,10.986682304772541,0
p357,0.0,0.5966508280976369,20.0,1.6096126563916735,7.708116519297172,8.017708376721794,32.634776607270304,2.697746455030938,0.0,1,27.14561466312184,0
p360,2.0,0.44447213030435495,6.936467231361248,1.1853355541552866,8.512561122923046,9.261848849774882,-5.452130362955977,2.6668388709627777,0.0,1,6.936467231361248,1
p362,1.0,0.6738620514945943,16.190275091683084,1.3256120439649342,8.226429814423378,9.2864364671165,-31.3096371259233,0.0,4.064574668602119,0,16.190275091683084,1
p364,0.0,0.8997569771661448,8.014013068966305,0.0,7.371277982027263,9.321159633451199,1.9498816514239357,0.0,0.0,1,8.014013068966305,0
p366,3.0,0.4624318550882511,15.077832170276263,1.6671137561210079,9.440413796736307,12.419550527890483,-14.503702995296988,0.0,3.1012138124268755,0,15.077832170276263,1
p367,3.0,0.3474555238339628,4.2258666280288315,1.165922338337503,10.973262785096404,10.355480254380332,11.438008595368023,0.0,1.7867323698574056,0,4.2258666280288315,1
p368,2.0,0.2636148623773429,7.004681911740835,1.0591601849134182,14.561360308350176,12.411907636341965,8.719496847699915,0.0,1.4383236852563412,0,7.004681911740835,1
p369,3.0,0.6086096133120681,6.649853830087044,1.1549069346037013,10.355874460218503,10.613294721753634,-7.263665949652486,1.8976153339390585,0.0,1,6.649853830087044,1
p370,4.0,0.4451720486513345,19.747194250699142,0.0,15.038800010864152,10.203107085312608,-4.835692925551545,0.0,0.0,0,19.747194250699142,0
p371,4.0,0.7994004111911788,20.0,2.9697260247249493,6.500765777168536,7.359308145253431,47.81797727209314,3.7149418278379285,0.0,1,22.329827647881768,0
p372,3.0,0.7034108432376374,20.0,1.452687850751074,7.2107040659166906,7.6319836771224505,25.963773337116862,2.0652053699722455,0.0,1,29.482062798484915,0
p373,1.0,0.1882559721350092,11.820651845475167,1.4268054536460244,10.735206853674482,7.96790965918813,-4.675187835834642,0.0,1.7577036660173995,0,11.820651845475167,1
p374,2.0,0.5276277522428695,3.531341822265748,1.172990635644568,10.072726371046391,10.272369861267197,16.443152409937902,0.0,2.4831912569251093,0,3.531341822265748,1
p377,2.0,0.5844643904800619,4.371363755903656,1.0958674935622916,7.352381763932617,12.960693736830592,-10.496634146824523,1.8749944588791425,0.0,1,4.371363755903656,1
p378,0.0,0.7008683332303117,14.512288988905887,1.2468830072113215,9.583911476082507,7.6856448370520525,10.246705798221837,1.7790545643065663,0.0,1,14.512288988905887,1
p379,4.0,0.6076376327836307,11.0916727090149,0.0,5.147138849755482,10.68275980563089,5.535620955875409,0.0,0.0,1,11.0916727090149,0
p380,3.0,0.40335949817007394,10.659891138867565,0.0,10.388210397657984,10.40029773382061,0.012087336162625917,0.0,0.0,0,10.659891138867565,0
p381,0.0,0.18026654648231344,7.916208648004938,1.0767662845658281,15.232844532858637,9.138604899041757,3.5165756909049453,0.0,1.3135565956777142,0,7.916208648004938,1
p382,0.0,0.6626826517621536,19.87027993556592,5.00523400918551,5.589052321103886,8.575440460168723,88.29617332843134,7.552987837958313,0.0,1,19.87027993556592,1
p383,4.0,0.5205914035928386,1.219531359541386,1.021709532319674,13.411663028993027,11.78121447717128,-22.358743802470944,1.9625939369501508,0.0,1,1.219531359541386,1
p384,4.0,0.45492027913113514,3.5674679561697333,1.0340349502632609,10.170151126978983,10.345473031575974,-15.231100852414238,2.2730025406609546,0.0,1,3.5674679561697333,1
p385,2.0,0.126367501215311,19.38259194359336,1.1111600082393038,13.04895080439868,9.324050514472129,84.7206958464916,8.79308364534372,0.0,1,19.38259194359336,1
p387,3.0,0.5381945064848739,20.0,1.5389870236014298,9.799871902300586,10.647971681513056,27.590569375395567,2.8595368497033955,0.0,1,27.5912059517114,0
p388,3.0,0.7344195205811149,9.188979592550918,1.5766270455850309,2.731828684740396,8.708374196255658,7.00829295942304,2.146766257434869,0.0,1,9.188979592550918,1
p389,2.0,0.6858899260587362,20.0,5.126374931892285,9.628458610357757,9.003291069309139,-169.89197620407595,0.0,16.320313664473172,0,25.04262311331909,0
p391,1.0,0.11900056913318349,14.625283653413959,1.291878247351883,11.193142044939037,8.271805280061718,-7.954153961430472,0.0,1.4663780725497204,0,14.625283653413959,1
p392,3.0,0.2950575983878381,0.08787043299735313,1.0024580394526483,8.798725208270126,11.394444459793046,-35.818360215528806,3.3974994879981653,0.0,1,0.08787043299735313,1
p395,0.0,0.14797315727438273,20.0,1.4688536288064895,12.802216575182069,13.492629677606109,-11.718222133862449,0.0,1.7239522925212725,0,21.263390556765998,1
p396,1.0,0.7220853646142887,7.50318335846759,0.0,6.595274064843342,9.185312759662773,2.590038694819431,0.0,0.0,1,7.50318335846759,0
p398,3.0,0.24570724787749265,0.4775956477625023,1.012855287084765,10.688565031602424,14.122468706244563,17.145071251926787,0.0,1.3427880411613229,0,0.4775956477625023,1
p399,4.0,0.32436204636887084,6.1357008741904595,1.1020590656221376,13.385153518575528,13.023985283670713,11.463692942010045,0.0,1.6311384813408765,0,6.1357008741904595,1
p400,0.0,0.6220515688212868,2.102050302766466,0.0,4.921602856059594,9.163622402346029,4.242019546286435,0.0,0.0,1,2.102050302766466,0
p401,3.0,0.23265114318217228,8.125682288266342,1.162066334408069,14.71230632733879,11.014792277017072,6.277211246006063,0.0,1.514391171737875,0,8.125682288266342,1
p402,3.0,0.7627260310244124,20.0,2.522920991157927,4.217605349262579,13.176840068138175,31.528666884448185,3.307768305441743,0.0,1,27.56840432499859,0
p404,2.0,0.6554622310887783,1.3076924498234066,0.0,5.4253907860859885,11.189915421188308,5.76452463510232,0.0,0.0,0,1.3076924498234066,0
p405,4.0,0.21666134993224284,14.302332418627596,1.1437265140675252,10.860126038112345,10.081675977436818,21.50183518664442,5.2788672941676325,0.0,1,14.302332418627596,1
p406,4.0,0.8828854776481498,0.8510194123569422,1.0426439052024892,3.8632405660375357,7.215481761379992,-4.16387278104367,1.180950340218425,0.0,1,0.8510194123569422,1
p407,2.0,0.46596731462127766,11.832837500078757,0.0,8.47048702567549,9.380773215037575,0.9102861893620844,0.0,0.0,1,11.832837500078757,0
p408,2.0,0.8344976558793872,2.561383446121394,1.2034062717756968,8.56157062522228,8.327592212519262,43.39478661491463,0.0,7.271234000762507,0,2.561383446121394,1
p409,1.0,0.6948996830162059,7.27093457655279,1.3356478653445762,4.135480441373265,8.443551665830233,2.0542156674046246,1.9220729236013012,0.0,1,7.27093457655279,1
p410,1.0,0.498421508587435,9.834991593255427,1.4952498378771084,9.557774922540514,10.823304123980565,0.4391217915530109,0.0,2.981088430778057,0,9.834991593255427,1
p411,2.0,0.35902162921616254,15.090485606880456,1.1959044703653132,12.45857260047435,8.230440914807662,18.62274259749855,3.3310095354875506,0.0,1,15.090485606880456,1
p413,2.0,0.6148818543026613,7.725706211980641,0.0,5.756739843561559,11.659965092886862,5.9032252493253035,0.0,0.0,0,7.725706211980641,0
p414,3.0,0.28441568761113384,2.524351067207975,1.0557095226131883,9.805911911099313,13.029021014712454,13.965677085184526,0.0,1.4753111608733671,0,2.524351067207975,1
p415,1.0,0.7151934000937632,1.9312329873396175,1.0769402582205816,7.538299935943927,11.403576659930994,-10.398205348662454,1.505802847284934,0.0,1,1.9312329873396175,1
p416,1.0,0.5866087174988301,8.684364117849197,1.2003277724682815,6.80777323219485,10.510733944634914,-0.03418529390675129,2.046215367521665,0.0,1,8.684364117849197,1
p418,4.0,0.6094102517463251,19.77908045614172,0.0,7.633364768905078,9.635691639758244,2.0023268708531665,0.0,0.0,1,19.77908045614172,0
p420,0.0,0.6184233824911304,13.64040618096212,1.3128315231854337,6.754889308883603,9.573120608290061,11.452543753912948,2.1228685078127083,0.0,1,13.64040618096212,1
p421,4.0,0.577708788174606,14.065159005943583,1.6541875901631957,7.118512930823838,9.72968143247368,15.025196721863093,2.863358882578113,0.0,1,14.065159005943583,1
p422,3.0,0.7606830221151222,20.0,4.44242836812531,2.465390988010833,9.384319894873252,68.91505222617769,5.840051951958763,0.0,1,35.42324676912703,1
p423,0.0,0.42823303629793874,5.086386237157562,0.0,11.452197535422107,9.674372051928946,-1.7778254834931602,0.0,0.0,0,5.086386237157562,0
p425,0.0,0.49561709561952444,7.557048067833941,0.0,12.794308916029316,7.175376599523639,-5.618932316505677,0.0,0.0,0,7.557048067833941,0
p427,0.0,0.568268992619573,13.028422899029124,1.2099980254989833,9.498801018974493,12.814771891392173,3.7708915187033076,2.1292698373726244,0.0,1,13.028422899029124,1
p429,3.0,0.6442602519445594,1.9807929785565983,0.0,5.196253244042145,11.910262096671469,6.714008852629323,0.0,0.0,0,1.9807929785565983,0
p432,3.0,0.27021435060128624,0.31357321263067783,1.010305453379627,8.644113932521206,16.719822343307467,19.60839711991735,0.0,1.3843865718818114,0,0.31357321263067783,1
p433,0.0,0.56683350641978,8.943860879490932,1.4087151668097473,6.349386272414938,11.256838477118269,-3.530124992651734,0.0,3.252133273666656,0,8.943860879490932,1
p434,3.0,0.3840719786014936,20.0,1.3755151511489394,13.256717737505726,10.755421297757053,-17.560664739755794,0.0,2.233240091960322,0,20.091175431061927,0
p435,2.0,0.6783388353249253,20.0,1.5206122613109463,11.281199015853174,7.56366607422446,24.160631875859963,2.241670655023858,0.0,1,26.45560243421331,0
p437,2.0,0.8373783507513489,4.747360085216185,0.0,6.673759047121232,9.370047901166055,2.6962888540448233,0.0,0.0,1,4.747360085216185,0
p439,0.0,0.5754562634042455,8.235980631232323,0.0,8.578592889723346,10.112417028742778,1.5338241390194316,0.0,0.0,0,8.235980631232323,0
p441,4.0,0.25754154923290556,13.489887108873672,0.0,10.367426034684893,11.415407318609919,1.0479812839250258,0.0,0.0,0,13.489887108873672,0
p442,4.0,0.5640364659662731,1.7773657807181285,0.0,12.629528305361665,9.467224984121707,-3.1623033212399587,0.0,0.0,1,1.7773657807181285,0
p443,0.0,0.2455999758202816,20.0,1.6071265409123148,13.385460106454286,6.997302730236701,-20.479358699281416,0.0,2.1303373401396577,0,24.39887607101944,0
p444,0.0,0.2931311901175309,20.0,1.5019535912372035,9.09552249951799,9.535590609096413,-22.729746307806053,0.0,2.124798223148271,0,26.442239826483608,1
p445,0.0,0.814209912329161,10.58758243859268,1.2818775100006792,6.321884385268915,7.127670196626323,6.253009705826145,1.5743820980190353,0.0,1,10.58758243859268,1
p446,1.0,0.5976580008374358,20.0,1.4879257033400388,8.854004034918548,10.296082738891991,25.600891763710315,2.4895938835507327,0.0,1,22.982023177522105,1
p448,0.0,0.28743479848591535,12.200504519128799,1.2349704275851583,12.371042754056774,12.81509433911873,0.7396170665941832,0.0,1.733133227613484,0,12.200504519128799,1
p449,2.0,0.6080717152008547,1.488440252012462,1.0877983843498586,13.75734978048115,9.589311673778333,29.884365050784048,0.0,2.7755036483455933,0,1.488440252012462,1
p450,1.0,0.5068207561576937,10.99918015579493,0.0,8.361843134364136,11.353484237568239,2.9916411032041026,0.0,0.0,0,10.99918015579493,0
p452,1.0,0.6723898088055278,6.8179478133146425,1.1965402454915877,7.105322710579494,6.541327068543012,-0.07173973702046382,1.7795335827846515,0.0,1,6.8179478133146425,1
p453,4.0,0.5871744826380152,0.9821060034641854,1.0654676469644178,3.0442963196915698,13.723478735341535,16.001520719406017,0.0,2.5809151860885713,0,0.9821060034641854,1
p454,1.0,0.21200622783040035,3.879808966853467,1.1031767090887077,10.574000838203581,10.773593575995603,9.571337565560727,0.0,1.3999815075331221,0,3.879808966853467,1
p455,1.0,0.7123119996892541,12.758592153880683,0.0,4.61751077420673,10.1150842568173,5.497573482610569,0.0,0.0,1,12.758592153880683,0
p456,2.0,0.6705960509711026,2.466366928083399,1.1074628180818344,4.6279966711009255,7.559607123252096,-5.479674003730992,1.6514603932995084,0.0,1,2.466366928083399,1
p457,1.0,0.5282897442540804,0.40871179413410674,0.0,10.758700830265111,6.7583322424679855,-4.000368587797126,0.0,0.0,0,0.40871179413410674,0
p458,1.0,0.881457274888639,8.963341312758024,0.0,5.38924238232942,7.910226388174977,2.5209840058455573,0.0,0.0,1,8.963341312758024,0
p459,2.0,0.6455025894314306,8.643207314083151,0.0,6.026850500000147,11.440596568433847,5.4137460684337,0.0,0.0,1,8.643207314083151,0
p460,2.0,0.7406794006477169,3.9235553243061307,1.172553886084839,6.753746230673708,7.981355798634531,-5.19620849822254,1.5830788395889668,0.0,1,3.9235553243061307,1
p462,4.0,0.11624364597093935,5.872660271360262,1.0818149755845716,11.265398970263256,13.001204077029021,8.337110384278802,0.0,1.2241099830881648,0,5.872660271360262,1
p463,0.0,0.12586255530761095,4.021124338199026,1.0240132018795194,12.827137016894454,8.367590511659388,-39.82223823088944,8.135963864525138,0.0,1,4.021124338199026,1
p464,4.0,0.57915217732434,1.9202537647784015,1.0527927540201534,10.392798819794193,7.641229337063912,-13.151256929740345,1.8178171389841165,0.0,1,1.9202537647784015,1
p466,4.0,0.6416716357196524,1.9182909455815522,1.0823496528755348,8.091949935510383,8.098706864849094,-10.418156145310972,1.6867656175290495,0.0,1,1.9182909455815522,1
p467,4.0,0.3713383649798534,15.816018743100143,1.5342425201759518,11.457125778097076,11.562858044579464,-10.532103025612724,0.0,2.440490137634666,0,15.816018743100143,1
p469,2.0,0.11495633799360702,4.5081012889430285,1.0456365003921408,11.437138961764843,11.164785650406623,7.91397128970126,0.0,1.1814518822966136,0,4.5081012889430285,1
p470,1.0,0.5733814154646807,8.73144744652566,1.493482964888216,5.741579118667996,9.826581035993389,1.2325143479097682,2.60469370755218,0.0,1,8.73144744652566,1
p472,3.0,0.4074333190002302,20.0,1.422856129776235,12.426933734170598,12.442810017164774,26.407419609264416,3.492242935034557,0.0,1,26.603260532996682,1
p474,0.0,0.6194385250160577,17.37821004132719,0.0,12.930871138749508,14.353344679107746,1.4224735403582383,0.0,0.0,0,17.37821004132719,0
p475,0.0,0.588777027317557,0.5946833365601966,0.0,5.227507844876706,10.828929105661647,5.601421260784941,0.0,0.0,0,0.5946833365601966,0
p476,0.0,0.49787611053004793,4.083994691858506,0.0,8.382365749837374,8.969289601446299,0.5869238516089244,0.0,0.0,1,4.083994691858506,0
p478,0.0,0.45625972879952886,5.665951279380295,1.2147585809806336,9.735430691801865,11.742379767601324,11.098486521515962,0.0,2.234078741857186,0,5.665951279380295,1
p479,3.0,0.3706735172459265,1.6685297394392227,1.0562349801004278,8.186611966095558,12.909888723231914,15.662950582456151,0.0,1.678357750778431,0,1.6685297394392227,1
p480,4.0,0.6869652243718432,14.028884471034727,0.0,12.761120340025114,7.97960300065096,-4.781517339374154,0.0,0.0,1,14.028884471034727,0
p481,4.0,0.5675031829816599,2.5675597186169763,1.0487652407736465,9.354111639606824,11.100111442572889,-14.022446844631697,1.8480341119206367,0.0,1,2.5675597186169763,1
p483,1.0,0.3312918026863105,8.793029962108932,0.0,11.0232062961558,13.363546491872125,2.3403401957163243,0.0,0.0,1,8.793029962108932,0
p484,0.0,0.6637378533781167,0.4405596198679183,1.045460843977484,6.634534019716384,10.958323480287035,23.581257982360817,0.0,3.109064919974693,0,0.4405596198679183,1
p486,0.0,0.7532160932329666,11.002132057011687,0.0,8.1614166275514,9.120134214916193,0.9587175873647933,0.0,0.0,1,11.002132057011687,0
p487,4.0,0.2352735616251816,18.445616141688664,1.5305016472632258,8.212735381328953,12.41750894889656,-16.275021656018613,0.0,2.0013714322677503,0,18.445616141688664,1
p488,0.0,0.6090693146107041,3.287512170194292,1.089161425434407,8.800833153999848,7.4836424311975405,-8.82087397649553,1.788238874142857,0.0,1,3.287512170194292,1
p489,2.0,0.3403314771192686,14.532811145492987,1.4427155981439879,10.939080743232479,12.46351401553816,-6.335167007277322,0.0,2.1870311347337577,0,14.532811145492987,1
p490,3.0,0.5095446753125421,1.8660643421539063,0.0,5.064038606293676,11.382244935504726,6.31820632921105,0.0,0.0,1,1.8660643421539063,0
p491,0.0,0.09946884849819672,18.050546771990803,0.0,8.636761593766018,10.73569776371702,2.0989361699510027,0.0,0.0,1,18.050546771990803,0
p492,2.0,0.768664904505387,3.6585687052146976,1.3208935024238893,6.563704242638421,8.674915260184513,18.69915953802076,0.0,5.709870781170117,0,3.6585687052146976,1
p493,2.0,0.4484671546892586,0.10020808964719571,0.0,4.639566445085645,10.107695790622058,5.468129345536413,0.0,0.0,1,0.10020808964719571,0
p494,4.0,0.23136267667929683,4.693199155605576,1.0214145755612698,14.079383976479058,11.315191100847626,-31.998809232941255,4.414776792097295,0.0,1,4.693199155605576,1
p496,1.0,0.5946656701417674,6.184649616110569,0.0,5.433170539918339,6.652011050173928,1.218840510255589,0.0,0.0,0,6.184649616110569,0
p497,0.0,0.3155750882439599,20.0,1.2737049342921298,12.322356738884407,10.37879586542724,36.88895676356108,4.036139041835501,0.0,1,21.57685755715113,1
p498,3.0,0.7861428814771199,1.9869071901411641,1.0725775483309945,4.615005396966294,14.438579932748848,-7.164920733413265,1.3643544622774926,0.0,1,1.9869071901411641,1
p499,1.0,0.7538945142949112,1.051343643123514,0.0,4.423366754379514,6.504310407898786,2.080943653519272,0.0,0.0,1,1.051343643123514,0
p500,3.0,0.44150770540409606,0.0070803067959961516,0.0,10.899901836091507,12.627933462815394,1.7280316267238867,0.0,0.0,1,0.0070803067959961516,0
p501,1.0,0.5409687365740263,20.0,1.232036292927638,14.391475016673933,8.361142616690364,20.47673489425378,2.277463020747126,0.0,1,20.005534369849276,1
p502,2.0,0.37730295275597914,8.105739525716906,1.2228952897254468,9.585735200297371,11.86917013973894,5.189952237490093,0.0,1.9638687787870974,0,8.105739525716906,1
p503,1.0,0.5460810636234481,16.311917576445747,2.388868367443754,2.0125554368203584,10.912070616836056,-66.35465721176314,0.0,5.262764286753726,0,16.311917576445747,1
p504,2.0,0.48089937873802024,5.636780401077509,1.114780782349448,9.502717114904549,9.79613551244419,8.595608334967121,0.0,2.1475234986991865,0,5.636780401077509,1
p506,4.0,0.8070816670221835,4.055484778857575,1.141882548771602,7.919576847095576,9.315337876799841,-6.046031674871487,1.4148290011154672,0.0,1,4.055484778857575,1
p507,1.0,0.5832880668061565,8.068796051004975,0.0,7.8664816235983865,10.364415020267513,2.4979333966691266,0.0,0.0,1,8.068796051004975,0
p508,0.0,0.3815072461244042,9.303059904981168,1.2354645158135107,9.638217391100918,13.817470257772559,-10.440112446448008,3.238377588798518,0.0,1,9.303059904981168,1
p511,1.0,0.13182245512142757,20.0,1.591162421775387,14.940712800361176,15.02069443030679,-9.192485413832234,0.0,1.8327615487888882,0,39.32612602980633,0
p512,2.0,0.5559728360346815,6.595380877442904,0.0,9.642127983436175,8.848067662006079,-0.7940603214300967,0.0,0.0,1,6.595380877442904,0
p514,2.0,0.7245922733525115,5.747752970162146,1.3634534439604291,5.6263849578849845,6.7509174597210375,-0.7631057306550928,1.8816836641827037,0.0,1,5.747752970162146,1
p516,0.0,0.34801364836696286,4.618515471184928,1.1093603538402768,11.44522129136482,14.308997686462513,14.479474737968486,0.0,1.7015085531493876,0,4.618515471184928,1
p519,2.0,0.1437802139446373,20.0,1.1317288582779075,10.084576296226166,10.58975255392776,74.57551115341029,7.871241996577364,0.0,1,25.616609421809454,1
p520,3.0,0.37722643706119074,0.584934707159549,1.015305316470028,11.700182664071413,7.815262820497372,-23.34535488223439,2.691500957302558,0.0,1,0.584934707159549,1
p521,0.0,0.3391304826918854,5.012950873831085,1.0763122008316226,14.766885963105622,11.41556924625819,-23.67156695449111,3.173740656658984,0.0,1,5.012950873831085,1
p522,4.0,0.6717346043324938,6.015038514594952,1.0553104149815875,10.95501363353779,8.8654351943101,-6.567616764976073,1.5710228536316884,0.0,1,6.015038514594952,1
p523,0.0,0.22589997708272774,2.6796852770806177,1.0353466136985592,8.768091457255112,8.96587847577076,-28.613144816750935,4.5832081395891455,0.0,1,2.6796852770806177,1
p524,1.0,0.390155552832301,20.0,1.637835281474851,13.083573262234442,6.94789983300691,-24.710849091577053,0.0,2.6856607272255255,0,26.817212810000015,1
p525,2.0,0.5251532618746868,6.409426161915271,0.0,11.751309334209687,8.963790898697647,-2.7875184355120393,0.0,0.0,1,6.409426161915271,0
p530,2.0,0.8276011796553053,5.668252922353493,1.1888752825672728,8.208513303092877,7.216726479778612,-3.216218087293961,1.43653164325169,0.0,1,5.668252922353493,1
p531,2.0,0.45288146727596246,0.1711523079910164,0.0,8.061526633187242,12.64710970150418,4.585583068316938,0.0,0.0,0,0.1711523079910164,0
p532,0.0,0.5369676725713567,0.6570577094411998,1.0114022974608814,9.915879947736316,12.225360379710066,-19.479927936698502,1.8835441109845918,0.0,1,0.6570577094411998,1
p534,0.0,0.5727973438160139,11.671022303058038,0.0,6.675764650761065,6.501661483170388,-0.174103167590677,0.0,0.0,0,11.671022303058038,0
p535,0.0,0.3151066672248807,7.229233908094729,1.0618011327855397,11.506855066880783,12.311994759666309,-16.322016890115755,3.369656193366956,0.0,1,7.229233908094729,1
p536,2.0,0.6706048435446376,20.0,3.4656264197000963,9.660573127837619,7.039486962255727,64.35769698644339,5.167911405741902,0.0,1,26.62252631794022,1
p537,0.0,0.16171432714239536,20.0,1.2834681290924457,12.869811191339034,11.961908823072374,-11.824670227524205,0.0,1.531062942680713,0,23.565545436443198,0
p538,1.0,0.4396798232795554,11.43596632085428,1.6454133011974796,10.015095568720875,8.84017420969054,-5.347392264016519,0.0,2.9365590773976544,0,11.43596632085428,1
p539,1.0,0.717427791481132,20.0,1.759953585055073,8.971697043269002,8.401228368374843,27.882986791572296,2.4531438647248986,0.0,1,20.026502538508268,0
p540,4.0,0.5527667585756375,15.140282527688637,1.8657956333672905,9.862656669403274,10.303187756988004,-21.57699884729709,0.0,4.171862599982608,0,15.140282527688637,1
p544,4.0,0.835762588165141,10.553026888750688,1.2352858684908785,6.5873100740696335,6.511486577998683,5.897712174829061,1.4780344154945524,0.0,1,10.553026888750688,1
p545,2.0,0.667886405029926,2.756310413288404,1.2432787572487465,4.668441238981875,6.992556011244126,9.48224281239687,0.0,3.743534670300912,0,2.756310413288404,1
p546,0.0,0.7289855321329288,13.837328717418044,0.0,7.855392043613272,10.133574221138254,2.2781821775249815,0.0,0.0,1,13.837328717418044,0
p547,4.0,0.58366938357563,2.2546705482259104,1.0877469132437922,11.393072386584935,7.703246298969775,20.18607445755207,0.0,2.612699787937385,0,2.2546705482259104,1
p548,4.0,0.42765546715893715,20.0,1.34139054050647,11.557573745879044,10.334977109614858,29.092858851933467,3.1366149704990103,0.0,1,21.54926048652075,1
p549,3.0,0.3534383010623981,0.29253909072673495,1.0107750351742553,9.663183270135477,10.809881421768434,15.795900564350237,0.0,1.5633079361723878,0,0.29253909072673495,1
p550,1.0,0.22398968922879453,11.937923549405538,1.4396702906832493,13.947364576821153,8.261899318978443,-1.9575089305933138,0.0,1.8552205694953885,0,11.937923549405538,1
p551,0.0,0.642200568785669,0.3843097080520751,1.0175286034007043,9.881580704569185,8.857017863348897,-14.449064959900625,1.5844405203887308,0.0,1,0.3843097080520751,1
p553,1.0,0.3067458861377985,11.097213003469939,0.0,10.885942104374784,10.771149586130944,-0.11479251824384029,0.0,0.0,0,11.097213003469939,0
p554,0.0,0.2739613659338,0.8786532152611533,0.0,12.264931300435263,11.876998684088674,-0.38793261634658904,0.0,0.0,0,0.8786532152611533,0
p556,2.0,0.5479392993156711,1.6661055240555922,1.113569144868842,8.369585281393384,12.338393858844883,20.48160920295168,0.0,2.463317742911787,0,1.6661055240555922,1
p558,4.0,0.1679260034532381,20.0,1.4353939824471829,11.886004691522928,13.994024174369644,-11.889269325274476,0.0,1.7250797265679423,0,29.049359652415973,0
p559,4.0,0.1949522455608075,20.0,1.1663065540634576,15.232717933590232,10.162786570745975,-11.976493474797664,0.0,1.4487420747803004,0,20.309434046365638,0
p560,0.0,0.6772784514681446,2.0889499788427868,1.0422413181015167,9.556899698193217,7.520490627697117,-10.394826606020136,1.5388667922953074,0.0,1,2.0889499788427868,1
p561,2.0,0.6487807587432003,9.628764954308002,1.2207143509824665,9.842124770767768,10.105640152352272,-0.6337498193871296,1.8815514093654684,0.0,1,9.628764954308002,1
p562,1.0,0.4735537172990556,13.911727377142137,1.1443936803587136,9.876232348139544,15.051808342074978,2.420447264700963,2.4166079550295527,0.0,1,13.911727377142137,1
p563,2.0,0.6623898500359374,19.454818697351744,0.0,9.07845648711174,9.313897431802804,0.2354409446910637,0.0,0.0,0,19.454818697351744,0
p564,2.0,0.17947874847586542,4.204849439665249,0.0,14.559060838392242,11.589794394660725,-2.9692664437315166,0.0,0.0,0,4.204849439665249,0
p566,4.0,0.436008465189989,9.28672174003386,1.0971992558483956,13.610887642832692,14.410385007790838,-12.094012677676211,2.51646319612234,0.0,1,9.28672174003386,1
p567,2.0,0.27402754583235667,6.441953910284994,1.1887842490606237,11.514848542088885,9.527112626587606,6.319159478135877,0.0,1.63750599934761,0,6.441953910284994,1
p568,1.0,0.16225903201747632,1.035705756377981,1.0211114764534972,14.70447998583743,15.847831595784987,17.804041212325963,0.0,1.2188868820783263,0,1.035705756377981,1
p571,4.0,0.12634113708915573,3.8798525510479656,0.0,10.248026787775185,10.988521066224983,0.7404942784497983,0.0,0.0,1,3.8798525510479656,0
p573,2.0,0.33822466783004795,5.735070080074187,1.3369889043471532,8.957753718701674,12.327345347019506,9.88039984012881,0.0,2.020306347719528,0,5.735070080074187,1
p575,3.0,0.7848216654519253,6.612143277353947,1.2995077597351812,3.4570007787813735,8.707551475519647,1.780973679186073,1.6558000587138266,0.0,1,6.612143277353947,1
p576,3.0,0.7420247902340931,20.0,1.452377503343357,10.553045061976366,11.222704355284376,17.849606516576507,1.9573166859899152,0.0,1,34.29498223342094,0
p577,4.0,0.8774442322968741,15.630279000153838,1.8892290412385708,7.815963380605444,10.17942512774546,14.099719227965805,2.1531044044738445,0.0,1,15.630279000153838,1
p579,0.0,0.37509208729738996,6.719593838205249,0.0,7.632766431278277,14.299243278588493,6.666476847310216,0.0,0.0,0,6.719593838205249,0
p580,3.0,0.5012516882288369,3.172346027959965,0.0,9.546904102936294,10.053849706958855,0.5069456040225617,0.0,0.0,1,3.172346027959965,0
p581,4.0,0.40674821782609144,14.143760754398608,1.1390018697039586,11.006192366507994,16.09651250770253,-0.37789778971185406,2.800262717293449,0.0,1,14.143760754398608,1
p582,0.0,0.1835663831329884,3.33357815463732,1.070400588050808,14.65777794976532,10.75974347659706,10.948769810105517,0.0,1.3110687334977351,0,3.33357815463732,1
p583,1.0,0.517060309271157,6.173226186235941,0.0,7.095729070442724,10.097158398908133,3.0014293284654094,0.0,0.0,0,6.173226186235941,0
p586,0.0,0.26336806136194146,20.0,1.299044847113361,9.471683581615105,9.806769345723792,-18.23152053505413,0.0,1.7634924294962482,0,21.021969543787847,1
p587,0.0,0.4426868071457276,0.30902097247026517,1.0128920003847734,9.736738219094713,9.23600134864788,16.633720923543393,0.0,1.8174556306432654,0,0.30902097247026517,1
p591,4.0,0.5473736784203989,2.3060531587351814,0.0,6.716741558126212,10.309365802511133,3.592624244384921,0.0,0.0,0,2.3060531587351814,0
p592,0.0,0.2799236667227377,5.997287324168406,0.0,12.236703285670371,13.051229479257424,0.8145261935870529,0.0,0.0,0,5.997287324168406,0
p593,4.0,0.6932991568682101,20.0,3.072901007298592,13.472717456106594,9.635976668690581,-69.23497347317922,0.0,10.019212780507944,0,22.665907730291096,0
p594,2.0,0.8164999865016661,1.7493647905313177,0.0,4.029823874008864,8.118127526403967,4.088303652395103,0.0,0.0,1,1.7493647905313177,0
p595,2.0,0.5654900715535529,11.892654932967883,1.446925025517879,9.383433418068025,9.855421905294143,-7.883759372109534,0.0,3.3300160267712062,0,11.892654932967883,1
p596,0.0,0.6241050058469283,16.696224599406083,1.434376261440307,7.720637907322753,9.61364292265618,18.170853985725802,2.2982931525982835,0.0,1,16.696224599406083,1
p597,1.0,0.4944981655138527,8.02867481351954,1.2982883959211853,12.748953268862218,11.117967621158023,10.492180532924401,0.0,2.56831589392929,0,8.02867481351954,1
p599,2.0,0.5321740079375424,2.9660196064736692,0.0,6.993915572534195,9.03548277574873,2.0415672032145347,0.0,0.0,1,2.9660196064736692,0
p600,0.0,0.8069059521871961,3.0829130615267126,0.0,8.754934586250544,13.40794905495604,4.653014468705496,0.0,0.0,0,3.0829130615267126,0
p601,4.0,0.7994550030853459,7.656714168598068,0.0,6.069391702933044,9.858256384262438,3.788864681329394,0.0,0.0,0,7.656714168598068,0
p602,1.0,0.5712573202525352,9.701043438571036,1.5892781141960541,3.7396370386096534,10.929883704744432,3.77152646486211,2.782070457308947,0.0,1,9.701043438571036,1
p605,3.0,0.4609450553441881,1.2933409906998006,1.0222732429658299,7.470001213630882,10.637776468954458,-17.556096818556107,2.2177767851365657,0.0,1,1.2933409906998006,1
p606,4.0,0.6107458087386548,13.529230859707,1.1304495697539894,12.028376060838943,5.824239278057524,8.057286372004267,1.8509329963125818,0.0,1,13.529230859707,1
p607,2.0,0.24401860044506574,20.0,1.3980814691140917,13.55299015028387,13.449798341875503,-12.02603145418615,0.0,1.8493596137909984,0,25.127122783389268,0
p609,0.0,0.13588701959712113,20.0,1.1527035676203106,5.834662029090933,9.396061893222242,93.51257638376586,8.482808520179889,0.0,1,37.573430801315496,0
p610,1.0,0.6331171437558343,4.040133557849192,1.0944805023540782,6.502533373547302,10.833989461143023,-7.413199534659699,1.7287172099957724,0.0,1,4.040133557849192,1
p611,1.0,0.5658011102646578,3.416399283455374,0.0,5.423411919440912,8.405767742240359,2.9823558227994473,0.0,0.0,1,3.416399283455374,0
p612,1.0,0.6326016949575435,0.6913875373287274,1.0118884934910646,6.0921219373579065,12.903713514582618,-12.722836220940763,1.5995665227532732,0.0,1,0.6913875373287274,1
p614,1.0,0.5450648608429787,12.476770865711524,1.2217778287455923,8.805907064987434,10.681371882775343,5.899900859603737,2.2415274153905878,0.0,1,12.476770865711524,1
p615,1.0,0.6365973480009717,0.2531342122439683,0.0,7.02759750647962,11.259513099932844,4.231915593453224,0.0,0.0,0,0.2531342122439683,0
p616,4.0,0.8215968120764601,10.949534905193005,1.5419569980420333,6.025853890949684,6.346770567369453,8.959295716752315,1.8767806488257583,0.0,1,10.949534905193005,1
p617,2.0,0.47420958975680444,0.9595179838752534,1.0346256748877645,9.983544050385685,8.977393253054386,16.750903871942143,0.0,1.967753033778641,0,0.9595179838752534,1
p618,0.0,0.3647919552757238,0.14505991665638446,1.0043303652554945,8.516421123313748,12.058950845917504,-29.258309921886134,2.753159302804205,0.0,1,0.14505991665638446,1
p619,4.0,0.2945132167684442,5.261589662207285,0.0,11.954226989834728,10.74667934770288,-1.207547642131848,0.0,0.0,0,5.261589662207285,0
p620,1.0,0.8174382291054265,20.0,2.2515742658293307,7.892501291039189,8.571764019496955,-148.64516802764376,0.0,12.33321880477145,0,20.008080602035612,1
p621,1.0,0.6640572752537841,3.7379312302840697,1.0769063680499134,7.485488672126038,9.13912859234672,-7.10551994603743,1.621707054769259,0.0,1,3.7379312302840697,1
p623,4.0,0.48324419982534184,2.44304568083567,1.0948500666163894,10.62077539097125,8.408677728858153,15.114051197535138,0.0,2.1186991345744763,0,2.44304568083567,1
p624,3.0,0.8358862532847072,0.26219423822667587,1.0253933730661855,2.4803362555751023,7.976375986187218,19.355135453132675,0.0,6.248065098684602,0,0.26219423822667587,1
p625,3.0,0.31970115739839755,1.0722808537934865,1.0374635300892647,11.691109191578839,10.226761435089069,14.729487133190167,0.0,1.5250114583787784,0,1.0722808537934865,1
p626,3.0,0.4392975228165366,20.0,1.449503398263902,11.047417355882908,13.506745183216783,23.88443139353688,3.299593835563823,0.0,1,27.734430621301765,0
p628,2.0,0.7521385970262904,6.514342957260409,1.3420251284583529,7.592098139770174,7.665641642142107,-1.980694601590557,1.7842790328328855,0.0,1,6.514342957260409,1
p629,2.0,0.514444412654578,15.747339881531467,1.35206696063695,12.546684593151806,14.052851252301624,5.959635361306744,2.628208077253997,0.0,1,15.747339881531467,1
p630,3.0,0.6539230741443695,6.444598899981348,1.248135724691111,4.752574697678405,8.623453924645116,-0.2878772120287145,1.908688917766426,0.0,1,6.444598899981348,1
p631,0.0,0.5692744463380895,8.195189404413275,1.2092643445496385,5.536612103416195,8.432623051891387,2.3916495706923415,2.124220316454292,0.0,1,8.195189404413275,1
p632,2.0,0.5618174309621509,2.124563762392986,1.0459006285295778,13.042096799409377,10.825250826107096,-18.41437486270197,1.8616379109818668,0.0,1,2.124563762392986,1
p635,3.0,0.6039230428912894,3.5090308746600924,1.3628972424838444,3.451366951660584,10.30012755422283,-8.476978408332416,2.2567399249397013,0.0,1,3.5090308746600924,1
p637,1.0,0.6806877202948011,20.0,1.673881881561689,5.058964516587663,11.78477242240433,26.927906731821217,2.4591039791884928,0.0,1,23.42525881957418,1
p640,2.0,0.32270310064438396,20.0,1.4153004816347097,11.375601873740417,10.909352075174427,-18.48805800928959,0.0,2.089630829524296,0,28.07341281974454,1
p641,3.0,0.6626943134029,20.0,5.5637299218209035,5.967297363873783,6.792992892749142,-230.63843520748958,0.0,16.49462236450993,0,22.055044972783232,0
p643,1.0,0.7990046170429574,20.0,1.4584463925145874,10.687867668036196,9.270693429150091,18.16734145559305,1.82532911751144,0.0,1,23.79640097141459,1
p644,1.0,0.20868579667498194,20.0,1.2521601471273178,17.121946417833293,12.794866679855808,-8.881255540387516,0.0,1.5823804777746617,0,22.063876934332207,0
p647,2.0,0.3171726534072537,20.0,1.1980191211849858,12.377646558264507,9.582323090380445,36.554147559891845,3.7771828949159563,0.0,1,24.611460759906095,0
p648,1.0,0.782849875316862,2.355451841179779,1.0733628372239223,4.090309633587288,13.124180274731955,-5.731096780039417,1.371096644537976,0.0,1,2.355451841179779,1
p653,2.0,0.33280916240376385,20.0,1.1134903307929396,13.420115617182075,13.372298911824622,22.126696231025775,3.3457321990494178,0.0,1,24.598470670434278,1
p654,2.0,0.4223115739412035,11.25672947063712,1.3575265639923557,9.180817360820384,7.094084031448286,-6.964978602201594,0.0,2.3499286168045685,0,11.25672947063712,1
p655,0.0,0.2073449859030699,19.41152810016309,0.0,9.665715591196566,12.863654292951395,3.197938701754829,0.0,0.0,1,19.41152810016309,0
p656,3.0,0.5945364047135767,3.453273108285971,1.0830656452148262,13.817993084598639,9.507447727536954,23.375471979923052,0.0,2.6711785171483484,0,3.453273108285971,1
p657,1.0,0.3367655266483397,7.1395636421985955,1.0611847301766106,11.32617556599015,14.232580130548758,-19.444460333166,3.15110854943514,0.0,1,7.1395636421985955,1
p658,1.0,0.2154727128829402,11.247006165901619,1.2958432494217658,13.235556263421763,12.999219786175704,3.0482519141631745,0.0,1.6517503861257183,0,11.247006165901619,1
p659,0.0,0.6212361822850971,20.0,2.0223150900698235,8.835433887684161,8.154361484660951,37.88012896320495,3.2553079613475324,0.0,1,25.4625150821008,0
p660,4.0,0.6505311720156867,0.8632848902741357,0.0,10.472165768372847,9.428172073234641,-1.0439936951382052,0.0,0.0,0,0.8632848902741357,0
p662,3.0,0.4293998900423682,9.268050111202612,0.0,5.357191809582066,13.910178027688808,8.552986218106742,0.0,0.0,1,9.268050111202612,0
p663,2.0,0.4364757396643021,0.9455549618060869,1.038767123472269,13.39214087744728,10.858526214825332,20.409681941749696,0.0,1.8433405561873477,0,0.9455549618060869,1
p664,0.0,0.27286166181229216,2.811898785005163,0.0,12.243026793129934,12.421679933752662,0.1786531406227283,0.0,0.0,0,2.811898785005163,0
p665,2.0,0.5459140229710122,1.3080777433569815,1.0420261419861692,9.513891255169707,9.790499745509079,19.107122155433977,0.0,2.2947771891217172,0,1.3080777433569815,1
p666,4.0,0.4358317640123418,20.0,1.8732449930887198,5.816401583435062,13.34763850821972,36.12369824970253,4.298091942274482,0.0,1,23.339878323531508,1
p667,0.0,0.57269326563121,0.3176824358949798,0.0,7.786667671342718,8.68941439055099,0.9027467192082721,0.0,0.0,1,0.3176824358949798,0
p668,3.0,0.23628613901518633,18.75790095324459,2.036141934406224,13.856512793084443,11.266637571686395,-15.657494495500362,0.0,2.6661057739355507,0,18.75790095324459,1
p669,0.0,0.5147758852130297,4.167945425106585,1.2004997816704683,10.476168670204185,12.824431927224598,17.955526782645173,0.0,2.4741140126506864,0,4.167945425106585,1
p672,4.0,0.4156158372516481,11.586856068189464,1.2098202294206384,10.457987320505321,10.681575308220136,-2.1134504441379827,0.0,2.0702481458957886,0,11.586856068189464,1
p673,4.0,0.5049309700435842,11.730257382528471,1.1510482406927796,8.464958177821815,11.306478355343506,3.80757322758841,2.2796150542982625,0.0,1,11.730257382528471,1
p674,3.0,0.162401509634214,20.0,2.6989656538309696,12.273496793463499,11.712280013931135,-25.45807012695178,0.0,3.2222666168516008,0,36.378426892000334,0
p675,4.0,0.561468373187239,20.0,1.6714078796942662,11.7501611932062,10.00556482662577,28.007351382577106,2.9768513410761317,0.0,1,22.08533240616731,1
p677,4.0,0.6216241571210025,10.577423624476182,1.5458064401318212,9.161854286965402,7.527570441003458,-7.417412551345686,0.0,4.085372967708622,0,10.577423624476182,1
p678,4.0,0.25969706819434657,11.381539860873286,1.1778874473696894,12.221976721657418,8.027013130469463,-2.8577542055518883,0.0,1.5910884541504315,0,11.381539860873286,1
p680,0.0,0.5506765003304814,20.0,4.3744317175057015,2.8537316978765266,8.33432667343965,-161.44853281953,0.0,9.735595224205133,0,20.462030449536424,1
p681,4.0,0.8999961936733094,6.823343837119485,1.490036380617862,7.113852485521139,8.567885821962468,5.78255312886304,0.0,14.899796671241079,0,6.823343837119485,1
p682,0.0,0.5762242217689376,9.026063876054904,1.5811296053827522,7.219326429415755,11.307084014239528,-2.653274377784527,0.0,3.7310523314540323,0,9.026063876054904,1
p683,1.0,0.5307983856162832,5.369456938469582,1.132584556372613,7.589199620808936,7.544122205028349,-4.685242802351488,2.1337377563001176,0.0,1,5.369456938469582,1
p684,1.0,0.7755235324912964,20.0,2.4756896557972072,8.173332273375015,7.5711742284795704,-131.0352465476843,0.0,11.028726900743914,0,25.776936527422897,1
p685,3.0,0.5629619210832384,0.42805330371225486,1.0508599447598503,7.486514131286188,10.038266182124838,19.523851538688177,0.0,2.4045043108474706,0,0.42805330371225486,1
p686,2.0,0.18613635590678465,10.752806392099112,1.103039240007008,9.878961835847463,11.854930299524959,0.7916363679908602,0.0,1.355312094369302,0,10.752806392099112,1
p688,1.0,0.5474832403458585,0.2847087447146528,0.0,4.322925829013465,14.499044143777622,10.176118314764157,0.0,0.0,0,0.2847087447146528,0
p689,0.0,0.6568114529857102,1.9148087328624586,0.0,11.050302641743524,9.19997759395908,-1.8503250477844446,0.0,0.0,0,1.9148087328624586,0
p691,2.0,0.5218044690927424,2.8202934118292116,1.217283735577213,7.644774439841869,10.976572042420777,15.612887467343072,0.0,2.545577398575262,0,2.8202934118292116,1
p692,2.0,0.6832243590122485,1.1942100543923015,0.0,6.838128783803821,9.053998804626927,2.2158700208231057,0.0,0.0,1,1.1942100543923015,0
p693,1.0,0.6048697171114367,4.40124408105532,0.0,6.2573263989934675,8.119845933287003,1.8625195342935355,0.0,0.0,0,4.40124408105532,0
p694,2.0,0.36022637993278084,19.340564006111226,1.5653703993205983,11.083283811187815,10.062919442589177,39.29581174783432,4.345518503149881,0.0,1,19.340564006111226,1
p695,3.0,0.5973891754783245,20.0,2.3938741392801557,8.432998222019195,9.36652639511015,-67.84243297552709,0.0,5.945876249413348,0,20.955779398183235,1
p697,1.0,0.45081372623978744,15.614134356429044,1.1667921528234646,8.66139344455919,9.399678893518072,16.82248485583019,2.5881912748212303,0.0,1,15.614134356429044,1
p699,3.0,0.6616264205128778,1.004689153439387,1.0513836395909144,6.235481185648462,11.776455230043188,-11.576327005437243,1.5890895632249777,0.0,1,1.004689153439387,1
p701,3.0,0.23173715534529968,3.5779436917829663,1.049684856852657,10.925775503537034,10.891648683057113,10.005285910673404,0.0,1.3663095438702924,0,3.5779436917829663,1
p704,2.0,0.21737188325258686,5.581963746808887,1.0817243028412729,14.034168764011884,15.877465913419552,13.525672704356246,0.0,1.3821689761631584,0,5.581963746808887,1
p705,3.0,0.5430050189486896,10.518834688516005,0.0,3.8747974393588684,10.836163648587073,6.9613662092282045,0.0,0.0,0,10.518834688516005,0
p706,1.0,0.6778906011273399,4.113737531497493,0.0,0.8463371418130666,10.697189364698115,9.850852222885049,0.0,0.0,0,4.113737531497493,0
p708,1.0,0.31037563817506747,20.0,1.8163383468977852,13.561853383583966,12.260872867116108,-18.257824313867317,0.0,2.633808269318188,0,26.865582786345325,0
p709,2.0,0.5742855517314956,1.0504021612435905,1.0522419416723832,8.632095337030837,11.445495160234117,21.553133888848446,0.0,2.4717083151679144,0,1.0504021612435905,1
p710,3.0,0.3444939774386212,20.0,1.2032175198658777,11.066283387959398,9.537881956927176,35.01274166216738,3.492709883673528,0.0,1,31.936581511471807,1
p712,2.0,0.18706502882689693,1.447921530350895,1.0293326321459118,11.131833244859635,7.080061141953749,8.209929863463785,0.0,1.266193076502216,0,1.447921530350895,1
p713,1.0,0.539615725071362,2.905717643764066,0.0,6.428925092867914,9.765135768355286,3.336210675487372,0.0,0.0,1,2.905717643764066,0
p715,2.0,0.5528699428636806,5.776622242340402,0.0,13.901174379866129,10.21389473798808,-3.6872796418780496,0.0,0.0,0,5.776622242340402,0
p716,0.0,0.25003407209989686,2.051814228373868,1.0159926113703024,14.46181077894715,10.837824218719359,-39.32520583265655,4.06341664892927,0.0,1,2.051814228373868,1
p717,2.0,0.6687700605368143,11.673751349334763,0.0,7.815835759450726,9.927496666039719,2.111660906588993,0.0,0.0,0,11.673751349334763,0
p718,1.0,0.5893103371083389,3.811212740135191,1.2195785821023994,2.295119392478945,8.728663562801186,-3.743127311961194,2.069501424473048,0.0,1,3.811212740135191,1
p719,0.0,0.7207526283192782,0.07408055230035965,0.0,9.24389573829448,4.070605267042155,-5.173290471252325,0.0,0.0,0,0.07408055230035965,0
p720,2.0,0.22806767505746905,6.206300360666878,1.07007712476036,9.160248602253802,11.972329455938588,-24.24171286784184,4.691928062539855,0.0,1,6.206300360666878,1
p723,1.0,0.306825154704418,3.6821151461001733,1.0676401113818548,14.169430699452663,7.8481210518612325,9.831438568053137,0.0,1.5402176213226466,0,3.6821151461001733,1
p724,4.0,0.6088538026924678,8.689680864819179,1.201265538586053,6.039973760150167,9.84403345289922,1.5265277510809665,1.9729950495074964,0.0,1,8.689680864819179,1
p726,0.0,0.6582107512649437,19.26074941370267,0.0,11.848316958711486,10.831418117255378,-1.0168988414561078,0.0,0.0,1,19.26074941370267,0
p727,1.0,0.4162718482803983,7.647843153874888,1.3610307202280005,5.751484603644362,12.583308590394095,2.410241378771312,0.0,2.331617408237974,0,7.647843153874888,1
p728,2.0,0.53479788722859,2.9725301336148795,1.1841166357327773,7.461623329945859,12.543159640608835,-16.10916373565667,2.2141385820895123,0.0,1,2.9725301336148795,1
p729,2.0,0.7205744975529351,17.63868567165806,0.0,9.644993201679526,9.374446086264932,-0.270547115414594,0.0,0.0,1,17.63868567165806,0
p730,4.0,0.3790466288965946,3.008576134359723,0.0,9.06033511711606,10.88605720240683,1.8257220852907707,0.0,0.0,0,3.008576134359723,0
p731,1.0,0.7984666037939816,20.0,2.287756598025994,3.543477427599397,8.933714792064789,37.0972203237971,2.86518758224267,0.0,1,22.989382746988696,0
p732,3.0,0.7108057117864238,9.219343455777642,1.233598599913363,6.323609386161197,5.860361999320344,5.366242659611829,1.7354933696481367,0.0,1,9.219343455777642,1
p734,3.0,0.7263219759012094,10.016700513480918,0.0,7.412570164439119,10.055738928957023,2.6431687645179043,0.0,0.0,1,10.016700513480918,0
p735,1.0,0.5166029480653516,5.574658463172622,1.2533528725865424,10.799767098647541,9.58123954344025,12.329144884331292,0.0,2.592802061101494,0,5.574658463172622,1
p736,0.0,0.30747539294452236,13.198728960243693,1.4123450640659998,12.16067611104848,9.772902984526684,-4.50479366682306,0.0,2.0394149892681837,0,13.198728960243693,1
p737,0.0,0.543327489508076,13.352433714217947,1.503412970326964,5.964980350404296,9.57626839145468,14.060116848665535,2.767047497795742,0.0,1,13.352433714217947,1
p738,2.0,0.6164817575357379,0.08808356834425606,1.006145606106192,7.364255364544772,9.460106565342212,21.1846127548274,0.0,2.6234621843312937,0,0.08808356834425606,1
p740,3.0,0.866645929025273,3.761327392607157,0.0,3.154981417004809,7.565563836736534,4.410582419731725,0.0,0.0,1,3.761327392607157,0
p741,4.0,0.22992800531184232,2.783228050842797,0.0,13.60030130344595,13.592743327298344,-0.007557976147605672,0.0,0.0,0,2.783228050842797,0
p742,2.0,0.8858175019451123,2.9763740336287925,1.229604140263054,3.9934951978446342,6.7661397350980685,13.725780227696855,0.0,10.76876194871811,0,2.9763740336287925,1
p743,0.0,0.8899107060230721,0.38640874035544637,0.0,6.065339893064114,8.511609363565222,2.4462694705011083,0.0,0.0,0,0.38640874035544637,0
p744,0.0,0.617268882210304,0.09232761778523232,1.0036934959734833,13.432771369768279,11.20963307265993,-20.300134399443213,1.6260231560344949,0.0,1,0.09232761778523232,1
p745,2.0,0.1197511169229341,19.3176840704617,0.0,15.419437059754665,9.153037549119443,-6.266399510635223,0.0,0.0,0,19.3176840704617,0
p746,0.0,0.7135219377351244,12.041573585015984,1.299487124019708,8.245158247904087,9.948280772160867,5.515488918684337,1.8212293908503583,0.0,1,12.041573585015984,1
p747,3.0,0.5103763072504359,3.367061143344947,1.314345764575764,4.132744670024746,9.48730999738341,-10.40659569281378,2.575248392027785,0.0,1,3.367061143344947,1
p748,3.0,0.6974783090078537,8.183671641781263,1.7714430517091952,2.927776491952447,10.466052373489271,1.7415257370193213,2.5397822825903087,0.0,1,8.183671641781263,1
p749,1.0,0.24625465166911828,0.07110047774215235,1.0044201076525994,6.179919142371756,11.608144202267244,13.568667073030078,0.0,1.3325722140465877,0,0.07110047774215235,1
p752,4.0,0.39355240571971595,8.91688306293787,0.0,7.1850738245783035,12.519129320513331,5.3340554959350275,0.0,0.0,0,8.91688306293787,0
p753,3.0,0.6848551815896818,16.879590321072364,1.1733449238038607,10.365507350994331,8.942202646020611,12.175619253179503,1.7132745072911608,0.0,1,16.879590321072364,1
p754,0.0,0.5469845472552196,20.0,1.460477214667392,11.991849552744593,13.716942730012482,18.501183155154393,2.670052055393701,0.0,1,22.549226447450256,0
p755,3.0,0.31951227051366654,13.156666608387551,1.2575371427537712,13.971561257073619,11.353149100760755,-1.1124918527571244,0.0,1.8479938553822621,0,13.156666608387551,1
p757,0.0,0.2328972668926536,20.0,1.5814424874451585,12.91677789227498,8.633152073240648,-18.886244093892774,0.0,2.0615784812017552,0,36.36388070043003,0
p758,4.0,0.49750282933104795,0.09298415712355451,0.0,5.259883401550226,10.569640495648853,5.309757094098627,0.0,0.0,0,0.09298415712355451,0
p759,1.0,0.3283175428978448,10.240298817941195,1.167690615583991,14.30350509280144,9.770103507646887,2.5303050609975903,0.0,1.738456324468809,0,10.240298817941195,1
p760,0.0,0.1774687788239071,11.64866845183925,1.2266026266973018,12.294924475701684,13.978875215390623,2.6476823476577875,0.0,1.4912535781236962,0,11.64866845183925,1
p761,3.0,0.6525607690111709,3.812042831122411,0.0,2.0143028961524934,7.84921854306138,5.834915646908887,0.0,0.0,0,3.812042831122411,0
p763,3.0,0.2813989487717841,20.0,1.5869730709278083,12.145103960003318,9.16505353688815,-20.32696143737887,0.0,2.2084201911692047,0,38.99731338929399,1
p764,1.0,0.61022078265323,3.214486225896085,1.1782744542413373,4.487841175829904,11.904050639660548,11.265469613978588,0.0,3.0229278571132143,0,3.214486225896085,1
p765,4.0,0.5045257899215666,3.91618928444359,0.0,12.739183992558626,12.38487133955859,-0.35431265300003645,0.0,0.0,0,3.91618928444359,0
p766,0.0,0.6258340950147415,16.82692866064501,1.6088127035528808,8.828604300348216,12.383297830782018,-30.835948873205083,0.0,4.299730900431094,0,16.82692866064501,1
p767,0.0,0.17816460982230725,18.26367492384079,1.3432319620378832,12.233653404722839,11.430332812429526,50.715123731422246,7.539274850249765,0.0,1,18.26367492384079,1
p768,4.0,0.6148766541610858,0.13293947760351735,0.0,3.1107946115890672,11.501921136730699,8.391126525141631,0.0,0.0,0,0.13293947760351735,0
p771,2.0,0.4921617554113093,1.2695199952429033,0.0,11.43322280402959,12.72216707884179,1.2889442748122004,0.0,0.0,0,1.2695199952429033,0
p772,4.0,0.25918958438866607,16.585291503774638,1.1084100263322065,13.205109450471593,9.605356853228535,-8.657224252278409,0.0,1.4962128001636166,0,16.585291503774638,1
p773,3.0,0.46357238525032285,6.280400845300429,1.1008334630585304,8.380084908843324,15.186100372967188,-14.342120973524928,2.3746743725127093,0.0,1,6.280400845300429,1
p775,0.0,0.5695507667223215,3.409353096311676,0.0,7.871007001430851,6.885594714393453,-0.9854122870373976,0.0,0.0,1,3.409353096311676,0
p777,1.0,0.47784041994709636,2.9134248409155004,0.0,3.9811919796427535,8.537355630255842,4.5561636506130885,0.0,0.0,0,2.9134248409155004,0
p778,1.0,0.39414404126078334,0.46262350731024127,0.0,8.882582719187427,9.993720104776123,1.1111373855886963,0.0,0.0,0,0.46262350731024127,0
p779,0.0,0.5954921427611013,20.0,2.3081469125194634,8.378507131254421,9.881062705302064,40.72388562626467,3.876032522977289,0.0,1,24.70772484670239,1
p784,1.0,0.6036769443016111,7.517873663795594,1.5308904540963786,4.646605465494315,14.534233320109099,-1.2033167995743188,0.0,3.862733777621613,0,7.517873663795594,1
p785,1.0,0.5649511175193719,15.68134403150608,1.818783290087505,8.749558501274077,10.231904196182459,19.026076126566398,3.2193640010370275,0.0,1,15.68134403150608,1
p787,3.0,0.41314966379850815,3.1170082082530937,1.0530446084897689,12.284128790964356,9.73587007360351,-19.41855394539961,2.548821167632211,0.0,1,3.1170082082530937,1
p788,2.0,0.5507765447452676,20.0,1.4222490123036116,10.337593411274868,11.979121194257472,22.353533528525567,2.5822614014207836,0.0,1,23.002771958499764,0
p789,3.0,0.4610099587548503,1.1507177681758873,1.0109440329015886,11.829641197578905,8.577675672339895,-19.538465704334975,2.192889792732601,0.0,1,1.1507177681758873,1
p790,2.0,0.5424418737561861,5.226953504677247,1.161847349033967,11.018281408905732,10.116794613733326,-11.374957234343729,2.1418835920402928,0.0,1,5.226953504677247,1
p791,0.0,0.4395383687545738,15.755541341026804,0.0,8.997980676560163,8.200789231529216,-0.797191445030947,0.0,0.0,0,15.755541341026804,0
p792,0.0,0.34904708567476966,0.9279859862830591,1.0190468083293571,14.654062041160303,9.515814280848334,16.34950302287325,0.0,1.5654693080000852,0,0.9279859862830591,1
p793,2.0,0.7099657179723625,3.480137266322788,1.070560139129928,7.6145940819531654,9.859214890056874,-7.374415795366798,1.507903990332675,0.0,1,3.480137266322788,1
p794,1.0,0.6855706209333443,6.030394414756208,1.4329579452659305,4.463296262948884,9.716021927854705,-1.8890552790683124,0.0,4.5573284198807595,0,6.030394414756208,1
p795,2.0,0.32747539674562554,3.1027628720034146,1.0410127868018872,8.820823496428657,12.918179885007449,-27.10491016296628,3.1789038112396555,0.0,1,3.1027628720034146,1
p796,3.0,0.20509307083878525,6.191517186821306,0.0,13.2913301162436,11.844797042547889,-1.4465330736957114,0.0,0.0,0,6.191517186821306,0
p797,1.0,0.4845321118903967,20.0,2.287846376169802,7.185429447732224,12.334898475942136,41.34227093842936,4.721764192766904,0.0,1,29.282309676941473,0
p798,0.0,0.7977323426649571,6.560729968372833,0.0,9.301806170192238,8.78286824170664,-0.5189379284855988,0.0,0.0,0,6.560729968372833,0
p800,1.0,0.3810564708435509,0.6012305033253917,1.0224719989578208,6.135857240537536,11.685355861112525,14.692498905585301,0.0,1.6519633064931398,0,0.6012305033253917,1
p801,4.0,0.2561264222014771,3.6565099925157654,1.0901545415997218,9.338667755327362,13.512765244987555,12.501359374061913,0.0,1.4655105035804734,0,3.6565099925157654,1
p802,0.0,0.597713508487386,2.4436767148637126,1.1172426172049854,8.921932130643789,12.173922791750606,21.243604071823484,0.0,2.7772312537865904,0,2.4436767148637126,1
p805,4.0,0.21426850866627672,0.3162754971714015,1.0093181738039883,12.429163683919757,10.366643329024196,13.497194788236095,0.0,1.284558637316092,0,0.3162754971714015,1
p806,0.0,0.4314347400916999,19.77195008785396,1.592749719382159,9.975410307721862,11.644352547962669,31.674010209875142,3.6917511998306525,0.0,1,19.77195008785396,1
p807,2.0,0.8069454337302865,3.9628797136441456,1.1542157875491517,3.47039434073338,7.584557466435224,-1.0661098704078107,1.4303517181001075,0.0,1,3.9628797136441456,1
p808,1.0,0.5566859729880814,13.66524785633537,1.911549136864227,8.612550246189047,10.082832479280235,-20.316711110233534,0.0,4.311952747691502,0,13.66524785633537,1
p809,4.0,0.7514153880159361,2.121660691067737,1.1155911786643085,5.175704208874174,8.168210796403518,-5.984522718026059,1.4846530912947564,0.0,1,2.121660691067737,1
p811,0.0,0.2788293777300986,20.0,1.506843194641916,11.305589681262068,9.934208267457866,-19.537835531109543,0.0,2.089440623495022,0,24.277851881992834,0
p812,4.0,0.5998031716355036,1.653819359694624,0.0,6.752180668955067,9.95838128835287,3.2062006193978023,0.0,0.0,1,1.653819359694624,0
p814,3.0,0.5859992734305856,15.800618520095846,1.1300070654485403,10.079015240752984,10.49657497838056,10.645570162447573,1.9283420930425355,0.0,1,15.800618520095846,1
p815,2.0,0.5570674451117911,4.847042860261757,1.140538337035976,11.497942075573622,9.18029615413102,14.808224478262366,0.0,2.574970668669488,0,4.847042860261757,1
p816,3.0,0.6899146484824599,5.715977614039981,1.2214820097220145,8.24932291581641,7.197748733234189,-3.675024443571129,1.770482787122716,0.0,1,5.715977614039981,1
p817,3.0,0.4015505007625154,6.05834204580606,0.0,6.8778306396332844,13.655709123071958,6.777878483438673,0.0,0.0,1,6.05834204580606,0
p819,1.0,0.3641682082794803,16.418898620291515,1.1031388729173301,11.823922196895769,10.089465302820974,17.438671834068707,3.029201472937824,0.0,1,16.418898620291515,1
p820,2.0,0.09024206731666379,7.261200776490521,1.1565592180926765,13.84403128546914,12.159119609442612,6.683724675233483,0.0,1.2712823670373485,0,7.261200776490521,1
p821,4.0,0.49337267646523064,20.0,2.183385424849369,5.560531687664408,12.08002654620025,41.56876983685729,4.425428340483379,0.0,1,25.93886642010195,0
p822,2.0,0.7593096705959976,1.619220757659747,1.0984503869179094,4.9424296529344245,9.249506896493141,-6.73122647634136,1.4466434834890398,0.0,1,1.619220757659747,1
p823,3.0,0.6123947558044435,19.78147481548195,0.0,12.187044529540659,14.364837625430901,2.1777930958902427,0.0,0.0,1,19.78147481548195,0
p824,3.0,0.7053560045092034,3.9472479991867333,0.0,3.491459963804215,10.552511048699188,7.061051084894973,0.0,0.0,0,3.9472479991867333,0
p825,3.0,0.18258464558432386,14.32857008576897,1.1919915549756803,8.81449271186467,11.480455245434156,21.259688344495423,6.5284326136020985,0.0,1,14.32857008576897,1
p826,2.0,0.27092040777746107,20.0,1.6249256492363868,7.711640662254984,7.988214407061397,72.3208271224504,5.997797148493627,0.0,1,28.565292352912213,0
p827,0.0,0.1998853702075046,12.585033490468655,1.1627941497470815,10.97875139060302,10.79950958887354,-2.5136265998822314,0.0,1.4532844500651672,0,12.585033490468655,1
p828,3.0,0.680248873448931,7.898027122986431,0.0,11.876686858655377,11.88447304085138,0.007786182196003466,0.0,0.0,0,7.898027122986431,0
p829,0.0,0.5034900920240325,9.405679008900997,0.0,8.576562514630393,12.886287768540717,4.309725253910324,0.0,0.0,1,9.405679008900997,0
p830,2.0,0.3506305141728711,8.616257444895055,1.2353273943356167,10.60587294938274,13.765349599322306,-14.981598747698285,3.523159977247628,0.0,1,8.616257444895055,1
p831,2.0,0.8637085415474332,4.167352675340595,1.080767812569097,9.569523856961005,8.489597820334613,-6.488397999139736,1.251310784344887,0.0,1,4.167352675340595,1
p832,3.0,0.8675344076545741,7.591048414073686,1.2357713184404768,2.7712401258942734,8.416182628732,4.469568722453149,1.4244637532953315,0.0,1,7.591048414073686,1
p833,3.0,0.6903869528936922,1.5700394710882162,0.0,6.427362822673076,12.066590383284785,5.639227560611709,0.0,0.0,1,1.5700394710882162,0
p834,4.0,0.8237860764000043,0.24475004017413018,0.0,2.523372385454511,11.676133680318658,9.152761294864147,0.0,0.0,1,0.24475004017413018,0
p836,2.0,0.4312403800681228,3.7567670606323493,1.0532232811258955,12.626749591062381,9.992451819640177,-17.86378152457048,2.4423113646257297,0.0,1,3.7567670606323493,1
p837,4.0,0.6131161911122025,20.0,2.0438299857955333,11.939486212417815,6.154165818074268,-48.36740680250496,0.0,5.282800517475977,0,21.725047089464606,1
p838,3.0,0.7106197709581027,0.11521731837274327,0.0,3.2248423972406495,12.474298131879976,9.249455734639326,0.0,0.0,1,0.11521731837274327,0
p840,3.0,0.43453604733882534,5.934944262760238,1.1246135643096344,9.261866013808376,9.153433163313313,-8.43813598170543,2.588078874461542,0.0,1,5.934944262760238,1
p841,0.0,0.6379918633444773,4.4561321078089895,0.0,10.861167113723356,7.0080838983692,-3.8530832153541557,0.0,0.0,1,4.4561321078089895,0
p842,4.0,0.3320949523979211,4.385353066440108,1.0604622255726537,9.632536367330745,11.61594324075061,-21.105675610632602,3.193250056694605,0.0,1,4.385353066440108,1
p843,4.0,0.5799912572065311,12.014452779750851,0.0,13.669492539221059,11.699455240533652,-1.9700372986874068,0.0,0.0,1,12.014452779750851,0
p845,1.0,0.3565721141775546,4.649084735431523,1.0427482559255699,13.360358393489436,9.144190718267488,-17.36151398087495,2.924368492277371,0.0,1,4.649084735431523,1
p846,3.0,0.36897514160625444,13.440716307661095,1.8761781628625651,11.30357236021622,11.471493708726912,-6.186286020271021,0.0,2.973223856249212,0,13.440716307661095,1
p847,4.0,0.5176395256501048,20.0,1.740446517055412,6.662682429312042,12.223382067780182,31.70782891265613,3.362275156383355,0.0,1,34.08734653432714,0
p849,3.0,0.2147485329535724,5.296898147837082,0.0,12.128207726297045,5.9397793745437735,-6.188428351753272,0.0,0.0,0,5.296898147837082,0
p850,0.0,0.13981012043550356,3.8823417770177757,1.0360330041273969,13.259822418503584,13.740736346464551,11.775373059546922,0.0,1.20442361476274,0,3.8823417770177757,1
p852,1.0,0.8361061778439159,0.3558521833713914,1.0233335597775746,6.481215169456935,6.44041734870761,-7.4878660225399685,1.2239277580946306,0.0,1,0.3558521833713914,1
p853,4.0,0.22748141023442733,8.983830046883678,1.1425770220260423,13.837581130939164,11.713859112134527,5.055114235425447,0.0,1.4790285142170716,0,8.983830046883678,1
p854,3.0,0.5586475423563287,0.3131563262363742,0.0,8.536609066874624,12.926082182000515,4.389473115125892,0.0,0.0,1,0.3131563262363742,0
p855,2.0,0.8090800165188059,3.0595520675933425,0.0,3.4478960672028904,10.799142364946666,7.351246297743776,0.0,0.0,1,3.0595520675933425,0
p856,0.0,0.37586929795380136,5.473236848711261,1.0564215038597542,3.8149960878437583,15.169610127358688,-15.898096668113253,2.8106086600071296,0.0,1,5.473236848711261,1
p858,1.0,0.7795575038177305,7.196286738456709,2.954446228991209,0.8632253588840355,9.679000967694035,-76.06209338146716,0.0,13.402344285506413,0,7.196286738456709,1
p859,2.0,0.39354101918042395,2.812479577202249,1.1092502378685283,11.30278986428117,10.417843639627561,14.644345950709134,0.0,1.8290606173718031,0,2.812479577202249,1
p860,4.0,0.2516793913290535,3.387139795949949,1.050302934662646,16.701076054220117,7.526032531165852,9.51168802214296,0.0,1.4035467184687518,0,3.387139795949949,1
p862,3.0,0.3173533537045418,14.10914739767346,1.4824620981231043,9.847242708664371,10.14195632316531,18.82677050098985,4.67132954738927,0.0,1,14.10914739767346,1
p863,4.0,0.2538444019683968,0.711007253396179,1.030815641078872,13.201694090105667,10.991641572484147,15.045859510733692,0.0,1.3815022547551965,0,0.711007253396179,1
p864,4.0,0.6883218912721163,2.9004419709019222,1.2215678085801764,5.526568281794225,10.037447983034484,14.8035222475676,0.0,3.919325016331797,0,2.9004419709019222,1
p866,0.0,0.6355748107088386,12.99520301721309,0.0,12.505087201850714,13.202212438214133,0.6971252363634193,0.0,0.0,0,12.99520301721309,0
p869,4.0,0.49330103148689813,3.0533612523861557,1.0485989611549675,11.046062028497595,6.177493683589374,-11.509466726968963,2.1256776171626917,0.0,1,3.0533612523861557,1
p870,0.0,0.6591607837842444,20.0,2.0636842360515297,11.818821744479914,13.378327561542003,-47.975194989070985,0.0,6.054714768341654,0,35.02258130735417,0
p872,0.0,0.749639749282115,0.19094772350238895,0.0,7.784636991841508,12.738469820264534,4.9538328284230255,0.0,0.0,0,0.19094772350238895,0
p873,1.0,0.15428383497236353,10.804512534247735,0.0,8.403991600086671,7.958270122423637,-0.44572147766303427,0.0,0.0,0,10.804512534247735,0
p874,1.0,0.31307240703040656,18.788272882831695,1.2257463786394986,14.277718304805791,12.815300529358513,21.923064520578013,3.9152168990748852,0.0,1,18.788272882831695,1
p875,1.0,0.4033778645363142,2.5063906478795683,1.1113344018837836,6.522422826013454,14.160658591309948,-24.470092511947307,2.7550703684776323,0.0,1,2.5063906478795683,1
p876,4.0,0.13343119924540653,20.0,1.1628093055402877,13.557554554121177,10.00036054504814,83.58639666555041,8.714673270691737,0.0,1,36.16677470487201,0
p878,4.0,0.5716437074532126,20.0,2.6488872869588724,7.239673383833586,11.63506479087174,-74.51244195300113,0.0,6.183841192596806,0,29.223577514483324,1
p879,0.0,0.6460642568241408,7.8750389714174585,1.2451232936994998,7.211861825731519,10.53047617189066,-1.7990603717062088,1.9272437386029597,0.0,1,7.8750389714174585,1
p880,0.0,0.6313800487545725,6.7853019301287,1.1011609957872401,8.784537680968912,9.431163641233208,-3.9679001437236723,1.74405415242267,0.0,1,6.7853019301287,1
p881,0.0,0.22475651542005404,13.799424923722697,1.2275920073664524,13.105933165428784,10.978757596542392,-3.225314355718496,0.0,1.583492195399236,0,13.799424923722697,1
p883,4.0,0.9361016840624463,1.6915638936366477,1.198275600491352,6.412952885219485,7.873684807003929,90.00023638339104,0.0,18.752851040118152,0,1.6915638936366477,1
p884,4.0,0.16245894241309297,17.195305295402324,1.1192524857901915,12.419951887986114,13.494732781689082,26.569683933811643,6.8894483071557175,0.0,1,17.195305295402324,1
p885,2.0,0.3507477937951688,9.773857371323432,1.2363692222376197,11.839478977350936,8.7835226213011,0.8776012877662147,0.0,1.9042972983715365,0,9.773857371323432,1
p888,4.0,0.6225166989486645,2.760150762809236,0.0,4.328572613064213,8.207159508971676,3.878586895907463,0.0,0.0,0,2.760150762809236,0
p889,1.0,0.6470275362881042,6.479671139273054,1.2889296353992443,4.449299948714744,10.601137161863212,-1.2623547350016624,0.0,3.651643592377501,0,6.479671139273054,1
p890,3.0,0.7039590187397574,2.03392191655701,1.1247127508702723,8.946400596279377,11.178833468373847,28.494178384849093,0.0,3.7991792422872837,0,2.03392191655701,1
p891,2.0,0.6561463677341117,0.8549349595214205,0.0,7.367031802047381,9.266870211037793,1.8998384089904112,0.0,0.0,0,0.8549349595214205,0
p892,0.0,0.7681001283478677,20.0,4.795760181911701,2.6559254762608604,8.577284971365946,77.24096989730228,6.24366538282849,0.0,1,29.245924335722695,0
p893,4.0,0.49866702971210003,2.85217113574308,1.319218104015038,6.0154534388678,11.405040508564005,13.713514538492158,0.0,2.6314209960247616,0,2.85217113574308,1
p894,2.0,0.4940987427010833,5.961485464391282,0.0,8.897444996200148,8.425601672473773,-0.4718433237263753,0.0,0.0,0,5.961485464391282,0
p895,1.0,0.3547958419838608,4.777473063812752,1.2504367020071228,6.839861600382085,10.090999670049777,7.248146284640393,0.0,1.9380481146493855,0,4.777473063812752,1
p896,3.0,0.5567949302542594,18.846520848342134,0.0,12.905538458853082,10.655138479210542,-2.2503999796425393,0.0,0.0,0,18.846520848342134,0
p897,4.0,0.36606426768901285,20.0,1.6583751325151013,11.919608679193376,10.78467942249133,-22.27322347868293,0.0,2.6159988276249417,0,31.911503333570153,1
p898,1.0,0.20812305784593146,20.0,1.4481592709005962,12.55660041974944,13.26889313787144,-12.899958801458467,0.0,1.8287680746976978,0,27.646393621226206,1
p899,2.0,0.39178802340475455,7.472158542961704,1.0907990622501278,11.129768540812046,9.376112909566817,-7.054562023461122,2.78415621991392,0.0,1,7.472158542961704,1
p900,1.0,0.39472382527386335,1.0169870475678162,0.0,11.406119486056797,9.496630779540906,-1.9094887065158908,0.0,0.0,0,1.0169870475678162,0
p901,2.0,0.7666391764943573,2.615929065222435,1.0947233947761568,5.434301627796907,9.678003637225592,-5.840596428041753,1.4279512818299265,0.0,1,2.615929065222435,1
p902,2.0,0.6202131418794391,0.2225033691952483,1.0238917669388412,6.830920989119049,7.724275613894357,18.70941183912376,0.0,2.695964183715418,0,0.2225033691952483,1
p903,4.0,0.4935111734442578,0.7685660934541442,1.0572227077779521,12.3884603706673,7.493992067485721,19.360392708045104,0.0,2.087356427914404,0,0.7685660934541442,1
p904,0.0,0.7754752488323364,1.0844377369170242,1.0603089842265316,9.650004766849825,11.130573941355888,41.93111028233356,0.0,4.722459233168228,0,1.0844377369170242,1
p905,0.0,0.757770090655233,3.459014611206981,0.0,12.792736901284615,10.970838730675228,-1.821898170609387,0.0,0.0,1,3.459014611206981,0
p906,4.0,0.43717216432322303,4.594538309563511,1.2054182750907045,7.669837106671664,7.824683790256362,6.741268207923645,0.0,2.141717588720962,0,4.594538309563511,1
p909,2.0,0.6692211813869889,3.6565178900189275,0.0,10.559567652159071,11.120882147441927,0.5613144952828559,0.0,0.0,0,3.6565178900189275,0
p910,3.0,0.2997890908175018,2.508646738870743,0.0,13.124006702652359,7.267163688420627,-5.856843014231732,0.0,0.0,1,2.508646738870743,0
p911,0.0,0.8066482848399898,2.4675865899876395,1.2051771625421674,5.9517836238143556,8.898430707366769,-6.661389791739959,1.4940553214976853,0.0,1,2.4675865899876395,1
p912,2.0,0.7644023270726469,1.2304714688383536,1.0387074890161354,10.247253830820608,6.909272892644064,-11.054615697952588,1.358849197900753,0.0,1,1.2304714688383536,1
p913,3.0,0.636301948237452,1.2186345430837304,1.1160842855393063,7.872846716856582,10.379635293684053,22.926644014054183,0.0,3.0687112018625218,0,1.2186345430837304,1
p915,4.0,0.749213462504708,0.7752529246032007,0.0,6.277122559579458,9.793635941313724,3.516513381734266,0.0,0.0,1,0.7752529246032007,0
p916,1.0,0.3647815431747147,2.5487732550550524,1.0600619066791226,15.020855577580239,8.421725125893698,14.214464029103976,0.0,1.668814712936921,0,2.5487732550550524,1
p917,0.0,0.286652724262853,4.017326592510512,1.14195095012047,10.80370734098996,13.104730011639575,13.16489529930317,0.0,1.6008345289332178,0,4.017326592510512,1
p918,2.0,0.38408074910433315,10.749911196313246,1.506399141916766,6.669691186770372,9.167978264921736,-7.481007954872657,0.0,2.445773759670878,0,10.749911196313246,1
p919,1.0,0.607933242082249,9.3247135958123,0.0,3.4294910475507083,6.130841221495824,2.7013501739451153,0.0,0.0,1,9.3247135958123,0
p920,0.0,0.1874387334216717,10.926872214204966,0.0,9.173455045777589,12.944090692439119,3.77063564666153,0.0,0.0,0,10.926872214204966,0
p921,3.0,0.8052588723934281,10.053102110102762,1.2767302508831195,5.8430205165004585,7.306111188226007,5.818418540932623,1.5854904486657342,0.0,1,10.053102110102762,1
p922,4.0,0.4491569893311937,20.0,1.2600502051583136,12.4365843198178,11.227986084242364,23.400120312165424,2.8053670210822297,0.0,1,28.97857555196741,0
p923,3.0,0.5982143079592624,4.034663565131033,0.0,2.641593505289102,10.611817629784497,7.970224124495395,0.0,0.0,0,4.034663565131033,0
p924,2.0,0.17745767501643003,1.4594100887138162,0.0,10.658792541811044,12.281242223874376,1.6224496820633316,0.0,0.0,0,1.4594100887138162,0
p925,3.0,0.5251756512050251,1.0592559929908802,1.027425568296139,9.954911272138432,11.752824274769251,-19.12241230912001,1.9563465403216855,0.0,1,1.0592559929908802,1
p926,3.0,0.16211116093678823,20.0,2.0979257559920907,13.425937438712987,12.443529875958811,-17.44269981852305,0.0,2.5038234884923916,0,36.09995643272432,0
p927,4.0,0.19137734070318796,0.739214901066974,1.0038118901256834,11.177884340667617,11.562782776749575,-56.38684939608757,5.24519719229729,0.0,1,0.739214901066974,1
p928,1.0,0.6916759412571505,1.1600894553029735,1.0400122388369992,5.686184642222898,10.364408085157647,19.945259066852383,0.0,3.3731141289379467,0,1.1600894553029735,1
p929,1.0,0.6420369569155543,20.0,1.85626005402881,7.862206297253523,9.919835171623998,31.201445452832044,2.8912043676528727,0.0,1,36.39685162960615,0
p932,1.0,0.32245706581739014,12.313598986485918,1.0909081442138508,11.626052027270896,7.727101746539536,11.617680374542747,3.3831113033560887,0.0,1,12.313598986485918,1
p933,4.0,0.24462226434239473,14.003340029559947,1.2304897020143237,12.661222445719654,11.710039164775917,-3.13745617177778,0.0,1.6289726899921173,0,14.003340029559947,1
p934,0.0,0.7793203430094062,7.08375906862699,1.2215597994215075,7.1850656384335885,7.801518827007699,-0.5086123564809428,1.5674681283236611,0.0,1,7.08375906862699,1
p935,4.0,0.7469398240118689,20.0,1.9628654360574087,8.589722645416943,11.931642721197683,24.544564678743598,2.6278762665440887,0.0,1,27.298370925233314,1
p937,2.0,0.34666095218320436,20.0,1.5433736511293392,11.727976994648365,10.506832553952837,-20.762028137540508,0.0,2.362285946763311,0,24.190618984406147,1
p938,2.0,0.1175775775239943,20.0,1.272794901651517,14.543137997294112,10.451934716027232,-11.962111770391088,0.0,1.442387307067921,0,20.065858889164666,1
p940,0.0,0.6630987357447283,2.1774542261607626,0.0,6.165442156790518,11.86001949376864,5.694577336978122,0.0,0.0,0,2.1774542261607626,0
p941,2.0,0.47602211555453394,5.908159393293168,1.3165160335595112,8.069075831340118,11.891767305065052,9.25208309944574,0.0,2.5125412209959976,0,5.908159393293168,1
p942,1.0,0.20119503021497448,20.0,1.299168754197484,11.662696361281084,13.13242313406057,-12.089984034472495,0.0,1.626390424870687,0,28.63779946239808,0
p944,1.0,0.6184944276523663,0.6886055283602245,1.0305301360127277,9.323473236544542,9.120745662989457,-14.252287490854686,1.6661914642049969,0.0,1,0.6886055283602245,1
p945,3.0,0.2555350970089546,0.09949148375921246,0.0,12.910066078006032,9.179466120345241,-3.7305999576607913,0.0,0.0,1,0.09949148375921246,0
p947,2.0,0.17705328082216082,2.229387375002654,1.0181108414676785,14.28797578033323,10.084662782609103,-49.37356354638017,5.750307685573523,0.0,1,2.229387375002654,1
p949,0.0,0.6219284725644643,7.221718922343872,0.0,9.725550399205105,10.73119859946232,1.005648200257216,0.0,0.0,0,7.221718922343872,0
p950,2.0,0.626440695793076,9.831551334255302,1.112729110812389,8.611179622530177,10.088090324754008,1.0212276587955276,1.7762720689843914,0.0,1,9.831551334255302,1
p953,0.0,0.3809281060717241,6.579158263850525,1.1736146992633567,11.596070303150029,8.724658922716896,6.639473820430728,0.0,1.8957647904450476,0,6.579158263850525,1
p954,4.0,0.7778659671710572,3.6193777674008767,1.1479523481575724,6.088123247146628,11.229456736422124,-6.089403412511853,1.4757714009939853,0.0,1,3.6193777674008767,1
p955,2.0,0.4919656172381133,5.625037344089575,1.099272315363533,8.40698201798721,9.183747596737867,-7.174992678459443,2.2344494754223465,0.0,1,5.625037344089575,1
p956,1.0,0.4135584606535483,2.70888225226411,1.0184063339639822,11.44822818510711,10.385412782658069,-19.96661754608443,2.462545034998414,0.0,1,2.70888225226411,1
p957,0.0,0.8523855616463738,3.229606229321963,1.0747357010914527,6.651113425588466,8.708232306724735,-4.850641296010125,1.2608562949090925,0.0,1,3.229606229321963,1
p958,2.0,0.6919277478325169,3.057520638748948,1.2913858856662246,10.203076565446052,7.763608667148154,27.5134733486102,0.0,4.191827977302429,0,3.057520638748948,1
p959,4.0,0.6501428065048116,6.402379886908492,1.2873608725827044,10.496736429158178,10.157361985777126,14.726528184594356,0.0,3.679675297573693,0,6.402379886908492,1
p960,4.0,0.6961877258192759,2.892595638524495,1.2109611206070157,4.22141287192955,9.07592414866435,10.151025416545004,0.0,3.9858860998047434,0,2.892595638524495,1
p961,2.0,0.5588548383981184,1.9724610397346585,0.0,5.8223131561609245,7.952553338625136,2.1302401824642114,0.0,0.0,1,1.9724610397346585,0
p962,1.0,0.4387762174060503,1.079415399794785,1.0307446238294957,7.2869565380180745,5.008068317146733,9.121893167706013,0.0,1.8366018258624803,0,1.079415399794785,1
p963,0.0,0.5975858967906301,6.549831728474962,1.8848772685594517,6.975110794163331,10.463878815002593,5.4807430468565475,0.0,4.683924478607995,0,6.549831728474962,1
p964,1.0,0.6374773792218783,20.0,1.916524817440849,6.122975453237733,11.795102628444567,30.33949569632266,3.0064201176521896,0.0,1,25.56107044480786,0
p966,3.0,0.5967485298715449,11.557403690358854,0.0,9.440796430336086,8.564396531983249,-0.8763998983528367,0.0,0.0,1,11.557403690358854,0
p967,4.0,0.46513780297409496,1.0391845310457224,0.0,5.709172583809724,12.729949225671742,7.020776641862018,0.0,0.0,1,1.0391845310457224,0
p968,0.0,0.5059395301303179,15.38806060917888,2.200024277421117,9.657789416785194,10.969192699533528,-24.20518124140562,0.0,4.452945361124349,0,15.38806060917888,1
p969,3.0,0.5577527182416051,4.817089355449453,0.0,7.382642066590209,12.472160736576376,5.089518669986167,0.0,0.0,0,4.817089355449453,0
p970,3.0,0.5671540564249694,5.771835157588781,1.24302300144506,10.403122622890825,12.63883688027251,15.535589030672089,0.0,2.871744600812209,0,5.771835157588781,1
p971,2.0,0.5133525003578614,11.048153038029621,1.3674509795769507,11.415375441089378,12.959943258848428,2.5764412685749556,0.0,2.8099414475210915,0,11.048153038029621,1
p972,2.0,0.7451940323549248,8.32180526140157,1.1992328134414985,9.257694715324025,9.076614772662957,-1.395786843817874,1.6092893412628966,0.0,1,8.32180526140157,1
p974,1.0,0.4117048210789952,4.56912414950956,0.0,5.855700022364608,12.656334923650894,6.800634901286286,0.0,0.0,1,4.56912414950956,0
p975,2.0,0.6598553525166033,3.5786576538385506,1.2671047543220382,10.152172056710345,12.122177408994494,26.45762088323211,0.0,3.7251938658946226,0,3.5786576538385506,1
p976,0.0,0.425978599584968,1.902437959978542,0.0,7.355943019105823,10.962884345166167,3.606941326060344,0.0,0.0,0,1.902437959978542,0
p977,3.0,0.6335612239776774,4.2795787697495795,1.2577706795810777,8.288770069812228,8.310890506071535,13.78333675945529,0.0,3.432416987181666,0,4.2795787697495795,1
p978,0.0,0.6210654322274545,1.477341539454698,1.0359474050678974,10.596257475244812,10.559105803206945,-15.185684554845135,1.6680165266201767,0.0,1,1.477341539454698,1
p980,3.0,0.28176380408067386,0.3795073033303724,1.0104633721818101,14.018495681906952,8.50352267262484,13.673280476780011,0.0,1.4068677935236051,0,0.3795073033303724,1
p981,2.0,0.3472794742044847,11.514988217015288,1.0885931862173852,9.326636150969573,9.098768840501366,7.346090107270557,3.1346315203656436,0.0,1,11.514988217015288,1
p983,4.0,0.40825254653490295,3.583295469606913,1.141586511136403,12.336033356288198,10.85623434896024,15.40579542732094,0.0,1.929178578550042,0,3.583295469606913,1
p984,2.0,0.6527807943024332,16.293502279190076,1.9688814909960848,4.934258257398151,9.450431944868273,25.15586566435825,3.016144942039919,0.0,1,16.293502279190076,1
p985,3.0,0.4943569578391482,5.726553134643604,0.0,9.86133330709369,9.381896624782598,-0.47943668231109093,0.0,0.0,0,5.726553134643604,0
p986,0.0,0.5173153751524086,6.4007679211109805,1.107187063361907,8.263882315456637,11.876017205993824,-8.106297361969958,2.1402554738213873,0.0,1,6.4007679211109805,1
p987,4.0,0.43927061663320544,3.049444929787639,0.0,11.582338265903694,14.94074491495349,3.3584066490497957,0.0,0.0,0,3.049444929787639,0
p990,4.0,0.35381328486906,7.653872691398341,1.1101348017199346,10.500040729080762,15.83030718463901,-20.324351030862537,3.1376289393168935,0.0,1,7.653872691398341,1
p991,4.0,0.5272042586009664,1.9194011760625318,0.0,11.536001169664837,8.80673113292668,-2.729270036738157,0.0,0.0,0,1.9194011760625318,0
p992,4.0,0.709332919851397,0.3075745078856886,1.0100468265748888,7.089039199749004,7.936786932743642,-10.015785571800858,1.423939025396552,0.0,1,0.3075745078856886,1
p993,2.0,0.3931523998967229,12.090466767681749,1.11550879681963,9.480948814380818,11.839601996895533,3.0704429584328445,2.8373444931600638,0.0,1,12.090466767681749,1
p996,2.0,0.7152148280177028,20.0,3.260990437932413,10.71749435717337,7.6224577157313655,-109.38625233434668,0.0,11.450703051825753,0,24.22020897368077,0
p997,1.0,0.26131509292055694,9.673463353109366,1.0575664012857244,13.655775044922803,12.002307075454548,-11.078514364879481,4.047092685944619,0.0,1,9.673463353109366,1
p999,0.0,0.5378392593098398,20.0,1.7334354660208555,13.294017110489564,10.140590348268425,-28.3056899290304,0.0,3.7507198543784956,0,24.36003715300245,0
p1000,3.0,0.6893501370133404,0.7067757962114424,0.0,8.867943893342712,9.223023665014601,0.355079771671889,0.0,0.0,1,0.7067757962114424,0
p1002,0.0,0.5634305328721699,12.606096284558209,1.6787074158776378,13.130971026997573,12.232343584687092,1.11963354221648,0.0,3.845224053165639,0,12.606096284558209,1
p1003,3.0,0.45829554058537164,1.1910465550382565,0.0,10.667142190908471,9.721790849366116,-0.9453513415423558,0.0,0.0,0,1.1910465550382565,0
p1004,3.0,0.4727796795003086,6.166796031479936,0.0,11.090909209626435,12.197476580997556,1.1065673713711206,0.0,0.0,1,6.166796031479936,0
p1006,2.0,0.22457895697484564,20.0,1.1759979972703662,12.158066396489664,12.958899132697308,-11.092187572445729,0.0,1.5165928341104065,0,29.610653473644852,0
p1007,4.0,0.5471074435888322,14.389727183732457,1.27362423498959,8.12927928494057,10.742104743209731,11.104211190233363,2.3279234269507714,0.0,1,14.389727183732457,1
p1009,4.0,0.6244733935726418,19.21315895507525,1.715108210317513,5.183163069575921,9.481876547399967,31.02555648843947,2.7464872450454583,0.0,1,19.21315895507525,1
p1010,0.0,0.48031624118684896,9.79644858018925,1.7386875709171459,10.428843495043825,12.075478886699225,3.7624166908054257,0.0,3.3456646305205773,0,9.79644858018925,1
p1014,2.0,0.3501922356946324,5.431119572368169,1.114015953220204,12.725510771020506,8.51438290490289,8.294213883706451,0.0,1.7143777197107923,0,5.431119572368169,1
p1015,0.0,0.76460710110844,4.902029105528191,0.0,2.0467487267640374,5.808174584321098,3.761425857557061,0.0,0.0,1,4.902029105528191,0
p1016,2.0,0.4605919608346222,1.765658349906341,0.0,10.531684856956707,8.386044342073362,-2.145640514883345,0.0,0.0,0,1.765658349906341,0
p1017,4.0,0.8316636729877558,6.012747902583095,1.5815169763411034,2.2961922653032625,9.298876990781501,0.7536815427810861,1.9016304639825088,0.0,1,6.012747902583095,1
p1018,0.0,0.707431957612619,1.9552710937017068,1.0336516064816872,11.33755593267042,10.330081083187322,-13.244179321845872,1.4611321913841246,0.0,1,1.9552710937017068,1
p1019,1.0,0.5347253387970321,10.272345406302897,1.5457476346175405,8.441337001668726,9.07452283381501,4.095769842621691,2.8907319748396407,0.0,1,10.272345406302897,1
p1020,0.0,0.6640789221432681,5.076891359684821,1.1650953037098308,6.80771579658997,9.805326724082448,-5.298207014108491,1.754453070050119,0.0,1,5.076891359684821,1
p1022,1.0,0.14983637538078798,0.6778786990350314,1.0149536676187754,12.149561626300166,10.269058701086593,11.81477445859879,0.0,1.1938333259945964,0,0.6778786990350314,1
p1024,1.0,0.3051573931247602,8.16158673772028,0.0,16.146980690874617,13.259324235095361,-2.887656455779256,0.0,0.0,0,8.16158673772028,0
p1025,3.0,0.3257207280769464,10.620633985556621,0.0,10.796525640802217,10.377601363276964,-0.4189242775252531,0.0,0.0,0,10.620633985556621,0
p1026,1.0,0.27016973545478545,10.214391608389278,1.1280570661466556,12.129384409305464,9.181597619092638,0.01210849727514507,0.0,1.5456430363977731,0,10.214391608389278,1
p1027,3.0,0.6054755760716258,19.58494664454621,1.9111508976027636,9.938974761332487,11.036746822271246,-45.629139391827934,0.0,4.844189058241253,0,19.58494664454621,1
p1028,4.0,0.7457748569864037,6.5594442342775405,1.2364062626891599,7.93493328610435,7.902670398041239,-2.2591725586255893,1.657881398261863,0.0,1,6.5594442342775405,1
p1029,3.0,0.2715178990994455,5.811106107102317,1.0620111407876418,11.108179895969917,11.500423130266759,8.114535066034714,0.0,1.4578410910505235,0,5.811106107102317,1
p1030,3.0,0.4064057959824176,2.363862993235587,1.0455493213126934,7.870905114667007,10.298132058624303,-17.985054865105205,2.572673253306474,0.0,1,2.363862993235587,1
p1032,3.0,0.6764926730070125,2.0615360869743213,1.0849633920107624,8.917885970982743,8.40342954411477,-10.6856268054696,1.6038065677608835,0.0,1,2.0615360869743213,1
p1034,0.0,0.2692803300003201,3.4736370107807373,1.1244671011136311,12.781258403137326,10.569218410264329,12.110982193365697,0.0,1.538848818883066,0,3.4736370107807373,1
p1036,2.0,0.1596928629208798,18.387717893289857,0.0,14.291452306024762,10.407667606520015,-3.883784699504748,0.0,0.0,0,18.387717893289857,0
p1037,1.0,0.42633996923841194,18.41239541019796,0.0,8.603171772398738,11.276145985097024,2.6729742126982856,0.0,0.0,0,18.41239541019796,0
p1038,2.0,0.22060109146563744,1.9292047836038742,1.0425693768831235,10.131756255314302,12.74633001917928,13.586784377803571,0.0,1.3376582459470536,0,1.9292047836038742,1
p1040,0.0,0.40996954625816406,9.68425428381201,0.0,9.274773413352335,9.687693652219803,0.41292023886746776,0.0,0.0,1,9.68425428381201,0
p1041,1.0,0.395359881997319,6.669539872430356,1.2086077081325521,9.439977631014282,10.15269892885638,6.25051531817066,0.0,1.998887722046907,0,6.669539872430356,1
p1042,1.0,0.6030302110467918,1.1867282533356218,1.0353770533028175,7.805813170373505,9.238334559888205,-12.391741904958842,1.7169571844593339,0.0,1,1.1867282533356218,1
p1043,1.0,0.631287854261401,11.547012811115925,0.0,3.623758365497602,8.944903779341873,5.32114541384427,0.0,0.0,1,11.547012811115925,0
p1045,4.0,0.3803134060746673,0.5050615051669937,1.0109409424092004,10.962692253769644,11.053170421147081,17.15079089319,0.0,1.631374556621457,0,0.5050615051669937,1
p1046,1.0,0.44868783943153323,3.6898132428659127,0.0,10.09916246642974,10.656200706968827,0.5570382405390859,0.0,0.0,0,3.6898132428659127,0
p1047,2.0,0.5055531235251532,20.0,2.2518454519140727,11.15463449305428,13.431944692477064,-38.0068882352833,0.0,4.554271771253928,0,32.709290628744995,0
p1048,4.0,0.3485262779191769,7.450761655278727,1.1933845492407722,12.43992873719055,6.076718775128008,2.7760610589036343,0.0,1.8318230018995587,0,7.450761655278727,1
p1049,1.0,0.5381378426034074,17.28971782052538,0.0,2.55777071260737,9.68840376538589,7.130633052778521,0.0,0.0,1,17.28971782052538,0
p1050,3.0,0.6808023036010532,0.8517683734818077,0.0,3.247354500882846,8.820602568222323,5.5732480673394775,0.0,0.0,1,0.8517683734818077,0
p1051,2.0,0.5624088693009738,2.7026024555560175,0.0,6.8281878881447895,10.031829052638512,3.203641164493723,0.0,0.0,1,2.7026024555560175,0
p1052,2.0,0.41070034866515165,13.917425246471547,1.4670729656331882,11.354085384252107,7.977998640483895,17.84028727034599,3.5721249577737963,0.0,1,13.917425246471547,1
p1053,3.0,0.4331644434575026,3.6171919380436095,1.0656147611417512,11.902044837661833,9.228310971013288,-16.47747828373282,2.460069789283842,0.0,1,3.6171919380436095,1
p1055,2.0,0.3685632797740704,20.0,1.4851965008227799,14.69183226928471,10.643556853589157,-16.533567903306896,0.0,2.3520908006290364,0,20.437888620868012,1
p1056,0.0,0.10066846296887484,8.767152535732377,1.0311325276134589,11.466827634230102,11.671112888513546,-29.540561248223817,10.242855579629435,0.0,1,8.767152535732377,1
p1057,0.0,0.17762848360311154,20.0,1.387465455440212,14.381305689394758,14.363179011983592,-9.497716017760949,0.0,1.6871516434800753,0,20.216128678949367,0
p1059,3.0,0.4429939139979056,20.0,1.710878046833906,5.31913453315972,11.474798285620317,39.08067693454223,3.86208025160814,0.0,1,24.914308373973746,1
p1060,1.0,0.7131336783494541,0.6649611445872666,0.0,2.5356806659126887,7.360402294205945,4.824721628293256,0.0,0.0,0,0.6649611445872666,0
p1061,0.0,0.7942181150957733,1.0517907471105383,1.0311770549966874,7.719594481065829,9.717113486114272,-9.253146036159016,1.2983549926613542,0.0,1,1.0517907471105383,1
p1062,0.0,0.3714992701704988,0.5428352053763676,0.0,7.711981604284479,9.263643435456773,1.5516618311722938,0.0,0.0,0,0.5428352053763676,0
p1064,2.0,0.6812430528539455,20.0,1.5655235586504916,11.836133194233316,12.179504949459549,18.31517960066419,2.298039667475524,0.0,1,31.243798331589467,1
p1065,4.0,0.3884846951464351,20.0,1.7840724169478834,10.123199168370963,10.34321601173941,-28.595170268942397,0.0,2.917461595462606,0,37.80661727591723,0
p1068,0.0,0.5115027480584526,4.368679799972485,1.0970215635033986,7.915106021868556,11.924619804330812,-12.195734671788099,2.1447031666348644,0.0,1,4.368679799972485,1
p1070,4.0,0.5086386726306689,0.2657978724025567,1.0270566987377823,11.46296762678806,11.017030510150697,-22.155111220874968,2.0192265236653477,0.0,1,0.2657978724025567,1
p1071,4.0,0.7473845501081543,4.668378835262683,0.0,10.133982557433862,7.653993392793572,-2.4799891646402905,0.0,0.0,0,4.668378835262683,0
p1072,3.0,0.5946175300896575,0.0176798817694151,0.0,4.5342836654826595,9.260869760845981,4.726586095363322,0.0,0.0,0,0.0176798817694151,0
p1074,4.0,0.5849483011001467,2.7283876968498926,1.1063353428675036,10.175992195509938,10.090952193883709,-14.010142958400971,1.8913386717881795,0.0,1,2.7283876968498926,1
p1075,0.0,0.13289751044004497,16.58815667271644,1.1810877389401064,15.626326625153899,11.90475392630395,-5.0316896571080285,0.0,1.3621085778908275,0,16.58815667271644,1
p1078,1.0,0.3656924999031051,6.993009023741182,1.199171573499912,11.907720883043698,8.568109875054022,5.951754382957443,0.0,1.890520880356499,0,6.993009023741182,1
p1079,1.0,0.6203430987796525,2.5932244227867343,1.0917740396235647,1.81340322989772,8.91712472205198,-4.026039102406495,1.7599519391306482,0.0,1,2.5932244227867343,1
p1080,1.0,0.6823370846585441,1.054415256848237,1.0491591139193994,6.640073518265175,7.54588397132692,19.353806706907086,0.0,3.3027434530456863,0,1.054415256848237,1
p1081,4.0,0.19064804504408447,3.549295675656627,1.0403924645864837,14.304341609725252,10.440288668261854,9.96116694905503,0.0,1.2854635838164532,0,3.549295675656627,1
p1082,0.0,0.7994941994563455,1.699606664571206,0.0,8.840333889134124,4.941879842873463,-3.898454046260661,0.0,0.0,0,1.699606664571206,0
p1083,4.0,0.6011447315015607,0.6915036943482445,0.0,7.8969808442924165,12.908873938577091,5.011893094284675,0.0,0.0,0,0.6915036943482445,0
p1084,4.0,0.29118930075688837,20.0,1.5033823915243234,14.665749795769534,9.716814215255276,-16.262841871133844,0.0,2.1209928026335922,0,24.593562592808198,0
p1085,1.0,0.32143914262349355,16.083109082716078,1.537993551566533,10.85227833402221,11.380516144900275,-11.327712725277404,0.0,2.2665521225506846,0,16.083109082716078,1
p1086,1.0,0.48112259974181326,20.0,1.3825805999309293,11.95032870413502,14.509616101829327,18.336759226823634,2.873655489625449,0.0,1,23.001773197639004,1
p1087,4.0,0.5024797068555076,3.591668912976237,1.058144834916717,11.855274952652989,10.342070183851595,16.062142747990325,0.0,2.12683753707591,0,3.591668912976237,1
p1088,4.0,0.6544983353353563,14.95073750229423,1.4598479130555766,5.815100755728798,14.750593536209516,9.381910648067388,2.230483767857973,0.0,1,14.95073750229423,1
p1089,3.0,0.14946675051675215,1.3927500459735098,1.0483492975472362,8.629538996131652,13.699824916116722,13.990198947494896,0.0,1.2325788535417916,0,1.3927500459735098,1
p1090,0.0,0.5145098499807498,1.2686618414377377,1.099184052316847,10.93784204011916,8.776595822299125,19.730461931041575,0.0,2.264070758744051,0,1.2686618414377377,1
p1091,3.0,0.12279030314091206,0.4481849199898113,1.0065441975556788,13.125608925064613,12.690057371377721,14.111013102347574,0.0,1.1474385214386964,0,0.4481849199898113,1
p1092,0.0,0.5342622005252842,20.0,2.5190075203999474,9.581357974319092,11.595023107625494,-54.33700609124369,0.0,5.408638773234682,0,35.63974938750798,1
p1094,2.0,0.5199120088688698,18.8201370181884,0.0,9.911869767788039,9.564417850704489,-0.34745191708354994,0.0,0.0,0,18.8201370181884,0
p1095,2.0,0.28039545666743265,0.9110455145613814,1.064431604667349,9.251520433991788,10.98224961344819,14.06787349633734,0.0,1.4791896667826052,0,0.9110455145613814,1
p1096,4.0,0.7281949198314394,1.0538495134831838,1.0623250322689273,8.922285095806892,6.872822510946398,28.703590591019275,0.0,3.9084075676956576,0,1.0538495134831838,1
p1097,2.0,0.30039727417429246,15.016930358241087,1.3222738964452871,12.938167612411313,11.914535360877268,-4.952567366058489,0.0,1.8900353695515846,0,15.016930358241087,1
p1098,3.0,0.6276788411605019,7.209926144969141,0.0,8.09924336753284,10.108395507303765,2.0091521397709258,0.0,0.0,0,7.209926144969141,0
p1099,4.0,0.37160933971711774,6.6867202507751635,1.2121922668455059,9.577330179272954,11.031146208479884,7.029925324361762,0.0,1.9290424626932137,0,6.6867202507751635,1
p1101,1.0,0.43871696749495803,5.948142082901466,1.0819231252630686,12.573657199887352,11.064040817301025,-14.125971703547464,2.4661073207192574,0.0,1,5.948142082901466,1
p1103,4.0,0.48525170343970936,0.5825151166281562,1.0141879208275042,12.492881530843524,9.249476215941964,20.22311187543169,0.0,1.9702598874141508,0,0.5825151166281562,1
p1104,4.0,0.6237019648166064,7.010485486280118,0.0,8.163179186793045,9.018722413220425,0.8555432264273808,0.0,0.0,0,7.010485486280118,0
p1105,0.0,0.47161454083089316,5.01587245827159,0.0,14.366945086140626,12.486826545243101,-1.8801185408975254,0.0,0.0,1,5.01587245827159,0
p1106,0.0,0.1626253386927178,4.669439203157979,0.0,12.995936828531127,12.246431350058648,-0.7495054784724786,0.0,0.0,0,4.669439203157979,0
p1107,3.0,0.35459670458392284,20.0,1.188874266428093,12.661272966748266,12.935109779925352,23.960650788625045,3.352750465696222,0.0,1,29.120907208289395,0
p1109,1.0,0.6108502065945298,0.15150019893387937,0.0,7.697764405609589,8.786980177380377,1.089215771770788,0.0,0.0,0,0.15150019893387937,0
p1110,2.0,0.655318292389884,0.6154148045759572,0.0,7.158798988536269,8.483635178227205,1.3248361896909362,0.0,0.0,0,0.6154148045759572,0
p1113,1.0,0.21613589780778017,16.240493631749256,1.2291752296925051,12.523763811150625,8.261701494869525,-10.090256537910363,0.0,1.5680973605691229,0,16.240493631749256,1
p1114,3.0,0.5282198062836729,2.064856388644826,0.0,2.8314856123703622,10.50423823743853,7.672752625068168,0.0,0.0,1,2.064856388644826,0
p1115,0.0,0.6463407370170421,0.016357971512445366,0.0,11.075607421423673,7.331374996695084,-3.7442324247285885,0.0,0.0,1,0.016357971512445366,0
p1116,2.0,0.43470107799310564,0.9930747363940123,1.0310266561859542,10.927841111557967,9.370515441208418,16.56230724777058,0.0,1.823860998223131,0,0.9930747363940123,1
p1117,2.0,0.5747737053571816,1.340432854012982,0.0,9.457741192991206,11.31480681315264,1.8570656201614337,0.0,0.0,1,1.340432854012982,0
p1118,2.0,0.8754848372119329,2.5622565635730195,1.092776428360202,10.689359989337735,7.910343268765238,-9.454475666123466,1.248195721858822,0.0,1,2.5622565635730195,1
p1121,1.0,0.6808408269524506,20.0,2.082884272568809,5.391435838202268,11.96465065662537,31.155616621245656,3.059282272909694,0.0,1,26.831433007363707,0
p1122,4.0,0.3939890912335298,3.52239681368143,1.0508477886230758,8.66778486309931,10.921109494024655,-17.4805234166282,2.667200214434884,0.0,1,3.52239681368143,1
p1123,2.0,0.7083167145602339,3.410708042683991,0.0,4.768090269702448,9.706829765234234,4.938739495531786,0.0,0.0,0,3.410708042683991,0
p1124,3.0,0.38880703585623405,17.79817388686468,1.3720695283993083,13.85977825788462,10.134175334607383,23.32004674222135,3.5289215519923025,0.0,1,17.79817388686468,1
p1125,3.0,0.22706613976233203,12.11643046084804,1.134467264396624,15.552214620927678,11.983235606467645,1.4738646978652072,0.0,1.4677417082592148,0,12.11643046084804,1
p1128,2.0,0.09109118706599541,20.0,1.583668800597676,6.917731402347434,9.012059891900643,-20.70001603029182,0.0,1.7423846903690055,0,35.331588405572234,0
p1130,3.0,0.580728416916617,4.11910070206109,1.17553533248477,7.328288517806164,12.574547444623805,-11.86961849244235,2.0242428271829467,0.0,1,4.11910070206109,1
p1131,2.0,0.6309956591178285,7.679453172959321,0.0,6.033790070206354,11.122884875061976,5.0890948048556215,0.0,0.0,0,7.679453172959321,0
p1133,1.0,0.30951155596675206,3.854690523254013,0.0,8.292372160918653,12.124402204639463,3.8320300437208097,0.0,0.0,1,3.854690523254013,0
p1135,1.0,0.4976147815786995,13.499871687705165,0.0,10.87241904927782,12.240421354430328,1.3680023051525083,0.0,0.0,0,13.499871687705165,0
p1137,1.0,0.32614346758618334,11.162283784507299,0.0,12.030355339780835,9.849609996567935,-2.1807453432129,0.0,0.0,0,11.162283784507299,0
p1138,2.0,0.7175565381925854,11.423251452800274,1.336215418705576,7.181264935933325,7.222164181817824,7.864056430061467,1.8621744038055834,0.0,1,11.423251452800274,1
p1139,0.0,0.4744727037202696,3.8301738004558117,0.0,5.365813340806235,9.135686013493837,3.769872672687602,0.0,0.0,0,3.8301738004558117,0
p1140,2.0,0.8078473886377031,2.5642061301748393,1.2538183002907484,6.877267924880074,10.493762332959873,-8.690561132449652,1.5520484659919482,0.0,1,2.5642061301748393,1
p1141,0.0,0.3695835583977079,20.0,1.21827681622294,11.527606334311882,11.017315698218283,29.099782062363005,3.2963501447538843,0.0,1,25.237795783153214,1
p1142,0.0,0.2486687472006282,13.719606637719142,1.2224700625157834,15.142814996767468,10.242824710268627,-2.5843277805450535,0.0,1.627072024437961,0,13.719606637719142,1
p1143,0.0,0.5640233464368263,20.0,1.502229916490047,11.006255317864943,8.805111479642356,27.615523420844283,2.663417970160753,0.0,1,27.23770823708568,0
p1145,3.0,0.5236389155484055,4.0280990726885015,0.0,11.363206197868509,11.118458679285999,-0.24474751858251054,0.0,0.0,1,4.0280990726885015,0
p1146,2.0,0.12940543175021685,20.0,1.3544881075954156,12.05458356344838,8.858424557395862,-15.557793761984728,0.0,1.5558196168377634,0,22.246732418391414,0
p1147,1.0,0.36488159462735986,2.6975857014593156,1.0312535765562578,15.266784939942685,10.11571327052887,-26.11669640794355,2.8262691013764045,0.0,1,2.6975857014593156,1
p1149,4.0,0.5218011974865914,4.712645726660593,1.0754798364947726,12.290581786367929,11.527173009746361,-14.808770733443405,2.061091162065432,0.0,1,4.712645726660593,1
p1150,4.0,0.6615837399420518,15.113473011474595,0.0,9.778917273751704,5.880286717435256,-3.898630556316448,0.0,0.0,1,15.113473011474595,0
p1151,2.0,0.4211896360029391,8.046545755267601,0.0,12.221688066026182,8.914929488660139,-3.3067585773660433,0.0,0.0,1,8.046545755267601,0
p1152,0.0,0.49842988287391954,18.376297432899865,0.0,13.29376182692754,8.815769469733727,-4.477992357193813,0.0,0.0,1,18.376297432899865,0
p1153,2.0,0.8111608576634252,15.731312543175928,1.59299217315316,7.477508948078049,6.201304428158348,17.43923051850057,1.9638425080591597,0.0,1,15.731312543175928,1
p1154,1.0,0.46243084963285475,1.4017102540967534,0.0,9.426315144212952,8.402491226163262,-1.0238239180496898,0.0,0.0,1,1.4017102540967534,0
p1155,2.0,0.5967840384668796,0.1782022535064011,1.0081850980495963,11.428778933978275,6.249847671416015,22.951561663830347,0.0,2.5003600904494037,0,0.1782022535064011,1
p1156,4.0,0.7802303038157795,20.0,1.7360381726325183,7.902289254104344,8.524587978743194,26.15546914644758,2.2250329987726483,0.0,1,29.33749689951975,0
p1157,1.0,0.6672960347635882,8.201322815492222,1.076970156161736,10.296295155707488,12.930440502802435,-4.998327122210396,1.6139315986543938,0.0,1,8.201322815492222,1
p1160,3.0,0.5480442893194816,20.0,1.9365133274647017,8.857826072973092,7.42900953077378,-49.170150032882425,0.0,4.2847413622650246,0,20.75260600752002,0
p1161,2.0,0.5329920208796385,3.569501519983859,1.0844553959221754,15.202228320658865,10.760599247900188,22.57112855087331,0.0,2.3221346195514996,0,3.569501519983859,1
p1162,3.0,0.5659959211016752,0.9913185030320101,1.0166775511542532,10.833358034869468,7.915902662315127,20.138043725499138,0.0,2.34255298644885,0,0.9913185030320101,1
p1164,2.0,0.6211945952145149,8.938272375782159,1.351253600635967,9.15013212575334,14.288420622406793,-6.499621971146475,2.175250092395513,0.0,1,8.938272375782159,1
p1165,1.0,0.3226197279896423,15.470718474538069,0.0,11.277503333019457,13.779212459962581,2.5017091269431244,0.0,0.0,0,15.470718474538069,0
p1167,2.0,0.4699663550915151,20.0,1.268441389141373,9.686253713692919,10.563482947455626,26.3464328674033,2.699004674269445,0.0,1,24.925164241404364,0
p1168,1.0,0.7146633091530297,20.0,5.205174347487853,5.96247636821601,11.084118097649297,-250.95393584009742,0.0,18.242218804869555,0,25.67406519277643,1
p1169,0.0,0.6618182088996699,3.574627969159211,1.0675520159736063,9.391213320358343,11.426040529008944,-10.629966829645095,1.6130592987891705,0.0,1,3.574627969159211,1
p1170,1.0,0.42968386713461576,0.5901237848858821,1.0068853648230136,12.311974361289247,13.156385797142631,-28.602319704063305,2.3433166610082807,0.0,1,0.5901237848858821,1
p1171,3.0,0.25013103195474923,18.10308199761986,0.0,11.333251997222227,11.446081914778413,0.11282991755618532,0.0,0.0,0,18.10308199761986,0
p1172,4.0,0.5942009304757635,14.258973690956745,1.3554158228060447,12.420417567284348,12.971138735753522,3.4883669813889515,2.281073208217283,0.0,1,14.258973690956745,1
p1174,0.0,0.6914090697539632,1.21318274975804,1.0716940146344087,9.187441251363389,9.153043187684036,-12.34129607904061,1.5500144003256557,0.0,1,1.21318274975804,1
p1175,1.0,0.5480606107846965,20.0,1.707214702632295,3.5927734559907676,11.250622488770599,34.91225416995025,3.1150107653019563,0.0,1,33.0515721738111,0
p1176,1.0,0.7092237127100518,1.9900197099886099,0.0,5.753029144204348,10.324457546028682,4.571428401824335,0.0,0.0,1,1.9900197099886099,0
p1178,4.0,0.37629326782950445,20.0,1.2251958807788397,10.794004329606283,13.340006885463277,24.23067466549189,3.2559601394037334,0.0,1,27.027860895448505,1
p1180,0.0,0.8154324603395807,17.8774643326567,1.6823948475441441,8.161967809253838,9.15674197781811,18.987310730738365,2.0631933720709665,0.0,1,17.8774643326567,1
p1181,3.0,0.7323371293771859,2.254449493165812,0.0,8.74365486684123,8.108053488530338,-0.6356013783108914,0.0,0.0,1,2.254449493165812,0
p1183,3.0,0.7061246957777236,16.416748635481827,0.0,3.2122166282367988,7.1630179119634265,3.9508012837266278,0.0,0.0,1,16.416748635481827,0
p1184,3.0,0.6299514941014674,20.0,1.3442442808779382,11.445492040996532,9.546667575481232,20.40738872605451,2.133885376040426,0.0,1,36.257051345718594,0
p1185,0.0,0.3002675429072866,16.05333037580827,1.4186117409867678,8.848011061116303,7.750368308003364,-15.705441024826403,0.0,2.0273630679944348,0,16.05333037580827,1
p1186,0.0,0.6469725072051675,0.9564921896735744,1.0515350458897974,8.34528415359538,9.205921749308354,22.869047295883533,0.0,2.978620836482312,0,0.9564921896735744,1
p1187,3.0,0.62549359021997,8.890736696791928,1.3595654614777186,11.156654822349465,7.942453571351798,5.011730112510417,0.0,3.6302862273472774,0,8.890736696791928,1
p1188,4.0,0.23159067520936472,6.380202944770181,1.0696143384356989,10.823051144024946,12.307493936631415,-25.891078381741607,4.618555291437086,0.0,1,6.380202944770181,1
p1191,1.0,0.4937663957987824,0.6783612868931171,1.0475258124862106,6.916423735795381,11.667949632215121,-18.56289476539803,2.1215008177937933,0.0,1,0.6783612868931171,1
p1192,0.0,0.5137144461786228,17.842500655611982,1.2405251910792234,11.778055354742712,15.768941724212885,8.998146937520236,2.414814689964709,0.0,1,17.842500655611982,1
p1194,0.0,0.1288143577449722,20.0,1.2883328879386817,15.235205858857135,10.48716670482875,-11.794345588099407,0.0,1.4788270438019222,0,21.038912022392473,0
p1195,3.0,0.41843596600882843,20.0,1.2013825715341067,8.927053779186146,11.692628565164105,26.617088680129108,2.871126454528431,0.0,1,24.71776086449149,0
p1197,2.0,0.7587699450311814,10.149618757745616,0.0,7.205701981525303,9.873158961202634,2.667456979677331,0.0,0.0,1,10.149618757745616,0
p1198,1.0,0.6325383512903415,20.0,1.8368670279511827,5.863385147541915,5.793154063992695,41.18590274264421,2.9039615134862267,0.0,1,39.018203533316566,0
p1199,1.0,0.4534670030559834,13.976637038906576,1.6095227518887312,10.385005201576444,10.440787498354409,-10.521462244566578,0.0,2.9449690336878245,0,13.976637038906576,1
p1200,2.0,0.4456633642155047,4.103932858006602,1.1344193533565055,9.056412945233332,9.711887098449884,10.790451521457555,0.0,2.0464448497997596,0,4.103932858006602,1
p1203,1.0,0.36170349884478076,0.47315156653368534,0.0,10.896990987801942,11.218898169262001,0.3219071814600589,0.0,0.0,0,0.47315156653368534,0
p1204,2.0,0.3280473928300078,10.036176193563785,1.0925414721754014,12.42336986297477,11.962388948412753,-6.876112889094277,3.3304379063958907,0.0,1,10.036176193563785,1
p1205,1.0,0.5303612727440257,11.891367792227415,1.952708417122435,5.20311523439923,10.544072445872791,-22.46809325125233,0.0,4.157894789749996,0,11.891367792227415,1
p1208,3.0,0.655829483842678,0.24552359958538442,0.0,3.2629881661737636,8.853097721143138,5.5901095549693745,0.0,0.0,0,0.24552359958538442,0
p1210,2.0,0.15999927362014177,20.0,1.4635535616089868,14.247566981504898,10.949210020169172,79.49149333388964,9.147251287425501,0.0,1,21.60062023405571,0
p1212,0.0,0.1449454582626824,18.601933102277567,1.304256384943801,16.70430374424183,8.488818222932,-11.110032109468017,0.0,1.525348759967739,0,18.601933102277567,1
p1213,1.0,0.5492259632270018,17.020562448341444,1.1961422265150312,10.578227409604676,10.494166637638214,14.129574669201519,2.1778690495384523,0.0,1,17.020562448341444,1
p1214,3.0,0.36483915059542477,6.40642252526004,0.0,10.855582189892962,11.065074260582712,0.20949207068975007,0.0,0.0,0,6.40642252526004,0
p1215,4.0,0.4809495205121319,0.039294051698447525,1.0025202206752426,10.33463896451808,9.68752256607392,19.23783094639095,0.0,1.9314503315060993,0,0.039294051698447525,1
p1217,1.0,0.25495553618896644,3.4301324811706206,1.0493289244502477,10.179332347560887,12.02624440031422,11.352560347182244,0.0,1.4084111424474528,0,3.4301324811706206,1
p1218,2.0,0.8126009450130387,9.118452936962022,1.5890024096056923,3.932773508095686,8.078742404242925,6.179073277728477,1.9554523279322493,0.0,1,9.118452936962022,1
p1219,0.0,0.2827391432365238,20.0,1.8472495738672168,15.124298205559613,15.486106964287583,-12.195182156299275,0.0,2.5754222560012994,0,22.361938905986488,0
p1220,2.0,0.8522428104701214,4.7654015728591075,1.1991871350590504,4.632254601964762,7.462864181391369,-0.9649782714938699,1.4070956308772433,0.0,1,4.7654015728591075,1
p1221,4.0,0.661126068469073,6.504580952553959,1.1928338356238892,8.02809911042303,8.795935605020249,-3.36633017834175,1.8042456537617064,0.0,1,6.504580952553959,1
p1226,1.0,0.808063366704999,3.8698238909151144,0.0,3.607144584550234,6.4719040115860995,2.8647594270358656,0.0,0.0,1,3.8698238909151144,0
p1227,2.0,0.32948207679311153,5.8221332135894315,0.0,11.339381517628027,8.81167577011095,-2.5277057475170768,0.0,0.0,0,5.8221332135894315,0
p1228,3.0,0.8982581176629498,12.315952640393013,1.4646471466276094,5.0273190718633565,8.04997622460048,9.978508775016234,1.6305415089799207,0.0,1,12.315952640393013,1
p1229,1.0,0.3076236780899567,10.063465720878938,1.2101802781820572,4.854054217922052,11.54070164405633,0.8752554307217171,3.9339633597000643,0.0,1,10.063465720878938,1
p1232,3.0,0.3041729266755186,10.108220674918636,1.1347061089852946,10.337776601494573,10.833430442638033,-2.2097149854676217,3.7304638561595613,0.0,1,10.108220674918636,1
p1234,0.0,0.4777969182951625,1.9445184234640736,0.0,8.608558134337729,11.182277605418609,2.5737194710808797,0.0,0.0,1,1.9445184234640736,0
p1235,4.0,0.38042741234072386,20.0,1.6571706986986698,10.754408758772225,11.818522818901254,-23.665067317943098,0.0,2.674699836155443,0,23.87444178618531,0
p1236,4.0,0.5094837234817703,6.912521458971648,1.1965538772624187,10.653269046019076,8.759111704436803,7.230934410546954,0.0,2.4393764988916726,0,6.912521458971648,1
p1237,2.0,0.46943788274973386,6.73472511382951,1.1517568747904618,14.807421291444783,8.870241809189348,11.587221560266247,0.0,2.1708238061919114,0,6.73472511382951,1
p1238,4.0,0.6421771956785369,15.28459978288939,1.656367442021971,7.00718811822975,9.262967083399717,17.787374322913564,2.5792996904410797,0.0,1,15.28459978288939,1
p1240,0.0,0.5313162902366708,20.0,1.6029734119643604,9.518495022469299,12.780238998483503,25.043656442904663,3.0169852523255556,0.0,1,22.48445002227751,1
p1242,2.0,0.7965693829252564,7.0771448641818875,1.280461347265633,4.737479025428467,7.944205974059186,1.812952268466673,1.6074699514100972,0.0,1,7.0771448641818875,1
p1243,4.0,0.7290628609561736,4.6919757139329406,1.3396411685626408,5.189434472125213,7.866209136142645,-3.1558277064319675,1.8374837621075464,0.0,1,4.6919757139329406,1
p1246,3.0,0.6175995278984013,13.477415280785396,1.3757590032466187,8.736529480917834,8.972552998870652,-16.820221958645213,0.0,3.597691696575882,0,13.477415280785396,1
p1247,4.0,0.43422335780324767,5.136775216439254,0.0,12.64371836011134,9.420850546255087,-3.2228678138562525,0.0,0.0,0,5.136775216439254,0
p1248,4.0,0.5254941485632117,7.556564314696583,0.0,4.992726242815429,8.456527979062011,3.463801736246582,0.0,0.0,0,7.556564314696583,0
p1249,2.0,0.671056072507363,20.0,1.3159694833825903,9.769948129172455,12.127514544312053,17.795845036699873,1.9610425079167304,0.0,1,20.897012412075195,1
p1250,4.0,0.14113515174870053,11.751665093138428,1.225484899196404,12.652620982793772,13.593499087118408,2.2264212719868315,0.0,1.4268658237574456,0,11.751665093138428,1
p1251,0.0,0.45235509275653996,10.279890129012847,1.2649578404973134,8.246170850679775,7.851794471603196,6.3955076931933466,2.7963824454566732,0.0,1,10.279890129012847,1
p1252,4.0,0.15395161345866978,20.0,1.3061858433696487,11.904766412287328,8.634011745968289,93.1627455730763,8.484392037374201,0.0,1,22.29600361248057,0
p1254,3.0,0.7635717098646296,3.840417875704664,1.5544549851106215,8.46811697367832,11.308660914977006,33.26647109374862,0.0,6.574741898359948,0,3.840417875704664,1
p1255,3.0,0.1567906442939856,10.653157866654642,1.2110168484885206,12.318367722831393,12.697447551638636,2.770653378665103,0.0,1.4361994922062304,0,10.653157866654642,1
p1256,2.0,0.39227022572979103,7.330584173718078,0.0,8.093845487167004,10.197658557988122,2.1038130708211185,0.0,0.0,0,7.330584173718078,0
p1258,2.0,0.44041280372150615,8.956657360382897,1.2085080021864163,13.631361425118532,10.468759414651114,6.933085145453132,0.0,2.1596419829180102,0,8.956657360382897,1
p1259,3.0,0.5145698557811685,1.0787810419177575,1.0290179804246176,7.080801431892106,10.725113319989676,-15.64607064746182,1.9997634312691428,0.0,1,1.0787810419177575,1
p1262,2.0,0.6164806630566999,10.567150942632997,1.786698534195743,8.046852804104878,9.85862328734743,-9.929522734810181,0.0,4.658692175565298,0,10.567150942632997,1
p1264,0.0,0.16684601366923044,20.0,1.4126124993070088,8.802522882185652,11.790921344765293,-15.996922854780054,0.0,1.695499898557995,0,36.094843467266585,1
p1265,4.0,0.498812656567461,7.394691652529115,0.0,11.252031587585815,10.700819560347748,-0.5512120272380674,0.0,0.0,0,7.394691652529115,0
p1266,0.0,0.29643247752788016,2.8457266374994115,1.1439328185789095,13.226514145069311,12.3379678515603,15.98961128670211,0.0,1.6259033881488467,0,2.8457266374994115,1
p1267,1.0,0.15553344434105731,15.38983820951526,1.2959276693384207,13.673931036013636,10.86481647959625,-5.442364587760398,0.0,1.5346110046089392,0,15.38983820951526,1
p1268,4.0,0.6820067484062974,0.7442710561628221,1.0854327155208305,7.094923426650879,9.94616867709228,-11.793830837104693,1.591527822939073,0.0,1,0.7442710561628221,1
p1269,4.0,0.6120289719690137,1.5112258327289625,0.0,5.258303238049409,11.657036188021635,6.398732949972226,0.0,0.0,0,1.5112258327289625,0
p1270,3.0,0.4128363158311385,7.636979231220212,0.0,5.2140348383162,10.752131069965492,5.538096231649291,0.0,0.0,1,7.636979231220212,0
p1272,3.0,0.7107363165780036,7.986035302433751,0.0,5.69100269143052,7.827329302585898,2.1363266111553783,0.0,0.0,1,7.986035302433751,0
p1273,4.0,0.5213870090295541,11.661193834658173,1.388183154493594,13.127814634890356,11.528386309500538,2.6544016527395264,0.0,2.9004293253279325,0,11.661193834658173,1
p1274,3.0,0.21012612934310881,20.0,2.5737724834759423,12.642989221923786,12.265375747769314,-24.35013947441468,0.0,3.258460089755202,0,21.379956632665678,1
p1276,0.0,0.23157196415400597,1.003904594436466,1.0350644501823287,12.580915115535657,9.32262206761696,12.335817878271083,0.0,1.3469894406478593,0,1.003904594436466,1
p1278,0.0,0.20724131051611808,13.474037882161918,1.151118528924873,14.151027263723359,12.833116929219232,-0.3348936469063938,0.0,1.4520415155263677,0,13.474037882161918,1
p1279,4.0,0.39325193187697843,5.801607819578203,1.1208662560263671,5.162487815406892,9.239640668415097,-5.722099725303333,2.8502498402907004,0.0,1,5.801607819578203,1
p1280,2.0,0.639325834014975,3.3148354528045836,1.052046269754757,12.454975159251294,12.227094480125448,26.432886268080036,0.0,2.916888341258235,0,3.3148354528045836,1
p1281,3.0,0.8176604466195514,0.790716235631302,0.0,7.0395210911802035,5.168403386395997,-1.871117704784207,0.0,0.0,1,0.790716235631302,0
p1283,2.0,0.4143401855428965,20.0,2.270016341593488,15.071233381105271,7.58100951453543,-26.594114030457824,0.0,3.875998123070394,0,22.154628726564212,0
p1284,2.0,0.28038626583707,0.3970186972494134,1.0134143039654022,11.441225327819263,8.410022382985364,12.522081329802981,0.0,1.4082753786574504,0,0.3970186972494134,1
p1286,3.0,0.23971607706395,5.3120632884920775,1.146038999397987,8.886586798578707,7.814393847467568,4.315982733315158,0.0,1.5073829194917543,0,5.3120632884920775,1
p1287,3.0,0.20933447612413714,20.0,1.4573177935777928,14.878147931329258,9.232154313571309,-15.086352316032238,0.0,1.843153330417119,0,24.16652207912626,0
p1288,3.0,0.30380201584794325,11.529801722466814,1.150345876724476,14.634608782448538,8.770927283352036,4.582792421026181,3.7864984980884353,0.0,1,11.529801722466814,1
p1289,4.0,0.6826740408652232,2.188613692060012,0.0,2.631930176910493,8.353811333071926,5.721881156161433,0.0,0.0,0,2.188613692060012,0
p1290,4.0,0.43020232789093643,2.1301228837365693,1.0294887524598424,12.991704804815551,13.548722203847964,-26.768077810309308,2.393033895253201,0.0,1,2.1301228837365693,1
p1292,1.0,0.4336349636367559,4.298214255439024,1.0867163641824669,10.964067653461397,13.081078352184262,14.907157518849434,0.0,1.9187560926439147,0,4.298214255439024,1
p1293,2.0,0.609594715123282,14.584356869154243,1.306467655567117,4.710830030216528,8.905136177690938,16.36586531317976,2.143174183035531,0.0,1,14.584356869154243,1
p1294,4.0,0.7648723859511392,1.3853197551038208,0.0,6.565821021849888,14.513634604003274,7.947813582153386,0.0,0.0,0,1.3853197551038208,0
p1295,4.0,0.8013301032577294,2.1892733348941107,1.2300042799633888,4.444354143938716,7.288413384710259,-4.982882564994309,1.534953291986569,0.0,1,2.1892733348941107,1
p1296,4.0,0.49804886335274995,12.29159532393438,1.1658715608703778,11.621126249565878,9.871454017249569,3.915582987336866,2.3408778669265495,0.0,1,12.29159532393438,1
p1297,2.0,0.41720606969473545,1.367351433468106,1.0374204131982645,14.273542599184147,9.463038347948057,18.163561667638117,0.0,1.7800810187828637,0,1.367351433468106,1
p1299,0.0,0.4557208836762663,0.8143217501977121,0.0,8.049060889836726,14.248994129209699,6.199933239372973,0.0,0.0,1,0.8143217501977121,0
p1300,1.0,0.5401899082521442,17.880108868746277,2.0424044300761106,5.46631602454534,11.252124824433773,30.845558654117404,3.780900751523811,0.0,1,17.880108868746277,1
p1301,3.0,0.2718280588626133,10.230721996615248,0.0,12.107562946939554,10.300965895453793,-1.8065970514857614,0.0,0.0,0,10.230721996615248,0
p1302,4.0,0.5481694075382809,1.9006400678682531,1.1859304138699458,3.588398752084087,9.796459738135358,-10.87405370446693,2.1634377941587837,0.0,1,1.9006400678682531,1
p1303,3.0,0.49105618959683794,7.62165055301843,0.0,13.234585244652807,11.856558613846914,-1.378026630805893,0.0,0.0,0,7.62165055301843,0
p1305,4.0,0.6840943239067143,6.620170301204252,1.2335966062579717,10.058177132540186,7.343369624090739,-4.018920405141875,1.8032551406261772,0.0,1,6.620170301204252,1
p1306,1.0,0.5471237302601661,0.20080233956494678,1.0049802460494588,6.151358740246422,11.029917944827071,-15.012823061546428,1.8368427294710368,0.0,1,0.20080233956494678,1
p1308,0.0,0.42956653801479616,6.365468840169227,1.0635289777083243,10.420649776096209,10.750696086744014,-10.526982433075549,2.4758189560651758,0.0,1,6.365468840169227,1
p1309,4.0,0.6929387236263963,11.18781337681996,0.0,10.808038338226705,8.017910717124058,-2.7901276211026467,0.0,0.0,1,11.18781337681996,0
p1310,2.0,0.7277895111579634,2.6065559255590824,0.0,6.607364453966082,9.370465415916655,2.763100961950573,0.0,0.0,1,2.6065559255590824,0
p1311,2.0,0.7630421992599454,7.787954091298092,0.0,6.043473808555441,8.26878426556543,2.2253104570099884,0.0,0.0,1,7.787954091298092,0
p1312,3.0,0.26971678716785,18.743460938389937,1.8768539621075524,9.246117281576481,10.794463433250131,-22.86016654391304,0.0,2.5700357465822417,0,18.743460938389937,1
p1314,3.0,0.1490495698702762,20.0,1.184064185084967,16.214769777041163,8.071265315230544,-13.410504019732562,0.0,1.3914608221121192,0,30.349444374812016,0
p1316,4.0,0.3044970944280635,9.330566198892065,0.0,12.092028120681816,9.987914329480434,-2.1041137912013816,0.0,0.0,0,9.330566198892065,0
p1317,3.0,0.5891650460710389,1.5693915883525966,1.109549473470361,8.421565797244938,9.612410668237233,19.69663707025662,0.0,2.7007182881089937,0,1.5693915883525966,1
p1318,1.0,0.2132218586106883,20.0,1.5924474091485288,10.243805296710583,11.320776594751617,-18.669671575091648,0.0,2.024010741244726,0,32.159904269481885,0
p1319,1.0,0.5122855716924832,7.349972036099879,1.1453084548182368,5.27388415851413,11.401902575917626,-2.9308162678240484,2.23568360716149,0.0,1,7.349972036099879,1
p1320,0.0,0.43904995356647514,3.4534690073604097,1.1882215577252373,9.762715747906471,8.717975703006907,12.319699512220467,0.0,2.118230607662579,0,3.4534690073604097,1
p1321,4.0,0.568781995561363,2.8360354067365905,1.162671004116876,6.246373563469631,11.741458465236299,14.690204883430468,0.0,2.6962487469196708,0,2.8360354067365905,1
p1323,4.0,0.1660031600408084,20.0,1.409561525216928,13.178589828300794,11.000017847037247,-13.70762924510292,0.0,1.6901281367995344,0,23.253917822480457,0
p1324,4.0,0.5341178113322781,7.169944314852139,1.11907023583988,9.276505584162969,10.870866468500067,-6.159718345818574,2.095174907289694,0.0,1,7.169944314852139,1
p1325,1.0,0.647013530936039,1.5068871522364684,1.145423272972958,2.4281748381710098,9.266212396299164,-6.8984784375390085,1.7703235221616869,0.0,1,1.5068871522364684,1
p1326,1.0,0.764154136705253,20.0,1.2463451701656518,10.706498992022171,8.81744532693505,16.349836026697268,1.6310127895655009,0.0,1,23.487059494865882,0
p1327,3.0,0.8280193956034922,19.47131275506686,0.0,8.526838578605007,8.629614479307582,0.10277590070257503,0.0,0.0,1,19.47131275506686,0
p1328,2.0,0.30797904911885154,11.904409878087463,1.301449793881726,13.463190942524832,9.888021323863722,-0.6436466749761767,0.0,1.8806508563427067,0,11.904409878087463,1
p1329,1.0,0.5761552825095312,1.2603514417941935,0.0,4.33639642243394,11.70139698000647,7.36500055757253,0.0,0.0,0,1.2603514417941935,0
p1330,0.0,0.5748659173337171,1.2221007207210384,1.0232192233769137,13.332332246100096,11.76797082046434,-20.335237708128943,1.7799267490455897,0.0,1,1.2221007207210384,1
p1331,0.0,0.517543205801842,10.451880021990398,1.4221924586490047,9.820776730793447,9.539861049224147,-2.1412902315030338,0.0,2.9478131010937156,0,10.451880021990398,1
p1332,1.0,0.1757955261881271,13.435233948607006,1.2501207489058688,11.652481063111582,9.199829469667069,-5.1566606629686085,0.0,1.5167604503821372,0,13.435233948607006,1
p1334,3.0,0.7173037105519048,3.0870243915463376,0.0,4.434098134828405,12.37451340701789,7.940415272189485,0.0,0.0,1,3.0870243915463376,0
p1336,1.0,0.6090818712042071,7.854797936303373,0.0,6.980677866389109,11.399971420967535,4.419293554578426,0.0,0.0,1,7.854797936303373,0
p1337,4.0,0.21163197906603676,20.0,1.3282061389798194,7.245969022679223,9.508240963350127,-19.22513215360958,0.0,1.684753952102625,0,25.35914494369772,1
p1338,1.0,0.8221200893656366,0.06443780375658285,1.0121241310220659,-0.38018224599016914,8.422109165371962,-1.4869606987159685,1.2311147046692898,0.0,1,0.06443780375658285,1
p1339,4.0,0.47491601547187556,10.88409769700958,1.2480909372352835,10.315084671338454,6.628091230147666,-5.039500890350897,0.0,2.3769358312402185,0,10.88409769700958,1
p1340,4.0,0.542350095796106,4.681393323117966,1.1450868632882067,7.879111007248582,8.089521930103837,-6.985316203416743,2.1113426035397933,0.0,1,4.681393323117966,1
p1342,0.0,0.61172762697675,20.0,1.5911895301325518,13.472002730087278,12.799653811946788,18.0567634555852,2.601140540270267,0.0,1,20.821264806139947,1
p1343,3.0,0.40361063146554543,4.197265412689363,1.3230125798987011,10.178143588660829,11.072667989399385,14.162328092639395,0.0,2.2183704970291873,0,4.197265412689363,1
p1346,3.0,0.474195138872837,1.8782954663695945,1.0428275048940439,8.100161064151639,14.884122961791597,-21.81783834091198,2.1991526681881375,0.0,1,1.8782954663695945,1
p1347,4.0,0.4513868736307954,5.249049369332885,1.0625089517556343,10.210099034746424,11.162493985365721,-12.967123332460416,2.353876494478429,0.0,1,5.249049369332885,1
p1348,2.0,0.5236010479834003,11.543538350667035,1.4013464072908186,10.305396038040692,6.7992375863809436,9.19131199219271,2.6763628772096064,0.0,1,11.543538350667035,1
p1349,3.0,0.592113547626224,10.430384305297645,0.0,9.451352964980057,8.391809902269303,-1.0595430627107536,0.0,0.0,0,10.430384305297645,0
p1350,4.0,0.6023915135853503,20.0,1.771328997680129,8.683318991499357,7.03906160027892,-52.05959286006274,0.0,4.454957723998079,0,21.359441796675327,1
p1351,0.0,0.38620053542824534,7.18106751764888,1.3565164782623307,7.32180855092617,8.610994574323993,1.6002282152340663,0.0,2.2100320325446465,0,7.18106751764888,1
p1352,3.0,0.31765407054284944,1.1838155398226669,0.0,11.302550432758775,12.626001816676567,1.3234513839177922,0.0,0.0,0,1.1838155398226669,0
p1353,1.0,0.614681102682771,2.862379723924775,1.0482353401081528,7.655798623911739,11.53770764887171,-10.912405097056713,1.7053319770741895,0.0,1,2.862379723924775,1
p1354,4.0,0.6367064300347969,14.789450139696447,2.509854545756958,5.809337118451962,11.524722269114008,-56.32473708420306,0.0,6.908612629718044,0,14.789450139696447,1
p1357,0.0,0.5961611066560667,20.0,1.5924360692579338,9.654124893372867,10.05499714700681,-40.39545756841616,0.0,3.9432459218377467,0,24.53893863164087,0
p1359,0.0,0.536145444426176,1.6347465474834488,0.0,8.820380040001137,9.330657811367017,0.5102777713658799,0.0,0.0,0,1.6347465474834488,0
p1360,1.0,0.26429675302736466,5.5468129167507865,1.0709093023084613,12.538257411482844,10.070395810240703,7.709071797911836,0.0,1.4556267173145887,0,5.5468129167507865,1
p1363,1.0,0.6123028554328238,6.677456826472704,1.1252580993570527,9.56935715110222,10.86971777107937,-6.403956844298414,1.8377475939772185,0.0,1,6.677456826472704,1
p1364,0.0,0.3464512368315567,3.0410308473346657,1.1244623837730379,10.455433939924506,9.737369374007065,12.038776002991954,0.0,1.7205485606331457,0,3.0410308473346657,1
p1366,0.0,0.10950439876578445,4.241991516249119,0.0,11.32323598933966,11.211047076728468,-0.11218891261119168,0.0,0.0,0,4.241991516249119,0
p1368,0.0,0.4284154794411489,6.323627063107962,1.2204296955275131,7.769299307391438,8.075427159775884,3.3928827826936563,0.0,2.135169256043308,0,6.323627063107962,1
p1370,2.0,0.14001812670888,12.114889991314772,1.0744114528155173,10.341106752210878,10.72093991390142,11.076133441010015,7.6733739985637,0.0,1,12.114889991314772,1
p1371,2.0,0.28776140251891114,6.487843860949378,0.0,14.562297734123138,11.67343445973714,-2.888863274385999,0.0,0.0,0,6.487843860949378,0
p1372,0.0,0.6939038416126089,8.610023188677257,1.2555935447052398,2.9490360521840557,10.30759509711658,4.286864954068395,1.8094633138033696,0.0,1,8.610023188677257,1
p1373,4.0,0.558155222022531,1.8018574655016635,0.0,8.972226067219363,15.980431058628872,7.008204991409508,0.0,0.0,1,1.8018574655016635,0
p1374,2.0,0.231174762002618,20.0,1.5180620439924726,11.662030803971073,9.088888103093835,-19.03664303216195,0.0,1.9745216064273399,0,22.230273911756385,0
p1375,1.0,0.5580629213257071,20.0,1.5609094347753045,10.47584918139309,12.917333076846143,-31.197551135465773,0.0,3.531972106657502,0,26.561496218123974,1
p1376,1.0,0.33349303723222484,20.0,1.4910220891011878,11.595073202772658,9.922088270185004,-20.47538642574483,0.0,2.237069036622639,0,34.32780620494117,0
p1378,1.0,0.5040356012135345,5.952578938652675,1.1917749614106885,3.9676581730125715,7.82155428578994,-0.5652322520628879,2.3644658403916856,0.0,1,5.952578938652675,1
p1379,0.0,0.41269898338802763,3.636756297648169,1.0813641311800704,13.257752983074905,9.876777337622562,-19.73123382889186,2.6202248483935584,0.0,1,3.636756297648169,1
p1383,0.0,0.2555194163373304,20.0,1.473353788179184,12.486153257926324,10.063162375324374,-17.29316319356746,0.0,1.9790358815412346,0,26.416962800977913,0
p1384,4.0,0.24455131112893821,0.7683814294433473,1.0320805756429974,13.539074607371093,12.019694511962664,15.927714009860932,0.0,1.366182231628905,0,0.7683814294433473,1
p1385,0.0,0.5950352770085322,20.0,2.4090921345553027,4.9998652474626555,8.064573932351463,51.38712278896237,4.048654302761211,0.0,1,20.74468613495529,1
p1386,3.0,0.5589891018276633,15.87504833548676,0.0,8.800660086898436,14.884519362937612,6.083859276039176,0.0,0.0,1,15.87504833548676,0
p1387,1.0,0.4251137302249175,1.8699784364263368,1.0812096329727976,9.88210858377901,11.702983275755901,16.88958088901076,0.0,1.8807365731587364,0,1.8699784364263368,1
p1388,4.0,0.5950568376097036,0.48189674383139075,1.033509593487248,8.910250401073592,7.939071647251426,20.539949649100297,0.0,2.552233719385834,0,0.48189674383139075,1
p1389,0.0,0.5156854003289979,6.181382636116866,1.1915510932003783,2.365103603382993,7.092296546043841,2.6224204117874654,2.3106163029633775,0.0,1,6.181382636116866,1
p1390,3.0,0.49009880366892467,3.8162464688143265,0.0,10.623941837795115,15.103682028569745,4.4797401907746295,0.0,0.0,0,3.8162464688143265,0
p1391,0.0,0.44129351787436055,14.347891718113457,0.0,16.347148150590343,9.517005110960046,-6.830143039630297,0.0,0.0,1,14.347891718113457,0
p1392,3.0,0.42633923312912236,7.4741393781644385,1.309194537055793,7.765753637897134,10.1738856963416,3.073646972166197,0.0,2.282175481856637,0,7.4741393781644385,1
p1395,3.0,0.5177706839731001,11.453383568124318,1.4264151414223432,9.051682108775811,6.204074284294384,-9.951745239884326,0.0,2.957960235961213,0,11.453383568124318,1
p1397,3.0,0.506471976331337,18.674596943079667,0.0,7.467962954790181,10.016946016270726,2.548983061480545,0.0,0.0,1,18.674596943079667,0
p1399,4.0,0.19044376689805548,0.552654732013548,1.0125268049403957,11.335871066805607,13.666994147999844,15.817889208128848,0.0,1.250718311513379,0,0.552654732013548,1
p1400,0.0,0.19587170873414764,13.405582285675441,1.1828368247645635,11.368379825467539,6.664343599031853,-7.700670116335985,0.0,1.470955365719755,0,13.405582285675441,1
p1401,2.0,0.5527697674583938,11.559736198809842,1.1421654406634503,14.93206690015549,10.79825614890888,-2.5603958361173698,2.0662588801031334,0.0,1,11.559736198809842,1
p1402,3.0,0.5648330024084557,15.197084140640836,0.0,1.8783525836771373,10.467628554049798,8.589275970372661,0.0,0.0,0,15.197084140640836,0
p1403,4.0,0.7372783843438162,6.203444765826323,1.193305318560626,5.006972992872636,9.266483867514284,-0.6981020550477401,1.618527470627906,0.0,1,6.203444765826323,1
p1404,3.0,0.5126375570281948,7.23376339884023,1.140211847579901,12.820883111023454,10.50434253946739,10.754840248912826,0.0,2.339556246121871,0,7.23376339884023,1
p1405,2.0,0.2203720602181454,19.94054875249156,1.1525569847486345,13.010401891602106,11.939892230370088,-11.31563911629861,0.0,1.4783423296388378,0,19.94054875249156,1
p1406,4.0,0.46497460643445293,20.0,1.4308801883140847,10.031376168367707,13.432414526237032,-23.259203411927693,0.0,2.6744154679805576,0,33.173756999571474,0
p1407,3.0,0.3759304079440869,20.0,1.6079968457420353,9.087358333285856,16.289377980763405,-20.91582746790841,0.0,2.5766306614054155,0,28.249034204005294,0
p1408,2.0,0.5493509044018685,12.697513600009067,0.0,6.598304305597724,11.687060633557248,5.0887563279595245,0.0,0.0,0,12.697513600009067,0
p1409,2.0,0.5948442807060059,20.0,1.8955062291432707,4.544753670156684,11.518056920316688,34.001512924961446,3.186558719020617,0.0,1,26.4773177574345,0
p1410,0.0,0.2513794346789684,6.084085646007706,1.023423777121647,15.515802518250359,13.22107116311966,-31.351048887681458,4.071231118920451,0.0,1,6.084085646007706,1
p1412,4.0,0.551010397184198,0.7156978544484088,0.0,9.746195664827003,13.91143192461704,4.165236259790037,0.0,0.0,0,0.7156978544484088,0
p1413,2.0,0.2596734200404589,7.530777550736263,0.0,12.03381028914979,13.01853250799134,0.9847222188415508,0.0,0.0,1,7.530777550736263,0
p1414,1.0,0.06551266299219094,2.3193409728298833,1.0134415194824236,12.478900975292719,12.0884556683633,-151.5127778278893,15.469398940525819,0.0,1,2.3193409728298833,1
p1416,2.0,0.17716816200627228,6.48547294292669,1.056564634912669,12.232746632301621,9.25072024922527,-19.472926765726164,5.96362587356561,0.0,1,6.48547294292669,1
p1417,3.0,0.7314468443866053,1.154882728642073,1.053946885814461,8.632312365732156,8.626609098247803,29.339748518056965,0.0,3.924537335661429,0,1.154882728642073,1
p1420,3.0,0.6392081309424513,20.0,1.8143816325645143,4.576288878604877,12.568505400193576,29.086390158758988,2.83848334327253,0.0,1,30.57648954235397,0
p1421,0.0,0.5906212787432623,12.62317428182702,1.629505873020009,7.605078146048084,7.26561425611235,14.441878809967584,2.7589691256761175,0.0,1,12.62317428182702,1
p1422,2.0,0.5614667723323362,11.701090937345572,0.0,4.033174107946534,7.145850798157296,3.112676690210762,0.0,0.0,0,11.701090937345572,0
p1423,1.0,0.7449424224745286,7.8096745625578325,2.030753099819282,4.80002665852543,6.5474278764117555,-22.21523447313934,0.0,7.961939886363424,0,7.8096745625578325,1
p1424,2.0,0.7887109556784708,6.470657650477745,0.0,4.593395343624646,8.238453305941286,3.64505796231664,0.0,0.0,1,6.470657650477745,0
p1425,2.0,0.39283725680431864,7.324777678045703,1.3161750791126499,11.233827347094925,11.501601368960182,8.741603839446746,0.0,2.1677467760706493,0,7.324777678045703,1
p1426,1.0,0.6313996914457506,3.4093532311754813,1.047088202742863,12.507688466414185,8.887301506737593,-12.70479908766307,1.6583603332863333,0.0,1,3.4093532311754813,1
p1427,3.0,0.2815461450530589,10.362237965175957,0.0,10.678899163361494,11.880042894621976,1.2011437312604816,0.0,0.0,0,10.362237965175957,0
p1428,4.0,0.48061841286658197,6.927620383704595,0.0,8.844174437713962,9.277048172017956,0.43287373430399434,0.0,0.0,0,6.927620383704595,0
p1430,0.0,0.3147462147000098,20.0,1.270743166776188,9.946765630058726,7.276997647740554,48.69754811208109,4.037358060008302,0.0,1,21.729369848981808,1
p1431,4.0,0.3199140873624707,11.57501750484172,0.0,12.750306140476006,10.722990950921663,-2.0273151895543435,0.0,0.0,0,11.57501750484172,0
p1432,3.0,0.48402732023246137,7.214569170812564,1.0891857312931323,8.893426896746782,10.309284284741597,-5.548046101770731,2.2502567226371326,0.0,1,7.214569170812564,1
p1433,1.0,0.6963949125031523,20.0,1.740998507504152,5.085531389084885,9.706044051736043,30.35556847720654,2.5000161205173526,0.0,1,22.54097172808474,0
p1434,3.0,0.4330168581963288,2.8316280442599933,1.1999356136560615,10.238910592222767,7.512413327731878,12.949916149563098,0.0,2.116351484170868,0,2.8316280442599933,1
p1436,3.0,0.32006961583607335,20.0,2.579276920016964,13.892483292004522,9.471041129613658,80.42603870597166,8.058487255278754,0.0,1,27.213549532548807,0
p1438,2.0,0.8960691194139923,2.2484551178841654,1.2093957374172504,2.972065326790822,10.068424062545533,-3.4580024217792857,1.349667912011259,0.0,1,2.2484551178841654,1
p1440,0.0,0.8499157525981895,2.9576559260832203,1.0619841758608157,9.33871035763761,9.23848948728655,-7.9482291380209515,1.249516993436507,0.0,1,2.9576559260832203,1
p1441,0.0,0.7752143903142937,0.06047971299954607,0.0,5.641434855933662,8.885740725396275,3.244305869462613,0.0,0.0,1,0.06047971299954607,0
p1443,2.0,0.3531613515917387,3.017447166131565,1.0269971920312728,13.297363637209948,7.789677136734762,-19.385385057939917,2.9080112741739113,0.0,1,3.017447166131565,1
p1444,0.0,0.49349711883097674,1.368924328722896,1.0578463287224296,12.118938912482244,10.306885230614201,-20.971211386228777,2.143571438123721,0.0,1,1.368924328722896,1
p1445,1.0,0.49234649466639974,2.7959424682328193,1.1360008810046063,11.00013635386052,10.93928524155701,18.298071625521636,0.0,2.237748521519797,0,2.7959424682328193,1
p1446,4.0,0.41508414862385773,11.414801070008757,0.0,12.525985389066419,13.50966498455202,0.9836795954856008,0.0,0.0,0,11.414801070008757,0
p1447,3.0,0.4953764962804986,2.3693860984759447,1.2400007708884606,10.529314770526693,10.539290106757411,20.061197225732954,0.0,2.457279063992477,0,2.3693860984759447,1
p1450,4.0,0.22240143439857912,4.501018453965506,1.040350248616262,12.579111817842142,12.371673328042656,-37.024816836129375,4.677803681570628,0.0,1,4.501018453965506,1
p1452,1.0,0.26968222819088367,2.908423226920742,1.0396976711077233,12.84182769658608,9.974379593316806,11.273981685161875,0.0,1.4236236762145642,0,2.908423226920742,1
p1453,2.0,0.5709234802680925,16.89119387695672,0.0,2.6153758244604726,10.869691957328781,8.254316132868308,0.0,0.0,1,16.89119387695672,0
p1454,3.0,0.42527331657934714,0.6826049584761724,1.0190473419259893,11.732163686150617,8.89958315002523,16.759381653405224,0.0,1.7730990596448961,0,0.6826049584761724,1
p1456,2.0,0.7189549321899342,4.161612425735727,0.0,8.964757553488326,10.850813706561816,1.8860561530734898,0.0,0.0,0,4.161612425735727,0
p1458,2.0,0.5850002588775685,19.425177447394866,2.1305049252034247,7.638762775780777,8.664303354009217,40.21542965526924,3.6418871494026237,0.0,1,19.425177447394866,1
p1459,4.0,0.7202193290421142,6.525389420086502,0.0,1.4965588868096549,10.577360904212671,9.080802017403016,0.0,0.0,0,6.525389420086502,0
p1462,3.0,0.3339889293655424,0.621893501290765,1.029066137667622,9.292987871975182,12.389348713119471,16.49423061662909,0.0,1.5451186670025017,0,0.621893501290765,1
p1463,3.0,0.6577433041174666,1.5340008943377366,1.0258522736996505,7.218202024990059,8.549812137154722,-9.610631139455936,1.5596544537630794,0.0,1,1.5340008943377366,1
p1464,2.0,0.42401418918735606,6.637432242743143,0.0,12.03741397005907,11.051676215677606,-0.9857377543814643,0.0,0.0,0,6.637432242743143,0
p1465,4.0,0.3062626666342944,12.72335936075169,0.0,11.321650544909845,8.692116319914396,-2.6295342249954494,0.0,0.0,0,12.72335936075169,0
p1467,2.0,0.8006713983020028,0.7933393629664747,1.0150719374999957,3.8414911982946927,10.632713961702867,-5.682899652989635,1.2677759436051739,0.0,1,0.7933393629664747,1
p1468,2.0,0.43895317591105604,6.143547047364872,1.2295526231649934,12.252747696279359,10.252781585941412,11.38854864600485,0.0,2.191532988644224,0,6.143547047364872,1
p1469,4.0,0.40177225558984425,16.650226039669597,1.2356516008960299,10.380787822725775,9.428817695602842,21.25748972711691,3.0755025607279984,0.0,1,16.650226039669597,1
p1471,2.0,0.37252346434008676,20.0,1.8315457400337425,11.465835032243975,11.099054038566946,-25.277216050822272,0.0,2.9189071398622373,0,30.473205289364675,0
p1473,1.0,0.6034300895547624,8.384009679424466,1.1888436962068596,9.188293013130673,11.288115472988299,4.510916055353444,0.0,2.9978161854794254,0,8.384009679424466,1
p1474,2.0,0.6673519299746243,7.055660123927853,1.142244478350551,7.568490925426736,10.18820808214995,-2.7419749995930776,1.7116073649385928,0.0,1,7.055660123927853,1
p1475,2.0,0.45286427033580245,3.5487076135947118,0.0,11.463989189596017,8.44544931111173,-3.0185398784842867,0.0,0.0,0,3.5487076135947118,0
p1476,3.0,0.2289481705023117,1.0333931315614415,0.0,15.784393278123957,16.76434242667898,0.979949148555022,0.0,0.0,0,1.0333931315614415,0
p1477,0.0,0.47231291490554334,19.25567432613556,0.0,11.59590131234329,10.26166360403229,-1.3342377083110009,0.0,0.0,1,19.25567432613556,0
p1478,2.0,0.492351115834695,2.418601043434491,0.0,13.703397776141411,15.288575266875133,1.585177490733722,0.0,0.0,0,2.418601043434491,0
p1480,2.0,0.4663406005416499,20.0,1.5001175962715785,13.898604640845479,9.487896865700847,29.40447123193257,3.2167853164172433,0.0,1,20.852369683082543,0
p1482,1.0,0.30175366177045304,4.497536383477738,1.0658959710831344,14.883711400027604,11.954105916044636,-29.268730504809966,3.5323381490361894,0.0,1,4.497536383477738,1
p1483,2.0,0.7976961745396911,8.150418803173132,0.0,10.310019630305712,6.934681438647214,-3.375338191658498,0.0,0.0,0,8.150418803173132,0
p1484,4.0,0.41742105958091197,2.1534516347529005,1.0574258925710667,12.370328859896594,13.84973059823167,20.023825110925287,0.0,1.8150774413685287,0,2.1534516347529005,1
p1485,1.0,0.589551923608369,1.7860219261170205,1.2126264821120736,4.279502681789588,9.636293551778028,12.723522427235014,0.0,2.954396796721835,0,1.7860219261170205,1
p1486,2.0,0.2246506573907634,6.912955396464402,1.0429249895495447,13.610211503454554,9.301068051841026,-15.395789691956132,4.642430169859031,0.0,1,6.912955396464402,1
p1487,3.0,0.4347943981110633,13.755344722571031,2.5234887418652927,10.460881022102036,13.241937909502367,-11.927824324734221,0.0,4.464727054069716,0,13.755344722571031,1
p1488,3.0,0.5059679624816887,9.449517342010786,1.1548179698122265,11.309216156690086,10.664828627046692,-3.418206061534818,2.282393462518924,0.0,1,9.449517342010786,1
p1489,2.0,0.4835083098864716,8.457339996758009,0.0,9.36235341866727,9.401100635640105,0.03874721697283512,0.0,0.0,1,8.457339996758009,0
p1492,1.0,0.49519603056620515,4.146550241457609,1.1538005443276174,9.814103998594321,8.95687466690866,12.096762724527741,0.0,2.285640791655737,0,4.146550241457609,1
p1493,2.0,0.5196651508908787,1.7343267095964396,1.0650109317154615,11.272881633978164,11.314795010565739,-19.592467443434522,2.0494176488257465,0.0,1,1.7343267095964396,1
p1495,0.0,0.6494051874860696,11.885704411910424,1.1183916039687822,10.668323136573056,9.823083328905026,2.706961723601256,1.7221784265355486,0.0,1,11.885704411910424,1
p1496,2.0,0.6666479918009114,4.416814466891245,0.0,5.708513516641982,11.938085516089124,6.229571999447143,0.0,0.0,1,4.416814466891245,0
p1498,3.0,0.3276581784467595,1.1639188011987807,1.024934327407679,10.106044927057386,7.80564405306175,11.331195038375808,0.0,1.5244244736105828,0,1.1639188011987807,1
p1499,3.0,0.08033954801989515,1.1820816320667367,1.0078673399184603,12.372887951500026,11.854731908303794,-134.4075779892509,12.545095967790033,0.0,1,1.1820816320667367,1
p1500,0.0,0.8380370393484443,2.182139795234846,0.0,7.805942517490813,4.79357702692615,-3.0123654905646626,0.0,0.0,1,2.182139795234846,0
p1501,2.0,0.1290176081640909,12.533559339255579,0.0,10.9492667641161,9.944045189373718,-1.0052215747423823,0.0,0.0,0,12.533559339255579,0
p1503,4.0,0.44917227583755526,2.0470317702765293,1.0423949686961413,10.067728029022371,12.875977787010678,-22.322506193227515,2.320701932799448,0.0,1,2.0470317702765293,1
p1504,3.0,0.4917294871523698,10.518045143794133,1.3526931833579594,9.543177569801975,9.427026856688606,2.8851193722602595,2.750888890539133,0.0,1,10.518045143794133,1
p1505,4.0,0.32980951813735715,5.851279973015418,0.0,10.811018630722659,10.861207348740638,0.05018871801797964,0.0,0.0,0,5.851279973015418,0
p1506,1.0,0.4647814011892507,9.250747735662065,1.2759601755348546,9.450550864253346,9.154896404545674,-0.03251466761706662,2.7452909524133613,0.0,1,9.250747735662065,1
p1507,3.0,0.6640152510820128,3.998983580352146,0.0,3.6592735036407817,9.313847713213358,5.654574209572576,0.0,0.0,0,3.998983580352146,0
p1508,2.0,0.3520292919822594,16.275312093862542,0.0,12.716179497175133,10.505728282121549,-2.2104512150535847,0.0,0.0,0,16.275312093862542,0
p1509,1.0,0.3973873406241051,13.357884288111624,1.1964606620926148,11.41527663793681,8.94365793600911,10.818810166713705,3.01081725505787,0.0,1,13.357884288111624,1
p1510,4.0,0.612300586189892,2.3698644820124297,1.0492436205744655,9.560908732953264,8.473484914969744,-11.54664098375363,1.7136087148037857,0.0,1,2.3698644820124297,1
p1511,0.0,0.5465581180085811,6.292361025233019,1.111746152154644,10.351548950179057,9.637847063869891,-7.518707809729062,2.0340858831360165,0.0,1,6.292361025233019,1
p1515,1.0,0.1747050657281236,20.0,2.0209547997440778,10.478127321193327,11.10832018249995,-22.68665241869487,0.0,2.448766756974078,0,26.03135243895698,0
p1516,2.0,0.5828246306249063,2.4783261345861343,1.1061436876511348,10.682698678156498,10.331565556252373,21.402823526597984,0.0,2.6515076604548313,0,2.4783261345861343,1
p1517,0.0,0.39714188101482983,7.2615486909997795,1.0794468891256783,7.9159891110426495,9.784987749296304,-4.989805662153786,2.7180384158108226,0.0,1,7.2615486909997795,1
p1518,1.0,0.4818477386202093,2.9072631550719,1.0588862088872595,10.684297795678512,9.919188267150886,-16.174190455610518,2.197553550670225,0.0,1,2.9072631550719,1
p1519,2.0,0.7554030494298348,7.207311658731155,1.1721528281094786,11.16137759854629,6.824804606863213,-3.7430398798466356,1.5516919464307157,0.0,1,7.207311658731155,1
p1520,0.0,0.8270063168941981,0.2107412853594066,1.0218387199443835,-0.5195713331932571,8.689847206680419,-1.2672592846125887,1.2355875633234261,0.0,1,0.2107412853594066,1
p1522,2.0,0.6706496750040335,2.117332373069724,1.0617090024851747,4.574723848026883,9.837739890868582,-6.959201412869394,1.583105221781833,0.0,1,2.117332373069724,1
p1523,4.0,0.5132195378355685,0.34765300551265604,1.0244170453644563,9.821250345216269,13.054451631188932,23.170144836581905,0.0,2.104474449959363,0,0.34765300551265604,1
p1524,2.0,0.8316162415484419,6.577761545548267,1.2742473234220384,6.044263592892893,9.144904088843655,-0.8328739680599142,1.532254013040236,0.0,1,6.577761545548267,1
p1527,3.0,0.3448040919128459,12.626376448118569,1.093515633611399,13.345134710712916,11.389410858583675,1.9672029405656843,3.1714114166829566,0.0,1,12.626376448118569,1
p1528,3.0,0.579480248229194,3.2842110194649483,1.125051994312993,6.75836908429932,11.208770887493037,-10.935009366250435,1.9414846282526208,0.0,1,3.2842110194649483,1
p1529,0.0,0.7697522565226507,0.9675443117931974,1.0670814063215044,9.08431088933907,7.074667784239797,35.60744952540065,0.0,4.634492352479792,0,0.9675443117931974,1
p1530,4.0,0.8299192058812077,1.0677619155424019,1.0283841948419568,4.553384518494302,11.288628740596709,-5.929817420024299,1.2391377227497935,0.0,1,1.0677619155424019,1
p1531,4.0,0.8781485874251441,5.042012938160387,0.0,9.001644102112209,7.520934689960276,-1.480709412151933,0.0,0.0,1,5.042012938160387,0
p1533,4.0,0.726174266204941,20.0,2.1735405664811447,5.203071658356448,9.653731719454566,35.41847986141592,2.9931390681747567,0.0,1,21.036693045831957,0
p1534,3.0,0.6198092823715017,20.0,1.1618044365999394,10.714225843336074,10.163486189581054,17.88736011444355,1.8744547228377524,0.0,1,36.782150250315986,0
p1536,4.0,0.7317783940084812,15.920174462001222,1.2374427835935193,8.00586280810867,10.344740539215737,11.766978546384,1.6910075423450908,0.0,1,15.920174462001222,1
p1537,3.0,0.7536724577003944,4.894749568854855,1.1112184209747862,4.647476997658311,8.553403084017912,-1.4884108573283656,1.4744049747622943,0.0,1,4.894749568854855,1
p1538,1.0,0.6974624864321642,3.0390725967236034,1.0954125283547422,2.6032137802712563,8.032732289831198,-2.4133655115610786,1.5705683813308329,0.0,1,3.0390725967236034,1
p1539,4.0,0.3316936244045291,1.9518200279677864,1.0418484344771441,14.255610815034236,10.934281550266075,15.85952197014315,0.0,1.5589383440324682,0,1.9518200279677864,1
p1540,1.0,0.49734174230569844,0.6278067883694101,0.0,7.6726323787487845,10.869243062291538,3.1966106835427537,0.0,0.0,1,0.6278067883694101,0
p1541,3.0,0.2031402899378868,20.0,1.2563401403882228,13.436275896220378,11.720113882675752,-12.06462104326427,0.0,1.5766139566653385,0,22.611535478026603,0
p1543,2.0,0.10387571233524572,20.0,1.3712806002178302,14.266846951351331,7.454895327247612,-15.585022125494664,0.0,1.530234833598032,0,37.791156757489176,0
p1544,4.0,0.5769266537794567,6.631526948657301,0.0,6.991162654543535,12.639255929305385,5.64809327476185,0.0,0.0,0,6.631526948657301,0
p1545,0.0,0.551274116483437,10.676065189859012,1.4512708791666014,9.55963965446097,10.89213364081975,-2.2782535274323537,0.0,3.234203625147096,0,10.676065189859012,1
p1548,3.0,0.896533817967003,18.583807041635414,2.6443704613456775,2.1040273503309797,8.691918741671632,35.76450102182966,2.9495490391451176,0.0,1,18.583807041635414,1
p1549,2.0,0.3145227912649003,12.19075744543533,1.531879274778141,12.900446008429432,9.291118597841576,-2.023341491079516,0.0,2.2347632499771852,0,12.19075744543533,1
p1551,4.0,0.5365024546179702,7.710829042015403,0.0,9.062699932165561,7.186849516966224,-1.875850415199337,0.0,0.0,1,7.710829042015403,0
p1553,2.0,0.24178604517853913,20.0,1.3024914091667297,10.024126178012727,12.885561944684678,41.18661884849339,5.386958574077122,0.0,1,28.204648480392336,0
p1554,2.0,0.1552361533424475,10.591897515602444,0.0,15.388984450644264,12.26607147808534,-3.1229129725589235,0.0,0.0,0,10.591897515602444,0
p1555,0.0,0.5394986170665959,12.860268980997983,1.2927122416098495,8.522597976179956,15.210793473741836,1.0560183429748813,2.396136339771705,0.0,1,12.860268980997983,1
p1557,3.0,0.7120946660688026,0.5716467879412449,1.1290426039110366,2.8014191164505298,9.51430134658025,15.457103539035804,0.0,3.921575847500106,0,0.5716467879412449,1
p1562,0.0,0.24900916302550516,1.7582983229433802,1.0662347493889406,8.677511865194116,13.337116685554678,14.483301134568496,0.0,1.4197706508437093,0,1.7582983229433802,1
p1563,1.0,0.8158283345886408,9.020827506008139,1.112624287635642,11.548774709890223,6.63709272416739,-1.6607514883220946,1.3637970642398103,0.0,1,9.020827506008139,1
p1566,0.0,0.6910705104568231,0.5732823204453429,1.0394091923225806,12.646754657222493,13.403452408391328,41.378517793844416,0.0,3.3645515481852684,0,0.5732823204453429,1
p1567,4.0,0.15431088321731012,0.049308512567473185,1.0005081479791593,13.031997660620346,8.085217301548536,10.41263011167363,0.0,1.183068491865495,0,0.049308512567473185,1
p1568,2.0,0.1909328537123852,7.741352428207181,1.0793731546689171,13.794709643597479,12.505278480950803,6.786327819650413,0.0,1.3340958900897102,0,7.741352428207181,1
p1569,1.0,0.8697769855758776,3.9533992263459132,1.3123137738156798,4.80756115339492,10.48883772266807,-4.179349888864607,1.5087933982833537,0.0,1,3.9533992263459132,1
p1572,3.0,0.35225530948110484,4.679544342920982,0.0,12.223246779553088,8.661136646937468,-3.5621101326156204,0.0,0.0,0,4.679544342920982,0
p1573,2.0,0.7320823207180246,3.82855679851326,0.0,5.843268692085422,10.326504021453944,4.483235329368522,0.0,0.0,1,3.82855679851326,0
p1574,0.0,0.33339700617882334,4.262381189443667,1.0955488628263805,11.996352637849913,11.248812812308906,11.963089595523542,0.0,1.6434802618367377,0,4.262381189443667,1
p1575,0.0,0.40862313212695733,16.603941921829293,0.0,11.905410360886128,12.659918812360297,0.7545084514741696,0.0,0.0,1,16.603941921829293,0
p1576,2.0,0.6181462309279111,0.3501138268150412,0.0,6.658255705173232,13.542333590291998,6.884077885118765,0.0,0.0,0,0.3501138268150412,0
p1577,0.0,0.5163055060642389,10.208158766415698,1.0644486613866777,11.917350267017687,11.510735856652767,-3.0920911751300233,2.0616643612827144,0.0,1,10.208158766415698,1
p1578,3.0,0.788997008625033,1.044150654264304,1.024884841864419,12.565708223162108,12.878421834696967,-15.059670586061662,1.298971771325803,0.0,1,1.044150654264304,1
p1579,1.0,0.46996118181348834,20.0,1.6207035921243134,13.822580764586101,10.884848499751225,-21.826472487952202,0.0,3.057707353716903,0,37.641482184518324,0
p1581,1.0,0.5645188048831348,14.020072952579158,1.5594359798101094,8.369187964880965,13.852199134272345,-14.752520161004044,0.0,3.580949068057051,0,14.020072952579158,1
p1582,3.0,0.6632420713367277,0.9238076070458294,1.0277272670620679,8.915704044012902,10.250555491517252,25.724744556806613,0.0,3.051827973706606,0,0.9238076070458294,1
p1583,3.0,0.5183269903175922,3.7621562260990213,0.0,6.839313809700526,13.312879328552688,6.473565518852162,0.0,0.0,1,3.7621562260990213,0
p1585,3.0,0.31528647138512267,5.987880276353203,1.0521676234297572,11.237337006852565,7.413018719346159,-8.580261420856587,3.337179736280323,0.0,1,5.987880276353203,1
p1586,1.0,0.4826081113409968,0.40569379565036967,1.037918329435554,6.491071956874026,12.363680485056232,18.08023233042473,0.0,2.0060583712003526,0,0.40569379565036967,1
p1587,4.0,0.3740483531117911,14.443143692532836,1.0808095860069564,10.392666601165942,10.46760668215003,11.56222100229053,2.8894916312702947,0.0,1,14.443143692532836,1
p1588,1.0,0.5322686647619866,11.709210045745133,1.6142823485038018,5.356573784360645,11.74615195113286,-15.535291540748558,0.0,3.451302546754422,0,11.709210045745133,1
p1589,1.0,0.24384590920306484,1.6991987170859857,1.0320799708764654,14.878738818474597,13.162841800993784,16.27294881375766,0.0,1.3649069461341181,0,1.6991987170859857,1
p1590,4.0,0.4896559582665501,9.779063562204216,1.3886953814100123,12.174200890122583,14.461160086350299,8.80435897584573,0.0,2.7210964914827414,0,9.779063562204216,1
p1592,0.0,0.7104415333810302,2.7433608320832312,0.0,3.893744435434907,12.046858249853154,8.153113814418246,0.0,0.0,0,2.7433608320832312,0
p1593,1.0,0.45522178213509285,18.60975821290448,0.0,9.227078376739298,7.508407274927892,-1.718671101811406,0.0,0.0,0,18.60975821290448,0
p1594,0.0,0.48447684647645534,1.5917200335498631,0.0,7.762923692121578,12.742192893665663,4.979269201544086,0.0,0.0,1,1.5917200335498631,0
p1595,0.0,0.5395319640644983,20.0,1.6591890105275982,8.927723530508684,9.574831910833609,-39.249253594899244,0.0,3.6032664181711036,0,24.466573196293837,0
p1596,1.0,0.7288470075390048,13.12155554070236,0.0,5.591598339271396,4.938956255746931,-0.6526420835244648,0.0,0.0,1,13.12155554070236,0
p1598,4.0,0.6026034951415316,14.709173190278262,1.5516620213122387,12.426650373685959,10.946413181440661,-10.39250472350173,0.0,3.9045688684777398,0,14.709173190278262,1
p1599,0.0,0.6265219931483841,4.218891936774071,1.063198947313673,9.625042916519375,10.529272079161592,-9.804396548676632,1.696985834401295,0.0,1,4.218891936774071,1
p1600,2.0,0.31371017059424067,8.157433106364898,0.0,11.587176690430155,9.519587091602045,-2.0675895988281106,0.0,0.0,1,8.157433106364898,0
p1601,0.0,0.1394165942046826,20.0,1.679343834170218,13.391271212549887,8.26287274497852,-18.02468239097671,0.0,1.9514015990329656,0,31.797459302734463,0
p1602,1.0,0.6034303313019304,1.9210897828741573,0.0,6.172374077700564,9.631495069063073,3.459120991362509,0.0,0.0,0,1.9210897828741573,0
p1606,4.0,0.368553814651108,4.303964192449164,0.0,12.056820577188562,10.527846803696315,-1.5289737734922468,0.0,0.0,0,4.303964192449164,0
p1607,3.0,0.7083767692516171,1.764017662134855,1.0383899886520933,7.024533594569823,10.85280317876417,-9.494730687885056,1.4658724477217502,0.0,1,1.764017662134855,1
p1608,4.0,0.5875804763829188,19.1004512118101,0.0,7.39733326242458,10.78441702627031,3.3870837638457303,0.0,0.0,1,19.1004512118101,0
p1609,4.0,0.6785700263036302,4.667730635368382,1.0833009966246068,10.153479686848238,5.973231234698012,-6.264410801689366,1.5964468730304295,0.0,1,4.667730635368382,1
p1610,0.0,0.7047534673360626,5.017222999574175,0.0,3.3195234147662287,14.18859081424415,10.869067399477922,0.0,0.0,1,5.017222999574175,0
p1611,4.0,0.7119042241214448,6.129138108967119,1.4039398590490073,5.388890392041247,9.272180338604574,-2.315075107820066,1.972090923862122,0.0,1,6.129138108967119,1
p1612,2.0,0.5786550072464404,8.614702940100608,0.0,11.270569412893874,6.035231868975828,-5.235337543918046,0.0,0.0,0,8.614702940100608,0
p1615,2.0,0.5810529656573727,0.5480439851146885,1.0416452326230843,8.564055544475648,12.992931539923909,24.359415039749344,0.0,2.486341105761823,0,0.5480439851146885,1
p1616,4.0,0.49142185341725864,2.376974777832218,0.0,8.76828748570627,8.800386134746935,0.032098649040664284,0.0,0.0,0,2.376974777832218,0
p1617,1.0,0.7107739320299603,4.32864158476556,1.264210355562226,5.2791970665190275,9.644117984943776,-5.089393606954707,1.7786391686477008,0.0,1,4.32864158476556,1
p1618,2.0,0.7236678107379241,7.447418523376486,0.0,6.765319680174727,8.237017458797299,1.4716977786225716,0.0,0.0,0,7.447418523376486,0
p1619,4.0,0.3467030793291211,1.2520802345391455,1.0302320166595198,13.186251357863435,8.51162634013361,14.145248143338092,0.0,1.5769736303081934,0,1.2520802345391455,1
p1620,4.0,0.36451976933129565,17.936323653971623,1.91034042817288,5.533193642814801,14.073154639676037,-28.745543024663153,0.0,3.0061366758217845,0,17.936323653971623,1
p1621,4.0,0.5932592595739643,6.4062895864818925,1.108973270894483,11.783510870002585,13.583411449307382,-11.616217550130946,1.8692894430183309,0.0,1,6.4062895864818925,1
p1622,3.0,0.5203642799295115,18.14268303847459,1.3078331848943912,8.9898904832491,12.847655197147198,-21.09935448568745,0.0,2.726721822766221,0,18.14268303847459,1
p1623,4.0,0.2998267226321145,20.0,1.4968389175196026,10.376832106586338,12.028987514580017,-18.92036953445477,0.0,2.137812118660925,0,28.482800489458803,0
p1624,1.0,0.40997544529972224,20.0,1.5046447093204156,8.791186073874384,13.494693464425433,28.578534964712027,3.6700849442834547,0.0,1,23.196749023513668,1
p1625,2.0,0.31632262460240324,20.0,2.972043013289096,8.339597080047037,10.193525005999728,-48.83550582959322,0.0,4.347142556181102,0,20.025185285231558,1
p1626,1.0,0.4646643935487221,0.3425186653956312,1.0278619206108786,11.519360873001585,9.317304175169154,19.25784688308164,0.0,1.92003279480052,0,0.3425186653956312,1
p1627,2.0,0.26657772624148884,20.0,1.990896843558271,9.908189464577223,10.032465681000263,-27.270247320200262,0.0,2.7145301074041277,0,22.909457956197624,0
p1628,1.0,0.6989148604325615,1.8561118871601454,0.0,4.367123673140963,6.357334296366909,1.9902106232259458,0.0,0.0,1,1.8561118871601454,0
p1631,3.0,0.6956545197393311,4.219565348258123,1.0665518967771916,7.180414137624331,9.765536893162883,-5.917756623304469,1.5331631815988769,0.0,1,4.219565348258123,1
p1632,0.0,0.5031553846569652,2.6530383601222747,1.1205290686802043,12.312881607780222,10.493381405415718,19.966254988766323,0.0,2.2552907570640794,0,2.6530383601222747,1
p1634,4.0,0.15149812742986016,9.008296327179867,1.1298518441938434,11.727839859482879,10.18830352945251,2.0817653720280433,0.0,1.331584385042646,0,9.008296327179867,1
p1636,2.0,0.36416007633005065,17.94281126823641,1.5880634486468788,8.747903176925131,11.061171214582782,-20.651784815894388,0.0,2.4975837306359643,0,17.94281126823641,1
p1637,1.0,0.7144356651662875,4.168336688392899,1.037251668032537,5.805313522387882,10.699934234725589,-4.588263163950753,1.4518475471001477,0.0,1,4.168336688392899,1
p1638,0.0,0.2488504486345678,4.148543623978621,1.0799520405964584,12.272689755411225,10.917372009131554,10.325030297323284,0.0,1.4377323911507798,0,4.148543623978621,1
p1639,3.0,0.7529634065419016,6.19930691651259,0.0,3.3882311138414916,9.015412626939055,5.627181513097563,0.0,0.0,1,6.19930691651259,0
p1640,0.0,0.5938697594451472,0.02539465937550299,1.0067204416215083,4.677209853056281,7.685177182914379,14.538941826428367,0.0,2.478811822153732,0,0.02539465937550299,1
p1641,4.0,0.3375920396104962,2.3315856102067527,1.0490113606124907,14.02516369740283,11.258593292232723,15.751770244699195,0.0,1.5836333850753537,0,2.3315856102067527,1
p1642,1.0,0.6696317669659009,1.2179602866876638,0.0,12.272645458432338,11.871260177555936,-0.40138528087640246,0.0,0.0,1,1.2179602866876638,0
p1643,1.0,0.4014134940518003,0.26984590828848604,0.0,9.083006075670944,7.736137487441102,-1.3468685882298423,0.0,0.0,0,0.26984590828848604,0
p1644,0.0,0.48947775308623737,5.9143282418303444,1.2836719477313983,12.262763036583834,12.314443715193164,16.014369292654333,0.0,2.514429009688653,0,5.9143282418303444,1
p1645,3.0,0.6465560614239165,5.251081928920343,1.3465529275300665,4.193225322349368,6.657001375666928,-0.4642684888970372,2.082654556767344,0.0,1,5.251081928920343,1
p1646,1.0,0.19531295668843698,0.21386112184003744,0.0,11.7055734054733,13.71990868520466,2.014335279731359,0.0,0.0,0,0.21386112184003744,0
p1647,3.0,0.36432997916028126,2.6038731012452003,1.0530061024293778,12.126776989346034,10.106942075881001,-23.70560844066689,2.890253788217972,0.0,1,2.6038731012452003,1
p1648,1.0,0.26034020606681707,18.37737001804431,0.0,10.997536730603475,9.770281644406142,-1.2272550861973333,0.0,0.0,0,18.37737001804431,0
p1649,1.0,0.7352257347007723,10.345460934223189,1.252624319951602,10.185953051423798,9.130090048206831,-1.8104811040082343,0.0,4.730914156388959,0,10.345460934223189,1
p1650,1.0,0.7622370608290955,16.257631122129638,0.0,6.477474624842254,9.94580421367752,3.4683295888352665,0.0,0.0,1,16.257631122129638,0
p1651,4.0,0.707406230654185,7.335278182261922,0.0,7.458193944463133,9.81124727431224,2.353053329849107,0.0,0.0,0,7.335278182261922,0
p1652,2.0,0.28819639335748526,19.677709411526838,0.0,12.22614354667942,8.436575007978421,-3.7895685387009994,0.0,0.0,0,19.677709411526838,0
p1653,3.0,0.5596447072321434,9.241325157170575,0.0,6.320448467184294,10.2409373851158,3.9204889179315057,0.0,0.0,0,9.241325157170575,0
p1655,4.0,0.45374085058124686,2.112983948191764,1.028347120131312,8.252312917324577,8.170555646013003,-13.810488996620483,2.266375440549354,0.0,1,2.112983948191764,1
p1656,1.0,0.4182652675921141,20.0,3.7711617991922846,5.7496922216479645,9.851382412450784,-88.27755644282209,0.0,6.482614135110842,0,20.197983687761667,0
p1657,2.0,0.6767013843045051,6.184917220149166,1.2194725163679672,2.8557431417610863,8.17675534253923,1.7315532405233052,1.8020836733196683,0.0,1,6.184917220149166,1
p1659,3.0,0.5040694605358708,19.89657934453522,0.0,8.033047066140464,10.485201089248195,2.452154023107731,0.0,0.0,1,19.89657934453522,0
p1660,2.0,0.507408925650263,4.2970893248637925,1.0967396281869266,14.00627613366446,12.794210288378121,20.40515477678509,0.0,2.226470769156177,0,4.2970893248637925,1
p1661,2.0,0.437457435705052,19.432006215891708,1.18806246619415,9.539801420213356,12.827838313404774,21.223871022386582,2.715835574447019,0.0,1,19.432006215891708,1
p1662,2.0,0.5627293708816077,7.687811835768893,1.2008595819134853,11.794529697568747,8.616303742914535,8.099896027836344,0.0,2.746261701442447,0,7.687811835768893,1
p1663,3.0,0.7507780332874708,20.0,1.7629393828507443,6.406893954400013,9.390405040183941,27.896430699126892,2.348149925393088,0.0,1,38.657737451738434,0
p1666,3.0,0.37476191230127837,16.38783021922797,1.290114037544497,7.344204231214354,12.813412650086738,17.774104222391443,3.4424897386780047,0.0,1,16.38783021922797,1
p1667,2.0,0.5323773097241713,0.996189251507452,1.1880321941855612,5.7214924451741425,11.437083379920182,17.72059505046282,0.0,2.540578588016755,0,0.996189251507452,1
p1668,3.0,0.35778219541154316,1.0088757213495354,0.0,6.744217016298688,10.524205533044196,3.779988516745508,0.0,0.0,0,1.0088757213495354,0
p1669,2.0,0.4705408601944275,1.9968993214099684,0.0,9.241313202979041,8.490831787684336,-0.7504814152947059,0.0,0.0,0,1.9968993214099684,0
p1670,4.0,0.5752699328292545,20.0,1.1909069825439118,10.018466265039985,9.959511305099545,20.726570951526227,2.0701707399983027,0.0,1,20.794499085834534,1
p1671,4.0,0.6628028796843761,0.8693695086223224,1.0219749689143278,10.547867932394468,7.654146466287305,-13.355160957290721,1.541898806174451,0.0,1,0.8693695086223224,1
p1672,4.0,0.2422696587845821,2.4195826098237814,1.027960155749322,11.768743139859911,5.9001049496674,6.8147189249070035,0.0,1.356630584569768,0,2.4195826098237814,1
p1674,3.0,0.31214342828579583,10.37604064661113,1.127390734994685,16.058678544052388,7.968846127034945,1.223959991680795,0.0,1.6389910067808464,0,10.37604064661113,1
p1675,2.0,0.5674222529937476,5.954743448989647,1.146080365126528,9.433908983077325,8.640613039005379,-6.218219595138882,2.019801583529288,0.0,1,5.954743448989647,1
p1676,2.0,0.5575229624454207,2.5436594469936566,0.0,13.123461842790869,8.131269905709017,-4.992191937081852,0.0,0.0,0,2.5436594469936566,0
p1678,2.0,0.13491491904785652,20.0,1.4236344192025514,11.180017312067939,10.839566636899317,-14.855128141910576,0.0,1.645658271710857,0,22.034687168659346,0
p1680,1.0,0.34674141581345924,17.235330988238267,0.0,10.622976042721831,10.689191897824855,0.06621585510302452,0.0,0.0,0,17.235330988238267,0
p1681,4.0,0.5836674633645362,5.0631067621772585,1.2664116679446822,11.071264138910488,12.697628818593822,19.902141697334628,0.0,3.0418272810936666,0,5.0631067621772585,1
p1682,2.0,0.44410857416570093,8.773770322952965,1.3226142350776247,10.097627804947262,11.653914673501857,4.706097550149106,0.0,2.3792671978931934,0,8.773770322952965,1
p1683,3.0,0.18912997295715517,20.0,1.5736221123973648,6.6423975461129015,10.728573352851617,-21.83637391026962,0.0,1.9406588724659046,0,24.130176383998418,0
p1684,4.0,0.33491883682570267,20.0,1.5589195809208118,10.192381161707038,10.205468507889341,-22.975519001124322,0.0,2.343953892003805,0,20.11588316141834,1
p1685,3.0,0.66304329048092,6.834643490630652,0.0,9.782439900862643,8.934939841430944,-0.8475000594316988,0.0,0.0,1,6.834643490630652,0
p1686,4.0,0.6844373577781663,10.737977211815297,1.1889657942071237,8.346216952178924,7.798307965926123,4.558717850994881,1.73714333487986,0.0,1,10.737977211815297,1
p1687,0.0,0.6909534067711585,2.5337073103439995,1.1022984789949108,11.850819818379875,11.160976964809228,-14.453182211626082,1.5953296824252992,0.0,1,2.5337073103439995,1
p1688,1.0,0.13854417796307344,20.0,1.4655083820141916,14.4346710100865,12.908866879788759,-10.993540112509487,0.0,1.7011996953586925,0,31.755755774902774,1
p1689,1.0,0.7853171553217186,6.424627897610749,1.1035551019550098,6.061164003925576,11.333783795114519,-1.625897578858103,1.4052349353082954,0.0,1,6.424627897610749,1
p1690,4.0,0.20681823967495838,20.0,1.1877494119328214,13.541877624343456,11.255494996474741,47.93298241413204,5.74296258298844,0.0,1,35.40587936742919,0
p1691,2.0,0.5642454291386507,5.731233298196674,0.0,4.981917472649529,9.84319717087396,4.861279698224431,0.0,0.0,0,5.731233298196674,0
p1693,3.0,0.24028868833435524,20.0,1.2775137310411775,15.37603089467065,12.03240556837718,-11.119189456064165,0.0,1.6815778723108203,0,24.16641533933704,0
p1694,3.0,0.43380013628455294,4.2127170652734565,0.0,7.535443785430108,11.532964071721034,3.997520286290926,0.0,0.0,0,4.2127170652734565,0
p1695,1.0,0.5155094035439501,3.5724846321863057,0.0,7.819550899017674,10.80871808667826,2.989167187660586,0.0,0.0,0,3.5724846321863057,0
p1696,3.0,0.45548024800711456,1.4405697591665947,1.0102345654891571,11.117290487674932,10.561279560327147,-20.78533227167138,2.217954719023024,0.0,1,1.4405697591665947,1
p1697,0.0,0.3967286838948364,0.6045623490467298,0.0,12.806200022562408,10.13425599872417,-2.671944023838238,0.0,0.0,0,0.6045623490467298,0
p1698,2.0,0.40081114933050266,6.271677978809817,0.0,6.490840941412805,10.791309720633068,4.300468779220263,0.0,0.0,0,6.271677978809817,0
p1699,3.0,0.24934246599409718,16.16564903714125,0.0,11.921010192352927,12.044935252991547,0.1239250606386193,0.0,0.0,0,16.16564903714125,0
p1700,2.0,0.5531779528766599,20.0,1.6701993771023325,10.208629361955264,9.87389629328851,30.238813862250236,3.019280447488714,0.0,1,20.134347824511277,1
p1701,1.0,0.1851077918442781,9.077086428374242,0.0,11.332267614410865,12.615349611428826,1.2830819970179608,0.0,0.0,0,9.077086428374242,0
p1702,3.0,0.10357200856767089,20.0,1.1736383820112704,13.648291030238811,10.725553626929432,-11.238641758734383,0.0,1.309238882797501,0,24.546080458807634,0
p1703,0.0,0.15298875939483536,7.794198201646444,0.0,13.188747076053914,10.1255935558744,-3.0631535201795153,0.0,0.0,0,7.794198201646444,0
p1707,0.0,0.22967577567640532,10.518846037933356,1.0685386412782363,10.611491004657651,13.762195378523229,-11.938584374057845,4.652378502396879,0.0,1,10.518846037933356,1
p1708,4.0,0.49069988834336126,8.752865761069605,0.0,10.105646733649145,12.456028118383074,2.3503813847339288,0.0,0.0,1,8.752865761069605,0
p1709,1.0,0.7600038596315739,2.6429527021054158,1.0356364579315873,9.424121768668558,10.861887792164037,-9.761951868416558,1.3626726296280014,0.0,1,2.6429527021054158,1
p1710,3.0,0.532654715267412,17.93158046494176,3.0582876538194954,8.851887629787221,9.864228367671881,-58.40478275810891,0.0,6.543957441593593,0,17.93158046494176,1
p1711,4.0,0.2206687783376017,20.0,1.3085433946883898,15.946337524472142,11.460965492396987,-11.291712018471847,0.0,1.679059375931487,0,27.607734224360225,0
p1712,4.0,0.40517301155986346,9.277060806877452,1.4200864533768889,11.39994646083743,6.843697505815601,0.5119157682405557,0.0,2.387394117911324,0,9.277060806877452,1
p1714,3.0,0.18162917397969122,0.04457644411178933,1.0003694496505156,8.062398779865946,13.124956795076214,-66.98100528578682,5.507757524473306,0.0,1,0.04457644411178933,1
p1715,1.0,0.6030318771060238,6.460506106863061,1.316963668738285,4.034383166624779,10.653300454647344,-2.537742643492648,2.1839039008326573,0.0,1,6.460506106863061,1
p1716,0.0,0.4009819478452364,1.5253410160543637,0.0,10.581916513582094,12.326843208317896,1.7449266947358026,0.0,0.0,1,1.5253410160543637,0
p1717,1.0,0.4109987265685553,2.9554616976862054,1.0953664721937317,11.612444155919777,15.92629864266616,20.41325658120047,0.0,1.8597013650110963,0,2.9554616976862054,1
p1718,3.0,0.1922973949830573,18.38286360515564,0.0,15.948452529073771,9.131331017564793,-6.817121511508978,0.0,0.0,0,18.38286360515564,0
p1719,2.0,0.26313266277221037,5.5708760105403154,1.1091836138868592,13.351564795303027,13.378024039347403,11.738489441067724,0.0,1.5052690733447105,0,5.5708760105403154,1
p1720,0.0,0.1193798571674917,20.0,1.399360855233969,11.292201678465128,10.730731559089483,-14.398709939071185,0.0,1.58906296502932,0,35.29284799262183,1
p1722,3.0,0.6547897297749024,4.476845545474506,1.0545673710013364,14.338862860485424,7.016350419584716,-11.412495617112297,1.6105435425260348,0.0,1,4.476845545474506,1
p1723,1.0,0.5287775813179961,1.577254040508218,1.0288503242310565,13.233928294815513,12.097740668546974,-21.606053333031234,1.9457147212380148,0.0,1,1.577254040508218,1
p1724,4.0,0.6983574257467149,9.996347176839796,1.8459253449075352,5.833572665063457,9.23655671281338,5.4112915743231325,2.643238658103749,0.0,1,9.996347176839796,1
p1727,4.0,0.43753267236724486,20.0,1.330768417189808,9.43031241474873,15.350296969282695,20.062192287529655,3.0415292416672877,0.0,1,36.58023121579354,1
p1728,0.0,0.7724991957085408,3.576385900276998,0.0,8.888226466405664,9.735233700324038,0.8470072339183741,0.0,0.0,1,3.576385900276998,0
p1729,2.0,0.24669820448247584,0.8134235223325924,0.0,8.110283051005236,10.033701484523847,1.923418433518611,0.0,0.0,1,0.8134235223325924,0
p1733,1.0,0.432440964388205,1.8112974899214067,1.0381837519243295,12.022671717019316,13.522627842964072,20.178687574496806,0.0,1.8292083938109258,0,1.8112974899214067,1
p1735,2.0,0.5216205196422679,1.2397912958485409,0.0,3.929536135766171,11.891751097468022,7.962214961701852,0.0,0.0,0,1.2397912958485409,0
p1736,1.0,0.5247443676570264,2.316228348228797,1.141672029445643,6.869649197120721,8.943750237020906,-12.345217834844085,2.1756727652803343,0.0,1,2.316228348228797,1
p1737,2.0,0.8706920856161878,2.231029337298288,1.0644056964617046,4.5704547082515825,9.459313562485034,-3.9475909447653974,1.222482337953521,0.0,1,2.231029337298288,1
p1738,3.0,0.5776482600070553,9.088398606857288,2.125342274129982,9.891196227123292,7.986572650639962,2.135183907086617,0.0,5.032161757319824,0,9.088398606857288,1
p1739,0.0,0.5807510229588021,1.4277077314288116,1.0482554561353996,11.52234946833858,10.274356529088552,23.991814091711348,0.0,2.500317266206214,0,1.4277077314288116,1
p1740,0.0,0.5824995502391012,4.484711628963199,1.126576208797849,6.133348510313,11.471822515546075,-8.174863283741072,1.934037903266051,0.0,1,4.484711628963199,1
p1741,4.0,0.500550019444916,4.9227924323981505,1.1361956911159268,7.9345418108325,9.85635481680178,8.7732231565815,0.0,2.2748938539414287,0,4.9227924323981505,1
p1742,4.0,0.4038139340086928,1.052974287207771,1.013038199888561,11.319338690809081,10.179922747427867,16.30517041663598,0.0,1.6991980485222071,0,1.052974287207771,1
p1743,4.0,0.5689965199400759,2.8872629565228283,1.0611034484950972,6.797226319812662,6.015768620520457,-6.615708054731882,1.8648680814547822,0.0,1,2.8872629565228283,1
p1744,2.0,0.7094049536579927,4.43650949054009,1.0599045639659974,7.741047379786335,9.972595735892932,-6.0397824933643465,1.4940755044078564,0.0,1,4.43650949054009,1
p1746,0.0,0.5093122628129165,4.734653467912601,0.0,11.164676719860323,11.423095238533456,0.2584185186731336,0.0,0.0,0,4.734653467912601,0
p1747,1.0,0.2276304216800656,2.042498067173006,1.0365747381800727,12.26418293823266,7.7160724967963565,-30.384217432433488,4.553761885293952,0.0,1,2.042498067173006,1
p1748,0.0,0.31580080057379245,13.3242888325798,1.455780676406859,14.864832872289588,12.001061269645172,0.4140665562485921,0.0,2.127714673778814,0,13.3242888325798,1
p1749,2.0,0.5996449515826534,2.526603796434474,0.0,5.05695312930592,8.466703312243194,3.409750182937274,0.0,0.0,1,2.526603796434474,0
p1751,0.0,0.5212759518851456,20.0,1.5231612826741077,12.036479043298884,8.803168021956095,-28.570928470844454,0.0,3.1817104001190146,0,24.40378410459946,0
p1752,0.0,0.22848901319540105,20.0,2.8182953871581646,13.458070952013669,9.633061673892382,-27.722385691926597,0.0,3.652955609654793,0,27.23678114284133,1
p1753,3.0,0.43397398553165806,3.686466459342212,1.1660720346005582,9.726052798624314,9.332999704409742,12.04911837984285,0.0,2.0601032546107065,0,3.686466459342212,1
p1754,0.0,0.34857027469150154,20.0,1.1833359257096956,10.052219960288998,10.259160199503912,33.27541027072136,3.3948274182501494,0.0,1,24.441703070784516,0
p1755,2.0,0.15491571757377393,2.2132337257378154,1.1087181255020753,12.852480723931732,11.377450098213147,12.483252866106856,0.0,1.3119615978644872,0,2.2132337257378154,1
p1756,2.0,0.5051552852122202,8.691386502866452,0.0,13.03747613441095,10.346011911220684,-2.691464223190266,0.0,0.0,0,8.691386502866452,0
p1757,2.0,0.4515175384837451,9.79815265288555,1.3109048771316418,12.35827804496187,8.098479820250276,0.6749146400688453,2.903331023494307,0.0,1,9.79815265288555,1
p1758,0.0,0.38532657107335466,3.2922981228083543,1.025585436245424,6.274248050041133,8.395675689725824,-11.461725200548006,2.6616006090329627,0.0,1,3.2922981228083543,1
p1759,4.0,0.37216092976949117,13.31148117056259,1.2456579052534162,11.404343967797168,8.85928480984116,12.356864039377374,3.3470947797366883,0.0,1,13.31148117056259,1
p1760,4.0,0.6098908213935312,16.98246506977841,1.858149863603891,4.2614538830890485,8.032930552910244,31.037957420982863,3.0466926184562504,0.0,1,16.98246506977841,1
p1761,3.0,0.44105534160048515,3.993422401683112,1.4851185678451766,4.38965326305326,13.470881600370673,10.134015586522128,0.0,2.6570046703687504,0,3.993422401683112,1
p1762,3.0,0.7174254368240786,5.869629507534709,1.2881126013149078,6.94103313530611,6.780554282430502,4.7235011434684075,0.0,4.558487454912819,0,5.869629507534709,1
p1763,1.0,0.5470033327712254,7.295693376543524,1.1512409072885141,10.515750411759655,9.755914534214439,-5.937696903251298,2.1046323455765865,0.0,1,7.295693376543524,1
p1764,4.0,0.546437256778887,14.599863340119233,0.0,-0.37888606698737026,8.536177261989737,8.915063328977107,0.0,0.0,1,14.599863340119233,0
p1766,0.0,0.5364019383452098,20.0,2.431004575523738,7.7592139145975425,9.787795801832129,48.31088132954518,4.532057775598916,0.0,1,28.49529951756782,0
p1768,3.0,0.1402986806683146,1.4974440101043183,1.0439073046410678,17.102881601142368,9.58880460627502,11.435097476644383,0.0,1.214267421914137,0,1.4974440101043183,1
p1769,4.0,0.17028411019839504,14.696694617269284,1.0814626146817803,12.5771857885097,15.78838777332825,-3.7220657969269597,6.350930884988547,0.0,1,14.696694617269284,1
p1771,2.0,0.39272181508959114,7.124941530773417,1.1987473857466804,14.864141383293857,8.912384148203541,9.32517156212747,0.0,1.9739674757517107,0,7.124941530773417,1
p1773,2.0,0.4764451643895129,9.027646560251737,1.4643241368998348,11.734978173343581,11.345357915308988,7.182482524703877,0.0,2.7968878086903177,0,9.027646560251737,1
p1774,4.0,0.5719905585741939,0.5313118344650266,0.0,7.233069896021315,8.315487349433907,1.0824174534125914,0.0,0.0,0,0.5313118344650266,0
p1777,1.0,0.583172142954871,11.352167260600906,1.249080217675132,12.727359525709323,11.212264204800258,2.6058515515568157,0.0,2.996633254144281,0,11.352167260600906,1
p1778,0.0,0.23371864478089668,10.692198140822267,1.2177272238397396,11.217259961081956,10.223339549556576,-0.15952444407260036,0.0,1.5891385266597724,0,10.692198140822267,1
p1779,3.0,0.6889587281208956,2.6512489145541025,1.2943995021573225,4.113976533018941,13.156086455933398,15.129256781896444,0.0,4.161504016291543,0,2.6512489145541025,1
p1780,2.0,0.7338540686600784,20.0,2.445833883943514,7.302378260449562,8.712676562648971,-115.27859241176446,0.0,9.189822559487842,0,32.181167363837446,1
p1781,3.0,0.3953112308954713,2.739887343666071,1.0510627847428817,8.594000993635268,9.262823574511774,-16.67451346339034,2.6588234853889214,0.0,1,2.739887343666071,1
p1782,2.0,0.28896453136203487,0.19650403696803312,0.0,9.676004248610537,12.38678013160797,2.7107758829974333,0.0,0.0,1,0.19650403696803312,0
p1783,0.0,0.18749516262456628,9.190251159916318,1.1191411802683573,15.174591931937695,8.77887441986856,1.847091498597008,0.0,1.3773963289663913,0,9.190251159916318,1
p1784,1.0,0.21841860205230879,20.0,1.7972306833783531,13.924496152338016,13.620649755702972,-14.274345132496899,0.0,2.2994798598042325,0,36.87514277327611,0
p1786,1.0,0.5957777824164258,8.358256148777484,1.2593692157432752,12.058505262926214,10.126080510166094,9.595837728202522,0.0,3.115536853149089,0,8.358256148777484,1
p1788,3.0,0.33721587691737154,1.9639220674861646,1.0560903342831955,11.643806235506464,9.051795520018237,12.832064410633498,0.0,1.5934152577030487,0,1.9639220674861646,1
p1789,2.0,0.5379576380263658,0.45928946048570224,1.0112141923752107,11.811975082424933,8.482436764220832,-18.410875300087863,1.8797282925196617,0.0,1,0.45928946048570224,1
p1790,3.0,0.34079695109445496,1.009044493367444,1.037993438815916,10.018688879808886,9.19296069912506,13.361026226349985,0.0,1.5746186862140052,0,1.009044493367444,1
p1792,1.0,0.1896411218653771,2.131109912026995,0.0,12.014822308756758,12.82052245808021,0.805700149323453,0.0,0.0,0,2.131109912026995,0
p1793,4.0,0.5112719314612857,20.0,1.310229649338893,12.786438620888811,7.426304144525443,-24.69895007681981,0.0,2.680897074842559,0,23.808354909079917,1
p1794,4.0,0.4552576447040924,20.0,1.6255807867594751,10.793875698083799,7.9952053245305885,-30.27092150332852,0.0,2.9841277641729342,0,32.08133638290274,0
p1795,4.0,0.29125491486362715,20.0,1.8713171807271731,13.016210887486977,11.56759156238889,-19.888090478970504,0.0,2.6403247373025587,0,31.64637749775583,0
p1796,4.0,0.8110715231593282,3.6254978031214264,1.2118441288323774,6.38779178501435,10.106215252700036,-5.9645935877048775,1.4941273293777333,0.0,1,3.6254978031214264,1
p1797,3.0,0.6106553685393686,0.9971259225853888,1.034936340073462,7.361732556203843,7.196852542686076,-10.672152541081509,1.6947961049600435,0.0,1,0.9971259225853888,1
p1799,4.0,0.6302981118064399,0.9819725112021589,0.0,7.2494024165941005,10.119645721171924,2.8702433045778237,0.0,0.0,1,0.9819725112021589,0
p1800,4.0,0.6924369343251212,8.147315429048586,1.2638301156808673,9.370766101389803,7.850310843413214,-0.97836496611897,1.8251916572195135,0.0,1,8.147315429048586,1
p1801,3.0,0.4252957611168848,6.2249717403766,0.0,11.837652777144354,12.062609958408686,0.2249571812643314,0.0,0.0,0,6.2249717403766,0
p1803,4.0,0.08422453289911364,18.827878072596476,0.0,10.353519092924614,12.72381268816102,2.370293595236406,0.0,0.0,0,18.827878072596476,0
p1804,4.0,0.5784936150664941,20.0,1.616644895783734,2.891259325542979,11.733087522300869,31.944350874431663,2.7945769040128665,0.0,1,37.35645451701798,0
p1805,3.0,0.41631659028884704,3.9109579677032764,1.0499861265446895,6.352203158942198,9.613148773089813,-11.120468377575666,2.522085718025776,0.0,1,3.9109579677032764,1
p1808,4.0,0.7796261162162677,0.43984377205578157,0.0,9.145166297565368,8.803381991014115,-0.34178430655125247,0.0,0.0,1,0.43984377205578157,0
p1809,1.0,0.5189502009280057,3.834908960982251,0.0,4.993197744731046,12.128330556021025,7.135132811289979,0.0,0.0,0,3.834908960982251,0
p1810,1.0,0.639432310859435,8.79557717993848,0.0,9.434775376293924,11.151335933607287,1.7165605573133629,0.0,0.0,1,8.79557717993848,0
p1811,2.0,0.45100043377239757,9.211732877567998,0.0,12.535255673111312,12.763199648560102,0.22794397544878997,0.0,0.0,0,9.211732877567998,0
p1812,4.0,0.36366380631256545,4.923418497391527,1.0629071524837739,11.354300401931136,11.880083289182855,11.267636707484291,0.0,1.6703547009081006,0,4.923418497391527,1
p1813,4.0,0.2537970558647664,12.706577212404403,1.4122944047550512,10.883492272749887,8.34984799582378,-5.984089869379648,0.0,1.8926411586217256,0,12.706577212404403,1
p1814,0.0,0.887005028473771,9.12418947837654,2.393330070420993,4.790187841145345,10.047011116799263,2.766852299195601,2.6982147717235456,0.0,1,9.12418947837654,1
p1815,1.0,0.17973259402742559,3.2785924458329307,1.0994377006637277,10.492883286727738,11.741428013229877,10.918151584315005,0.0,1.3403405921757268,0,3.2785924458329307,1
p1816,2.0,0.13894157287248357,20.0,2.335788633229285,10.356870626022891,8.337126032341953,-28.178610555467152,0.0,2.712694701823494,0,24.40951558720805,1
p1817,0.0,0.5171591020166154,5.710240188167812,0.0,10.48811093285984,10.73717733822444,0.24906640536459967,0.0,0.0,0,5.710240188167812,0
p1818,1.0,0.3439743604280374,17.126410689870685,1.857088258471393,11.548651787038656,9.700756692670007,-17.637507484811476,0.0,2.830816581624902,0,17.126410689870685,1
p1819,4.0,0.868853881937931,9.927046070482731,1.1628954421623008,10.267845352573163,8.97291983646766,-0.017899457007028552,1.3384246377175943,0.0,1,9.927046070482731,1
p1820,1.0,0.4890402683783762,19.600292783373742,1.273208590834604,12.539239826885163,13.970663910045603,16.08807366438918,2.6034841569518923,0.0,1,19.600292783373742,1
p1821,1.0,0.29109920032780523,0.49319434441806936,1.0139206704919614,10.635809885167507,13.16210118536243,17.03298610766901,0.0,1.430271585193319,0,0.49319434441806936,1
p1822,0.0,0.2662273343263418,14.43869279151422,1.125429045716995,15.064130100280185,12.224120485547049,6.521703761853503,4.227323421033254,0.0,1,14.43869279151422,1
p1823,4.0,0.10864926976225442,3.5682075243630016,1.0353140360002466,15.486904677875074,11.471645862659791,9.82844382086822,0.0,1.1615114016051824,0,3.5682075243630016,1
p1825,2.0,0.26589145607716447,0.7577087384949673,0.0,10.6542096429614,7.206158527993908,-3.448051114967491,0.0,0.0,0,0.7577087384949673,0
p1826,3.0,0.1319855775759822,8.863247499637517,1.1082845685464902,11.176589914961657,14.799081568038387,-46.22078228853265,8.39701268048372,0.0,1,8.863247499637517,1
p1827,2.0,0.6199755233601703,0.06400637327560468,0.0,4.808618067499748,10.92747376656048,6.118855699060732,0.0,0.0,0,0.06400637327560468,0
p1828,3.0,0.6534760952449669,3.35215341408518,1.061186331144897,11.4309954277451,9.625896245873468,22.93534902021016,0.0,3.062375543456598,0,3.35215341408518,1
p1831,2.0,0.47597857801425386,6.844024999645276,1.3215521844952693,8.805143098272897,11.904285817833895,8.044970883366556,0.0,2.5219430524182207,0,6.844024999645276,1
p1832,2.0,0.3343756579720049,2.392144009667398,1.0843874578318555,11.427203625515853,9.893706729210486,13.185774484814136,0.0,1.6291283076096517,0,2.392144009667398,1
p1834,2.0,0.14430734444039642,20.0,1.081236115280187,10.038735509339233,9.66920105062708,77.03493145448465,7.492592421217843,0.0,1,27.639710222353347,1
p1838,0.0,0.8537690982817033,15.920294819273398,0.0,4.493261524499619,8.608373186658778,4.115111662159158,0.0,0.0,1,15.920294819273398,0
p1839,4.0,0.7231934329619436,9.875392525808058,0.0,7.1567446821176235,5.476717624411765,-1.6800270577058587,0.0,0.0,1,9.875392525808058,0
p1843,4.0,0.287549396339005,1.4667415473232237,1.0650039416655153,10.18039855547672,13.099299660844544,15.94447650991973,0.0,1.4948460092431552,0,1.4667415473232237,1
p1844,0.0,0.594876624514509,0.5558866384982523,1.0287112040591988,4.4945566098983525,8.458709038961375,-9.702079545812875,1.72928496711188,0.0,1,0.5558866384982523,1
p1845,1.0,0.5679668143862323,20.0,1.7476987598623044,10.313545411009455,9.935810651692737,-39.562235479073045,0.0,4.045288227985165,0,20.566898959338832,0
p1848,4.0,0.5359645645270295,0.5354868462105791,0.0,13.271009907109024,12.33340245407307,-0.9376074530359535,0.0,0.0,1,0.5354868462105791,0
p1849,3.0,0.6721132790660069,0.19221137564640706,1.0220422249143744,1.6729129185170188,10.857790291111264,-7.033626775857504,1.520639833711724,0.0,1,0.19221137564640706,1
p1850,3.0,0.7329747159599542,3.225801874953315,1.3003706541950038,5.3630966524478785,9.247696776473576,14.292885683985492,0.0,4.869840917386637,0,3.225801874953315,1
p1851,3.0,0.6446993690612395,1.5266658237743005,1.0608185580203575,7.734271902579169,9.39124280321861,-11.283772663174606,1.6454468686157364,0.0,1,1.5266658237743005,1
p1852,2.0,0.45832022931148514,20.0,1.235566767251128,9.630455961510993,12.41223621557668,23.237322406043248,2.6958591138498664,0.0,1,26.357038539521678,0
p1853,0.0,0.2972082283055812,8.849959645052463,1.2945969259259047,12.740556407640957,8.764998172891557,3.19122261232969,0.0,1.8420775229121622,0,8.849959645052463,1
p1855,4.0,0.7455902561532836,2.1626612000821397,1.0846459911587691,8.65309599743642,9.008459613120923,-9.603548459283713,1.4547480767181327,0.0,1,2.1626612000821397,1
p1856,4.0,0.6004187861943001,13.74783981854463,1.354476197000783,2.654712047592458,15.018605653526114,9.49719103929004,2.2558857719726046,0.0,1,13.74783981854463,1
p1857,3.0,0.2749780195827142,14.959491746861639,1.1231609164242429,13.101119869224389,11.152420340912007,13.601466320171737,4.084547987248824,0.0,1,14.959491746861639,1
p1859,1.0,0.20520645741531177,7.792684635146064,1.152650292393966,9.614928845863734,8.863703266548336,1.8914862820144616,0.0,1.4502512044140656,0,7.792684635146064,1
p1861,4.0,0.7757719201914672,2.5022313913853,1.1368368285240769,3.613736748008983,8.325466280775531,-3.8217939308969138,1.4654266272534016,0.0,1,2.5022313913853,1
p1862,3.0,0.7865606466326859,5.417379287075787,1.3238067240041693,5.915855937191098,9.890723895211751,7.066550587165916,0.0,6.202261687543586,0,5.417379287075787,1
p1863,3.0,0.2715767924852497,18.662037165977143,1.7249870409190406,9.53787891073725,12.238091665114917,-18.906807158238983,0.0,2.368111041937266,0,18.662037165977143,1
p1864,0.0,0.662861272605987,3.01697128271681,1.0650662078316515,4.518724725768424,10.676240734850428,-6.149175311220485,1.6067709064438587,0.0,1,3.01697128271681,1
p1865,4.0,0.475225462882435,20.0,1.3366794032631462,12.987271542761233,8.060321023933595,28.65610471579931,2.812726816352903,0.0,1,28.5073912072816,0
p1866,0.0,0.3780927977302207,2.9319069168229026,1.1284666528807288,10.668631660937018,11.384296353003021,14.754151212861554,0.0,1.8145257825639511,0,2.9319069168229026,1
p1867,0.0,0.38852695209851523,20.0,1.938278060725082,5.1694554560861095,13.350704860702468,41.35316403801455,4.988786621509878,0.0,1,21.111282630435895,1
p1868,1.0,0.28029519918305307,15.185890927055212,1.2515759875362638,6.750906338385389,6.730514293750552,37.7346119321124,4.465206650645821,0.0,1,15.185890927055212,1
p1869,3.0,0.47116652043222856,1.8779103821248164,1.025803551723025,9.791625999923662,10.40156053993709,-17.947391217146368,2.177157134980634,0.0,1,1.8779103821248164,1
p1870,4.0,0.4852193733743857,11.920201710797077,0.0,9.579363990064484,9.816437058865105,0.23707306880062085,0.0,0.0,1,11.920201710797077,0
p1871,1.0,0.7678197295756829,16.418327225539947,0.0,3.9854015105122165,8.95754305452661,4.972141544014393,0.0,0.0,1,16.418327225539947,0
p1872,0.0,0.2601343887254201,20.0,1.1124126788800603,11.528469802537574,10.001876385207172,41.228382303489575,4.27629997068264,0.0,1,24.000142811928544,0
p1873,0.0,0.6726962638643554,0.5709485107705675,1.0288855398083305,7.012771956554143,5.716417831160923,-9.166323476589962,1.529494951997828,0.0,1,0.5709485107705675,1
p1874,2.0,0.683116954442264,5.441185548834524,1.303432798976627,8.998732966609376,12.72814638286081,18.36264814826704,0.0,4.113292955394616,0,5.441185548834524,1
p1876,1.0,0.4225585488009609,8.63517362182897,1.3682457413728883,9.484922067527155,9.323861349131327,1.852415608339177,0.0,2.369496922210501,0,8.63517362182897,1
p1878,1.0,0.3538962800347711,4.573238335399044,1.0545016450084044,14.166383778116455,18.76049495092447,-37.67953306487097,2.979691238644264,0.0,1,4.573238335399044,1
p1879,2.0,0.3540092069140979,1.5163050482727018,0.0,10.478414314391987,9.811565767501683,-0.6668485468903036,0.0,0.0,0,1.5163050482727018,0
p1881,4.0,0.560592737153773,0.46090483833298324,1.0450548793143606,10.442706214362751,10.969281837857762,24.266579748136166,0.0,2.3783286433298745,0,0.46090483833298324,1
p1882,2.0,0.6784018957467731,15.725879105539796,0.0,9.783670511555687,9.550903197592914,-0.23276731396277306,0.0,0.0,0,15.725879105539796,0
p1883,3.0,0.19379851284966412,3.9204823077277116,1.0722984814013767,10.282313706301654,10.835324781208156,9.01464536404091,0.0,1.3300626437587066,0,3.9204823077277116,1
p1884,1.0,0.5325128080299116,5.591727919832377,1.2543143356230122,7.571868845438439,8.652122534209413,6.393167480215386,0.0,2.683098825311278,0,5.591727919832377,1
p1885,3.0,0.4012285827093987,9.28928017271096,0.0,13.727165317565605,11.557189081234544,-2.1699762363310615,0.0,0.0,0,9.28928017271096,0
p1886,0.0,0.6220561384367315,3.627727051503444,0.0,5.401932239513587,12.861433536072262,7.459501296558675,0.0,0.0,0,3.627727051503444,0
p1887,4.0,0.1897610883892454,20.0,1.4603333615620078,11.663251262277363,11.076653371025001,-15.612329356621704,0.0,1.802349085726907,0,27.487722836031473,1
p1889,1.0,0.2293031007430762,8.219461551652444,1.0581451485754045,12.535076859555328,10.056028541652418,-10.954094857633953,4.614613344287082,0.0,1,8.219461551652444,1
p1890,0.0,0.3366170145715412,17.276826617197155,1.2679779219676,10.952951493907024,12.393136709005812,19.83619823067535,3.766826592474923,0.0,1,17.276826617197155,1
p1893,3.0,0.12188867317256444,19.74379201054095,0.0,10.677935055669057,12.105948316403508,1.428013260734451,0.0,0.0,0,19.74379201054095,0
p1894,0.0,0.1889794908579209,18.869734961889325,0.0,11.315471148044043,12.93547770139409,1.6200065533500467,0.0,0.0,1,18.869734961889325,0
p1895,2.0,0.5355094988683032,5.553726856672708,1.1508095211438785,8.38909536414197,11.386532862385284,-9.537258339168911,2.1489992681285655,0.0,1,5.553726856672708,1
p1897,0.0,0.6677095440710166,2.9392150300878845,1.0508100180347408,10.052138316569717,9.653716825969063,-10.9653900413359,1.5737531796055595,0.0,1,2.9392150300878845,1
p1898,1.0,0.615950629674121,1.5594148116034436,1.0411746619665172,8.7018583523617,8.891618554876263,-12.2042603343435,1.69035408327672,0.0,1,1.5594148116034436,1
p1900,3.0,0.5362239257335161,0.26725954457381107,1.008590329554131,12.615513915089146,8.283503050326305,-19.40986414815228,1.8809125836271692,0.0,1,0.26725954457381107,1
p1902,1.0,0.6584087794372496,1.4568490582680282,1.079956507595763,10.55476282987371,12.10090692154075,30.30962099544697,0.0,3.161546440849977,0,1.4568490582680282,1
p1903,0.0,0.6610699358679039,1.1975072809064267,1.0844783122246406,4.357598686413332,9.131545730210068,-8.241760008937156,1.6404895358020684,0.0,1,1.1975072809064267,1
p1906,1.0,0.48648832860363644,6.594667985670865,1.1583989860276975,11.041614118467015,9.859184688768655,-8.955715275205272,2.3811444548991356,0.0,1,6.594667985670865,1
p1908,0.0,0.3000946530352698,2.4933507791224256,1.0604645188026354,9.621401393865142,9.98705934326079,-26.115360509744306,3.533766790166702,0.0,1,2.4933507791224256,1
p1909,3.0,0.4251901875856727,0.5724942335633074,1.005831577331804,10.957350586049518,8.565069399412138,-21.299548383129064,2.365603926664315,0.0,1,0.5724942335633074,1
p1910,0.0,0.5949249166647873,9.973188482755921,1.220156235785379,6.614441292997982,11.621806098658269,1.6261464231021039,2.050941558517511,0.0,1,9.973188482755921,1
p1912,0.0,0.4504374108318606,5.713808501854394,0.0,11.978938441538958,13.168018378562156,1.1890799370231981,0.0,0.0,0,5.713808501854394,0
p1914,3.0,0.2883212471596541,9.540739467849134,0.0,11.713031845868642,13.377900551281673,1.6648687054130313,0.0,0.0,0,9.540739467849134,0
p1915,1.0,0.5248303311980517,9.99904509585523,0.0,4.556086548556402,11.530684937876522,6.97459838932012,0.0,0.0,1,9.99904509585523,0
p1916,1.0,0.5457105174807214,18.43261930325915,0.0,9.83453455047927,7.84307048479588,-1.9914640656833908,0.0,0.0,1,18.43261930325915,0
p1917,3.0,0.0788457538501228,0.3442105550886097,0.0,9.924850469837745,11.080281333556279,1.155430863718534,0.0,0.0,1,0.3442105550886097,0
p1918,2.0,0.15194106568625707,4.216129662312616,1.046456424201424,11.562584961772984,14.728413870378256,12.230936334718166,0.0,1.233943045536365,0,4.216129662312616,1
p1920,4.0,0.6336218676038062,15.123602926074152,1.4744749313338688,10.37288628490564,7.7301269939183115,-21.761838662511472,0.0,4.024462163422466,0,15.123602926074152,1
p1922,3.0,0.46089855057886053,20.0,1.9635327863417733,10.543247060389305,8.731136220423314,-36.25580315279067,0.0,3.6422324377909168,0,24.878751380983598,0
p1923,4.0,0.7138963480989843,1.0888738403970515,0.0,5.495896090243134,10.459023715941067,4.963127625697933,0.0,0.0,0,1.0888738403970515,0
p1924,0.0,0.6389452444492714,18.533410647613014,0.0,4.015338616089531,9.27308622641497,5.257747610325438,0.0,0.0,1,18.533410647613014,0
p1925,0.0,0.345491800298288,2.7958585756635603,1.0226510269007858,8.84668305834915,12.539611324681877,13.147174788583973,0.0,1.5624724447560057,0,2.7958585756635603,1
p1926,0.0,0.19358855063660244,6.001062258768498,0.0,10.601244924375875,13.452587477099298,2.8513425527234233,0.0,0.0,0,6.001062258768498,0
p1927,1.0,0.6810280449245761,20.0,1.4047254260221633,8.273954900447752,10.574215082898762,21.742395982797852,2.062654301083499,0.0,1,29.78008116829276,0
p1928,1.0,0.8023091423470994,0.023183627150781334,1.0019982808791823,5.2683908816508875,10.67888161200998,-7.897336014780434,1.2488930114243821,0.0,1,0.023183627150781334,1
p1929,3.0,0.27803483191207606,10.264856610928346,1.2126398437306145,14.972654628049085,11.666341752171729,4.6010816967945205,0.0,1.6796376021051116,0,10.264856610928346,1
p1930,0.0,0.2934594217725724,1.1046988454206819,0.0,10.603456682840822,10.079938684043197,-0.5235179987976242,0.0,0.0,0,1.1046988454206819,0
p1934,4.0,0.30546684902739735,4.9126075396657,1.0970936238442226,10.494267796165481,13.07412453037507,-26.73248363893662,3.5915308889896074,0.0,1,4.9126075396657,1
p1935,2.0,0.6207083303989986,0.6260215199882426,0.0,7.09036003978949,8.287920794841327,1.1975607550518363,0.0,0.0,1,0.6260215199882426,0
p1937,4.0,0.5875407574978573,8.148750284117305,0.0,6.584179576755397,10.279899869276672,3.6957202925212753,0.0,0.0,0,8.148750284117305,0
p1938,0.0,0.5003641030329311,11.525162672557537,1.465520084567555,13.773257708560333,13.014804850238741,5.835605829771166,0.0,2.9331761257821465,0,11.525162672557537,1
p1941,3.0,0.5820154341010869,0.6737257714779884,1.0697264951112517,6.847751382904713,10.087221131001842,19.040337332370264,0.0,2.559248791425371,0,0.6737257714779884,1
p1942,0.0,0.28925159178969867,0.42359838645874065,0.0,12.29603594546999,8.381426479143704,-3.9146094663262865,0.0,0.0,0,0.42359838645874065,0
p1943,2.0,0.10303010264014092,10.598635688148956,1.1347413857426836,9.54273966969355,12.1664091646043,1.287873372087721,0.0,1.2650830190429811,0,10.598635688148956,1
p1945,3.0,0.857953537983919,20.0,1.9788772472347216,9.24461187286546,9.753570381691427,24.142436942529724,2.306508639016548,0.0,1,26.462375480987312,1
p1946,0.0,0.3875810671072157,3.2292797513813243,1.2976915598098813,8.718493370792357,12.25630738624342,15.169241133904011,0.0,2.118960551529956,0,3.2292797513813243,1
p1947,3.0,0.32942425124974395,20.0,1.378565339381034,14.120373906692896,8.888739428623866,-17.318932230574273,0.0,2.055793610118245,0,27.963968029364736,0
p1948,2.0,0.4790649991925874,4.568259646596538,1.1221765600656766,8.371095423617849,6.4931955686082246,-6.386928848884302,2.342430697205984,0.0,1,4.568259646596538,1
p1951,0.0,0.29214571372289244,20.0,1.5507456340168466,9.856702232414568,11.09128843807943,-20.98704193526887,0.0,2.190769575152036,0,23.52601593700004,1
p1953,1.0,0.7579224688186267,20.0,1.4459979483618404,7.367579027793817,11.506313116247732,20.343364922366746,1.9078441500958754,0.0,1,31.78281349811729,1
p1954,3.0,0.1510510157562857,20.0,1.3350083460728701,10.693372854466247,13.696537434086249,-11.631902007030293,0.0,1.5725424858858408,0,23.77528583764579,1
p1955,0.0,0.7225295555167847,7.304172736245498,1.3352372189440709,6.337609311804952,8.963512492132464,-2.025372241769279,0.0,4.81217818146697,0,7.304172736245498,1
p1956,3.0,0.7157546454587446,19.329707086162852,0.0,9.59324734814366,8.628755838310049,-0.9644915098336106,0.0,0.0,1,19.329707086162852,0
p1957,2.0,0.6928586898369541,4.572789743067589,0.0,6.087762032587602,11.69525278466398,5.607490752076378,0.0,0.0,1,4.572789743067589,0
p1958,4.0,0.6242671409122342,0.10403843498226667,1.0023783499524943,9.698481433528814,7.150406199560078,-13.862344446816763,1.6056881489673325,0.0,1,0.10403843498226667,1
p1960,1.0,0.6977059983858319,8.108608386307527,0.0,8.700255799643061,9.706414143185222,1.006158343542161,0.0,0.0,0,8.108608386307527,0
p1961,4.0,0.4462832919489012,20.0,2.8949354098695905,11.969546868806168,9.492308819544105,-44.46196198619226,0.0,5.228188652747745,0,25.70752575544103,1
p1962,0.0,0.5753240334172776,6.215867596700482,0.0,12.237043022009512,11.18516045328425,-1.0518825687252615,0.0,0.0,1,6.215867596700482,0
p1963,4.0,0.5397629042984199,0.8019579735393599,1.0229925255161396,10.632491546694416,11.382845025581828,-19.3032075964872,1.895262748457711,0.0,1,0.8019579735393599,1
p1964,1.0,0.2507634565836721,14.346742997412381,0.0,11.251875393343317,11.327635871387828,0.07576047804451136,0.0,0.0,0,14.346742997412381,0
p1965,3.0,0.6138005618339796,16.064592460380855,0.0,10.754658688842115,11.082179880058957,0.3275211912168423,0.0,0.0,1,16.064592460380855,0
p1966,3.0,0.7497374914406818,2.820472946085994,0.0,4.390604817541477,8.669785102968246,4.2791802854267695,0.0,0.0,1,2.820472946085994,0
p1967,1.0,0.5340470420975932,4.648299289368577,1.2376377508474954,4.7961897537043665,8.839660686242176,-5.669881419047165,2.3174695359914117,0.0,1,4.648299289368577,1
p1968,1.0,0.3839655390616815,2.1457957502022493,1.1534376313992591,6.796172378876522,7.475622157081638,-15.331420263787406,3.0040134180217852,0.0,1,2.1457957502022493,1
p1969,1.0,0.8622072868969564,0.22506279074178207,0.0,6.013993558744265,9.017469316383611,3.003475757639346,0.0,0.0,0,0.22506279074178207,0
p1970,0.0,0.6961179331900802,10.472478683132174,1.1292443586228982,11.305052630135465,10.521238147769175,-0.8629122153013957,1.6222026538634648,0.0,1,10.472478683132174,1
p1972,1.0,0.6133315409403963,9.971002395866766,1.417694429096793,10.753119541999965,12.075752394805459,4.190213838518116,0.0,3.666434113981508,0,9.971002395866766,1
p1973,2.0,0.30768738519211863,2.572305013938288,0.0,13.190699700099698,10.816103427213394,-2.374596272886304,0.0,0.0,0,2.572305013938288,0
p1974,1.0,0.7249748611428897,2.675748702541987,0.0,4.013007575623505,5.876094042705257,1.863086467081752,0.0,0.0,1,2.675748702541987,0
p1976,2.0,0.29549795057496714,11.18335595190453,0.0,14.459958146411054,10.015519308950562,-4.444438837460492,0.0,0.0,1,11.18335595190453,0
p1977,4.0,0.532031569750091,20.0,1.7830005936931954,8.33194272305499,12.055496864105208,30.348015194275984,3.351306003383816,0.0,1,20.27683584961761,0
p1979,4.0,0.3794988557220317,7.555296282870078,1.0504213773074367,11.169784837116449,10.072625078970203,-8.064917213183161,2.767917113501997,0.0,1,7.555296282870078,1
p1981,2.0,0.3682964570006123,1.905562257970251,0.0,14.408339412450623,13.26871583578861,-1.1396235766620126,0.0,0.0,0,1.905562257970251,0
p1982,3.0,0.5472824316033316,3.9010250478999438,1.1478342595428412,10.238973079291148,7.845109318181334,13.675567587440579,0.0,2.535431226157134,0,3.9010250478999438,1
p1983,2.0,0.6192282753440665,0.03224692216555559,0.0,0.5865349098008614,8.278396978949187,7.691862069148326,0.0,0.0,0,0.03224692216555559,0
p1984,0.0,0.6482899186368731,20.0,1.3459447252568761,12.053187462363958,12.13334191968832,16.412487637605693,2.0761463144250754,0.0,1,30.469156266471526,0
p1985,2.0,0.15456386397490038,3.944817893562282,1.0557676876758333,13.157378664587345,9.408821651040483,-41.071113943293426,6.83062431621973,0.0,1,3.944817893562282,1
p1986,1.0,0.6595704980830078,9.469752771085899,1.1895142791254965,8.961750676699126,11.050628533263172,-0.762180973536339,1.8034679880054225,0.0,1,9.469752771085899,1
p1988,2.0,0.4840416250860131,20.0,1.5134919636929443,7.434012484429162,10.69213963356583,32.361764385440225,3.1267806016145823,0.0,1,31.287111073299705,1
p1990,3.0,0.667987468456532,8.357249130700563,1.2606635919671751,4.540102514675835,7.626811800048244,4.465231776362805,1.8872563506020479,0.0,1,8.357249130700563,1
p1991,3.0,0.7313549076275988,4.440381589391687,1.1791847296538291,2.6433245647983905,7.67467836199849,-0.1833966962341833,1.6123290038196645,0.0,1,4.440381589391687,1
p1992,3.0,0.8039233858197785,2.9169348073842203,1.1754895395274279,5.6849767135345575,7.154897057800837,-4.726789917118791,1.4621910001147125,0.0,1,2.9169348073842203,1
p1993,4.0,0.6927650854159929,0.7973222662841688,0.0,11.215707081945254,14.261803693321234,3.0460966113759795,0.0,0.0,0,0.7973222662841688,0
p1995,1.0,0.21918509826781515,20.0,1.7441516664808279,10.12561114657409,10.484450940585534,-21.698156987140806,0.0,2.233758170613222,0,22.615709955753623,1
p1996,3.0,0.7532809885405178,1.2587263992633828,1.0942206973687534,4.945379102297176,9.37687567367652,20.782128279112694,0.0,4.435088690149254,0,1.2587263992633828,1
p1997,0.0,0.2155502503444588,20.0,1.84983141104272,9.657533045220093,12.446037820846488,-21.600336254693488,0.0,2.3581260773618675,0,38.36527785375232,0
p1998,3.0,0.487819784916549,19.13322693117704,0.0,10.251401871795457,11.677200022941543,1.4257981511460862,0.0,0.0,0,19.13322693117704,0
p1999,3.0,0.8460182906292391,1.2492367324792635,1.0480340943404096,7.942962136865054,9.044326683447212,-8.55506974987793,1.2387842035435406,0.0,1,1.2492367324792635,1
p2001,4.0,0.8540167997415875,20.0,1.8767817114434182,6.088336889917181,8.205076774587727,28.037185716685954,2.1975934337723846,0.0,1,30.609424669660495,1
p2002,4.0,0.45051486192866724,0.8212702269475185,1.0185978665850364,10.729808091159484,9.035112181790653,-20.26589654823836,2.2609639607101735,0.0,1,0.8212702269475185,1
p2003,4.0,0.3084231981109204,5.222654901194795,1.100057220354571,12.990021478462499,10.924003494372455,10.289150181071387,0.0,1.5906508392845236,0,5.222654901194795,1
p2004,3.0,0.7169477585855163,13.547289197576974,1.8713634918075899,5.524146057020183,9.721516441158437,14.18333014003277,2.6101811037106084,0.0,1,13.547289197576974,1
p2005,0.0,0.49175801967743654,4.638149989867803,1.0967216376698248,9.371251016602171,7.957139553847256,-8.816141575866702,2.230205901653028,0.0,1,4.638149989867803,1
p2006,1.0,0.6143457862104373,5.335669854685012,1.096726688459365,11.39838949560248,8.426896710041277,-8.489933814129188,1.785194450871831,0.0,1,5.335669854685012,1
p2007,1.0,0.38208471264046306,11.191813641083254,1.1167287754389168,9.71467257220156,8.737208751419066,6.196672756622092,2.922725611609969,0.0,1,11.191813641083254,1
p2008,1.0,0.42400550373946905,13.378257497966699,0.0,9.178950079766189,14.358862385108747,5.179912305342558,0.0,0.0,1,13.378257497966699,0
p2009,0.0,0.24079580356003275,2.580265429722649,0.0,13.748347598769234,14.837613779803347,1.0892661810341124,0.0,0.0,0,2.580265429722649,0
p2011,3.0,0.5345070688671063,2.9701271137747556,1.068377101607539,12.2852656325314,9.58853866816044,-15.925662118975,1.9988081801649062,0.0,1,2.9701271137747556,1
p2012,3.0,0.468736537391386,7.9880761837131,1.0506095541539053,13.62821710250992,7.873476973760079,-5.497881498643516,2.2413647547100997,0.0,1,7.9880761837131,1
p2014,0.0,0.6238113017374656,3.2912753505411043,0.0,3.6688528894492647,7.735927637501672,4.067074748052407,0.0,0.0,1,3.2912753505411043,0
p2015,0.0,0.5687135863543511,20.0,2.050355627160321,11.335940713179781,9.787183132065048,-42.73809754343955,0.0,4.754046411591632,0,38.629452715378676,0
p2016,3.0,0.8674409617044272,20.0,2.8196868176272196,5.492586928203363,6.718038225904627,44.39953942591032,3.250580664402614,0.0,1,36.24847357892307,0
p2017,0.0,0.19453236241705826,12.608599067065315,1.0612630760264197,8.31174672746008,11.214682399876963,10.507389098902834,5.455457708117357,0.0,1,12.608599067065315,1
p2019,3.0,0.7024902617207566,3.1460491176705627,1.1308048747245276,5.517103422190524,11.77943164467746,-7.634905061554902,1.6097089687116948,0.0,1,3.1460491176705627,1
p2022,0.0,0.4982155875546273,0.9906098567866829,1.012211115790869,10.800896144019863,9.596310904652158,-18.688554985431622,2.031672916455839,0.0,1,0.9906098567866829,1
p2023,4.0,0.518523998846432,7.606359190571876,1.5050570847032678,4.85958368299636,7.987037767003338,-5.458755670708039,0.0,3.125923371252778,0,7.606359190571876,1
p2024,4.0,0.5236140346186248,0.9437085279179314,1.023553282142196,11.487375286671025,9.223311425628047,-18.44891407606391,1.9547858049444815,0.0,1,0.9437085279179314,1
p2025,0.0,0.5826184190293825,5.019491227304157,1.3021401658139509,10.921994113712387,8.459931259972906,15.952468207625207,0.0,3.1197834911301894,0,5.019491227304157,1
p2026,4.0,0.27634754276417595,4.579107354371319,1.0997934636652285,9.989074995622754,10.97484635129114,-24.467655419049684,3.979747576781418,0.0,1,4.579107354371319,1
p2028,3.0,0.23525498119099034,5.581266141097043,0.0,13.209247948876573,11.584374783164908,-1.6248731657116657,0.0,0.0,0,5.581266141097043,0
p2029,3.0,0.554983274969774,6.78513989483252,1.1797551155881245,11.240513127304759,6.308517734539874,-3.918816334641851,2.1257489527993028,0.0,1,6.78513989483252,1
p2030,3.0,0.27057894261138243,3.6513113132873034,1.0305923294371835,7.735256679506801,10.235557750721327,-22.578050584884206,3.80884158793305,0.0,1,3.6513113132873034,1
p2031,3.0,0.3923364975887041,4.929475503464227,1.0652572819816757,13.99120397028388,12.610926251954515,-22.236663489991678,2.715162337760406,0.0,1,4.929475503464227,1
p2032,1.0,0.21030186426312084,4.948159180524529,1.0655205987394847,17.193201121639234,10.547749279338449,9.876487149630568,0.0,1.349275818848466,0,4.948159180524529,1
p2033,2.0,0.7745521274305126,7.471907396374838,1.3554808975065213,8.502144772010997,13.156614067859627,10.848659849328552,0.0,6.0123916098996935,0,7.471907396374838,1
p2034,0.0,0.3691749162951867,18.154867962300028,0.0,12.257405552996506,11.919040265018797,-0.3383652879777088,0.0,0.0,1,18.154867962300028,0
p2036,2.0,0.3322587144447848,14.85846688926489,0.0,11.603957751283769,13.50508446640114,1.9011267151173712,0.0,0.0,0,14.85846688926489,0
p2038,3.0,0.41893740496867865,3.1965530177682795,1.0956959216494282,12.481412554706807,9.129431638553504,14.156257980489086,0.0,1.885676226655695,0,3.1965530177682795,1
p2039,3.0,0.1781093677778651,9.58792547864424,1.068568625142137,11.682202978181834,10.649641133911226,-7.402333699591974,5.999508271091261,0.0,1,9.58792547864424,1
p2040,1.0,0.6227694776073186,9.962509434281632,1.1263407111953732,7.187285543942003,10.97389426221672,1.9574183880657172,1.8085997334403352,0.0,1,9.962509434281632,1
p2041,1.0,0.2883142898101841,6.094532824085441,1.604209015959977,5.928633787776483,7.674112465565022,-7.043457534692124,5.5640981826330265,0.0,1,6.094532824085441,1
p2042,0.0,0.4669175466821496,0.26533867970823966,0.0,10.56294419868962,6.0475854742270165,-4.515358724462603,0.0,0.0,0,0.26533867970823966,0
p2045,3.0,0.9330659096398314,2.1472348470013434,0.0,6.856056880518352,8.526855391143817,1.670798510625465,0.0,0.0,1,2.1472348470013434,0
p2046,4.0,0.6185833302254808,2.491855338831515,1.101816430927377,3.0913749845323353,7.679656057892283,-4.6521943700285195,1.7811932153518462,0.0,1,2.491855338831515,1
p2047,0.0,0.5257766615713143,1.1425903529642818,1.0612057019268342,6.2624869857868495,11.757594942435892,-15.929774925488712,2.018358324911872,0.0,1,1.1425903529642818,1
p2050,2.0,0.3992859230062421,20.0,1.9274996718852895,12.899570215043738,9.701557246321748,46.51634930879298,4.827366958927717,0.0,1,27.75039828780755,0
p2051,0.0,0.30894258689879694,11.257525634141231,1.344968840795376,12.98157238730218,7.694265443734294,-1.9318850652755049,0.0,1.9462476131464488,0,11.257525634141231,1
p2052,4.0,0.24205908174301136,20.0,1.9006985458418613,11.763083782966724,12.346115872414849,-20.072792525404086,0.0,2.5077133323436795,0,23.828443969677725,0
p2053,3.0,0.4389092583550398,20.0,1.5710932092598213,8.73185516429907,11.718759587272068,32.629935024438225,3.579539914806131,0.0,1,30.457828142371078,0
p2054,2.0,0.5813049397219255,20.0,2.3084383996359317,7.5047586847306835,10.58621758266669,40.46482747619915,3.9711315729403607,0.0,1,23.460193240409993,0
p2055,0.0,0.664600181515476,20.0,1.3287086012742582,6.496899809174254,11.731978891813828,21.76500349059473,1.999260063764093,0.0,1,23.037381164536868,0
p2056,0.0,0.4788271513585922,3.070178724447559,1.236390036105875,9.771270886031544,9.776763187081729,15.902643507616999,0.0,2.3723224249476806,0,3.070178724447559,1
p2057,3.0,0.3372615310107944,7.775750342551986,0.0,9.025132786759704,9.980753477313478,0.9556206905537739,0.0,0.0,1,7.775750342551986,0
p2058,0.0,0.41782557871747206,2.6753195018680542,1.0433364614868594,10.582060843070039,10.457821403162113,-19.55763080894466,2.497062206410176,0.0,1,2.6753195018680542,1
p2059,3.0,0.22578737813224542,15.07306864817326,1.292308493799623,14.978061632528732,10.79861188215939,-4.338034575545376,0.0,1.6691906813427875,0,15.07306864817326,1
p2060,0.0,0.9408223209589981,8.44568942483915,2.323857324086079,5.072314546379043,10.91657703545516,-0.258898695567809,2.470027838749964,0.0,1,8.44568942483915,1
p2061,4.0,0.1622949435740204,8.24781534010404,0.0,15.519978544220573,8.56448370336194,-6.955494840858632,0.0,0.0,0,8.24781534010404,0
p2062,4.0,0.6284718428565915,3.6164783683969994,1.139883743703707,8.352025923366236,10.816324705703174,-10.594341617138692,1.8137387643694525,0.0,1,3.6164783683969994,1
p2065,2.0,0.2100480650178506,5.001711907406971,1.1684268177271728,11.71196299579999,14.471610556748411,12.684855637739224,0.0,1.4791112800471535,0,5.001711907406971,1
p2066,0.0,0.8605404440082244,3.920837538749347,0.0,4.841133000657482,6.650350468342973,1.8092174676854906,0.0,0.0,1,3.920837538749347,0
p2067,3.0,0.34604490734547194,8.080389075458301,1.0840188696527875,8.28233858339892,8.303895212597753,-0.6785977871772065,3.1325959337715767,0.0,1,8.080389075458301,1
p2068,0.0,0.32013047802804784,3.35024272508733,0.0,9.163642872996522,7.078031214370227,-2.085611658626296,0.0,0.0,0,3.35024272508733,0
p2069,4.0,0.41620731475082123,20.0,1.302818919185226,9.316935639575735,8.397956029011347,35.39792749538667,3.13021629609083,0.0,1,22.393768899608435,0
p2070,0.0,0.734255907890144,0.5380026106369243,1.0302120603077145,2.0343077208660953,9.339403108756567,-5.0438810974547295,1.4030694874052685,0.0,1,0.5380026106369243,1
p2071,2.0,0.8340623759348369,7.2381258932606505,1.284615580592424,-1.1798539894003393,9.015331024874875,7.457949205716444,1.5401912586604765,0.0,1,7.2381258932606505,1
p2072,4.0,0.11128110352242916,20.0,1.0920865999570752,16.12724172172813,12.651340210226273,68.64211879944625,9.813765009411151,0.0,1,39.05245118384313,0
p2073,1.0,0.6406685716454981,2.6939118303087572,1.0886048537475463,10.438797312133877,11.002192248693852,24.02674732363792,0.0,3.02952864082229,0,2.6939118303087572,1
p2074,1.0,0.6776672622741695,5.051245653768508,1.1296444805514934,8.476439493624856,9.253246115872246,-6.227761686631419,1.6669603851904293,0.0,1,5.051245653768508,1
p2075,4.0,0.39398363171220613,6.214272712328128,1.097337736097936,10.829345712727172,15.1284676099608,-20.5290223726009,2.785236867148608,0.0,1,6.214272712328128,1
p2077,1.0,0.659755809552303,20.0,2.327192672733049,8.854245434815232,15.46239562526275,22.613889737956285,3.5273545742814076,0.0,1,20.674301557419962,1
p2078,0.0,0.4855094536262771,20.0,1.5203694033447688,6.811528104972793,12.479078568345344,29.21926247277348,3.1314928926493764,0.0,1,25.60578960914156,0
p2080,2.0,0.8705981847676827,6.902607884233844,1.65551348967064,6.155703823511487,7.77439918258477,-0.03908693343467973,1.9015816006007529,0.0,1,6.902607884233844,1
p2082,2.0,0.48751929272376304,7.543105819012786,0.0,9.344936201074438,13.98879337196365,4.643857170889213,0.0,0.0,0,7.543105819012786,0
p2083,2.0,0.13674970798114322,17.573056013947536,1.248822313581939,9.7071831111714,12.340534179426054,-8.745825617354624,0.0,1.4466514811843931,0,17.573056013947536,1
p2084,4.0,0.5983637094817457,3.9562885616190853,0.0,4.454401189556826,10.898616623763845,6.444215434207019,0.0,0.0,0,3.9562885616190853,0
p2085,0.0,0.6863154320531466,3.5009701354555247,1.1996396427743006,6.130958407176473,10.657231744291751,-7.982457661897047,1.7479421075896824,0.0,1,3.5009701354555247,1
p2086,1.0,0.1501056346894577,20.0,2.3653731827464712,12.017545415677633,13.821465711510221,-20.412351251453956,0.0,2.783137857234986,0,20.396481470984845,0
p2087,2.0,0.8153769796493954,8.729682226391656,1.228072260879976,7.2468855961352245,9.75093992524895,0.9658967866772885,1.5061404620572385,0.0,1,8.729682226391656,1
p2088,1.0,0.5352217262454756,20.0,2.101207385062009,10.483455020355784,8.407879047908134,-45.098745773332865,0.0,4.520881253954171,0,28.02523736658542,1
p2089,2.0,0.22062547364207272,18.446062197033317,1.3256665700469046,14.567360149372886,14.367042243094842,-6.7977437469508395,0.0,1.7009364884452138,0,18.446062197033317,1
p2090,3.0,0.2626864160842386,6.085009106697594,1.0985568577485525,8.358039095186744,7.295598995971071,2.324250090949274,0.0,1.4899452305141083,0,6.085009106697594,1
p2091,1.0,0.45202662767964585,1.5797835963817688,1.0683685831854959,13.74405421522999,15.580208047960033,25.55249704027225,0.0,1.949672442406399,0,1.5797835963817688,1
p2092,3.0,0.14345452921586954,8.86992201900593,1.0385161108690046,10.886110962019725,11.860935456661993,-20.678138711261752,7.239339995367115,0.0,1,8.86992201900593,1
p2093,1.0,0.24965608401326195,15.866037039826242,1.3387345979586938,12.077175132217002,6.4500623312538305,-12.387053695444838,0.0,1.784161328473216,0,15.866037039826242,1
p2094,3.0,0.7523715714633469,8.77351687558338,1.437684465937803,9.556923402452012,8.980030239397186,-0.9715134097850469,1.9108702673886746,0.0,1,8.77351687558338,1
p2096,2.0,0.4181253643617148,1.8394875608032537,1.046790870166314,9.083210083408568,9.321519932285451,-18.493209078974886,2.503533531777682,0.0,1,1.8394875608032537,1
p2098,3.0,0.45289662627568156,8.10637851276281,0.0,5.267845797779105,10.875473700500114,5.607627902721009,0.0,0.0,1,8.10637851276281,0
p2099,4.0,0.5534743031019072,6.187504867958601,0.0,5.7530975463108165,4.413658432033023,-1.339439114277793,0.0,0.0,1,6.187504867958601,0
p2100,2.0,0.746570944641637,1.9744432695298444,1.1535344735509587,5.346491573149384,9.771257061646466,-7.622171989603244,1.5451103231785548,0.0,1,1.9744432695298444,1
p2103,4.0,0.6931869919448463,0.4352237297259336,1.0211131763027241,6.706169985866533,10.846380972496826,25.010727170482312,0.0,3.328128695635896,0,0.4352237297259336,1
p2104,1.0,0.07998682613863048,17.965098109679978,1.3727922139837463,14.452608306082864,8.169769652688485,-11.523979531668367,0.0,1.4921440833526618,0,17.965098109679978,1
p2105,1.0,0.5366679570083774,0.5282462909403774,1.0121740523087601,10.624189433937355,11.93834060354301,23.369288165841542,0.0,2.1845543981232076,0,0.5282462909403774,1
p2106,4.0,0.7325373066522565,20.0,1.2402891043609015,10.280856466608666,8.276068988129177,17.8454833026168,1.6931412135568957,0.0,1,39.16715019822328,0
p2107,4.0,0.7730439962802309,20.0,1.7347052372661025,7.559975933857892,10.892680978186899,23.76946424640859,2.2439928977047074,0.0,1,21.004699530736506,0
p2108,0.0,0.8101931177208529,1.7766265833140802,0.0,5.8996987021653755,8.238247817149555,2.338549114984179,0.0,0.0,0,1.7766265833140802,0
p2109,2.0,0.6795491079004683,11.383467172552727,1.4076577203918912,6.390715068032569,10.491184378663329,5.948796015777764,2.0714584185696068,0.0,1,11.383467172552727,1
p2111,1.0,0.30262540319587355,20.0,1.7294235047192916,11.259303017694668,14.276501591981644,-18.658909041479244,0.0,2.479906082964246,0,36.531689843301365,0
p2112,1.0,0.5722158718792607,7.248788139945292,1.1703569623907448,14.74711015576029,11.559510345235815,17.326750303418972,0.0,2.7358587788942446,0,7.248788139945292,1
p2113,2.0,0.3882633172678895,0.7246334785604643,1.027926413515127,11.60086031365306,8.759182990403165,15.434095830065482,0.0,1.6803413013001753,0,0.7246334785604643,1
p2114,1.0,0.47490761344625937,20.0,1.4275049704676943,11.971848102203124,12.02618313367715,24.022498286795404,3.0058582554798967,0.0,1,29.40128149536046,0
p2115,4.0,0.7116320853102611,0.9077790014607982,1.0313790687887672,5.9167626505068664,7.3129128157713374,-7.8869064664371145,1.4493150183624746,0.0,1,0.9077790014607982,1
p2116,1.0,0.544553435047665,0.7544397628012642,1.037333225459658,6.417338223412272,13.09743329048775,19.578013676278132,0.0,2.277617848689276,0,0.7544397628012642,1
p2117,1.0,0.6596546723828998,4.363374249319805,1.1148530922160884,7.008679660201667,13.504440187371223,-8.953149415929278,1.6900556289381765,0.0,1,4.363374249319805,1
p2119,0.0,0.6689376387522954,2.4731119998968367,1.061977568457708,10.991327976766632,8.079188763072155,-11.812113478334036,1.5875584014655115,0.0,1,2.4731119998968367,1
p2121,3.0,0.5123059686710694,10.069556593672708,1.7077686850482323,5.851196986765202,9.528677065529148,-11.094040539027258,0.0,3.501721520754903,0,10.069556593672708,1
p2122,1.0,0.30482685549687605,4.292198116794173,1.1391272239896055,8.59762804926712,7.637978362631576,6.095330048758453,0.0,1.638623748625673,0,4.292198116794173,1
p2125,0.0,0.7651335762637982,4.710709330310941,0.0,8.352234639887643,8.59556894606249,0.24333430617484808,0.0,0.0,1,4.710709330310941,0
p2126,1.0,0.6066070043802204,7.363947507358724,1.539101924512024,8.410597364080443,13.475500668966632,9.159792707359415,0.0,3.9123775503099956,0,7.363947507358724,1
p2127,2.0,0.41343556067760945,10.543034937403476,1.477002584817176,9.58616161538679,7.951226295539639,-4.04439671098419,0.0,2.518056816610695,0,10.543034937403476,1
p2128,0.0,0.8305338181399108,5.5881457147323905,1.1036538951436001,8.193141593253966,9.728306469116266,-3.966482911737711,1.3288488331701862,0.0,1,5.5881457147323905,1
p2129,0.0,0.5456878769648863,1.4596280118988894,1.1712928302847243,8.350470829857608,8.02250151833991,-14.414862219814026,2.14645199156604,0.0,1,1.4596280118988894,1
p2131,1.0,0.5516824817099689,6.899143667674501,0.0,10.688504601288424,12.522020051333067,1.8335154500446436,0.0,0.0,0,6.899143667674501,0
p2132,1.0,0.25757807594206844,2.627007472229014,1.036855185748231,12.027912862200623,10.456317596106077,-33.08771236217394,4.025401548466528,0.0,1,2.627007472229014,1
p2133,3.0,0.6240829916609653,5.031701334379763,1.3207907590778256,6.506540022399789,8.26760754918555,6.942938171251202,0.0,3.5135168927675156,0,5.031701334379763,1
p2135,1.0,0.4861907542301347,6.290184173946631,0.0,7.792040781563556,12.428644637770883,4.636603856207327,0.0,0.0,0,6.290184173946631,0
p2136,2.0,0.7369880470476545,0.005553229139928364,1.0,6.345356485191453,8.299000912808575,-9.299520012283736,1.3568741094322507,0.0,1,0.005553229139928364,1
p2137,4.0,0.4988029155413243,6.478581534998438,1.3477592265339324,12.0576053257854,12.975806656865888,15.9206445260696,0.0,2.689080340500378,0,6.478581534998438,1
p2138,2.0,0.8276735137231839,0.2300200743143301,0.0,6.460719763186466,7.082671687199382,0.6219519240129161,0.0,0.0,0,0.2300200743143301,0
p2139,3.0,0.293877943320486,8.92515658722629,1.1281366283968774,10.507447555411055,12.09039486755245,-10.567747637243615,3.8387931249627605,0.0,1,8.92515658722629,1
p2143,3.0,0.37270453343423116,6.984464893208736,1.0915616071654308,12.668627567236403,9.064035676509686,6.286462763022911,0.0,1.7401075973677325,0,6.984464893208736,1
p2144,2.0,0.4191117373050849,1.6864283961503383,0.0,10.770206821937894,8.361783915777622,-2.408422906160272,0.0,0.0,0,1.6864283961503383,0
p2145,3.0,0.7145640541082756,1.5398516897324037,0.0,2.856612880041067,10.347110034576472,7.490497154535405,0.0,0.0,0,1.5398516897324037,0
p2146,4.0,0.7756720308842503,11.029381482654339,0.0,10.735224712596631,9.20473232529402,-1.530492387302612,0.0,0.0,0,11.029381482654339,0
p2147,4.0,0.10347141386486078,20.0,2.1674514822766717,15.449586743207199,11.898404236344696,-14.552281758950706,0.0,2.4176044309087525,0,28.031483026817458,0
p2148,1.0,0.4568445224379321,20.0,1.7890563163274686,12.305728850736184,13.965467904566378,-23.683804310424325,0.0,3.29381989178785,0,24.768367555806474,1
p2149,3.0,0.4344663763563644,16.612170189013636,1.3155731981298067,13.022094993214596,11.006782488922827,-10.36672877629752,0.0,2.326251071782073,0,16.612170189013636,1
p2150,4.0,0.7114622581713623,5.893108271182831,1.5088971298573963,5.7608864369080255,8.38526187084248,-2.6610819048081664,2.1208393172332753,0.0,1,5.893108271182831,1
p2151,2.0,0.7437813127219974,7.168029137535411,0.0,3.466837044963154,11.838687489874772,8.371850444911619,0.0,0.0,1,7.168029137535411,0
p2152,2.0,0.7203604043916576,5.753265721361729,1.4217105240744257,4.433627080221439,10.752901045776802,-0.3898765751717628,0.0,5.08408160504439,0,5.753265721361729,1
p2153,1.0,0.3278105477973307,0.33108810257414417,1.0046088595229934,12.202445247392925,10.783838208826493,-33.452125891697506,3.064601997322228,0.0,1,0.33108810257414417,1
p2154,4.0,0.4962227395631073,14.0105529340275,1.2562009614329195,15.992579283197546,11.523024359070213,0.4727551024378469,0.0,2.4935642397663993,0,14.0105529340275,1
p2155,2.0,0.15068136420372175,20.0,1.3851282679340964,10.681300865486199,11.27644900396369,-14.602438547568266,0.0,1.6308699816005685,0,23.485238038535524,1
p2156,0.0,0.6233972691407531,6.918109498560517,0.0,8.852089050713891,8.064995592682822,-0.7870934580310696,0.0,0.0,1,6.918109498560517,0
p2157,3.0,0.39512613426365717,8.775183840635195,1.140276974559905,9.607536889934556,9.42352267567661,-2.0550264840194084,2.8858556184467123,0.0,1,8.775183840635195,1
p2158,4.0,0.21355688941220405,15.748619345681213,1.102992237627571,13.765690308986033,12.051177061250462,17.38227239110795,5.164863754400324,0.0,1,15.748619345681213,1
p2160,0.0,0.3049773950947685,20.0,1.198277463530237,14.967385296213742,11.183911134734775,30.85555408664575,3.929069769770592,0.0,1,29.892740421159495,0
p2161,0.0,0.39773506574543005,6.976826117774462,1.1204137702892747,9.898524581666992,12.834640359275987,8.371449972567353,0.0,1.8603337278402625,0,6.976826117774462,1
p2165,0.0,0.5901127568906723,12.038506565387854,0.0,4.609125963798133,9.154175129546315,4.545049165748182,0.0,0.0,1,12.038506565387854,0
p2167,0.0,0.6062667236898799,5.897640491583527,1.1830956572891786,4.731295089900909,8.607804566144138,-1.4122243794416285,1.95144415990471,0.0,1,5.897640491583527,1
p2168,1.0,0.6287970452933538,1.7948145682292198,1.0885815146111975,10.395923770050002,7.650115686897685,22.477613130328493,0.0,2.9325777201086134,0,1.7948145682292198,1
p2170,0.0,0.236416874844058,1.5801603864939064,1.0303727966173075,14.662846186214361,10.873759286011245,13.864581849968065,0.0,1.3493917854809596,0,1.5801603864939064,1
p2171,3.0,0.5356202610920442,4.538344476391903,0.0,5.9047051241988,12.256330184035527,6.351625059836727,0.0,0.0,1,4.538344476391903,0
p2172,1.0,0.6759484393272835,2.5874979083771676,0.0,2.4617131104592582,10.449718572103878,7.98800546164462,0.0,0.0,0,2.5874979083771676,0
p2174,1.0,0.69935495487839,16.175056930658098,1.67829310594302,0.938284345950581,8.95934185429599,25.337135392162565,2.3997729539713584,0.0,1,16.175056930658098,1
p2175,3.0,0.5973882896798463,3.4700074537562866,1.0995471788435727,9.616654338464775,7.904300275783318,15.074361445554814,0.0,2.7310362581585648,0,3.4700074537562866,1
p2176,0.0,0.17338022647892773,20.0,1.9213414050210564,12.39417226438204,11.609459439987496,-18.46320566476428,0.0,2.3243351617841226,0,30.555678404236243,0
p2177,2.0,0.4405801308403893,13.903817605011291,1.645627571766112,9.97692656111474,10.794649065009228,12.430895946227434,3.735137961458094,0.0,1,13.903817605011291,1
p2178,1.0,0.6715005352448234,8.621794718779574,0.0,5.518234298898103,6.258835257157213,0.74060095825911,0.0,0.0,1,8.621794718779574,0
p2179,1.0,0.4252819373454313,6.7666129426137145,1.442508532437925,4.4059294556910364,11.589739217964658,1.2586330651249584,0.0,2.5099411801590397,0,6.7666129426137145,1
p2181,3.0,0.23218257374307025,11.060689864108715,1.1568097803447752,14.71263062690702,9.2841687240221,0.07362836906885395,0.0,1.5066208981269975,0,11.060689864108715,1
p2182,0.0,0.2105814691159598,1.7669320606373666,1.0804709828877914,12.810685129752962,10.529847362980888,12.834660877520811,0.0,1.3686921963661183,0,1.7669320606373666,1
p2183,0.0,0.4167371730806484,20.0,1.8941056254257447,9.671248888030231,7.67459153923537,-35.538561070201496,0.0,3.2474307259215145,0,29.243178004261765,1
p2184,1.0,0.6084749102303144,3.5577852144801074,1.1433563302310938,10.052676202383946,8.86687132207376,17.780986569885414,0.0,2.920263247761906,0,3.5577852144801074,1
p2185,4.0,0.26955538826839226,6.439880836782136,1.159112629297344,12.754656358041604,10.557689905832321,7.823692116984237,0.0,1.5868590317197722,0,6.439880836782136,1
p2186,3.0,0.23585749300445877,10.351963205923793,0.0,13.562775653472219,10.874185740507135,-2.6885899129650834,0.0,0.0,0,10.351963205923793,0
p2187,3.0,0.7548707042555617,1.3497687152465492,1.0195175869887143,8.198892972268437,9.293372443306946,-9.634038219700876,1.35058571122341,0.0,1,1.3497687152465492,1
p2190,4.0,0.43730529779514055,20.0,1.9619463701008402,10.641166557098437,10.740732432121305,-32.5318579321169,0.0,3.4866977819644682,0,26.723843165788203,0
p2191,3.0,0.5820551396397088,5.525767771253374,0.0,7.858832742781105,13.745211843705118,5.886379100924013,0.0,0.0,1,5.525767771253374,0
p2193,4.0,0.6413738552049305,1.988523450754185,1.251252515577867,7.944346420508365,7.040798585736134,19.87641642996315,0.0,3.4890164416006897,0,1.988523450754185,1
p2194,4.0,0.12166850531812305,20.0,1.2565269527969387,12.366561786945066,9.59297109457238,-13.69386500257218,0.0,1.430583965626828,0,20.23511181589641,0
p2195,3.0,0.5699156444222369,18.101165363765315,0.0,3.326026326789154,9.715283518044028,6.389257191254874,0.0,0.0,1,18.101165363765315,0
p2196,4.0,0.3023005650854385,6.508792005343481,1.0603394397205161,12.095079883264804,11.087983921413283,-17.068917709640424,3.5075668463300254,0.0,1,6.508792005343481,1
p2197,4.0,0.6124887429423587,1.5551737049935208,0.0,1.213732236011637,10.999540321820804,9.785808085809167,0.0,0.0,0,1.5551737049935208,0
p2198,0.0,0.5782576089001998,1.3117092351673456,1.094090096285083,6.811915272180941,10.990368513533106,-14.134017012031553,1.8920461736179413,0.0,1,1.3117092351673456,1
p2199,1.0,0.5006708205809469,3.4135843213197625,1.0935918794643211,7.835723927450439,10.283901325272808,12.133203153274,0.0,2.190122116910263,0,3.4135843213197625,1
p2200,0.0,0.7262205815819643,4.504757898141618,1.211978696951188,8.029856540272073,8.180724483136835,-5.983897863432866,1.668885084902264,0.0,1,4.504757898141618,1
p2201,1.0,0.664776404280016,8.79899082486977,0.0,9.093410153185655,10.897760151984786,1.8043499987991307,0.0,0.0,0,8.79899082486977,0
p2202,2.0,0.48411996099519244,1.1525115011123057,1.0334225056813064,9.16034345568927,12.655916615522152,-21.06007150468991,2.1346413883801185,0.0,1,1.1525115011123057,1
p2203,1.0,0.350899582687498,6.4044684124111395,1.1259618833708909,10.44441518478984,11.634889010486551,-15.59282976881257,3.2087866128174998,0.0,1,6.4044684124111395,1
p2204,3.0,0.3590760977069952,18.4571061173271,0.0,10.543370084239584,11.657583657818167,1.1142135735785832,0.0,0.0,0,18.4571061173271,0
p2205,0.0,0.7375857653800809,7.135041518076212,1.225469455879831,7.142103832562841,7.5123869749714105,-0.25666134790679795,1.6614602848908582,0.0,1,7.135041518076212,1
p2206,0.0,0.49609167385124747,3.109020762803666,1.042823394557812,11.483865957004753,9.709075746576035,-15.648620603537623,2.102078001959173,0.0,1,3.109020762803666,1
p2208,4.0,0.507002398996037,1.7155350197800825,0.0,13.60355159943643,9.65227495528246,-3.951276644153971,0.0,0.0,1,1.7155350197800825,0
p2209,2.0,0.49917759350304597,0.9689253054401475,1.0436493646071467,9.773753883524597,11.9420733342904,20.5164477129716,0.0,2.0838711508677163,0,0.9689253054401475,1
p2210,2.0,0.17999866368849934,8.154006387007486,1.1559833603078142,8.61805071815196,7.482525412899603,-0.481346462494467,0.0,1.4097335078837985,0,8.154006387007486,1
p2211,2.0,0.09757629147093866,18.239017775236146,1.3034083341279752,12.730134180287331,8.709385621275825,-11.977459715349585,0.0,1.4443418560584067,0,18.239017775236146,1
p2212,1.0,0.6252996419230262,2.17952063330023,1.0342456317959705,9.332644463648723,4.389163982708974,-8.598230665866819,1.6540000384700126,0.0,1,2.17952063330023,1
p2213,2.0,0.668977677282692,2.071255835693458,1.1226579091096394,10.261926733960468,10.447026635982263,27.963653896117194,0.0,3.3914870148149663,0,2.071255835693458,1
p2214,1.0,0.4348801379629882,4.684516442769573,0.0,5.426355208266194,9.047440784751366,3.6210855764851724,0.0,0.0,0,4.684516442769573,0
p2215,4.0,0.3466977364958774,20.0,1.7471749806013772,10.355324924118134,16.245051256596437,-19.903747729936534,0.0,2.6743746014747307,0,24.853481558388495,0
p2216,0.0,0.8944248890325217,0.1729637501313045,0.0,5.0047085817947545,8.289700799327354,3.2849922175326,0.0,0.0,0,0.1729637501313045,0
p2217,3.0,0.6257295982063709,3.493331012630433,1.098315873898706,12.235052119685827,11.656933113298281,-14.907333735973005,1.7552563871790388,0.0,1,3.493331012630433,1
p2218,2.0,0.16652470544542722,7.055163127388414,0.0,14.433484964602862,10.321261644522297,-4.112223320080565,0.0,0.0,0,7.055163127388414,0
p2219,3.0,0.4486937310897601,20.0,2.2497928071299973,11.37022039306797,12.458702193423568,-34.12827008815571,0.0,4.080840240719798,0,22.4146067476493,0
p2221,4.0,0.28366838639147496,9.869857572718836,0.0,10.507962023740667,12.933254950402622,2.425292926661955,0.0,0.0,0,9.869857572718836,0
p2222,4.0,0.44948955527037104,15.437796335217756,1.2323083138860151,10.990408809189375,9.439277306728124,14.894244776337667,2.7415727449879745,0.0,1,15.437796335217756,1
p2223,1.0,0.6306531243808184,10.116755739407077,1.3791615738542553,6.054519693106679,11.38555962941669,2.556320360352762,2.186878206951452,0.0,1,10.116755739407077,1
p2224,1.0,0.38118545775953944,10.005402074437427,0.0,12.464084459408884,13.057757194640526,0.5936727352316424,0.0,0.0,0,10.005402074437427,0
p2225,0.0,0.17298729332536486,20.0,1.290585059339174,13.178337828145741,6.988977381108114,90.88037846773247,7.460577216569105,0.0,1,32.81222936788457,0
p2226,3.0,0.43987745193186595,20.0,2.4364574734373328,9.974610245442058,8.139463112753429,-45.444239242730774,0.0,4.34986501050652,0,27.018438639524465,0
p2227,2.0,0.715437372427734,2.5111660442024166,1.2652201271896402,7.239460334414575,8.71249113403523,22.495935860240515,0.0,4.446192172119761,0,2.5111660442024166,1
p2228,3.0,0.17289940925698308,16.55289083387024,1.442531202332166,13.329088150458434,14.041250583481126,-4.910413603110986,0.0,1.7440819393397888,0,16.55289083387024,1
p2230,0.0,0.4731590547699996,11.151739296950456,1.184967511722602,9.876718543184559,5.242613924854573,10.164558786797183,2.5043745856213384,0.0,1,11.151739296950456,1
p2231,4.0,0.5091111634393908,20.0,1.5964937533929722,10.591068014561957,9.49355704111106,31.84906682486256,3.1358451121118134,0.0,1,32.54754685727685,0
p2232,1.0,0.6015990028906444,20.0,1.7216977935582118,4.677232334817068,9.639526797083867,34.61261596873731,2.861869426786888,0.0,1,25.178299508593337,1
p2233,1.0,0.49808907857365803,18.812949884547283,0.0,6.929334887105049,12.242196566515684,5.312861679410635,0.0,0.0,1,18.812949884547283,0
p2234,2.0,0.45247600910172403,1.2833902212649426,1.0210984424820513,10.855330852883402,8.217441365086643,-18.285898842156683,2.256690790102181,0.0,1,1.2833902212649426,1
p2235,2.0,0.21783929640838484,10.348557825596371,1.1384469337918255,11.78042200427636,11.844378742145308,-7.75333226381031,5.226086167931663,0.0,1,10.348557825596371,1
p2236,2.0,0.3313020131302513,10.236559254722993,1.1510810644188842,14.84487341331717,9.933146285853574,3.0209170123555937,0.0,1.7213765960433434,0,10.236559254722993,1
p2238,0.0,0.6236666388011091,1.703812525912432,1.0518977603064446,12.23875757298859,8.936024637760518,26.143726620384506,0.0,2.795122273920648,0,1.703812525912432,1
p2239,4.0,0.26406714850938307,2.7096199038916393,1.1382619496253454,8.130960464984998,13.423566557368085,13.677753819045986,0.0,1.5466926735500652,0,2.7096199038916393,1
p2240,4.0,0.7207414956084037,2.2067767319506535,0.0,10.75464644505147,9.305764667866772,-1.448881777184699,0.0,0.0,0,2.2067767319506535,0
p2242,2.0,0.6042789685153523,18.52141355374063,1.5476848933196858,12.028623457046484,13.35762592328454,14.554543192242825,2.5612092658498096,0.0,1,18.52141355374063,1
p2243,0.0,0.5815301768910554,1.1071993751865599,1.1671530006624278,8.436556999103693,8.925778255540072,20.931511885970842,0.0,2.789097173103855,0,1.1071993751865599,1
p2244,2.0,0.2805201758813721,18.71292869263915,0.0,8.892329237308115,8.9510037708768,0.058674533568686016,0.0,0.0,0,18.71292869263915,0
p2245,4.0,0.7275492419509109,16.08867615181048,0.0,3.018952796297763,9.66185775232173,6.642904956023967,0.0,0.0,1,16.08867615181048,0
p2246,0.0,0.9189773894608247,0.6507860389568697,0.0,8.17310632034856,8.653292076333583,0.48018575598502267,0.0,0.0,1,0.6507860389568697,0
p2247,2.0,0.45700560768561677,9.631030814415915,1.45843684093093,10.89077042088942,11.198881068729563,3.6916642868196377,0.0,2.685915106258636,0,9.631030814415915,1
p2248,1.0,0.615198401738617,8.884234699179558,1.4265895445685166,4.012475185754427,9.262972455651367,4.3722386105944056,2.3189097054492027,0.0,1,8.884234699179558,1
p2250,2.0,0.5418777653681214,4.672179559374344,1.1024777308228066,9.955314203779661,13.346310676698302,-14.256962166960637,2.0345505966162776,0.0,1,4.672179559374344,1
p2251,3.0,0.4194015913299614,3.3339208750765783,1.0820578673117673,8.019549920356614,9.493663421052972,-14.418048141687521,2.580004200462047,0.0,1,3.3339208750765783,1
p2252,3.0,0.6954089227697924,0.9052337009459532,1.0479737898424009,6.977179975536383,11.213302262645074,-11.298026503408359,1.5069892771412157,0.0,1,0.9052337009459532,1
p2255,0.0,0.7030999605359035,0.17076389925407798,1.0229448822223326,3.628995420483957,9.663428277642087,-7.776508672585267,1.4549067552821977,0.0,1,0.17076389925407798,1
p2257,3.0,0.3971228862164062,6.9207110016509965,1.0407377647703513,10.751090663698639,10.858484394792152,-10.212307352859227,2.620694502616041,0.0,1,6.9207110016509965,1
p2259,3.0,0.7507985279705619,5.0861126663150955,1.4404602034472371,7.381974273224287,9.433157883227025,15.321961067466749,0.0,5.780303750682003,0,5.0861126663150955,1
p2261,0.0,0.25698911043597356,3.6906015318491208,1.0901899953124097,10.668721751754696,15.311452975865725,14.88144637173437,0.0,1.467259781282743,0,3.6906015318491208,1
p2262,4.0,0.48490245498679146,5.038545308178629,0.0,13.188780155846255,10.07391466565934,-3.114865490186915,0.0,0.0,1,5.038545308178629,0
p2263,4.0,0.4542404622049344,20.0,2.3100126300322947,2.501460343723748,10.832483189963618,54.951879813541915,5.08544003063759,0.0,1,29.807284383497695,0
p2268,3.0,0.4184568524528267,8.68894716455316,1.4419091038653342,12.153871652911883,10.053769097600705,6.491016065968953,0.0,2.4794533474377674,0,8.68894716455316,1
p2269,0.0,0.38422033248745063,11.401271314221873,1.1082894510997015,12.32492111810804,11.522627855625155,0.8601054625228983,0.0,1.7998149493578643,0,11.401271314221873,1
p2270,4.0,0.48517737133270517,7.768529796356789,1.2475593292018288,10.62214846175153,11.592715570870489,7.885683869261171,0.0,2.4232799021118137,0,7.768529796356789,1
p2271,3.0,0.6129846995871343,15.834567575375699,0.0,4.853266813018398,12.275841418538567,7.422574605520169,0.0,0.0,0,15.834567575375699,0
p2272,3.0,0.5088411275248684,20.0,2.778182200197793,2.7709583769596344,10.641192100316191,58.967662990611174,5.459822427702674,0.0,1,22.53983630321921,0
p2273,0.0,0.7230585016419363,0.8425034185943208,1.0625385741538156,3.8439399985711074,8.496765762784069,-6.595156216396003,1.4695056786428495,0.0,1,0.8425034185943208,1
p2274,1.0,0.801228537860697,6.18807324757243,2.741352490765129,3.7246302574075414,8.013300101469055,-1.9562277671751511,3.421436408249534,0.0,1,6.18807324757243,1
p2275,1.0,0.7082521704833431,9.221326091734946,1.5012782246835419,5.950437419333949,6.955498803578984,5.8079230066540095,2.1196944919476945,0.0,1,9.221326091734946,1
p2276,3.0,0.20046509628624354,12.324682053332815,1.0693760798954641,13.330275027521418,10.474936334275785,7.012083927917988,5.3344751765090574,0.0,1,12.324682053332815,1
p2277,1.0,0.8220181937015453,20.0,1.5732807017882309,4.650953813866665,11.57598143826593,23.047962537800984,1.9139244287328399,0.0,1,20.04345222682647,1
p2278,0.0,0.10972120767855434,20.0,1.2812495729559095,12.267242690763581,8.902849296483371,-14.493033193051915,0.0,1.439155446593295,0,31.887077753551416,0
p2279,2.0,0.6336133523776392,8.178532107839738,0.0,8.032058398079094,5.499845087294245,-2.532213310784849,0.0,0.0,1,8.178532107839738,0
p2280,2.0,0.3664524692976452,0.978260481504637,1.033103226513741,12.434590629536471,8.244839498763014,14.491675386377262,0.0,1.6306641198150298,0,0.978260481504637,1
p2282,3.0,0.30490210685195496,20.0,1.226990945738,8.922673848560335,9.24677042748747,43.59738012275445,4.024212749483442,0.0,1,29.328585896542464,0
p2283,1.0,0.44437732764470617,8.357101047785255,1.2809865353758543,2.677183739315362,11.67958341436568,-0.5751708058093179,2.8826550224003413,0.0,1,8.357101047785255,1
p2284,4.0,0.4990505857441791,0.21123774993661837,1.011352847860699,8.945489432123484,8.713206073713156,17.401054582176247,0.0,2.0188722036198037,0,0.21123774993661837,1
p2285,0.0,0.7900356059649928,10.969469705776287,1.353222429111414,7.787740363033272,7.898125788497179,5.371175502514139,1.7128625835268705,0.0,1,10.969469705776287,1
p2286,0.0,0.32193657377177953,15.156577916681671,1.6937696836765266,12.45040799711634,7.29492735043569,-11.915362379476484,0.0,2.4979516932482992,0,15.156577916681671,1
p2287,2.0,0.47623604680339965,16.636731841239946,2.608929903025246,8.09610912195316,9.535587810373984,40.34116857974382,5.478228539265252,0.0,1,16.636731841239946,1
p2290,2.0,0.289612263328572,2.6063035361437055,1.0660819365991911,11.914132364903821,13.04482351803482,15.098989972298197,0.0,1.5007043077550768,0,2.6063035361437055,1
p2291,1.0,0.5612004938112796,0.003801874576318469,1.0,7.472252127288988,10.925706054085131,20.473642298431667,0.0,2.278945135298116,0,0.003801874576318469,1
p2293,0.0,0.7344259437407007,2.9269379645470512,1.3228117672049462,4.539018718424445,8.852840619428077,12.343519609244915,0.0,4.980952529163424,0,2.9269379645470512,1
p2296,4.0,0.3096328591200944,6.314865069931544,1.1981363416301503,10.419439840530899,12.396514056030078,9.10058851446379,0.0,1.7355060382843088,0,6.314865069931544,1
p2297,2.0,0.39052221024600836,12.78561896563913,1.359728892396162,10.807307275242172,10.576717406814259,-4.644151131560419,0.0,2.23097365524181,0,12.78561896563913,1
p2298,4.0,0.1902875092802736,3.725955540982668,1.0419792862283175,14.479044775030966,6.663822344033372,6.022400642945291,0.0,1.286850947923672,0,3.725955540982668,1
p2302,3.0,0.5655499840967213,8.05765398688849,0.0,7.869824938292713,5.9287151119533785,-1.9411098263393347,0.0,0.0,1,8.05765398688849,0
p2303,1.0,0.27240492424424567,20.0,1.1465360900702941,9.65908995124561,8.011229124635042,48.8121612244773,4.208940397282535,0.0,1,32.869100034038915,0
p2304,1.0,0.23344500335035903,20.0,1.544406902608294,10.878713339508295,9.995992349611987,-19.259716953267336,0.0,2.0147372456749837,0,23.284405506865447,0
p2305,0.0,0.376733253794093,3.4376333416859572,0.0,11.026984788522233,11.67003440045735,0.6430496119351172,0.0,0.0,0,3.4376333416859572,0
p2306,4.0,0.4693495748730347,1.2894862118295791,1.0226720474077786,9.05766323158805,9.822274623631163,-17.82759506208025,2.178913334872893,0.0,1,1.2894862118295791,1
p2307,3.0,0.9013127488136657,16.96699051702556,0.0,6.205277318940987,9.441716342748242,3.2364390238072547,0.0,0.0,1,16.96699051702556,0
p2308,2.0,0.6436480153445457,3.2265992924775193,1.0983857032216098,10.081523065952466,13.888289228324025,24.935735815055565,0.0,3.0823055588805124,0,3.2265992924775193,1
p2309,1.0,0.18656786533585776,20.0,1.1716221403997689,10.410344142548325,9.688207152313506,64.03459260956217,6.279871071530059,0.0,1,20.208688506841664,1
p2310,4.0,0.10844109362001855,9.597593124044066,0.0,12.604582980263972,12.689031199867674,0.08444821960370241,0.0,0.0,0,9.597593124044066,0
p2311,0.0,0.572947966287993,0.6206107737847936,1.0147677694697155,9.389900094559895,9.303313818769086,-15.464819065429147,1.7711342550776088,0.0,1,0.6206107737847936,1
p2312,1.0,0.21655903316906439,18.80742799620007,1.9192775174042036,10.693199555572448,13.746435415379539,-16.82504071305825,0.0,2.4498048974484865,0,18.80742799620007,1
p2313,3.0,0.5702057924356472,14.33175698991863,1.180586018019786,10.534812679872335,7.708206560016704,10.887163769764834,2.070456024266056,0.0,1,14.33175698991863,1
p2314,0.0,0.5974377386002243,5.2235471439099666,0.0,7.601387990728011,9.266620844138812,1.6652328534108012,0.0,0.0,1,5.2235471439099666,0
p2315,0.0,0.696228865634639,1.4302219147175106,1.196607911591654,7.128630820654074,9.17594124104059,24.49434507551857,0.0,3.939175834108164,0,1.4302219147175106,1
p2316,4.0,0.7830426130669889,1.236437684948544,1.0378785517545432,5.558796381100762,8.717837636144433,-6.75712986625829,1.3254432574102495,0.0,1,1.236437684948544,1
p2317,4.0,0.7716026601902607,7.303471101487931,0.0,8.866503804327209,9.458407438139906,0.5919036338126968,0.0,0.0,1,7.303471101487931,0
p2318,3.0,0.6562200465352828,3.4920022543355596,0.0,8.899595400811164,8.765326652638242,-0.13426874817292145,0.0,0.0,1,3.4920022543355596,0
p2319,3.0,0.6678750188426745,6.223072957750798,1.3265027983540714,1.0804119565833252,9.35051228666625,2.058523456496993,1.9861542368401475,0.0,1,6.223072957750798,1
p2320,3.0,0.807428585499679,1.0602056904468566,0.0,1.0862138923336557,8.396065555817678,7.3098516634840225,0.0,0.0,0,1.0602056904468566,0
p2321,1.0,0.2780189172215644,0.3482226472260038,1.009713282852116,10.820217565554515,13.13789738796341,16.963094528158265,0.0,1.39853149471228,0,0.3482226472260038,1
p2322,1.0,0.4681964647766795,0.25871737193910116,1.0158103208336295,11.840207345421529,11.933902307906788,22.21576874816315,0.0,1.9101232946995355,0,0.25871737193910116,1
p2323,1.0,0.6533277087574069,1.793182517785271,1.0778085338128887,3.4100804237012303,15.019346533697915,-10.210216295046767,1.6497211420327187,0.0,1,1.793182517785271,1
p2324,4.0,0.7649162869950381,8.093044720609367,1.0386920766384289,11.29581435086031,8.421732004923602,-3.3204120734029674,1.3579160155144752,0.0,1,8.093044720609367,1
p2327,2.0,0.5406060818310021,1.1687835482504996,1.0582150114906466,7.676384469261843,10.714437826195732,18.02832795798169,0.0,2.303502440146279,0,1.1687835482504996,1
p2328,4.0,0.2056467674230402,0.7886779894561093,1.0202266097813868,7.6255799899184105,9.403366024394975,10.558752817617908,0.0,1.2843487858313003,0,0.7886779894561093,1
p2329,0.0,0.32156325965510446,10.898159073356442,0.0,14.382026250660655,12.029412172280232,-2.352614078380423,0.0,0.0,0,10.898159073356442,0
p2330,4.0,0.6685600086794066,0.5753938965206155,1.0169714670713204,8.77821475616032,9.99398928123209,-13.111200827613928,1.5211371512934555,0.0,1,0.5753938965206155,1
p2331,0.0,0.24866781546192485,2.435646465602599,1.0185151127756118,10.698993394752987,10.975698320201431,-34.70237695387959,4.0958863570004835,0.0,1,2.435646465602599,1
p2332,3.0,0.07088016858970408,13.488173830383966,1.2174532312154143,14.147976565111767,10.325555631814593,-2.9578618697586805,0.0,1.3103296152526007,0,13.488173830383966,1
p2333,3.0,0.3736366455663621,20.0,1.4969562515680852,9.168237054753044,10.584215584542894,-24.471032805750983,0.0,2.3899167168258804,0,22.589803055178123,0
p2336,3.0,0.12892515301638907,11.65676281862359,1.1514921972147352,15.260948287547478,12.839971470635769,2.3434719088803613,0.0,1.3219210739492289,0,11.65676281862359,1
p2337,1.0,0.5730294879213343,9.647249099219607,1.460020162962063,7.518868457395471,9.932286970419057,1.6871713513485296,2.5478970868642192,0.0,1,9.647249099219607,1
p2338,4.0,0.34854394211468825,9.365121937824018,1.3478590623839877,13.82691143936404,9.176580788675736,4.581087710240025,0.0,2.0689945945997743,0,9.365121937824018,1
p2339,2.0,0.7271063302401864,5.362884289122211,1.430494498819756,11.559903591942643,7.925172406506415,28.84972339926262,0.0,5.241948265340127,0,5.362884289122211,1
p2340,0.0,0.6925985027562066,12.786427508109526,0.0,7.281560874402965,12.67911569398677,5.397554819583805,0.0,0.0,0,12.786427508109526,0
p2341,3.0,0.6711864380037306,9.417564189294497,1.197188298560342,9.052446614177995,8.677761635130516,0.9448931753091632,1.7836896438507712,0.0,1,9.417564189294497,1
p2342,0.0,0.540816287498508,4.25497856066711,1.032142208634436,10.896957072740419,13.76390540186328,-15.280738747780424,1.90848950464955,0.0,1,4.25497856066711,1
p2348,1.0,0.7465640881334481,0.5683099545878225,0.0,3.8066816914598043,7.9756000741714255,4.168918382711621,0.0,0.0,0,0.5683099545878225,0
p2349,0.0,0.6989764939941971,3.236918166176583,1.1351652760718225,4.912341846649482,10.416693388827373,-6.15588537964008,1.6240392714568832,0.0,1,3.236918166176583,1
p2350,3.0,0.26189083480847203,6.518588323432543,1.1123503466994091,11.163928636733598,13.697343606427244,9.534067653225017,0.0,1.5070268723878688,0,6.518588323432543,1
p2352,1.0,0.2739350177368955,20.0,1.2971872319400048,3.0479212013274344,9.433831640322314,56.42076468996455,4.735383021333568,0.0,1,22.025357233954583,0
p2356,1.0,0.6272461894331356,20.0,3.0801862093697734,11.891710191643096,8.584479239068193,52.75039078024673,4.910649536433925,0.0,1,33.41693122211092,0
p2357,1.0,0.4965259378199885,10.655167722313063,0.0,12.964401481269311,9.585941002446798,-3.3784604788225128,0.0,0.0,1,10.655167722313063,0
p2358,4.0,0.588906587961111,11.822893232211241,0.0,8.303077325582917,14.098885939352186,5.795808613769269,0.0,0.0,0,11.822893232211241,0
p2360,4.0,0.3831196956439052,12.441989129147252,1.1131815407252417,11.201226483410517,12.038793532206807,2.009080549456848,2.905571165831945,0.0,1,12.441989129147252,1
p2361,1.0,0.1158835585392636,20.0,1.4104730828889254,15.740638366156313,11.444777330022317,-11.091023588365662,0.0,1.5953476451117037,0,21.917818464378787,0
p2362,3.0,0.6598579403279756,5.33368960870665,1.224521544376302,8.671320119761175,9.9239316397064,-7.265661758795712,1.8557351052980677,0.0,1,5.33368960870665,1
p2363,1.0,0.5344894122678666,1.9898898429980405,1.0651398288710783,11.552411090046142,13.187213629075739,23.514911204823928,0.0,2.288110854922137,0,1.9898898429980405,1
p2364,4.0,0.4553934904298701,11.252643992241618,1.292128141035466,10.66427590021295,9.63193742438675,3.5662353042019053,2.8373882547503206,0.0,1,11.252643992241618,1
p2366,2.0,0.12916255241234142,5.558057768996624,1.1364797964181323,13.753681364837188,13.675491062148266,10.61744602016565,0.0,1.3050424043733309,0,5.558057768996624,1
p2367,3.0,0.343359690211178,17.14989804060835,1.3806115122568094,13.915799954071602,7.537164891162503,-13.17845070547348,0.0,2.102538469959024,0,17.14989804060835,1
p2368,3.0,0.516028065185441,20.0,1.224527346840097,13.592336319044454,11.794382940576854,17.67386058837622,2.372985946801262,0.0,1,20.64686355540094,0
p2370,1.0,0.7653929783645902,20.0,6.411065210600599,3.2892942500364617,9.082954314288525,97.2367406471823,8.376174581976278,0.0,1,25.322524937411703,0
p2371,4.0,0.4072232946319327,2.2056983617019488,1.043347389746408,7.399239501766002,5.637205186791382,-10.55390289432503,2.5621014404135054,0.0,1,2.2056983617019488,1
p2372,2.0,0.2130683941472877,4.743023117518316,1.1237720349117073,11.648402325203111,10.40217113399838,-31.093887892227038,5.274231494582335,0.0,1,4.743023117518316,1
p2373,2.0,0.49238776966260717,13.254644677374625,1.4331645920572993,10.804542478876517,13.103489172694138,-4.618537771588823,0.0,2.8233452750039585,0,13.254644677374625,1
p2374,1.0,0.46409557469258184,7.651208934350806,1.343700161850944,8.727334731484847,12.447760705838698,6.418650395530265,0.0,2.507350375172101,0,7.651208934350806,1
p2375,1.0,0.4232025657515497,1.1175083225634053,1.0255152429141672,13.225175173961041,12.821533925973513,21.12314818444694,0.0,1.777946956803618,0,1.1175083225634053,1
p2381,1.0,0.35317391432414846,0.9776798611594266,1.0374279510598878,7.3976187725418425,11.846642959325376,14.745801354955429,0.0,1.6038746334355187,0,0.9776798611594266,1
p2382,4.0,0.7247183232934724,20.0,1.648404005342011,12.644749190271403,7.174096012015614,23.70243493940732,2.2745444020938534,0.0,1,26.349963945739727,1
p2385,2.0,0.6557147636263865,9.604103106397467,1.2020144476455938,9.749942958075366,8.477301119192377,0.7929396355460558,1.8331361657894258,0.0,1,9.604103106397467,1
p2386,2.0,0.8022217803850465,13.374612068269515,0.0,4.535171026316331,11.160842383188648,6.625671356872316,0.0,0.0,1,13.374612068269515,0
p2387,4.0,0.4965472458349829,2.5372553772292803,1.0527033854210814,7.370731024572731,9.839844328354468,-13.012716825516446,2.120046771482699,0.0,1,2.5372553772292803,1
p2388,1.0,0.22741173360682654,1.5116175825391998,0.0,11.972138992816154,11.459562456999443,-0.5125765358167111,0.0,0.0,1,1.5116175825391998,0
p2390,1.0,0.7411675774688659,2.6829169662167534,0.0,5.619239886898861,6.018014518725059,0.398774631826198,0.0,0.0,1,2.6829169662167534,0
p2392,1.0,0.7160646745944107,0.13136349852551119,0.0,6.774729373584423,9.857433987403375,3.0827046138189527,0.0,0.0,0,0.13136349852551119,0
p2393,0.0,0.3632054036532885,18.228035076065403,0.0,11.188755749153371,8.666097678577218,-2.5226580705761528,0.0,0.0,1,18.228035076065403,0
p2394,2.0,0.4283449158002437,20.0,1.2542797436822468,12.460425028590112,10.299062163213767,26.244926959891437,2.928200376416218,0.0,1,25.629047816745654,1
p2396,3.0,0.5034756349140214,0.4163800672355196,0.0,8.946636936441504,14.645576404907288,5.698939468465785,0.0,0.0,0,0.4163800672355196,0
p2397,4.0,0.629921266801936,4.549719920277581,1.1628723125284868,8.968043508737246,8.688049281078353,-7.919597599411792,1.8460597757435686,0.0,1,4.549719920277581,1
p2399,3.0,0.4412340618555954,5.385722985053816,0.0,8.889655134993198,11.516490581397766,2.6268354464045682,0.0,0.0,1,5.385722985053816,0
p2400,4.0,0.5638555131193379,18.377815755210573,2.0667726202060974,4.469226598196761,10.609416889643958,34.61470850511429,3.6654294799254235,0.0,1,18.377815755210573,1
p2401,4.0,0.5928886379697154,20.0,2.0338875937440144,9.930377433646312,12.058611819908945,29.37094045650038,3.43047153122861,0.0,1,22.31131536933579,1
p2402,1.0,0.2085629270215138,1.5530931457401402,0.0,14.050062254060517,8.349553759994766,-5.700508494065751,0.0,0.0,0,1.5530931457401402,0
p2403,1.0,0.5690299409447149,7.6951394667750055,1.2641459052116608,7.12716309107443,11.944323487342647,-4.622744595678932,2.221580648485562,0.0,1,7.6951394667750055,1
p2404,1.0,0.25227256704287904,0.40617404101390314,0.0,7.565740116679173,8.57281396439944,1.0070738477202674,0.0,0.0,0,0.40617404101390314,0
p2405,0.0,0.2274749674735346,20.0,1.1933222637590912,13.558268084122355,12.100488959276557,39.98265936561259,5.245949815985477,0.0,1,33.11379446018762,0
p2406,1.0,0.6611992595963048,15.780100201822657,1.5244113639775976,9.248644379827423,9.57263196823279,14.635460233719295,2.3055249107634013,0.0,1,15.780100201822657,1
p2409,3.0,0.6619285116660831,12.943181516759152,1.7477988626207925,9.348287121989328,7.506733025128694,-20.426831327381247,0.0,5.169909095955683,0,12.943181516759152,1
p2410,3.0,0.3239823181420601,4.587628655050672,1.4188425278965906,8.028953692470635,9.635043971872621,8.82882785926433,0.0,2.0988245810332957,0,4.587628655050672,1
p2411,1.0,0.28743150805442497,20.0,1.768425137782842,11.993664332562755,10.038962143294537,-21.824518797584943,0.0,2.4817616240010674,0,36.14254240271012,0
p2412,3.0,0.7867843835932166,1.3951691204381143,1.0373746613864716,5.083962942649401,10.820732352314074,-6.690829142036429,1.3184993030095717,0.0,1,1.3951691204381143,1
p2413,2.0,0.5498400951116592,1.9065696997634176,1.1493201754635254,5.32797321785757,10.95163942617078,14.358980146863274,0.0,2.5531375917377774,0,1.9065696997634176,1
p2415,1.0,0.39743821601501345,0.10004873936487127,0.0,8.294846188652311,7.5701860528273235,-0.7246601358249878,0.0,0.0,0,0.10004873936487127,0
p2416,2.0,0.4841980957001227,2.330506753242553,1.071194782251441,13.44812178445392,8.520655844884281,18.161109564389854,0.0,2.076756160304264,0,2.330506753242553,1
p2417,1.0,0.5451909270528075,13.616234846158113,1.4713533903970573,4.504674012928941,10.637970637171883,14.170993005359808,2.69878553986747,0.0,1,13.616234846158113,1
p2419,2.0,0.5610771368023134,2.901315488794612,1.110334862664078,3.6652952993369663,12.60435865293086,-10.262622818250172,1.9789344277902503,0.0,1,2.901315488794612,1
p2420,3.0,0.18438650595709669,9.562426523835963,1.0555324939400663,14.309225678705811,7.867353775759929,3.2616818137390755,5.7245647584735355,0.0,1,9.562426523835963,1
p2421,0.0,0.5055740102459495,0.5275226451544165,1.0702074358988516,6.458782659505472,10.966823595946114,17.346521726590137,0.0,2.164545266787493,0,0.5275226451544165,1
p2423,2.0,0.3780769709675091,5.388879666662581,1.0709023970732072,11.035517698788137,11.343455279237364,-16.558388027116006,2.832498351678864,0.0,1,5.388879666662581,1
p2424,2.0,0.5030772559696403,1.105457537562724,1.0416410641771072,11.342191930661016,7.911634175026668,18.027512004750456,0.0,2.0961831123460666,0,1.105457537562724,1
p2425,2.0,0.5700357315203318,10.66103381111324,1.126324532211898,13.255638363113045,10.758925655256672,-2.6901356451661855,1.9758840892445435,0.0,1,10.66103381111324,1
p2426,0.0,0.40748312031315775,0.37753239537005767,1.0057660925850165,11.066507881687736,10.30812249400904,-25.269464013207404,2.4682398912918604,0.0,1,0.37753239537005767,1
p2427,4.0,0.15816274395360064,2.9476412886500767,1.0442188070040836,12.873563134722366,11.984009623191596,11.422605630960428,0.0,1.2404046025572069,0,2.9476412886500767,1
p2428,1.0,0.8177470750690631,16.06144698449523,0.0,8.363460661132935,11.659430767410845,3.2959701062779097,0.0,0.0,0,16.06144698449523,0
p2429,4.0,0.4987882864539701,4.742488515938971,1.2969857584089381,5.669697772651922,9.852599032510359,6.582241036883007,0.0,2.5877004135295945,0,4.742488515938971,1
p2430,2.0,0.7168572422668469,3.6928529040450786,1.1571198446164006,4.371279735798058,8.219661165253106,6.620909169265526,0.0,4.086701188758372,0,3.6928529040450786,1
p2434,2.0,0.46870597347061593,5.356581436746117,0.0,9.549639652918499,9.88917698300518,0.3395373300866815,0.0,0.0,0,5.356581436746117,0
p2436,4.0,0.334418066178407,4.039809260917263,1.0881014215113511,10.858617126014968,12.80130756543067,13.090160275960848,0.0,1.6348121338927646,0,4.039809260917263,1
p2437,0.0,0.17570084828474813,10.037608712352505,1.1403572884812836,12.25234612231767,10.080124906350502,0.8917052023368321,0.0,1.3834264976596893,0,10.037608712352505,1
p2438,2.0,0.4753236830597253,20.0,1.2423408613683502,11.78868208917087,10.452213559052966,23.61832681029597,2.6136733885659296,0.0,1,30.648451590779587,0
p2439,3.0,0.6654519275894344,20.0,1.760901352620498,2.8872489117685265,9.467568709902197,34.45096189289728,2.6461736447278366,0.0,1,24.879138963497763,1
p2440,0.0,0.5383305232117468,16.519818055884823,1.7084306155956765,5.526407773177626,11.739142472218209,21.384552343038806,3.1735718892604625,0.0,1,16.519818055884823,1
p2441,3.0,0.5250236261597064,1.5944063447836998,0.0,1.386402244038085,13.416396574769895,12.02999433073181,0.0,0.0,0,1.5944063447836998,0
p2442,2.0,0.2835316312912265,7.909439608815451,1.072130596222712,11.51215900046168,8.282111746969163,-4.639248758999091,3.7813438710176372,0.0,1,7.909439608815451,1
p2444,3.0,0.2154456350880212,20.0,1.6332296350220141,14.890229772435475,10.715147146598802,-14.812239892494489,0.0,2.081729078398857,0,30.64515273867245,0
p2445,4.0,0.4084700164693087,6.912277197205247,0.0,9.505613414521553,14.357555507974908,4.851942093453355,0.0,0.0,0,6.912277197205247,0
p2447,0.0,0.34929885129616195,20.0,1.3403198935343548,9.17575878734885,9.692472949551425,-21.779152163882475,0.0,2.0598087097344155,0,31.171877387328053,0
p2448,2.0,0.695377375826752,1.2642709665042888,1.0282376898501837,6.674071234308406,11.185478263800212,-10.158841998624311,1.478675788995415,0.0,1,1.2642709665042888,1
p2451,4.0,0.31271463699503904,2.2234130324680037,1.0643583153126075,13.287398208938228,13.29389368298987,17.140636919439167,0.0,1.54864103413901,0,2.2234130324680037,1
p2452,4.0,0.5093055911464607,3.6464268137684126,0.0,9.410167393635456,8.615569969643945,-0.7945974239915117,0.0,0.0,1,3.6464268137684126,0
p2453,1.0,0.5107186491207628,15.95590411149265,0.0,11.800934146649368,10.742834724015355,-1.0580994226340135,0.0,0.0,0,15.95590411149265,0
p2454,3.0,0.356956666832826,11.245432487298528,1.1930070271317033,11.67692988363857,8.620584333614843,-2.2558094127664337,0.0,1.8552513735828646,0,11.245432487298528,1
p2455,0.0,0.6236529480615168,11.260616636377481,0.0,6.165252587164853,10.799921854787712,4.634669267622859,0.0,0.0,0,11.260616636377481,0
p2456,2.0,0.33284569851454204,18.514605154338966,0.0,9.865002282009712,8.370612683649863,-1.4943895983598487,0.0,0.0,1,18.514605154338966,0
p2457,1.0,0.5291166368849761,6.018366681926896,1.1919344103354577,6.971997605865619,6.635601195644842,-1.7268328562912236,2.2526874553645353,0.0,1,6.018366681926896,1
p2458,4.0,0.19230925121355896,17.20124239285139,1.0682590428514995,13.364542445088881,7.539453028864728,47.84520357838285,5.554901993067408,0.0,1,17.20124239285139,1
p2459,3.0,0.4543528926630472,1.16766486332078,1.0490231005942208,11.954628326737184,8.998140252233245,17.781776100700114,0.0,1.9225303066555408,0,1.16766486332078,1
p2460,0.0,0.724868048824001,9.270800030810914,1.2455870677179037,9.405135522646109,12.14953260584133,-2.2023129734743643,1.7183638728989337,0.0,1,9.270800030810914,1
p2461,1.0,0.5120666880848681,10.78749075923133,0.0,10.822716115307278,10.314733315178117,-0.5079828001291613,0.0,0.0,0,10.78749075923133,0
p2462,3.0,0.8366053258267137,3.563986805920924,1.114745044685652,6.2013717652075515,7.969874384339858,-4.102176414175547,1.3324622857069277,0.0,1,3.563986805920924,1
p2463,4.0,0.2164236220804707,3.4276006297512875,1.0747695954169953,9.408658125416066,12.330577580953996,11.125661842271265,0.0,1.3716207196937356,0,3.4276006297512875,1
p2464,3.0,0.7295261671751898,11.879073910715448,0.0,7.532174772859109,11.890976505419527,4.358801732560418,0.0,0.0,0,11.879073910715448,0
p2466,4.0,0.7667663897420844,1.5362119302743376,0.0,7.120590106398153,8.25243300399077,1.131842897592617,0.0,0.0,0,1.5362119302743376,0
p2470,2.0,0.7749565306517218,0.4255839924385427,1.045338264239737,8.964838292766837,8.357232249803076,39.05766082328927,0.0,4.645050430776852,0,0.4255839924385427,1
p2471,3.0,0.48375212833915304,3.6680816076836558,1.0343016657301027,10.751156934248971,9.603620513380134,-13.838204673316547,2.1380818918174676,0.0,1,3.6680816076836558,1
p2473,4.0,0.32477788168466926,20.0,2.068765646198336,11.668260604890953,16.115881076834924,-21.07941095392743,0.0,3.0638297977558495,0,29.499159364191527,1
p2474,1.0,0.7238366037284155,12.150338149518303,1.589085532019815,3.0995394104548315,12.783414350845185,8.294041617492983,2.195364981315648,0.0,1,12.150338149518303,1
p2475,1.0,0.3076309568519591,3.833382737649297,1.034119783654127,13.124191239698456,11.886944806920036,-28.30977499084282,3.361559559013351,0.0,1,3.833382737649297,1
p2476,0.0,0.2670256764452017,3.5061249880255123,1.0567553821536213,13.243200311013835,9.318968743373057,-26.928588324104933,3.957504747190429,0.0,1,3.5061249880255123,1
p2477,3.0,0.16918291519664247,9.913573520813001,1.0499261699816456,12.288390496400702,12.48440674756972,-15.758225229378564,6.205864042248646,0.0,1,9.913573520813001,1
p2478,2.0,0.7215779303529005,4.77626010902062,0.0,5.328995884288944,8.418398160613114,3.0894022763241695,0.0,0.0,1,4.77626010902062,0
p2479,2.0,0.6887858186033247,5.1161453236914065,1.1665407490615818,7.42067429337987,11.310676088628906,-6.601173202035271,1.693618999628967,0.0,1,5.1161453236914065,1
p2480,2.0,0.48591444338418516,0.8517152508033695,1.0190587639817148,10.787286043941812,7.082494995638252,-16.771969420677078,2.097197928269859,0.0,1,0.8517152508033695,1
p2481,3.0,0.8073268509491153,4.487721357525156,0.0,5.3147988963918,10.216816596743664,4.902017700351864,0.0,0.0,0,4.487721357525156,0
p2482,4.0,0.7927751173906095,7.8281462584567265,1.2590768662844134,8.216851103543505,10.276624768037907,4.421503935969296,0.0,6.075896149294561,0,7.8281462584567265,1
p2483,1.0,0.4861886913875986,0.9899625097243616,1.0098715188683032,12.18526097768215,10.643579580769298,-21.593387877961206,2.0771184866231596,0.0,1,0.9899625097243616,1
p2484,3.0,0.3693471431687389,6.12024651086789,1.1071444680538718,10.542225031117372,11.205110212806948,8.425902511296606,0.0,1.7555529259262548,0,6.12024651086789,1
p2486,1.0,0.7258301704111617,4.162306283105245,0.0,5.216794322652286,9.26828333782232,4.051489015170033,0.0,0.0,0,4.162306283105245,0
p2487,4.0,0.22930030523278158,0.9642160164646731,1.0400780794922542,13.066211224529512,10.993145394357315,14.258872562291177,0.0,1.3495244471407226,0,0.9642160164646731,1
p2488,3.0,0.5418437947374991,20.0,1.3689822870986859,10.295427480270583,13.408070408996496,19.767322627064715,2.526525726407739,0.0,1,23.24766468431757,0
p2489,0.0,0.579264265314126,13.074314719871008,0.0,3.0910725615989674,9.911325697473048,6.820253135874081,0.0,0.0,1,13.074314719871008,0
p2493,0.0,0.33096470523319726,6.180635569858784,1.1866409612363906,9.712465494193852,11.523178615440576,-17.344442443117888,3.585400323579172,0.0,1,6.180635569858784,1
p2494,2.0,0.7251517779719417,15.538461675719544,1.355397926253321,11.007470645126423,9.60761354353994,9.685628038864563,1.8691230821277325,0.0,1,15.538461675719544,1
p2495,2.0,0.7339687553320179,2.091772278801877,1.1067141657435031,8.530286893624517,5.0396132714987125,23.294132574093087,0.0,4.160090921368006,0,2.091772278801877,1
p2496,1.0,0.6523335518343601,3.937872997856977,1.3114273746623177,5.312289253650738,10.325735865373268,-7.828477901424279,2.0103632121551738,0.0,1,3.937872997856977,1
p2497,3.0,0.06829307261363833,1.72643335381692,1.0473218069654493,11.405665044567142,8.303236153050179,7.777892083267442,0.0,1.1240893205585711,0,1.72643335381692,1
p2498,4.0,0.721267895062529,12.106640040711358,1.120943050714516,10.280844717859333,9.14654097689303,3.46607081851141,1.5541285816102184,0.0,1,12.106640040711358,1
p2499,0.0,0.375139095209137,19.48887989955823,1.7450193206694893,12.545758098900462,11.108815858009415,-20.826668170319216,0.0,2.7926524243880104,0,19.48887989955823,1
p2500,2.0,0.5802733072157528,3.6776362250968844,1.0417807074278274,15.094726604808107,13.159425738373614,-18.95821966002712,1.7953276403949432,0.0,1,3.6776362250968844,1
p2501,4.0,0.4240005744065671,0.42996160540750167,1.0448532150697099,5.848173119435252,11.831671566436212,15.812042485090988,0.0,1.8139830851276157,0,0.42996160540750167,1
p2502,1.0,0.5887770638903467,20.0,1.497425381535242,10.21986783303803,10.886541155509967,-34.94665671239022,0.0,3.6413955790052306,0,26.590121607218407,0
p2503,1.0,0.5123378511558567,8.0411433622851,2.076251340037479,5.164219268565816,12.798307638784147,-4.614591415425259,0.0,4.257560987578408,0,8.0411433622851,1
p2504,2.0,0.40862212808121023,14.88809296514197,1.2157807391276276,14.889798829396195,9.53838760604047,10.565662984409213,2.9753179174036344,0.0,1,14.88809296514197,1
p2508,3.0,0.8980265707726267,4.828681152610719,0.0,6.938130571154053,9.527001499076068,2.588870927922015,0.0,0.0,0,4.828681152610719,0
p2510,0.0,0.6221878376665455,2.7596237978385187,1.0240791698607912,10.714670067341377,8.99199673511156,-11.980738368991327,1.6459324786892326,0.0,1,2.7596237978385187,1
p2512,3.0,0.22425597510744727,0.019682204138670775,1.0008194986820738,9.97315816784109,8.335783530534716,11.204016987355512,0.0,1.2901414210965996,0,0.019682204138670775,1
p2513,1.0,0.5190645789046442,19.27191652936874,0.0,10.210848605192021,11.616253504322332,1.4054048991303105,0.0,0.0,0,19.27191652936874,0
p2514,3.0,0.1860131543753933,3.048924682779417,1.0780705134206277,13.20683871610869,10.936198179695442,11.182829450304732,0.0,1.3244323531953128,0,3.048924682779417,1
p2515,0.0,0.22757002983780855,15.28806193305322,1.3865259630358358,15.0868798231477,10.530397044062843,-4.917608356104816,0.0,1.7950183402965307,0,15.28806193305322,1
p2516,1.0,0.585931116513315,2.056656920305399,0.0,1.2144286589017776,9.162592243491128,7.94816358458935,0.0,0.0,0,2.056656920305399,0
p2518,0.0,0.3379676904542932,0.23972302539276258,1.0034960183876276,11.668286780900228,11.529676775660265,17.18459017574623,0.0,1.5157810335212138,0,0.23972302539276258,1
p2519,1.0,0.7442605512084075,4.092905262240129,1.1996927004928537,10.322427696403018,11.32465831174893,30.225381862191742,0.0,4.691074084039763,0,4.092905262240129,1
p2520,0.0,0.5172838745225372,13.460847849162334,1.1676029018357645,10.809406778390168,9.89029266336307,7.140272232463467,2.2571801661389195,0.0,1,13.460847849162334,1
p2521,2.0,0.8577157333096576,4.506439034929896,0.0,4.313164686575658,6.806088739010258,2.4929240524346,0.0,0.0,0,4.506439034929896,0
p2523,3.0,0.4383701288111742,3.260210378203707,1.0581729154449373,11.562276758218543,10.383910678325757,-18.374124230154724,2.4138800659493387,0.0,1,3.260210378203707,1
p2524,0.0,0.7847245530034604,2.511707081165034,1.0910015824192352,4.092435656902352,6.999524841940701,-3.3323183368438043,1.3902987720258373,0.0,1,2.511707081165034,1
p2525,0.0,0.36553725175431234,2.9091875313261246,1.128350174684848,9.801279177899948,11.1840402587052,13.639891755314343,0.0,1.7784340811257664,0,2.9091875313261246,1
p2526,0.0,0.8561621903891111,1.4733294662132361,0.0,4.309011238118988,7.286798434835081,2.9777871967160934,0.0,0.0,0,1.4733294662132361,0
p2527,3.0,0.5994869332389992,5.560147647699982,1.1237464631025433,7.851388590903569,9.246943218030108,-5.515394140273687,1.8745136896162107,0.0,1,5.560147647699982,1
p2528,3.0,0.5981119883991258,2.392803044391384,1.148930541334159,9.002566787254038,12.084497186202611,21.978138337393005,0.0,2.858832580642373,0,2.392803044391384,1
p2529,2.0,0.43089375321472706,20.0,1.8631788992122837,7.499967782967651,7.942085280985332,52.58038152565572,4.323986795612251,0.0,1,27.420811946622784,0
p2531,2.0,0.2949187840050331,20.0,1.3970555442682897,10.987910725055253,9.753040140471589,-19.091521707015815,0.0,1.9814108113727744,0,21.22776480139551,1
p2532,4.0,0.11859124390500499,4.331745753728149,1.0546352559782297,10.120688443385466,11.150963100507495,7.956939513957248,0.0,1.1965336725842157,0,4.331745753728149,1
p2536,4.0,0.596990453122818,1.9792996246219405,1.0279799243279804,11.503170783538906,10.20860121776191,-15.464908110952662,1.7219369572003784,0.0,1,1.9792996246219405,1
p2537,4.0,0.3134304263976551,13.58462468458149,0.0,11.617076172649734,13.0313586845784,1.4142825119286666,0.0,0.0,0,13.58462468458149,0
p2538,4.0,0.5169430189707174,13.823667164161284,0.0,5.158890418140981,10.351208078283216,5.192317660142235,0.0,0.0,1,13.823667164161284,0
p2539,0.0,0.5423273167993184,2.1552167580625317,1.0201523221935298,10.50688443985599,9.512444358330953,-14.833855115264662,1.881063871564162,0.0,1,2.1552167580625317,1
p2540,0.0,0.22503440885458292,5.309379419832159,1.2369690949084304,12.326360396071365,6.309460751775952,5.1833248641751615,0.0,1.5961600218664695,0,5.309379419832159,1
p2541,2.0,0.63643632415684,19.777416768365043,4.221259309607416,11.023773847124108,8.469826385382639,-104.1906046128482,0.0,11.610783997652318,0,19.777416768365043,1
p2542,3.0,0.5608052313071321,0.15858631224838415,1.0041245757968642,9.439133241126981,12.9517306846178,-19.393591637648925,1.7905050091213266,0.0,1,0.15858631224838415,1
p2543,2.0,0.6445008934483523,4.825783035033335,0.0,10.279839603741367,11.426392106832976,1.146552503091609,0.0,0.0,0,4.825783035033335,0
p2545,0.0,0.6116806484145572,6.051680955827755,1.0935320932702306,8.216920581276,7.244563991735065,-3.1049332644175176,1.7877500229974679,0.0,1,6.051680955827755,1
p2546,3.0,0.6781790525364294,7.631141291300508,0.0,2.8696031010338734,7.2119579080055844,4.342354806971711,0.0,0.0,0,7.631141291300508,0
p2547,4.0,0.6016272956138171,5.795385465359061,0.0,8.820294557877972,7.794605841612967,-1.0256887162650052,0.0,0.0,1,5.795385465359061,0
p2548,0.0,0.19413538405362807,20.0,1.443746108444219,14.926471570388271,10.950792710088475,-13.065154662300381,0.0,1.7915492005425093,0,28.421614052983927,0
p2549,3.0,0.5316302980630163,10.745328996886535,2.288509660377275,4.543278085310537,13.46045129425753,-21.386779772202498,0.0,4.8861180621055205,0,10.745328996886535,1
p2550,4.0,0.6069064023513655,0.7486475105316756,1.036712025045739,3.466432975335115,9.12792730160458,-8.651915594884715,1.7081909517335088,0.0,1,0.7486475105316756,1
p2551,0.0,0.6310462404558979,0.2494528646036708,1.0081248976780606,10.577036438605573,12.623334635148943,-17.72153733449356,1.5975452083348807,0.0,1,0.2494528646036708,1
p2552,2.0,0.11923771210108482,20.0,1.2429606904995834,12.378545865228162,10.83430253520452,-12.299889914944341,0.0,1.411232869046543,0,36.24928922886328,0
p2553,2.0,0.22903149968143147,3.4674806046646607,1.029954902181789,11.23223573675398,11.83209508064916,-37.015821016160814,4.497001083319946,0.0,1,3.4674806046646607,1
p2554,4.0,0.760788062152267,6.226773681569382,0.0,6.990239477977769,11.279177934820371,4.288938456842602,0.0,0.0,0,6.226773681569382,0
p2555,4.0,0.6974272222639784,0.8794919130336601,0.0,3.721670449431406,8.976644983977202,5.254974534545797,0.0,0.0,1,0.8794919130336601,0
p2556,1.0,0.4673514130964331,0.9787252874238088,0.0,9.29978584088637,7.88475688686457,-1.4150289540218006,0.0,0.0,1,0.9787252874238088,0
p2557,2.0,0.39791068191425727,0.5954278672410525,1.0138222150110894,12.868326867506537,9.721528165865532,17.51880235671328,0.0,1.6838402286132443,0,0.5954278672410525,1
p2558,1.0,0.48768073912669196,7.6768841920388775,0.0,2.193981683933503,5.87715041406384,3.6831687301303373,0.0,0.0,1,7.6768841920388775,0
p2559,3.0,0.7369917964776507,1.1254459441025304,0.0,6.9305079277953014,11.313540149553292,4.383032221757991,0.0,0.0,1,1.1254459441025304,0
p2560,4.0,0.721629288188949,2.209106466844081,1.1565632863620396,4.085079354304137,10.481945044910844,-6.862104711501322,1.602711122305791,0.0,1,2.209106466844081,1
p2561,3.0,0.5806372618257705,5.241611704998548,1.0683655524043745,12.160065163090373,8.732568974285874,-9.850815422046116,1.8399879281687483,0.0,1,5.241611704998548,1
p2564,3.0,0.7032983684333332,1.8250624304441645,1.0326020935637923,13.227074404211853,12.12409018381504,-16.22430128457888,1.4682276255865854,0.0,1,1.8250624304441645,1
p2565,4.0,0.5346105318177566,10.574954749255348,0.0,4.516073587598422,10.07795018658565,5.561876598987228,0.0,0.0,0,10.574954749255348,0
p2566,4.0,0.5848608903968636,20.0,1.770284443358299,5.491864932040665,8.579819706914487,37.655093465713385,3.0268470202496416,0.0,1,24.188123790718944,1
p2567,3.0,0.21015872839537256,10.12955545167233,1.2786372608416852,12.635307157726592,10.477276624443741,1.8984142398163302,0.0,1.6188534415833051,0,10.12955545167233,1
p2568,3.0,0.37333050005006313,5.757457369156348,1.146209765142231,8.513292895606341,10.75827814937411,-13.108674871089795,3.0702280284855528,0.0,1,5.757457369156348,1
p2569,3.0,0.36905834046457925,20.0,1.543007723045174,5.740287765942031,10.76769798476971,43.627034584594014,4.180931722347204,0.0,1,20.993919487584947,0
p2573,2.0,0.4274170501131836,20.0,1.3799522500855481,8.53666249279723,9.694548161787404,34.42991224940823,3.22858493763907,0.0,1,23.371172396188538,0
p2575,1.0,0.6130665028303163,3.519866280534104,1.0427656206530438,12.505614281318698,11.116315933165595,-14.310109549247754,1.7009013146843859,0.0,1,3.519866280534104,1
p2576,1.0,0.6858971239135316,15.270949772639195,1.3476598492832048,6.9687929194138585,11.559846720111063,11.882678748631815,1.9648133842490043,0.0,1,15.270949772639195,1
p2577,4.0,0.5160872857736051,8.074110730253638,1.2165522206691743,8.985595957032901,10.60264372493526,-4.343363415458225,2.3572605917729317,0.0,1,8.074110730253638,1
p2578,2.0,0.45660461470022107,15.115889403335256,0.0,5.749332672593734,10.902149407791573,5.152816735197838,0.0,0.0,0,15.115889403335256,0
p2580,1.0,0.6446658753336901,4.174871317800429,1.074631769158345,5.810463804075067,12.019717420249222,-6.867785464707571,1.6669592889527416,0.0,1,4.174871317800429,1
p2581,3.0,0.5335424743701869,2.748544962739438,1.0389801375459649,11.991821844077219,9.307931547873363,-15.457142106163998,1.9473241352947863,0.0,1,2.748544962739438,1
p2582,1.0,0.2155132910526211,3.733883289418132,1.0775229544335885,15.262734249034148,10.955896659446644,11.52848684044466,0.0,1.3735388275467464,0,3.733883289418132,1
p2584,4.0,0.3486339920386148,20.0,1.387143979638855,13.339388678851815,11.585582542231402,31.725455166789715,3.978797281147544,0.0,1,23.177608142279993,1
p2585,4.0,0.62833872418813,1.9525242901075979,1.046359608114923,11.327249196461555,10.016353266688695,-14.739425165724974,1.665279518570041,0.0,1,1.9525242901075979,1
p2587,1.0,0.4781897699206811,20.0,5.992070323647007,9.006949446794893,11.807667182733063,105.45668706779412,12.53073716872055,0.0,1,28.685958071724684,0
p2588,4.0,0.481161976397932,11.25597125568732,0.0,10.00967305055229,7.137917871186444,-2.871755179365847,0.0,0.0,0,11.25597125568732,0
p2591,4.0,0.5443388943878681,4.088394115040899,1.0628463022572296,10.808672599899788,13.104006493597598,-15.30805689451528,1.9525452125783604,0.0,1,4.088394115040899,1
p2592,3.0,0.3970286521086013,12.686540871713323,1.4127205967430727,11.141468658795509,11.804441800202694,-2.957025298448254,0.0,2.3429315533538717,0,12.686540871713323,1
p2593,3.0,0.05967346908841988,11.624062677287716,0.0,13.559406518790281,9.197264123936957,-4.362142394853324,0.0,0.0,0,11.624062677287716,0
p2596,1.0,0.5424665728560017,5.3924517596511485,1.0520612040140367,11.077965840399038,6.834247397011977,-7.039940975953449,1.9394028252747424,0.0,1,5.3924517596511485,1
p2597,0.0,0.28088967697313366,1.2949647161141766,1.0473342940677641,13.172862876205635,12.207014762698394,16.33348647557974,0.0,1.4564306206304247,0,1.2949647161141766,1
p2598,4.0,0.8397816328254573,3.636266815280534,0.0,4.4146476084722535,7.212195709670958,2.7975481011987045,0.0,0.0,0,3.636266815280534,0
p2601,0.0,0.7653525618336983,0.3141470059159723,1.0460576551146177,4.804003708516625,8.180462467216717,-7.374951658121766,1.366765732917104,0.0,1,0.3141470059159723,1
p2602,4.0,0.2419842439242392,0.28332795171970815,1.0111337308037511,13.951847578322553,14.986479685316363,19.267368212851096,0.0,1.3339217855290757,0,0.28332795171970815,1
p2603,2.0,0.37102875384792244,20.0,1.5762927850744983,10.684824481141206,7.042032513897427,-26.987967206827683,0.0,2.5061444298415037,0,22.684507759399207,1
p2604,3.0,0.7923817554172681,0.024136465273712382,1.0028403258792256,7.623270641956889,11.161529691823194,-10.557253594637169,1.2656024940290682,0.0,1,0.024136465273712382,1
p2605,3.0,0.5208374379508239,16.857327220279302,1.1824301034458367,13.373810632124197,11.518387936156666,10.265293039932041,2.2702479070974126,0.0,1,16.857327220279302,1
p2606,2.0,0.3039541871911282,10.672419315982307,1.5783602160651415,6.299876629144864,14.124444205214653,-2.0906525042008184,0.0,2.2676096702539112,0,10.672419315982307,1
p2607,0.0,0.5813216932065763,0.008951049379966151,1.0007843544079764,9.95056026621954,9.633478607205822,23.44676471280279,0.0,2.3903420315057415,0,0.008951049379966151,1
p2608,3.0,0.4529965427824328,0.22732927333635064,0.0,8.400318927341667,7.750448648078071,-0.6498702792635962,0.0,0.0,1,0.22732927333635064,0
p2609,0.0,0.3025212646734183,2.3073277906824154,1.0816336146030163,9.254214014128562,10.69573784031857,12.214591556468074,0.0,1.550776475065668,0,2.3073277906824154,1
p2610,4.0,0.3033643875096084,0.805156038745282,1.0418744386474295,10.66319848409393,11.70041299666399,15.780707745988149,0.0,1.4955802143431183,0,0.805156038745282,1
p2611,2.0,0.6598662877049729,3.2296875923465542,1.2545533124450967,9.43510872005853,11.862446284194583,-13.985466384471433,1.9012235294038982,0.0,1,3.2296875923465542,1
p2612,0.0,0.2596174672209934,12.0939147085907,0.0,11.108970628694419,14.291862934279155,3.182892305584737,0.0,0.0,0,12.0939147085907,0
p2613,1.0,0.6304622517291452,11.562798842269181,0.0,11.674354725720974,6.816175838478774,-4.8581788872422,0.0,0.0,1,11.562798842269181,0
p2614,1.0,0.49945264973574266,20.0,1.876688238352834,9.012240413021146,9.682353321183422,-40.5259880637946,0.0,3.7492721465053434,0,24.09561680317119,1
p2616,2.0,0.74748623555559,8.296838456089,1.2126234562485618,6.285491973733859,8.962885128783338,1.596886545231917,1.6222686098657664,0.0,1,8.296838456089,1
p2617,3.0,0.400826756468051,19.103671539828134,1.4571113217061407,9.149728937673002,7.56144694354902,40.37075857769457,3.635264607946111,0.0,1,19.103671539828134,1
p2618,0.0,0.5435451999681381,20.0,1.7745487965111277,5.5778409742623625,10.439607293474673,36.07422734827258,3.2647676708673896,0.0,1,29.098007624163824,1
p2622,3.0,0.33776883330009333,18.50271240112655,0.0,11.377968462559465,9.982723772440455,-1.3952446901190108,0.0,0.0,0,18.50271240112655,0
p2623,2.0,0.625796866502039,12.371087359643091,1.5757727571292734,6.377611351937246,13.892274073653885,3.684275081964215,2.518025962541535,0.0,1,12.371087359643091,1
p2626,4.0,0.45308940322852065,7.038802372158518,1.705307837371707,9.941306787840087,11.395460967239877,10.504378397556474,0.0,3.1180742290211123,0,7.038802372158518,1
p2629,2.0,0.512905970469623,20.0,1.8700803461677558,13.435287764612708,9.079397813210832,-29.559523306302523,0.0,3.8392594299929326,0,20.487350401161425,1
p2632,0.0,0.20135856664129917,20.0,1.6458363612022735,12.63389292647149,9.319262911173958,-18.494667458555746,0.0,2.060795110868064,0,21.98642232164515,0
p2633,1.0,0.3650918748053562,11.756832372727958,1.267887621198231,10.201403396556417,7.70141188823022,-5.606124610554721,0.0,1.9969623491738033,0,11.756832372727958,1
p2634,3.0,0.29629892226556537,20.0,1.4177031321390048,12.393255193003126,9.342808084564853,-18.375286418022682,0.0,2.014638284629746,0,39.23494444032026,0
p2635,1.0,0.3558697084024668,5.573055013380318,1.1441494914431487,7.47289985589654,10.063874821896324,5.965612890564282,0.0,1.7762702769427252,0,5.573055013380318,1
p2636,2.0,0.3389738372927272,10.788480537078541,1.2174146955459086,7.666476539872571,8.685240903534606,-4.731043677498269,0.0,1.8417042535198798,0,10.788480537078541,1
p2637,1.0,0.27947872612002334,20.0,1.3215998780350662,14.155071192835809,9.697630581948646,-15.178369303352948,0.0,1.8342274210979317,0,36.607362485074034,0
p2638,2.0,0.31410446147576737,3.422983101447193,1.2108497374363305,13.228642212413163,9.955076601184143,14.036912578277128,0.0,1.7653559025060654,0,3.422983101447193,1
p2639,1.0,0.3748872973717202,2.9724665294226416,0.0,8.023181560603355,10.01661394591381,1.9934323853104559,0.0,0.0,0,2.9724665294226416,0
p2640,1.0,0.4075888366705591,16.255291034811837,1.2807730722178556,11.764250779905272,12.555722488685769,12.416686499764213,3.1423163663657037,0.0,1,16.255291034811837,1
p2641,3.0,0.5893386273845445,16.416372752548263,1.2649252164985747,7.595832839381292,11.08740878545002,-23.677581182680264,0.0,3.080214748327582,0,16.416372752548263,1
p2642,2.0,0.6701458381248061,0.4863248082221337,1.033166357487641,2.4103978153479932,11.30236003159878,-7.783159941432325,1.5417037586604052,0.0,1,0.4863248082221337,1
p2643,0.0,0.8323455472239302,1.194410643036414,1.0187236504080979,6.956407529201472,6.544908043160236,-6.960075688716294,1.2239191448861388,0.0,1,1.194410643036414,1
p2644,2.0,0.1402010784482463,4.815993390387735,0.0,8.133327198801142,11.90864054613635,3.7753133473352083,0.0,0.0,0,4.815993390387735,0
p2645,1.0,0.27388199154542137,0.08909095250258604,1.0024859567701767,18.099598672247872,15.772448575538576,22.538341260230283,0.0,1.38061023841538,0,0.08909095250258604,1
p2646,1.0,0.544227869142986,1.3378595828294757,1.0284171474819885,10.772457280004634,5.780541551328236,-13.387168115159305,1.8896811534136826,0.0,1,1.3378595828294757,1
p2647,1.0,0.5113072420638435,6.633774573643474,1.1284691252001213,10.208062277128453,13.90444820974503,-12.350190455837238,2.20702746287176,0.0,1,6.633774573643474,1
p2648,1.0,0.6605889968686872,7.9153092559376015,0.0,4.474878331299011,8.16566529492826,3.6907869636292494,0.0,0.0,1,7.9153092559376015,0
p2649,0.0,0.16945257300918476,20.0,1.4790775145118207,11.023624032278196,11.077120857214187,-15.932051289715417,0.0,1.7808465434306586,0,21.796049348569028,1
p2651,3.0,0.7613432140118569,2.879445753828398,0.0,6.378375891383248,6.6921723113257965,0.31379641994254825,0.0,0.0,0,2.879445753828398,0
p2652,4.0,0.2864177084899925,0.2532064384855175,0.0,12.78523802597166,12.259145263567,-0.5260927624046605,0.0,0.0,0,0.2532064384855175,0
p2653,4.0,0.121435178471926,1.4803470430137575,1.0192628489287965,13.426018515290478,10.37543284288014,10.808128948126233,0.0,1.1601453005550673,0,1.4803470430137575,1
p2654,3.0,0.6614475004185638,0.9184979927669171,0.0,8.329208350124622,7.256711855056691,-1.0724964950679308,0.0,0.0,1,0.9184979927669171,0
p2655,3.0,0.49264699495179604,2.6798679186327465,1.021967700258688,7.546342998367774,9.801376176567445,-12.518123851707522,2.0744421679841656,0.0,1,2.6798679186327465,1
p2656,2.0,0.5561221323439554,16.109344188921202,1.4246519502419708,5.769544960001517,9.07090080598749,21.3321651034791,2.5617609287321788,0.0,1,16.109344188921202,1
p2657,0.0,0.599832346250583,3.1961175492035285,1.2030973108770036,8.750142921144183,9.93587922506567,-12.332356207872177,2.005722629660261,0.0,1,3.1961175492035285,1
p2658,1.0,0.17674211273703305,14.920878020656705,0.0,8.932602984907508,13.003745197746422,4.0711422128389145,0.0,0.0,0,14.920878020656705,0
p2660,2.0,0.2898160551559546,20.0,1.82728370586006,13.212103101821667,15.423608687153681,-15.253565948808438,0.0,2.5729724237307656,0,27.576990379749525,0
p2661,2.0,0.6698745104349005,4.723043167807407,1.160710402158548,4.461355816886837,10.479483168070457,-3.9562181174460616,1.7327281215775527,0.0,1,4.723043167807407,1
p2663,1.0,0.28238854785250583,20.0,1.6431632593962842,13.138690258663138,15.061687711862414,-13.787805439596955,0.0,2.289767330885011,0,34.15458126533038,0
p2664,2.0,0.20853829435590063,6.119901649637904,1.1033757897866807,12.129500313754638,8.760215695237926,5.008689483116589,0.0,1.3940987693002058,0,6.119901649637904,1
p2665,1.0,0.6302625253964372,1.6247115097571616,1.0395197617715808,12.224789619771675,8.007512430474552,25.584924179382476,0.0,2.8115077133746507,0,1.6247115097571616,1
p2666,1.0,0.5031560279387244,2.5000333960747847,1.0882426800750329,2.753490329341179,12.63827944974232,-12.04254841324935,2.162833434656897,0.0,1,2.5000333960747847,1
p2667,2.0,0.27633011245291017,20.0,1.6557753825488164,13.366247835542467,7.8813118808553515,-20.66313214172132,0.0,2.2880258126549085,0,24.470485223790938,1
p2668,4.0,0.6403254111134967,7.353053745146885,1.148309435393028,8.238982514966004,14.553172232750185,9.142636310630508,0.0,3.192634316891877,0,7.353053745146885,1
p2669,0.0,0.286011558111412,20.0,1.8094180687749595,10.832338829978001,7.905209606410385,-26.16018286455755,0.0,2.534239999724399,0,28.7408288918852,0
p2670,1.0,0.7929961514625979,11.860277058859543,1.2571250667520633,11.138822556830425,12.476465557259766,0.3608084902560976,1.5852852052729745,0.0,1,11.860277058859543,1
p2671,1.0,0.7930874022647633,20.0,1.6338863195277293,5.507946835112197,9.763126686186476,25.344768734235814,2.0601592143084817,0.0,1,23.070831768909173,0
p2672,2.0,0.7246422025609918,0.3821061761492197,1.0446348636984888,9.027359957329134,7.428600007080762,31.199052893029183,0.0,3.7937362711868565,0,0.3821061761492197,1
p2673,1.0,0.5485000015413948,17.189179916734716,0.0,5.255263215846504,12.494340238493827,7.239077022647323,0.0,0.0,0,17.189179916734716,0
p2674,1.0,0.42273339103536206,11.03878275936468,0.0,10.8525242326103,14.128742449405623,3.276218216795323,0.0,0.0,0,11.03878275936468,0
p2675,2.0,0.16646567806459187,20.0,1.3968533769252596,9.432506642473598,11.5099864511227,-15.631735509349376,0.0,1.675819867479319,0,22.805872880153604,1
p2677,0.0,0.6322572226337968,11.711430689750353,1.3069144048966301,10.067866285580859,10.351343097624126,3.0948611702421713,2.0670612499330745,0.0,1,11.711430689750353,1
p2678,3.0,0.30246149343784956,20.0,1.442403921359461,10.59313930737041,6.603756596346344,-23.441345037238882,0.0,2.0678484525082537,0,27.226198215445848,0
p2679,2.0,0.15903559125774672,19.77873527623992,1.0801762528637604,14.800966069552311,9.838078477531313,62.55446073808552,6.792040978507346,0.0,1,19.77873527623992,1
p2681,2.0,0.257936710401969,7.126858506851781,1.1635568701709786,11.856717766872174,11.935731917124233,7.495443872735332,0.0,1.5680021993828408,0,7.126858506851781,1
p2687,1.0,0.7015004522592793,0.6591938498176233,1.0441399849978017,3.93604963417446,9.228844020287083,-7.462599244229872,1.4884380781723012,0.0,1,0.6591938498176233,1
p2688,1.0,0.5211002499164761,0.550927076999809,0.0,4.637969849736942,10.341357018263375,5.703387168526433,0.0,0.0,0,0.550927076999809,0
p2689,1.0,0.3004167941769922,20.0,1.6999848891610763,12.814874036132693,9.553547271988966,-20.721159223849156,0.0,2.429996710914708,0,36.51770459669248,0
p2690,3.0,0.3880340105922456,7.903085615721375,0.0,10.726385168791879,11.584217432496011,0.8578322637041325,0.0,0.0,0,7.903085615721375,0
p2691,1.0,0.816777476219551,11.798116754203084,0.0,3.0011075689703257,9.279469865292915,6.278362296322589,0.0,0.0,1,11.798116754203084,0
p2692,1.0,0.3719478524259513,0.5413399428635381,1.016620896160818,10.978982377518152,12.137488530381622,18.053799715208434,0.0,1.6186886711361117,0,0.5413399428635381,1
p2694,3.0,0.5188031802652032,10.997237934410911,1.605288918681709,6.244418336295245,9.954329352055874,-12.145656436977902,0.0,3.336033932157814,0,10.997237934410911,1
p2695,1.0,0.6304683726924356,10.165747184310602,1.181768900897862,14.520461692834823,17.26497090908375,16.670965839079102,0.0,3.1980182846819374,0,10.165747184310602,1
p2696,1.0,0.34888088122316024,20.0,1.2298644192452501,12.383941535777597,11.079822642173976,30.141022804287317,3.5251700091257576,0.0,1,30.258770018931344,0
p2697,2.0,0.7499584717763736,1.4329294439481706,1.1112380211165187,9.081971179794172,7.782784633758552,32.69479062393761,0.0,4.444213843240773,0,1.4329294439481706,1
p2698,3.0,0.9054216870868935,1.700603949172188,0.0,2.7551262704228177,5.703472794300317,2.948346523877499,0.0,0.0,1,1.700603949172188,0
p2699,3.0,0.5282991541884494,15.314301701854895,0.0,10.515590334502576,12.747659071392931,2.232068736890355,0.0,0.0,0,15.314301701854895,0
p2700,1.0,0.25742386404600526,10.491231028031377,1.1414001309683528,9.995170102976518,11.710169939714577,0.9525137058061904,0.0,1.5370816212696965,0,10.491231028031377,1
p2701,4.0,0.413369362534288,2.4576072924595307,1.0940924568669748,10.3682026459444,13.48918872238928,17.87460130350606,0.0,1.8650448629712482,0,2.4576072924595307,1
p2703,1.0,0.7139764536723435,2.2112652252993428,0.0,10.007113860016473,8.410095571354004,-1.5970182886624684,0.0,0.0,1,2.2112652252993428,0
p2704,4.0,0.18816902777726266,1.5635384236696075,1.033280445799557,12.699019383630665,10.650838709118528,12.124812379692484,0.0,1.2727778086249977,0,1.5635384236696075,1
p2705,4.0,0.7843901847591181,7.00310136380523,1.2218445835910228,7.814392890237315,7.772034678725254,-1.240125629096769,1.55769999081037,0.0,1,7.00310136380523,1
p2706,3.0,0.7975388357425589,4.09091261481324,1.0816601547995477,7.251660728589928,4.899238241190936,-3.4487122014191005,1.3562476287345355,0.0,1,4.09091261481324,1
p2707,3.0,0.5658259543690708,5.132259482395901,1.1273962548494545,7.526179995500319,6.582237556854711,-3.832993105438494,1.9924788641174433,0.0,1,5.132259482395901,1
p2708,3.0,0.26090707208009484,0.991006458930848,1.0379383982211543,8.027530063786738,11.242890157377282,13.097037706207256,0.0,1.404340860278986,0,0.991006458930848,1
p2709,4.0,0.14702415358346693,20.0,1.3266019590087412,15.76821518070693,6.629094593543003,-15.720659859304359,0.0,1.5552632171027767,0,27.95481089212301,1
p2710,4.0,0.5865305320000319,3.793026202118309,1.1679876776169338,9.192557994566714,9.119723507701433,15.180012667694387,0.0,2.8248462535014167,0,3.793026202118309,1
p2711,1.0,0.4048519950229573,20.0,1.4466430991144126,9.993519591633541,10.189839221733937,-24.126715494154617,0.0,2.4307283012235175,0,29.909405660077272,1
p2712,3.0,0.856594004774521,1.2669211590196936,1.07004502309966,2.151283454355166,9.055925248694521,-2.825271110261628,1.2491857485989821,0.0,1,1.2669211590196936,1
p2713,1.0,0.1233066877203552,20.0,1.444754074509035,14.565094538053954,10.689645339788012,-12.83194709865522,0.0,1.64795836157604,0,32.29623898976491,0
p2714,3.0,0.6574275111785046,6.766593275541491,1.2729478695045857,5.43983133413918,9.921194593119012,-1.6267520207537798,1.9362558576575222,0.0,1,6.766593275541491,1
p2715,0.0,0.8744959684175114,1.7736090805868177,1.0511050337196555,5.252115727603065,7.5012676055036,-4.635237443941387,1.2019552652961178,0.0,1,1.7736090805868177,1
p2716,0.0,0.15725845099025207,15.021658803046405,1.2388088601409042,13.53960374605647,9.775458264378914,-5.942729103160454,0.0,1.4699748239499402,0,15.021658803046405,1
p2718,1.0,0.7550541401223736,2.277123902264784,1.0911326966904018,2.550480838342919,11.501644261551085,-4.3792393127761535,1.4451052430671516,0.0,1,2.277123902264784,1
p2719,0.0,0.705995087485688,1.4420779634287884,1.1004183528035563,10.37286472244826,9.343800182899589,32.39759343890131,0.0,3.742857027091302,0,1.4420779634287884,1
p2721,3.0,0.8019072923865287,8.87210988985916,0.0,9.4450952648522,12.738512875249723,3.2934176103975226,0.0,0.0,0,8.87210988985916,0
p2722,4.0,0.5163074979576168,10.891414817319351,1.4125810980842584,6.170620061336679,10.201070211216372,5.919184568037497,2.735929855119431,0.0,1,10.891414817319351,1
p2724,3.0,0.4407128772382821,19.43867945907735,1.210093508173018,8.222639380202347,11.083716563997879,25.801832679114852,2.7457638990629074,0.0,1,19.43867945907735,1
p2725,2.0,0.3757844766800013,4.823863041452723,1.0959138947296194,14.818455042589393,9.106124511358956,11.834833608396577,0.0,1.755665877869892,0,4.823863041452723,1
p2727,3.0,0.38549977853603934,2.2840889423490185,1.0387736300242492,10.7421334030786,10.945974247946767,-23.136608469834357,2.694615374278709,0.0,1,2.2840889423490185,1
p2728,4.0,0.2797635190622891,20.0,1.5040670692123708,13.000334773394188,11.383168661428854,-16.234540046068034,0.0,2.0882961485846327,0,26.558246417853447,0
p2729,1.0,0.6908277365320004,19.906432687795824,2.044548152623142,10.99776859844732,11.712282240731478,-58.198250723795,0.0,6.612974041362412,0,19.906432687795824,1
p2731,4.0,0.48399971173448775,5.995529787768857,0.0,10.35851368273281,9.094394644321898,-1.264119038410911,0.0,0.0,1,5.995529787768857,0
p2732,0.0,0.2543707117184282,20.0,1.3909806897965167,12.690001127725683,14.670790452342104,-11.656104281322678,0.0,1.8655124089911568,0,31.578982453359806,0
p2735,1.0,0.26001051394707775,14.174566273743814,1.2169579087131883,15.067437239221082,9.582814461337748,-4.016241938185523,0.0,1.6445610804612898,0,14.174566273743814,1
p2737,3.0,0.45323452907535666,5.23268821494958,1.0976237602877597,7.600185906837243,10.413156508397128,-9.732863229560246,2.42175670623997,0.0,1,5.23268821494958,1
p2739,0.0,0.19334223408941,19.913613625587335,0.0,14.673214075097963,8.123880141668849,-6.549333933429114,0.0,0.0,0,19.913613625587335,0
p2740,1.0,0.5153820529113896,10.516497932612092,1.263376752552117,8.019330081148777,12.897998864265034,-0.9592002234493071,2.451340215312719,0.0,1,10.516497932612092,1
p2741,2.0,0.5870185172568764,2.963214157814299,1.0827509825973092,7.494973539459664,11.024199639352856,-11.339197457892412,1.8444920403141265,0.0,1,2.963214157814299,1
p2742,3.0,0.22053553990650188,20.0,1.5342859134958267,13.38914006718491,10.156411991361306,-16.245443587952913,0.0,1.9683846949375812,0,20.61059839364104,0
p2744,3.0,0.475083975891815,0.5303495309826938,0.0,4.546071951689603,11.10766670953999,6.561594757850386,0.0,0.0,1,0.5303495309826938,0
p2746,2.0,0.24849982731916304,0.45456027057800613,1.0146032973092702,11.873513456367599,10.582147216595397,14.1254067368626,0.0,1.350103877807322,0,0.45456027057800613,1
p2747,0.0,0.585308928322354,5.801060747081887,1.3918980441856754,10.826618047490904,10.188667009705014,-11.071929198868231,2.378057085469742,0.0,1,5.801060747081887,1
p2748,1.0,0.24680085509563798,2.726617286616612,0.0,8.505430792161953,13.06368154343177,4.558250751269817,0.0,0.0,0,2.726617286616612,0
p2750,4.0,0.6351399677964299,3.715421638956065,1.042766472951333,8.39045728427771,8.853619050567467,-7.972679566169068,1.6417900397122425,0.0,1,3.715421638956065,1
p2752,1.0,0.4339729365635083,2.389690164126759,1.0363638603732341,11.487719532951633,10.898408581091456,-20.9088459331479,2.388084078652151,0.0,1,2.389690164126759,1
p2757,0.0,0.2249368017689653,2.8487637226858284,1.089639857243932,11.45560310953324,12.045915764465938,12.690429474065064,0.0,1.4058722691657548,0,2.8487637226858284,1
p2758,4.0,0.3728097039471758,5.419719606378805,1.1873742040604094,13.799956704841055,11.272234875938235,13.337442886250974,0.0,1.8931641824388248,0,5.419719606378805,1
p2759,2.0,0.558653369647467,16.100767724779143,1.3416454043021278,10.147680651340737,11.477150084743664,12.433412763984386,2.4015704141349055,0.0,1,16.100767724779143,1
p2760,0.0,0.3508351816300815,19.82585004086126,1.9059389117108123,9.043900651785235,9.278612939568092,-31.420941720605818,0.0,2.935986143698774,0,19.82585004086126,1
p2761,4.0,0.3939160953068716,2.4627054106934905,1.0888917881842461,8.997515830201625,7.479875288746853,10.222815438391898,0.0,1.796602384179089,0,2.4627054106934905,1
p2762,2.0,0.34083301935712673,13.457064802124588,1.1186755689283074,13.977434331274825,10.434632095801021,6.377368156677322,3.282180731897202,0.0,1,13.457064802124588,1
p2763,3.0,0.7172568797599421,20.0,1.3760093976420285,9.493055578453635,8.208586462386158,21.33656986883629,1.9184331812928215,0.0,1,28.918580437653237,1
p2766,4.0,0.7256878363086293,0.6539707289654825,1.0567867074017159,7.077631776317795,12.415164942479834,30.084666200094137,0.0,3.852496707330519,0,0.6539707289654825,1
p2767,1.0,0.3900643576826635,0.0512489895855538,0.0,8.322121703883738,12.013721836832977,3.6916001329492385,0.0,0.0,0,0.0512489895855538,0
p2768,3.0,0.7995708552650806,0.90187407411505,1.0637111457193786,5.300548649582631,8.219110622330522,-6.8159425066850945,1.3303525744028375,0.0,1,0.90187407411505,1
p2769,0.0,0.2911894226652349,0.5938010901884987,1.006949812246598,12.086877915434448,11.968263995333801,-39.452162446378864,3.4580576554947022,0.0,1,0.5938010901884987,1
p2771,1.0,0.39116078102548074,5.995881921634798,0.0,13.375084385185097,11.369643337349144,-2.0054410478359532,0.0,0.0,0,5.995881921634798,0
p2777,0.0,0.7168608606512116,1.405242399750943,0.0,7.6139115783720195,7.4131320864209265,-0.20077949195109301,0.0,0.0,0,1.405242399750943,0
p2778,4.0,0.788777089018497,3.409346735514826,0.0,4.845908196071571,8.749658149323054,3.9037499532514826,0.0,0.0,1,3.409346735514826,0
p2779,4.0,0.8138920880453774,15.696049513885958,1.6839239390576055,-0.7520655231461993,7.712614027737674,24.982223250482498,2.0689769120396226,0.0,1,15.696049513885958,1
p2780,3.0,0.3349010210858702,1.6312978599926422,1.179581810312039,10.13298241532288,12.271193538368474,17.21631645234742,0.0,1.7735432585355595,0,1.6312978599926422,1
p2781,4.0,0.5855859574981782,0.5993557115677112,1.0077365975734518,13.561690473401955,14.649173667421076,-23.090889873272385,1.7209029428896216,0.0,1,0.5993557115677112,1
p2783,2.0,0.3958135435742421,20.0,3.052284967451682,9.696560114897155,9.454210802297741,-52.294218962885,0.0,5.05189240008518,0,25.354221126279928,1
p2784,4.0,0.5515036370070505,2.3946786232603747,0.0,8.059096851685526,11.913897953083188,3.854801101397662,0.0,0.0,0,2.3946786232603747,0
p2785,2.0,0.5989759156831151,7.796607311905169,1.6535871992645101,6.411415328769088,8.180511100071861,0.7092561796931445,2.760690632074314,0.0,1,7.796607311905169,1
p2786,3.0,0.4730221809128159,9.554615401507267,1.112818337259909,12.271971165930056,12.87904908717732,-7.213888865720477,2.3525711523980646,0.0,1,9.554615401507267,1
p2787,2.0,0.8584667857869911,1.9341673651872322,1.183287129384708,7.122123538230115,9.81969716629537,46.07143326594905,0.0,8.360490758048137,0,1.9341673651872322,1
p2788,3.0,0.9037067797395583,9.26675993908215,0.0,10.08677196418685,9.097261099376855,-0.9895108648099953,0.0,0.0,0,9.26675993908215,0
p2790,0.0,0.20118498914075605,4.748417931477312,1.0318021147169099,11.151315552163146,11.942547493263472,-36.10475183532875,5.128623756293393,0.0,1,4.748417931477312,1
p2791,1.0,0.13373867272352694,0.04041127665640644,1.0009364024226173,11.068197517214955,12.707843677927565,14.381889567807965,0.0,1.155467029296532,0,0.04041127665640644,1
p2793,2.0,0.6076241522640199,10.266090614941652,1.1546689012284377,11.474595529760057,12.109978434435368,-2.8685593178158695,1.9003011926469973,0.0,1,10.266090614941652,1
p2794,3.0,0.4480905923749258,20.0,3.475420251573247,4.405633053070573,7.513960354902728,99.9508760697579,7.756066096262288,0.0,1,26.838186533589617,1
p2795,0.0,0.39746950330643843,2.2153048512226463,1.0572059805884582,13.442948753765721,10.54086196170383,-25.046751214644004,2.6598417533769387,0.0,1,2.2153048512226463,1
p2796,4.0,0.5362682822588571,0.02699948074862283,1.0004721140155948,6.210939138617676,10.269018843811915,-15.049622732084018,1.8656186597525939,0.0,1,0.02699948074862283,1
p2797,2.0,0.5603106827638081,1.74263717340049,0.0,0.9955124404925232,12.099146691991237,11.103634251498713,0.0,0.0,1,1.74263717340049,0
p2799,1.0,0.4377676916453231,8.549987405319765,1.2672217947320823,11.291049189071552,10.150587517981798,5.037648660638513,0.0,2.253911374179998,0,8.549987405319765,1
p2800,3.0,0.8535674382552486,9.5931629005466,1.5450000326951046,5.841247756029707,7.816094358623818,5.19143012291241,1.8100503410172164,0.0,1,9.5931629005466,1
p2802,0.0,0.3030619125902194,18.097169910582227,1.5042487033308984,8.767763634453129,9.293420236902364,44.22309425766893,4.963502970314998,0.0,1,18.097169910582227,1
p2803,0.0,0.5650007541657392,12.665531471317871,1.6451483519149341,6.419197922618162,9.53342656907543,12.234176150876536,2.9117631078990396,0.0,1,12.665531471317871,1
p2804,2.0,0.8159754654901463,20.0,2.485003693093099,2.8620760023291845,9.184451956421027,39.260470256933544,3.045439229720453,0.0,1,23.12310657293916,1
p2806,3.0,0.6395399154040889,8.041549320377719,1.0639959987113938,13.316578043098495,10.026173681177635,-6.592203558460529,1.663689744899058,0.0,1,8.041549320377719,1
p2807,2.0,0.6051441039858133,0.3267286691805754,1.0206043124277742,7.0612571071003245,9.51638240354638,-13.043662792599948,1.6865475606644937,0.0,1,0.3267286691805754,1
p2808,3.0,0.856409122359885,0.9413028453596067,1.0777524299572823,6.208722148740047,10.063437554519119,-7.625081565676964,1.2584551026120239,0.0,1,0.9413028453596067,1
p2809,0.0,0.43038813791475317,1.2916824325624954,1.0400505234492752,13.581192987865858,8.929593520948348,17.787736398011813,0.0,1.8258933717458705,0,1.2916824325624954,1
p2810,1.0,0.775767455979654,20.0,1.9938974791185737,8.459623138196735,10.410287262488922,26.59839058588804,2.570225734206189,0.0,1,22.0542728981412,1
p2811,0.0,0.817545767308965,0.8673549308720949,1.0850404059653977,4.234100294015301,10.65883096736074,-6.570440433224611,1.3271922494772599,0.0,1,0.8673549308720949,1
p2812,4.0,0.6302620367204215,0.5341765035300523,1.0183007700629183,8.252637444078331,7.816360622868965,-12.201944534672169,1.6156784174431045,0.0,1,0.5341765035300523,1
p2814,4.0,0.7245191550795242,20.0,1.7711400059670572,8.156947399387601,7.322081134238408,30.157232616060135,2.444573057247402,0.0,1,21.707714341272098,0
p2815,3.0,0.38158483899820894,20.0,2.551425826023671,11.71281029057997,14.001196534126532,-31.902479671706494,0.0,4.125749151897461,0,22.74590753996193,1
p2818,3.0,0.670656560514728,20.0,2.5860574461696695,5.015028606096225,10.049935493955273,43.40244091448015,3.8560085719356474,0.0,1,26.18495184242943,0
p2819,4.0,0.30540456525901033,15.42918894600658,0.0,11.560276921236717,13.765321304683708,2.2050443834469906,0.0,0.0,1,15.42918894600658,0
p2821,4.0,0.6556973583349014,4.044760345964482,0.0,9.218766882394798,9.624838478287279,0.406071595892481,0.0,0.0,1,4.044760345964482,0
p2822,0.0,0.6718018041273417,9.248242453411262,1.2542505753964097,7.503578766102916,8.901970973335917,2.044879311702793,1.8669949495382174,0.0,1,9.248242453411262,1
p2827,2.0,0.8770728807510729,3.4850598680233458,1.1389254366289872,5.58034805999526,12.431222460028073,-4.766189996631273,1.2985527903378786,0.0,1,3.4850598680233458,1
p2829,2.0,0.7011789265092199,6.8406763119122855,1.8534617014713959,5.111129191333028,9.456541408575845,-6.382242668123535,0.0,6.202580292680004,0,6.8406763119122855,1
p2830,2.0,0.7901245283617057,5.091825744501002,1.1762536553963665,3.1355734302464366,8.77705173415304,0.15530443422827656,1.4886940136326174,0.0,1,5.091825744501002,1
p2831,3.0,0.8503597918731348,3.7139413270545973,1.18663943771032,2.1864134659449492,7.50888533958377,0.026795534979572544,1.3954557224494861,0.0,1,3.7139413270545973,1
p2833,1.0,0.543779765986439,5.190095263087923,1.2877206103653807,2.3677638966970886,9.833779203971895,-3.5306563100507837,2.3680921779599546,0.0,1,5.190095263087923,1
p2834,1.0,0.4071236301902625,6.48530678588498,1.176789883128528,10.37314444998295,9.379240221187711,-9.358811928994593,2.8904976175874997,0.0,1,6.48530678588498,1
p2835,4.0,0.5326161520793207,5.749939209030203,1.1826144911969827,3.046991079001395,13.088768283283914,-6.2532705101879245,2.220387959659286,0.0,1,5.749939209030203,1
p2836,4.0,0.278452426593487,20.0,1.398989701292147,13.937207255725992,9.611225810121917,-16.08097158473595,0.0,1.9388738218428871,0,29.71090088850302,0
p2838,3.0,0.13652606426597647,17.040416438911425,1.5261507145779645,9.973352771050463,16.09353178802574,-6.370533001454673,0.0,1.767454292966714,0,17.040416438911425,1
p2839,2.0,0.62186220175298,1.5739317124158683,1.0382376567416827,9.6927781875106,9.461017322715483,-13.39974126218108,1.6695622499887812,0.0,1,1.5739317124158683,1
p2840,1.0,0.2743472856533593,20.0,1.2805763676305484,12.58826782794815,11.91478185150274,37.06605011353534,4.667720202082007,0.0,1,30.105121966021215,0
p2842,2.0,0.43166785072366853,20.0,1.2321485592224797,9.716652395584678,9.593129916889312,29.581747342588734,2.8543903771310446,0.0,1,25.6835807210561,1
p2843,4.0,0.22954629665775836,11.268756977745447,0.0,12.496773637800228,10.265903041545734,-2.230870596254494,0.0,0.0,0,11.268756977745447,0
p2844,3.0,0.146538604045261,20.0,1.2168486979244055,13.879792423634607,16.00969313751626,-6.596172492975217,0.0,1.4257805961605998,0,26.156594626041844,0
p2845,4.0,0.8426996660679212,0.9117440334751126,0.0,8.329407393700002,8.313273340308072,-0.01613405339193008,0.0,0.0,1,0.9117440334751126,0
p2846,4.0,0.15021746705776373,1.204282230753745,1.0221312288893356,14.190498973612645,10.349280691510828,11.77879879690762,0.0,1.202815060637184,0,1.204282230753745,1
p2848,2.0,0.3707053120529062,20.0,1.6211982664856028,12.497546858532077,11.16351515267114,-20.661962260964923,0.0,2.576214764777898,0,23.793366400472138,1
p2849,1.0,0.3115225877253525,17.073680531373235,1.132927293730207,11.062099200117425,13.331933737200805,15.877602436991776,3.636742048152955,0.0,1,17.073680531373235,1
p2850,1.0,0.5732474697249035,0.8659256834886386,1.0744511721362715,7.610420137029255,10.53277551014578,19.903227089101243,0.0,2.51773825791648,0,0.8659256834886386,1
p2853,0.0,0.3953680011116404,3.5858315203585525,0.0,11.864707472163463,14.421952109652064,2.5572446374886013,0.0,0.0,0,3.5858315203585525,0
p2854,1.0,0.17755642763519985,13.174647847651574,1.2294907878504397,15.422947885196047,11.66313076975977,-0.3987790121940771,0.0,1.4949241858809144,0,13.174647847651574,1
p2855,3.0,0.550710018696614,20.0,1.1162835159742694,15.155580028919964,13.63784991975011,11.3782823467971,2.02698966439038,0.0,1,23.848331172650333,0
p2856,0.0,0.5013227185549853,0.6262136743231737,1.0150561019012183,10.31603610349861,10.131903838492061,-19.430833934010877,2.0247558395658194,0.0,1,0.6262136743231737,1
p2857,2.0,0.8234842873780671,5.537608133714038,1.3072841524450278,6.658470379678132,8.098286826694004,-2.6252698286369887,1.5875034563286634,0.0,1,5.537608133714038,1
p2858,1.0,0.8178826710803947,3.3204214300214097,0.0,5.218383773908642,6.851009896034845,1.6326261221262026,0.0,0.0,1,3.3204214300214097,0
p2861,0.0,0.4558527471188003,8.19894936401506,1.1678301005862692,8.599468155645571,12.235292212714103,-6.704713989022068,2.5618582052373147,0.0,1,8.19894936401506,1
p2863,3.0,0.6126432732200506,18.25253883255559,0.0,6.630802064788878,8.555493456799503,1.924691392010625,0.0,0.0,1,18.25253883255559,0
p2864,1.0,0.39750192291043174,7.940657709689295,1.137599958682837,11.726332806367063,9.44546365555125,4.867010647192324,0.0,1.8881387376008498,0,7.940657709689295,1
p2865,4.0,0.4225059067946748,3.129701891386526,1.1294999419884788,7.20452410166356,10.957462691104139,11.722736903005103,0.0,1.9558640603911608,0,3.129701891386526,1
p2866,2.0,0.34435654148677997,7.757352892507894,1.1747175645607435,4.481321696385811,9.46531503160024,-0.8424478171269243,3.4113409302138713,0.0,1,7.757352892507894,1
p2867,0.0,0.4145820943629814,3.39073393915414,0.0,12.30231828287468,10.908424655390775,-1.393893627483905,0.0,0.0,0,3.39073393915414,0
p2868,2.0,0.4901360183576813,20.0,1.6519652567043865,9.22947159715775,10.745869065607582,32.70672466748742,3.3704220763854367,0.0,1,26.737612611803563,0
p2869,4.0,0.1386819109793819,20.0,1.2782316546536483,10.458159721140923,9.58649060823191,-15.032154586928709,0.0,1.4840413442461096,0,21.820882684098667,1
p2870,4.0,0.2756505187583555,16.218542160362958,0.0,11.669443278138592,10.296896410476837,-1.3725468676617556,0.0,0.0,0,16.218542160362958,0
p2871,3.0,0.7306117858414538,20.0,1.4893341219907792,10.586852726651545,8.052023712828698,21.82082623026381,2.0384753583950146,0.0,1,26.647380441984637,0
p2872,4.0,0.4754736440330199,0.680840415902513,1.0236751721206372,10.43346489619362,10.781521274564781,19.381455615450527,0.0,1.9516181798595442,0,0.680840415902513,1
p2873,1.0,0.4598396051875253,20.0,1.3379159900935418,17.501731205784537,12.105532391271105,17.57297201775234,2.9095275287302225,0.0,1,37.35217767989038,0
p2874,4.0,0.3517973548618,15.16278900775804,1.5448333618919576,14.927309690812102,13.090810401933828,-2.3977069722811333,0.0,2.383256800136309,0,15.16278900775804,1
p2875,3.0,0.766239500870368,3.3211270173954137,1.178686806371562,6.880266275592458,9.527330029418563,20.593254411767525,0.0,5.042283922049296,0,3.3211270173954137,1
p2876,0.0,0.30403287051261485,20.0,1.2310758733587406,9.716401721383802,10.70108239703662,38.637428847446714,4.0491538670903715,0.0,1,28.819213221636446,0
p2877,1.0,0.833343140682224,12.822960910355702,3.2119193246203395,5.526069226042102,7.452348950532615,22.626002919753198,3.854257829482909,0.0,1,12.822960910355702,1
p2878,0.0,0.2087704114528052,4.188486746824793,1.072781558563869,9.01415981708971,9.855526050215616,7.384211890533598,0.0,1.3558410530799814,0,4.188486746824793,1
p2880,0.0,0.7716775398589198,14.9855096537501,1.9796701885029853,2.764487284753207,8.385477803000077,22.55278601988703,2.5654111805105977,0.0,1,14.9855096537501,1
p2881,1.0,0.29128026941719937,15.029361385224265,1.2676424363821284,12.618704779428402,16.23377628406738,-0.6967184472773136,0.0,1.7886371462238106,0,15.029361385224265,1
p2882,3.0,0.6342681476165387,15.856368823383596,1.4006118585573728,7.257006031020772,8.96182122311408,16.929582768099458,2.208233006529826,0.0,1,15.856368823383596,1
p2884,2.0,0.42556165566227316,20.0,1.5864819739638882,10.182031213661688,13.655087054435175,27.126714201613186,3.727972087839898,0.0,1,27.684634924301704,0
p2886,4.0,0.35904064381900463,2.92840074123134,1.060234286476292,12.846866904611613,11.955462766932492,15.515093082873548,0.0,1.6541365318285497,0,2.92840074123134,1
p2887,0.0,0.8754651061008408,2.8535793568796533,1.186830398321705,5.017011499552902,9.000382032930897,-4.349585534870508,1.3556569988353133,0.0,1,2.8535793568796533,1
p2889,4.0,0.1190587900063197,4.4857065780334375,1.144109206446829,10.86116586544965,14.000478066844837,11.419344493348193,0.0,1.2987350273408558,0,4.4857065780334375,1
p2890,4.0,0.28201337205632965,20.0,1.2639071007839562,13.616590265549734,10.572953000128829,39.20581904823704,4.481727556278792,0.0,1,23.006847908049945,0
p2891,0.0,0.8933600925264049,4.15284142817286,0.0,9.089269344984995,7.524279690865104,-1.5649896541198913,0.0,0.0,1,4.15284142817286,0
p2894,2.0,0.34166745256635594,4.070157161045458,1.1368404062257678,12.616150687464227,7.818188009025174,9.95967127122671,0.0,1.7268482481345864,0,4.070157161045458,1
p2899,1.0,0.6422189111123878,0.030578547764905074,0.0,3.6458710265602603,8.958002968397356,5.312131941837095,0.0,0.0,0,0.030578547764905074,0
p2902,3.0,0.21032695297168255,20.0,1.2159638593949835,15.212241769586772,14.350717539635236,-8.233867755682382,0.0,1.539832040577902,0,24.947132887468914,1
p2903,4.0,0.8141249142856968,2.0818391189937375,1.0811837792981396,5.988323666330675,10.748564047471937,-6.749445967827512,1.3280318048573136,0.0,1,2.0818391189937375,1
p2904,0.0,0.7464352894280519,7.181368001595664,1.2461093013388278,10.280314414918038,11.034707855142429,-5.678424917551082,1.6694137040246928,0.0,1,7.181368001595664,1
p2905,0.0,0.15463656325635877,4.249123960515713,1.0807131402538888,8.682284666124856,7.948101256068908,4.933171977189026,0.0,1.278400618338569,0,4.249123960515713,1
p2906,1.0,0.161684596785739,7.85164800798457,1.076612327757386,15.096168086310735,6.914446554330843,1.1221032517553606,0.0,1.2842568842579407,0,7.85164800798457,1
p2909,4.0,0.45316601636231096,9.306887625351582,1.4453541273608088,11.205865463331751,8.22009765318457,2.0334803310032274,0.0,2.6431314998857944,0,9.306887625351582,1
p2911,2.0,0.7615812923766151,11.631954429769548,1.2736637505307178,7.975987811337599,9.453147469210387,5.120982678273211,1.6723936935951798,0.0,1,11.631954429769548,1
p2912,4.0,0.5293319800683599,7.003894532335993,1.596545995636383,7.731102341289594,6.184717377384306,0.9203658375385966,0.0,3.392085138625449,0,7.003894532335993,1
p2913,2.0,0.581146844389525,13.313361377872642,1.18342253131765,12.612164910443532,7.725243788868987,6.492482081459672,2.036357149217243,0.0,1,13.313361377872642,1
p2914,2.0,0.6183326589153397,17.298422820002436,1.251162736735039,11.642931580037473,12.434640105252642,10.633310136467152,2.023445986064832,0.0,1,17.298422820002436,1
p2916,4.0,0.41991740986849235,3.051900832160926,1.0376697627858567,12.597306008265662,10.082932900339749,-19.88895488726143,2.4711282228351257,0.0,1,3.051900832160926,1
p2917,1.0,0.753083586967158,7.606280599800991,0.0,7.683578740246697,6.032275064144616,-1.6513036761020805,0.0,0.0,1,7.606280599800991,0
p2918,2.0,0.4027082793621998,9.224725910783553,1.138461014122639,11.646973618506975,8.554973683186244,1.524897447496473,0.0,1.9060384980842648,0,9.224725910783553,1
p2919,2.0,0.6765203549198443,2.575489867566621,1.0822165135592956,7.671841833577499,11.172092816377145,-10.251568314370758,1.5996806388590024,0.0,1,2.575489867566621,1
p2921,1.0,0.17067325164188596,3.3414078320437515,1.0534369100651388,14.635442449501094,10.21049164945948,9.921087059146615,0.0,1.2702314403227848,0,3.3414078320437515,1
p2923,1.0,0.26458610476866656,8.64317825568064,1.0556985690056582,12.045885776773357,10.802446016246837,-9.858918214781834,3.9900000414937837,0.0,1,8.64317825568064,1
p2924,3.0,0.7229442415626005,2.5122295170203457,1.1544226879543265,9.223013215063151,8.258999218297149,26.998158667207324,0.0,4.1667521890369486,0,2.5122295170203457,1
p2926,1.0,0.6489383122471173,10.5494875893771,1.1441329039894468,9.011227454340634,11.70927877983635,0.6532417685339866,1.7630842291119933,0.0,1,10.5494875893771,1
p2927,1.0,0.798314900222384,20.0,2.3248667131074985,2.03496137119089,6.377312344048329,44.01458190022706,2.912217612949311,0.0,1,21.17513022034737,1
p2928,2.0,0.24036485185901463,7.360406433979148,0.0,11.384275122739961,8.841732105396986,-2.5425430173429753,0.0,0.0,0,7.360406433979148,0
p2930,0.0,0.622335204696607,17.05510133230573,1.2577271734193838,12.717243442040948,6.748814046839501,14.860373922002637,2.020980275465109,0.0,1,17.05510133230573,1
p2932,4.0,0.341998426646729,20.0,1.4084801678860293,10.950807022180124,9.677698619896935,41.23807190743128,4.118382010397182,0.0,1,26.834785263664187,0
p2934,4.0,0.39436729844389773,4.323479504751757,0.0,9.144932824494962,10.878138379169757,1.7332055546747949,0.0,0.0,1,4.323479504751757,0
p2936,1.0,0.46494210693394517,0.7638803172169373,0.0,11.776658765044017,7.993433148314417,-3.7832256167295997,0.0,0.0,1,0.7638803172169373,0
p2937,2.0,0.6735916879868139,12.031003874239374,0.0,8.50013640036971,13.826928291805059,5.326791891435349,0.0,0.0,1,12.031003874239374,0
p2939,2.0,0.6391717823216252,3.037368196890434,1.29245337541008,6.433011998874494,9.163555955730734,14.893426676512341,0.0,3.5819077114476445,0,3.037368196890434,1
p2940,4.0,0.7959744320574889,20.0,1.9656546711777658,12.600173220000807,9.701004221116406,-74.19172425406825,0.0,9.634354610553682,0,23.939627620367755,0
p2941,1.0,0.307845956117197,4.989392444575709,0.0,6.382139428967357,13.47149416928179,7.089354740314433,0.0,0.0,0,4.989392444575709,0
p2942,3.0,0.3927235809323938,1.1224469154339072,0.0,12.690700086200309,9.910567044160253,-2.780133042040056,0.0,0.0,0,1.1224469154339072,0
p2943,2.0,0.5586268552580107,1.2967517504579953,1.0732429148139933,4.221313512470757,10.361032716964685,-11.274723430372823,1.9212161118145652,0.0,1,1.2967517504579953,1
p2946,0.0,0.28693930035101306,9.027109586193628,1.1855833703993341,11.818649899222008,7.962883580134748,0.7856390683573045,0.0,1.6626682286416181,0,9.027109586193628,1
p2947,1.0,0.16363416807439152,15.018448839808208,1.3432145876265134,10.107217855653948,10.681797363436788,-7.3129224074150585,0.0,1.6060132257363513,0,15.018448839808208,1
p2948,1.0,0.8726752025248222,4.828090283659155,1.1178840688378748,9.358414992090777,7.115914020470255,-5.173169449756313,1.2809852572911604,0.0,1,4.828090283659155,1
p2949,3.0,0.8918991434893659,6.371488060978717,1.1849050783359378,5.1781065198599,7.793111395274195,0.7263510734862244,1.3285191346862923,0.0,1,6.371488060978717,1
p2950,0.0,0.4710032907761018,3.8236135324573004,1.0914586931632047,5.418212732923589,14.371911879180194,-15.489934590652142,2.3173058756441796,0.0,1,3.8236135324573004,1
p2951,1.0,0.6019066943960601,0.3244879791166853,0.0,8.55400822900294,11.64579713963167,3.091788910628729,0.0,0.0,0,0.3244879791166853,0
p2953,1.0,0.5517502508874148,20.0,1.2919238132951096,11.721416159598693,10.823018562890706,20.58951443178676,2.341501088974997,0.0,1,24.61363366233393,1
p2954,4.0,0.1619021517465069,3.4136052363748552,1.0367609813166974,14.212253931105883,9.985822420206746,9.131934270583411,0.0,1.2370405000766882,0,3.4136052363748552,1
p2955,4.0,0.5088950714538403,2.6586981713915523,1.071255721214438,10.567267884635765,10.509274648737254,-16.583944140005283,2.1050620870703542,0.0,1,2.6586981713915523,1
p2956,2.0,0.8009536739344354,5.6180819553930155,0.0,9.20518938135137,6.554004718075038,-2.651184663276333,0.0,0.0,1,5.6180819553930155,0
p2959,1.0,0.6729660906427096,15.682048529418624,2.0918904181068734,4.085637213177905,8.427455392898718,-69.83526567236169,0.0,6.3965550918496525,0,15.682048529418624,1
p2961,4.0,0.6218971291029955,14.44983811518885,1.7957523285996682,8.46324726737325,11.067178361704924,-25.828633910621047,0.0,4.749375016221003,0,14.44983811518885,1
p2963,1.0,0.3291762280912932,8.129911436946895,1.1893329146778202,10.211160546694229,14.248968286001737,7.727745653736817,0.0,1.7729439004431673,0,8.129911436946895,1
p2964,4.0,0.6038716106293366,0.7350388290898457,1.0110550084378884,12.958055526355094,7.9501658597935645,-17.08809047829711,1.6742880285168527,0.0,1,0.7350388290898457,1
p2965,4.0,0.44829807307023034,20.0,1.3781504189915172,9.851772824541056,10.410667785438525,30.03825925715311,3.0741832316009448,0.0,1,30.25315969748,1
p2967,4.0,0.4307815166344099,6.712931332827289,0.0,13.176471406189684,13.925847780915527,0.7493763747258431,0.0,0.0,0,6.712931332827289,0
p2968,0.0,0.6323451410389762,8.858177703717335,0.0,5.6164913517462685,8.835004778403174,3.218513426656906,0.0,0.0,0,8.858177703717335,0
p2969,4.0,0.781502183387728,0.12616261127183587,1.0057827308833234,12.866404262479248,3.969412954348756,-13.843202473877664,1.2869864630746946,0.0,1,0.12616261127183587,1
p2970,0.0,0.6696365083967761,4.7759227429803985,1.5152835341210265,8.140380332178436,11.077149852470024,18.368581193608343,0.0,4.58671606468225,0,4.7759227429803985,1
p2971,1.0,0.23452731769865093,0.9542422848457143,1.0163176356238488,15.358605463640052,9.226548615320413,12.992607776585011,0.0,1.327699419094028,0,0.9542422848457143,1
p2973,0.0,0.5088060034725762,10.409183375634457,2.189196890570844,6.652159079941652,12.493360657785425,-10.903436923597287,0.0,4.456888532937555,0,10.409183375634457,1
p2975,0.0,0.42210824954796305,20.0,1.618568732975337,10.430091110970935,12.935318679522938,-24.298330871396296,0.0,2.800816470747791,0,33.417990159636716,0
p2976,0.0,0.2537350118134692,5.684065333847505,1.059261034549847,8.551763220032592,10.697615537979097,-18.784086905025625,4.174674306786454,0.0,1,5.684065333847505,1
p2979,0.0,0.843393496029347,11.923141832480722,2.173085938774394,5.47520739126647,7.768675852314814,-87.17864995727456,0.0,13.876089968661939,0,11.923141832480722,1
p2980,1.0,0.35204498101806414,12.97707740437069,1.6493594368287854,9.831621782964058,14.594218495857614,-2.8138411394918466,4.685081525829659,0.0,1,12.97707740437069,1
p2981,2.0,0.15773719100989272,20.0,1.7193879902088784,11.006781841579253,8.378545548118415,-20.98691381058561,0.0,2.041391323297849,0,23.290803606624323,0
p2982,1.0,0.8635537024355547,4.9041379331145984,0.0,6.624569027678079,8.119315362831173,1.4947463351530947,0.0,0.0,1,4.9041379331145984,0
p2983,1.0,0.5689157781578131,6.1160580860319325,1.2310142819927816,2.037859088649651,10.342688162953651,-0.8407108968999601,2.1637900182323775,0.0,1,6.1160580860319325,1
p2986,1.0,0.22819931467509227,1.1938122564383034,1.0140061605495143,12.679333811568231,12.804606831475846,-51.467420169052275,4.443510980711074,0.0,1,1.1938122564383034,1
p2987,2.0,0.39372037146583233,20.0,1.3021811424702576,10.76894435837003,11.211888085119233,29.508530480288634,3.307375581360445,0.0,1,21.499061643321205,0
p2989,0.0,0.656002451900146,7.624052940520624,1.719967995499256,6.873301247410793,7.744699142115458,-2.882317478699582,0.0,4.9999426013350305,0,7.624052940520624,1
p2990,3.0,0.29721398799235904,0.14945543617091483,0.0,12.019629436368984,13.204298271213375,1.1846688348443912,0.0,0.0,0,0.14945543617091483,0
p2991,4.0,0.7765708835760322,1.4400227187092882,1.1071991509163703,8.634308661875062,8.22829322021785,35.24514504813222,0.0,4.955482833380611,0,1.4400227187092882,1
p2992,3.0,0.6176508466854332,2.1823436558150338,0.0,5.816100017603352,10.662114423142235,4.846014405538883,0.0,0.0,0,2.1823436558150338,0
p2994,2.0,0.4138282582439137,20.0,2.2029128399115625,11.796788362959017,8.897744354004196,-33.72782498978397,0.0,3.758135513854612,0,25.6808595092083,0
p2995,4.0,0.6199844435901933,0.4785520849219799,1.1141025534491322,5.483558767900441,8.615750011765744,17.805513510501804,0.0,2.931728805985222,0,0.4785520849219799,1
p2996,3.0,0.4148282313531039,4.964581447212359,1.205481755419138,11.007761178303637,10.939618938233863,12.381096258558387,0.0,2.0600476988262724,0,4.964581447212359,1
p2997,4.0,0.6411400363669951,0.39491209326591503,0.0,5.821805961402294,10.809951563468532,4.988145602066238,0.0,0.0,0,0.39491209326591503,0
p2998,0.0,0.8769952404208358,2.692417587525261,1.3403707532285336,1.744387449189429,8.773739022250911,-2.265140593368738,1.5283671922613196,0.0,1,2.692417587525261,1
p2999,1.0,0.11031777827087151,9.778989729005012,0.0,13.741855991346764,13.39434929619259,-0.34750669515417343,0.0,0.0,0,9.778989729005012,0
p3000,0.0,0.8346034788263947,1.8320572800907549,1.114580234816192,7.1832157388120015,6.4114561121123295,-6.887367283510438,1.3354608063502154,0.0,1,1.8320572800907549,1
p3001,2.0,0.4803522864457815,12.587873049474727,0.0,11.840614393940047,10.406144652600263,-1.4344697413397842,0.0,0.0,0,12.587873049474727,0
p3002,0.0,0.8033601039780552,6.631250086132841,0.0,1.1331471192571734,12.374792125303962,11.241645006046788,0.0,0.0,1,6.631250086132841,0
p3003,4.0,0.5090589040476173,3.3971695650291096,0.0,7.6231393998592365,9.043851206080646,1.4207118062214095,0.0,0.0,1,3.3971695650291096,0
p3004,1.0,0.5129509174862785,1.5660969951308055,1.0562477813379632,4.897217961584101,10.847903060491573,-13.162034518381864,2.059159551783466,0.0,1,1.5660969951308055,1
p3005,3.0,0.7889590805918425,4.000046659006371,1.0936512850077305,6.207563098163234,8.8109183137855,-4.065451946479954,1.3861951930223317,0.0,1,4.000046659006371,1
p3007,2.0,0.7385183602099686,2.777141899394511,1.2490707933430074,6.540490752969913,9.609802017515914,-8.486902709550169,1.691319892152557,0.0,1,2.777141899394511,1
p3009,0.0,0.6304422601246705,0.3442270350261884,1.0120921358971087,8.98476102157429,13.29032286006447,-16.47769240036839,1.605368484810911,0.0,1,0.3442270350261884,1
p3010,1.0,0.37112142879996785,0.6613967188949929,1.0287212160824935,8.674404553952126,7.806836999230966,12.24013167699039,0.0,1.6358026226263007,0,0.6613967188949929,1
p3012,0.0,0.653261938270122,4.903892444397188,1.2804600441356524,4.4668611793786575,4.4740611023071555,0.8497132043863698,1.9601020189946925,0.0,1,4.903892444397188,1
p3013,3.0,0.48760437090979875,12.933824311257013,1.4369731504650616,11.071320465803732,9.832611543034316,-6.461954139178454,0.0,2.804421171617956,0,12.933824311257013,1
p3014,0.0,0.45829149165641486,1.6063856673676633,0.0,8.000312599411568,10.723392954780092,2.7230803553685234,0.0,0.0,1,1.6063856673676633,0
p3016,3.0,0.4415223267761696,11.449989772725678,1.1733024219997195,6.091804908963183,12.41104402252609,3.7653313934317136,2.6574022441101306,0.0,1,11.449989772725678,1
p3017,4.0,0.602101758291127,0.0030615519978913195,1.0,7.019353055470914,8.23640681940832,18.85043528716257,0.0,2.513205375588621,0,0.0030615519978913195,1
p3018,1.0,0.7391173373595029,8.018381146676074,1.4892533424912768,9.685517898028149,8.766186528855737,-2.4260903215772127,2.0149078735071146,0.0,1,8.018381146676074,1
p3020,2.0,0.8093387941045973,11.46140350405779,1.6869491682475881,8.083482266014935,9.089295214930308,5.950128153481797,2.084354760374393,0.0,1,11.46140350405779,1
p3021,1.0,0.6491478200569413,5.5000626754437825,1.7644072079166153,8.961280370514096,8.26344087284956,16.7083440704174,0.0,5.028919039930059,0,5.5000626754437825,1
p3022,3.0,0.4517524863217989,12.092935534905298,1.3793309002964051,6.329726314123446,12.417431126400707,5.0969259899981365,3.0532890068342873,0.0,1,12.092935534905298,1
p3023,3.0,0.39346746817752637,20.0,1.1893454643587602,12.126390323831629,12.680133661931363,22.679714436087323,3.0227288417708427,0.0,1,20.161808183977918,1
p3024,0.0,0.6627205354541059,0.4454944318398878,1.0295458388147052,8.467043074271736,10.233166955022643,26.251907611416502,0.0,3.0525008102727624,0,0.4454944318398878,1
p3026,2.0,0.4626653113544504,19.60906048633121,1.5320906267208707,8.555225135811853,12.429240966894273,27.649591646511592,3.3114447725412632,0.0,1,19.60906048633121,1
p3028,4.0,0.5893092968731473,17.8794321688496,2.2433370312820378,9.534533864248564,6.182199694758011,-48.935103018319104,0.0,5.462351629102068,0,17.8794321688496,1
p3029,4.0,0.522321370277354,2.5206284687811786,1.039242747038837,11.137257147871603,9.559537070636862,-15.582765874352795,1.989661549721767,0.0,1,2.5206284687811786,1
p3031,2.0,0.7347476605741466,3.4732167635603752,1.3661701188341144,5.057217498605298,9.743355629294166,12.844461925735203,0.0,5.150454551282113,0,3.4732167635603752,1
p3033,1.0,0.8565314735283347,8.333827912962322,1.2774863893424748,6.727580395650901,7.091374835465073,2.2168692478666285,1.491464620768795,0.0,1,8.333827912962322,1
p3034,3.0,0.7091881465712561,20.0,1.5770005498856976,10.516731446467116,10.398392883331548,21.232469083578536,2.2236702030485045,0.0,1,37.13126657373127,0
p3035,2.0,0.8543879920202249,2.0453067409340844,1.176345753023043,6.832732007770065,10.02089061373124,-7.792852719420279,1.376828518202298,0.0,1,2.0453067409340844,1
p3036,4.0,0.17128086680825336,11.411377019545444,1.1224358989930312,8.111218256666493,14.705776921634339,-14.994266664152462,6.553189039202979,0.0,1,11.411377019545444,1
p3037,3.0,0.5543890489265967,3.92278574962433,1.0722946925711254,10.113979717978092,7.95970734382499,-9.962452582922486,1.9341916920027429,0.0,1,3.92278574962433,1
p3038,1.0,0.720225392924193,4.051185267221159,0.0,0.15540408082022086,8.362728493342246,8.207324412522025,0.0,0.0,1,4.051185267221159,0
p3039,0.0,0.44386082107258845,9.850896704989898,1.2077493922055773,12.36777545072191,12.177335242044993,-6.520700947487247,2.7210092327749367,0.0,1,9.850896704989898,1
p3040,0.0,0.18483423479670208,20.0,1.2450927999018373,13.280759148047615,12.514350929105207,49.658924355482185,6.736267235727767,0.0,1,32.54815085866173,0
p3041,0.0,0.5002918239566714,17.935259239656517,1.9628571624603626,11.505200419081431,10.712207938366632,-26.05030788215997,0.0,3.92800689795031,0,17.935259239656517,1
p3042,2.0,0.3849303834634042,2.9299855675954225,0.0,12.741504896927783,7.420492230233634,-5.321012666694148,0.0,0.0,1,2.9299855675954225,0
p3043,0.0,0.4508766895571736,2.4570750033960667,1.1682127005948624,7.543603646203315,10.078701423290461,13.35625078491536,0.0,2.127414149752243,0,2.4570750033960667,1
p3045,1.0,0.7994566255776083,2.1468681427048497,0.0,1.210451540791734,7.817260635393289,6.606809094601555,0.0,0.0,1,2.1468681427048497,0
p3047,3.0,0.4453108796825219,4.583595162813748,1.0281462151169192,16.283526681914427,12.980389620042782,-22.68989097740505,2.308827971708038,0.0,1,4.583595162813748,1
p3054,3.0,0.42001004346065485,4.76872453321446,1.0404779328811784,16.684202039174885,8.134737172815528,-16.88798421329521,2.4772691726802645,0.0,1,4.76872453321446,1
p3055,0.0,0.6305777699763597,0.47863088326514064,0.0,10.127826933944272,11.074940119499738,0.947113185555466,0.0,0.0,1,0.47863088326514064,0
p3056,4.0,0.5239708794383777,20.0,1.7457280245211868,9.13758122374349,15.03652094594555,-33.93649902033465,0.0,3.667271494780751,0,20.814995452929704,0
p3057,0.0,0.6561187747805962,3.8859839752691774,0.0,7.482773792198697,12.91686101003947,5.434087217840774,0.0,0.0,1,3.8859839752691774,0
p3058,4.0,0.8408783185614672,9.439305943357498,1.6302066176228827,5.532085016577178,10.843706462688703,2.588917138164279,1.9386950307052262,0.0,1,9.439305943357498,1
p3059,4.0,0.8212797657170366,5.966442890080116,1.0671504823140097,8.115896802318481,8.641562183037584,-2.9503180330871133,1.2993751056100964,0.0,1,5.966442890080116,1
p3060,0.0,0.4771847887761325,7.46227837065194,0.0,6.992271543176991,10.697701310337528,3.7054297671605374,0.0,0.0,0,7.46227837065194,0
p3061,2.0,0.09885594179160517,20.0,1.2909611460115444,11.86155225271413,8.500672517073266,-15.019858935347875,0.0,1.432580212067494,0,29.893482597173502,0
p3062,4.0,0.32266219370354254,10.891842655692367,1.2270405627075214,8.887581148130325,12.985642670381445,0.4672141884828336,0.0,1.8115636707431473,0,10.891842655692367,1
p3063,2.0,0.5168149606816823,20.0,3.2542071150479317,15.792238265826757,13.237046271313508,-30.89408301872855,0.0,6.734908679372606,0,32.052968246726905,0
p3064,2.0,0.6741990414045743,0.012976597406481013,0.0,3.3933044987988508,9.20362496834929,5.810320469550439,0.0,0.0,0,0.012976597406481013,0
p3065,0.0,0.42654272419045597,1.8859053019870688,0.0,4.5657175149281395,11.4858893569419,6.920171842013761,0.0,0.0,0,1.8859053019870688,0
p3067,0.0,0.7819300180033028,20.0,1.224682932523976,8.514882267245124,11.129096944720121,16.50809688910557,1.5662308701886967,0.0,1,25.517903006669435,0
p3068,0.0,0.7945131740033682,0.005155047562920635,1.0,2.278863798656991,7.1489135466450096,-4.121315949683602,1.258632371016872,0.0,1,0.005155047562920635,1
p3069,1.0,0.6972877539024444,4.513580739556255,0.0,4.010053216010683,11.72239956155249,7.712346345541806,0.0,0.0,0,4.513580739556255,0
p3070,3.0,0.1604337480513251,10.465092041961785,1.0824199535296384,18.293003802579204,10.794146729244572,2.5933635995368185,0.0,1.2892609142128904,0,10.465092041961785,1
p3072,2.0,0.503556985946383,1.412477760841408,1.0325890076418471,11.923619830441693,11.352988505478157,-20.954544986625066,2.0505901744192934,0.0,1,1.412477760841408,1
p3074,4.0,0.8703329726939164,6.989893581326064,1.228953643980862,6.876033722491158,11.89157937721987,-1.9058796037757224,1.412049965402227,0.0,1,6.989893581326064,1
p3075,4.0,0.5414926132951987,6.173184215309222,1.1856365528378505,10.220042061250515,7.615135107931243,-5.762160891255849,2.189571055499315,0.0,1,6.173184215309222,1
p3076,0.0,0.7043821086950417,12.040707654745303,0.0,8.97055331704503,10.235056812865569,1.2645034958205397,0.0,0.0,0,12.040707654745303,0
p3077,0.0,0.347214323128273,0.582670671152874,1.0069933872434158,11.720091176797357,9.293501032075671,-27.689800751410413,2.900206933201306,0.0,1,0.582670671152874,1
p3081,0.0,0.42478978069165874,1.6741939254620488,0.0,8.08640854755943,9.849375650188573,1.762967102629144,0.0,0.0,0,1.6741939254620488,0
p3082,4.0,0.10744720454346189,14.167633864145916,1.1224706214979256,10.930090088444699,10.767932757356391,-4.233678693787398,0.0,1.2575957716022672,0,14.167633864145916,1
p3084,0.0,0.3610997185969914,0.48833219448512377,1.0227654885152322,10.228512762523248,8.445485057142445,-24.320573196655243,2.8323630173101817,0.0,1,0.48833219448512377,1
p3085,3.0,0.5505941246727454,6.379278547264465,1.3174070227460999,3.3394657433659978,9.944738076277096,-1.9258056651152637,2.3927008366264757,0.0,1,6.379278547264465,1
p3086,4.0,0.5789746143943245,20.0,1.6407554406031866,14.078711338731308,10.279538602738267,-26.87470907777984,0.0,3.89704634613146,0,23.42033042836096,0
p3089,3.0,0.8163832935379681,8.482384498777238,1.829326224754397,7.606438599890597,10.444647424952464,-5.888615847783125,0.0,9.96274391367903,0,8.482384498777238,1
p3090,0.0,0.60229322663185,0.9078378779640798,0.0,6.789994835286875,12.350968488655042,5.560973653368166,0.0,0.0,0,0.9078378779640798,0
p3092,2.0,0.31097465578070244,10.878060833536916,1.3771062248227735,12.727656002395952,10.531208281885018,1.5002073326118146,0.0,1.9986292759421038,0,10.878060833536916,1
p3093,3.0,0.37747476679665143,2.798368478406506,1.143754873362571,9.943124445752925,7.11151295491284,10.295325411923876,0.0,1.8372827515394259,0,2.798368478406506,1
p3094,1.0,0.35596290337726183,20.0,1.882035607806283,10.404910302377345,14.69584417756986,-23.74829020943996,0.0,2.9222472085466453,0,23.771142424161997,0
p3095,0.0,0.7981372097013812,0.09572971900350567,0.0,1.84227026035398,7.016182389293427,5.173912128939447,0.0,0.0,1,0.09572971900350567,0
p3096,1.0,0.5260354765900113,3.1479133585712025,1.1887196659327086,7.234662917247859,9.06335582066551,-11.538851873159171,2.2597709067808545,0.0,1,3.1479133585712025,1
p3097,4.0,0.40388769425075355,1.0198988308713848,1.0180156052217098,12.89360786145815,8.195177349277722,-22.78401620228253,2.520541278461619,0.0,1,1.0198988308713848,1
p3098,2.0,0.2519174157152025,5.898700728233982,1.0513831200631816,11.319828859040454,11.056135973931156,-21.7883673295117,4.173522966160428,0.0,1,5.898700728233982,1
p3099,1.0,0.5736385786707731,3.1738770850434608,1.1495679185952594,6.919390098884839,12.26051196938573,-12.868434354314132,2.0039933877163936,0.0,1,3.1738770850434608,1
p3100,1.0,0.7064723061533091,1.660336831782544,1.0533968876090998,10.874250417661075,6.218508702396587,28.41067108847262,0.0,3.5887478752150983,0,1.660336831782544,1
p3101,1.0,0.6882475100582933,1.1019845532654486,1.027034635200836,5.407643109129377,13.308598754918576,-10.314316302772351,1.4922460600167633,0.0,1,1.1019845532654486,1
p3102,0.0,0.6958507190436343,0.8238602130323175,0.0,6.423870242789177,7.470614961480159,1.0467447186909817,0.0,0.0,1,0.8238602130323175,0
p3103,3.0,0.2476855877153947,20.0,1.2651843590210694,15.673342528814766,9.673119105707203,-13.276462280159201,0.0,1.6817228785754568,0,25.599886319343202,0
p3104,1.0,0.6950183288378237,17.53263779756918,0.0,10.604807003942918,10.727077644507363,0.12227064056444448,0.0,0.0,0,17.53263779756918,0
p3105,0.0,0.6070281785374353,12.686869335333613,1.229825223630622,6.251519362030858,9.235300485026935,9.97658077099977,2.02597715742578,0.0,1,12.686869335333613,1
p3106,2.0,0.48753995557937707,10.258363094135806,1.23611723664411,11.484388148212805,8.748043546140156,1.0929457048097087,2.535417297593891,0.0,1,10.258363094135806,1
p3107,4.0,0.11377146879844008,5.248757542960179,1.071640733355942,10.947575329388568,10.409224942519417,6.352744919699168,0.0,1.2092148871612132,0,5.248757542960179,1
p3109,1.0,0.24639510256281452,20.0,1.9010839065591996,12.236689781823912,11.125433530699206,-20.695396650943856,0.0,2.5226533333637984,0,24.20274762340886,0
p3110,0.0,0.40396775716910427,8.010699455126552,1.3043506359588417,11.079878042764157,7.700711511625945,3.337391324259836,0.0,2.1883893894124578,0,8.010699455126552,1
p3111,4.0,0.14247920823178115,15.878050383209912,1.2306925107681017,15.890380336153322,9.747618371371502,-6.125066323007014,0.0,1.4351751264600803,0,15.878050383209912,1
p3112,2.0,0.6323494336261538,1.7246227176326823,1.0408341530800769,6.550972743247612,8.952599815522127,-9.495474468598594,1.6459794185494914,0.0,1,1.7246227176326823,1
p3113,4.0,0.41702697891088564,12.194609024113563,1.3563607353070193,10.83719259250458,12.125611833774451,-1.8697823953261867,0.0,2.3266269385383502,0,12.194609024113563,1
p3114,1.0,0.4060545396857902,3.73319840163984,1.12134275399534,13.926424502612512,12.94647478272409,18.26441022877608,0.0,1.8879557618002936,0,3.73319840163984,1
p3115,4.0,0.42704132349060897,0.05947723352304132,1.0023628477217117,5.978959897820342,13.036475575851032,17.41335763258934,0.0,1.7494505080686784,0,0.05947723352304132,1
p3116,1.0,0.3291704926179709,9.171527768845015,1.4438738712516306,8.253445444215158,10.020449437199527,-0.2090496325698481,0.0,2.1523708414176275,0,9.171527768845015,1
p3118,0.0,0.2964363355864506,18.60498747384993,0.0,11.350293125146974,11.562243734645717,0.2119506094987429,0.0,0.0,1,18.60498747384993,0
p3120,2.0,0.5459578990983527,20.0,3.731055626802837,10.495308647614214,9.542500357275248,-79.05686974393751,0.0,8.217422171630385,0,25.3850506167397,0
p3121,2.0,0.3175920321477145,10.104628242339878,1.8685751339844663,10.878413983502279,8.536914075285756,-0.22271340061118083,0.0,2.738208259591921,0,10.104628242339878,1
p3122,1.0,0.8067278498132407,0.8415366809820957,1.1101031588158519,3.3852036560008583,8.55875898321013,-5.4457791323246845,1.3760565710888042,0.0,1,0.8415366809820957,1
p3123,0.0,0.3010584348760514,20.0,1.101502684243966,8.909391855390036,10.20410180625164,37.13561957173593,3.6587670586192513,0.0,1,28.479038178503515,0
p3124,3.0,0.11548149308765143,8.44371302439713,1.1283077195743543,11.869945487659844,16.03752266726048,8.538140946378508,0.0,1.2756179896258113,0,8.44371302439713,1
p3127,1.0,0.6865963541113077,20.0,2.122881739252737,2.8772406780198434,9.578380798154786,38.923660622270134,3.091891948655156,0.0,1,25.137326787974704,0
p3128,0.0,0.17433346929435475,20.0,1.575647338324196,9.654031961473365,9.552475324317074,-19.845117016622986,0.0,1.9083337881912077,0,27.074513423472318,0
p3129,3.0,0.388114052939119,1.1816280781560404,1.0738831744309763,8.477029256823325,10.834291316437092,15.160969374884411,0.0,1.755038140014887,0,1.1816280781560404,1
p3130,2.0,0.732884694986684,0.06454415737862434,0.0,8.136112274791543,11.049021470448006,2.9129091956564626,0.0,0.0,1,0.06454415737862434,0
p3131,4.0,0.5837571308823278,5.864256311745144,1.2154775449371558,9.852889839034264,9.469193583284898,-7.889763544110841,2.0821630788475427,0.0,1,5.864256311745144,1
p3132,1.0,0.7654228729886472,11.715808408841866,0.0,4.144118003130601,10.375129705440996,6.231011702310394,0.0,0.0,1,11.715808408841866,0
p3133,3.0,0.6319923836486029,0.8310333064369771,0.0,6.07011077613546,7.527512946045857,1.4574021699103978,0.0,0.0,0,0.8310333064369771,0
p3135,0.0,0.38690410551071014,7.008193476620666,1.1851727573732893,11.12616639328989,11.082252305121854,7.916519769414497,0.0,1.9330952433803859,0,7.008193476620666,1
p3137,4.0,0.39634519366232107,11.802025427451467,1.0862822924770843,7.798832029641989,13.40988046332838,1.204322977514325,2.7407479889930926,0.0,1,11.802025427451467,1
p3138,4.0,0.5491414443699955,1.0552106665155427,1.0355670768245706,6.478182612754769,10.724875991778264,16.702598087810337,0.0,2.29687795405707,0,1.0552106665155427,1
p3140,1.0,0.44556636098295105,0.9340243497708909,1.041131611869762,8.343266808760067,10.0258814903397,-19.56185237999956,2.3366476983876243,0.0,1,0.9340243497708909,1
p3141,0.0,0.21956289005186694,3.619977244887916,1.0248272029495802,13.88889092636119,10.843341256118824,10.43902448873674,0.0,1.3131451463368893,0,3.619977244887916,1
p3142,4.0,0.28535100304872785,8.533325563205647,1.1462809682739312,9.843461836993583,8.232813977050764,-0.40346544854498445,4.017091077399111,0.0,1,8.533325563205647,1
p3143,1.0,0.26091153833141345,20.0,1.4646910815412142,9.954383541426004,11.484344735212577,49.33468611925343,5.613745911385273,0.0,1,22.357519995876412,1
p3144,4.0,0.49628140089397205,0.6763947787222261,1.0222768893734646,10.375557567922497,12.698186538056367,22.00669460373865,0.0,2.0294602803782613,0,0.6763947787222261,1
p3145,2.0,0.6027631433300479,1.2421228046301562,1.0644353867673373,11.585208870951378,8.444522684580436,24.574634364863478,0.0,2.6795987554894314,0,1.2421228046301562,1
p3147,3.0,0.20847520554970506,12.94884087252164,1.0892723488279323,11.47587437493183,10.004061727123771,13.91450865610484,5.224949153813046,0.0,1,12.94884087252164,1
p3149,4.0,0.6563620449833353,14.547660647214947,0.0,6.281470680999325,11.038525275859193,4.757054594859868,0.0,0.0,0,14.547660647214947,0
p3150,0.0,0.725953470786081,1.8415845867755845,1.2092470011078256,6.546417492642844,10.37234302134295,24.586287276220588,0.0,4.412560905538398,0,1.8415845867755845,1
p3152,4.0,0.38944869480084554,19.53408958217489,1.913014120973372,12.340155216123405,13.214216422873463,-21.666383650907044,0.0,3.133256951026204,0,19.53408958217489,1
p3154,0.0,0.5479783506210435,9.061176282561169,0.0,1.6755639307501093,8.483365837282156,6.807801906532046,0.0,0.0,0,9.061176282561169,0
p3156,2.0,0.3581665433034329,14.726735661144541,1.4767848260119576,14.096273415093428,8.637702383326125,-6.909192012377647,0.0,2.3008847709696783,0,14.726735661144541,1
p3157,3.0,0.7068528002403184,1.2091397543290359,1.0443518411345056,8.263155155458211,9.697971274605417,-11.107154181129172,1.4774672191712943,0.0,1,1.2091397543290359,1
p3158,0.0,0.6895211042897609,18.09610275777611,0.0,4.727202334381463,8.689209367562755,3.962007033181292,0.0,0.0,1,18.09610275777611,0
p3161,2.0,0.1527299111957549,20.0,1.3374821865385231,15.75401532090841,13.632933119216469,-8.823701528918729,0.0,1.5785783119360628,0,20.369705730628908,0
p3162,0.0,0.6325694356843432,0.4549801856221556,0.0,11.42521677267918,12.858340122111015,1.4331233494318347,0.0,0.0,0,0.4549801856221556,0
p3163,2.0,0.5893394509126013,4.54515575135466,0.0,7.442496185249143,6.873242206888754,-0.5692539783603889,0.0,0.0,1,4.54515575135466,0
p3165,4.0,0.669713339002684,2.8041554432838445,0.0,10.88194528374256,8.628200507648517,-2.2537447760940434,0.0,0.0,1,2.8041554432838445,0
p3167,0.0,0.6104687772192918,20.0,1.9641656389750382,9.213216246441197,11.34235696550308,29.984856846476372,3.217471084961767,0.0,1,27.276873465073322,0
p3168,1.0,0.6257740130779516,7.146440094282801,0.0,4.268371345473463,8.793517951223553,4.5251466057500895,0.0,0.0,1,7.146440094282801,0
p3169,0.0,0.3021681412779208,4.966394991511116,1.0502676674035,13.523996206391532,10.091017637394689,-21.245000213148145,3.4757723397368707,0.0,1,4.966394991511116,1
p3170,2.0,0.22216260754781245,20.0,1.3772333257780365,13.853855825372886,12.734402278518239,-12.001772479411384,0.0,1.7705928503079684,0,23.68970285680713,0
p3172,4.0,0.198145399177444,5.537339411648203,1.0701576956242422,14.893019369692592,10.281232113572738,7.8743329140807745,0.0,1.3346031743491356,0,5.537339411648203,1
p3173,4.0,0.29499524538118826,9.557071130709817,1.5138948549570201,11.314846385558013,13.471767927048568,5.9314874533534745,0.0,2.1473541065344537,0,9.557071130709817,1
p3174,2.0,0.4958337877287932,3.7896377143068274,0.0,4.883809169333016,11.309434333410378,6.425625164077362,0.0,0.0,0,3.7896377143068274,0
p3175,0.0,0.3400046755814824,1.859171491315334,0.0,11.601547768210843,10.15181679350206,-1.4497309747087819,0.0,0.0,0,1.859171491315334,0
p3176,4.0,0.5845670976593232,8.680780860791247,1.941661028161052,0.5598590100905513,11.51963506678631,1.5304178213746429,3.3215366310141223,0.0,1,8.680780860791247,1
p3177,4.0,0.4053707383393633,1.1309670118474866,1.0389788354202973,12.228077131346195,9.585689353431086,16.747277837073923,0.0,1.7472716235301202,0,1.1309670118474866,1
p3178,1.0,0.5000363817707175,3.1625763678025165,1.0620565807480653,8.718181930632978,10.418384955914812,-13.71083413238337,2.1239586147454603,0.0,1,3.1625763678025165,1
p3179,2.0,0.6342770339381554,13.967343937186863,0.0,10.221709631191107,12.61516415447779,2.3934545232866835,0.0,0.0,0,13.967343937186863,0
p3182,4.0,0.3888107774618344,0.9287619237675626,0.0,12.486718042797197,12.731017544974595,0.24429950217739815,0.0,0.0,1,0.9287619237675626,0
p3183,1.0,0.4412165211964088,1.4501473511607719,1.0641483933233755,5.960930159883614,7.802756049383791,10.43216984313796,0.0,1.9044020335064644,0,1.4501473511607719,1
p3184,0.0,0.6191353603327469,20.0,4.638889781475554,8.902844948051133,11.406737778435865,-132.65824566299233,0.0,12.179890959497776,0,21.088865793533486,0
p3186,3.0,0.11674897267153227,10.421501998175515,1.1174087355751916,13.955452931441373,10.349866913869947,0.8652467601376985,0.0,1.2651088999635483,0,10.421501998175515,1
p3187,2.0,0.4171246664919443,20.0,1.4276307126981618,13.552830983478938,7.543929085053343,36.622644078651184,3.422551643144635,0.0,1,25.28263078438835,1
p3188,2.0,0.6205548134172004,5.257949137166703,1.281707321877184,7.619730330306302,10.426709133326552,10.784711437291797,0.0,3.3778457790437666,0,5.257949137166703,1
p3189,1.0,0.3193017882062976,8.436798524122983,1.1829312785798456,11.542929150174784,11.485341850934772,5.34031004976176,0.0,1.7378204585887083,0,8.436798524122983,1
p3192,2.0,0.5408818537330209,1.9137915781360382,1.1520616281924065,7.269682302833594,10.266989412987831,-14.794746056012338,2.129969087040335,0.0,1,1.9137915781360382,1
p3193,1.0,0.17872562100392525,0.6969909377431761,1.0070260956186594,12.912193377554855,13.767039098561309,-72.78809083730299,5.634480887306822,0.0,1,0.6969909377431761,1
p3194,3.0,0.4427515031051987,0.039199191309964035,1.0011208813545256,11.306064145617947,10.096780548206427,-23.950831941559436,2.26113491277444,0.0,1,0.039199191309964035,1
p3195,4.0,0.6658173603849812,1.8846157916943234,0.0,4.2010344572492135,11.914648920800593,7.713614463551379,0.0,0.0,0,1.8846157916943234,0
p3196,3.0,0.3737883535687663,9.593769958936615,1.1289787335361718,13.82816419754315,12.204302202576029,6.010204014566662,0.0,1.8028708663759234,0,9.593769958936615,1
p3197,3.0,0.7359586184269906,1.4814520795855068,1.0346794016737095,6.145231521293643,7.16908246836293,-6.972351366831911,1.4058934507556866,0.0,1,1.4814520795855068,1
p3199,4.0,0.5519887288963524,5.373696193693623,0.0,10.398637676521508,10.692873549935788,0.29423587341428004,0.0,0.0,1,5.373696193693623,0
p3200,3.0,0.1421194554115259,20.0,1.3360470491731793,11.967463412522875,10.424620278219091,-14.052564764863066,0.0,1.557381220032309,0,24.611980054378808,1
p3202,2.0,0.4942888430495699,18.73615111638339,1.37912676385529,10.168988520678521,11.651189676749702,21.250116373412293,2.790123190615864,0.0,1,18.73615111638339,1
p3203,0.0,0.6508599666980788,3.8215949330569865,1.103985179825052,9.61249036139899,9.91097178782375,-10.030286889342108,1.6961946291239158,0.0,1,3.8215949330569865,1
p3205,4.0,0.4448504746155752,13.50158096861455,1.1143276354358476,10.656795121883901,16.253295505040064,-1.296403474975711,2.5049487390090164,0.0,1,13.50158096861455,1
p3207,1.0,0.6510992273630869,10.184225944021055,1.4052155898400276,5.637512463126863,8.325378951744597,6.699667859129101,2.1582203307644323,0.0,1,10.184225944021055,1
p3208,4.0,0.2968890453096467,5.046336897441018,1.1641593981919214,7.5736562372843625,16.214705593321746,-35.15228551161171,3.921193511797435,0.0,1,5.046336897441018,1
p3210,4.0,0.21069981872281515,4.162617238885825,0.0,10.003445641637294,10.512548794720963,0.5091031530836698,0.0,0.0,0,4.162617238885825,0
p3211,2.0,0.6930667776235688,3.849862487338764,0.0,4.851392590403748,10.65536222313748,5.8039696327337325,0.0,0.0,1,3.849862487338764,0
p3212,2.0,0.3065825190443152,2.1457523606004343,1.0489832302285627,14.411545275035683,9.77174472356877,13.91555956862384,0.0,1.5127729817004736,0,2.1457523606004343,1
p3213,4.0,0.29719966215746924,2.8300005153640226,0.0,10.991185354658455,11.961400754185108,0.9702153995266531,0.0,0.0,0,2.8300005153640226,0
p3214,4.0,0.23447942699456245,2.724342444921849,1.0164137877527952,16.31411819626915,9.463750735285227,-36.06413514807266,4.334767449667837,0.0,1,2.724342444921849,1
p3215,4.0,0.5217592262858503,1.9614098590621558,0.0,4.871855618538807,12.563283840174691,7.691428221635884,0.0,0.0,0,1.9614098590621558,0
p3216,2.0,0.35817058547855307,6.471836397654057,0.0,12.01739581423495,12.279166710601732,0.26177089636678197,0.0,0.0,0,6.471836397654057,0
p3217,0.0,0.7399144401068515,0.9980318942292453,1.1534501057700246,7.293266683552116,10.930523903756061,31.555913052441436,0.0,4.434887143461171,0,0.9980318942292453,1
p3218,3.0,0.36115881287676377,15.0774529261419,0.0,13.9057175437605,11.395689870318018,-2.510027673442483,0.0,0.0,0,15.0774529261419,0
p3219,1.0,0.6306229036669673,3.6768981897913733,0.0,11.343868423395682,8.305053874229893,-3.0388145491657887,0.0,0.0,0,3.6768981897913733,0
p3220,1.0,0.46004733022459227,0.1063130591265116,1.004733732033566,12.197204057595757,9.824443799116658,20.125741400112652,0.0,1.8607811170773227,0,0.1063130591265116,1
p3222,2.0,0.396789312254671,11.30487873362634,1.1078558514318593,13.847373994026178,8.272904932123547,2.8909553173383866,2.792050635478823,0.0,1,11.30487873362634,1
p3224,2.0,0.6569927096755315,3.7484486728392867,1.1287218552714025,5.636970688713678,10.238047532424423,-6.5481367729451865,1.7180127551626008,0.0,1,3.7484486728392867,1
p3225,0.0,0.7566597270605847,9.080818427172757,0.0,8.469437052763958,10.19018990653339,1.720752853769433,0.0,0.0,1,9.080818427172757,0
p3226,1.0,0.1330144302641394,20.0,1.1780374677058718,14.829804460216264,9.036830410283217,-12.818101426720457,0.0,1.3587740198084006,0,26.88915639336679,0
p3227,3.0,0.6168289780251592,9.726433937052835,1.5472830163335507,5.420842411104043,10.950595789064256,2.459007822320254,2.508447351626272,0.0,1,9.726433937052835,1
p3229,3.0,0.7073461904579021,0.34306554799385097,1.0157153822606544,9.3495178319354,10.234587083877118,32.14381875774683,0.0,3.4707061693469776,0,0.34306554799385097,1
p3230,0.0,0.640681516477382,20.0,1.417194557145871,12.000360895786834,12.112669513333177,17.559170355611684,2.2120109925098834,0.0,1,26.761936834885663,0
p3231,3.0,0.5844781662895445,14.487208366455983,1.81897011896991,11.45469944052257,11.33182065516803,-13.397856594646052,0.0,4.377556054581255,0,14.487208366455983,1
p3233,3.0,0.302530718917007,20.0,1.6208593284452437,15.337819779312499,7.847455570383165,-18.32487478387615,0.0,2.3239150058744666,0,20.706738029328903,1
p3234,4.0,0.149893277585964,0.4277880605301083,1.0085118632064018,12.248630394728458,14.583157375896102,16.358012989228243,0.0,1.1863355936564588,0,0.4277880605301083,1
p3235,1.0,0.2124717488090997,20.0,1.339596018254338,14.830436791097346,10.214863899660727,57.07794368929516,6.304819467824544,0.0,1,22.25371923625302,1
p3236,1.0,0.5208284775039267,1.4045082052670075,1.0474429966595475,9.701486526363588,9.245045026594914,17.680303752950145,0.0,2.1859458408614656,0,1.4045082052670075,1
p3237,3.0,0.5527834951593039,2.0037473153664362,1.0397640169648046,13.313907082281837,10.411862041051247,23.393713331888247,0.0,2.3249678974508803,0,2.0037473153664362,1
p3238,4.0,0.5872282971957478,8.643119577880505,1.1314230091032782,9.81579602111622,8.626564964757323,-1.157334994326779,1.9267174530012943,0.0,1,8.643119577880505,1
p3239,4.0,0.5656706209056656,0.5463564127256162,0.0,7.708731618744349,8.735078525778036,1.0263469070336866,0.0,0.0,0,0.5463564127256162,0
p3242,2.0,0.29409262516026513,1.7986516640101664,1.0519686128093906,7.257105198686529,11.864175623510608,12.741454619721697,0.0,1.4902360427219272,0,1.7986516640101664,1
p3243,0.0,0.2609926267800705,14.176671331383869,1.248719145021287,12.58935930034471,9.308534301644656,-5.962945629844748,0.0,1.6897248799839328,0,14.176671331383869,1
p3244,3.0,0.06721641223482232,7.320774756095199,1.085211227770155,18.45889722856886,12.22948668032607,-85.48072904252072,16.145033507277077,0.0,1,7.320774756095199,1
p3245,3.0,0.5516490089413706,17.32372976131863,0.0,3.8232668572696653,8.12063087844485,4.297364021175184,0.0,0.0,0,17.32372976131863,0
p3246,1.0,0.3766876428696348,20.0,1.410208755122072,7.282432710618915,7.243246683752029,47.718380630904626,3.7437085654814575,0.0,1,28.607092948615453,1
p3247,0.0,0.1193047468174701,20.0,1.2357282283926185,11.197656231927398,12.271573557600728,-11.276898272476338,0.0,1.4031280672027258,0,29.087892306263118,0
p3248,4.0,0.5806378255534583,3.3704418899164867,1.0721421945652216,7.825610630927915,10.744491694784967,-10.69723141226175,1.8464904409960996,0.0,1,3.3704418899164867,1
p3251,2.0,0.15644535627282213,20.0,1.6048150838993902,12.270702113735723,10.928539787818195,-16.04671517032142,0.0,1.9024435415453878,0,22.157098968219092,0
p3252,3.0,0.6748966288756562,3.2781237617345877,1.0730368285069791,8.01823637774123,10.33195213588993,-8.90136119377769,1.5899276757310294,0.0,1,3.2781237617345877,1
p3253,2.0,0.6251292912001717,11.233222345185053,1.1236861159279203,10.854880375861576,10.86772662031034,0.6698342903683983,1.7975259386271607,0.0,1,11.233222345185053,1
p3254,4.0,0.5541208421238799,20.0,6.327477872792814,4.739085943373819,11.259466890893917,-210.0474812325807,0.0,14.191015123767674,0,26.980958304676008,0
p3255,1.0,0.5316142550962581,5.229364337884068,1.180813306125556,11.533254089593612,8.632296124836692,12.991320953118597,0.0,2.521027420183817,0,5.229364337884068,1
p3256,3.0,0.6349579042835513,20.0,1.2923138278463449,9.789920783769942,7.713396093083951,22.930090738559663,2.03527480976005,0.0,1,28.181368268371713,0
p3258,4.0,0.664685742650496,8.281449605485218,0.0,4.294426595764316,9.22181620191709,4.927389606152774,0.0,0.0,0,8.281449605485218,0
p3259,4.0,0.5093734221933142,6.328305634934638,1.105750725010369,11.61203034801167,10.139283379506553,-9.745639154190277,2.1708056934912507,0.0,1,6.328305634934638,1
p3260,2.0,0.34535173888955595,4.402732018313159,1.1896045693895658,10.11484181499641,10.587434032537905,10.852443992390869,0.0,1.8171660112129597,0,4.402732018313159,1
p3262,1.0,0.6599126583088293,6.628240244006665,1.1786545404988333,10.266002410878597,11.028497510060895,-7.096701327340334,1.7860765749203746,0.0,1,6.628240244006665,1
p3264,0.0,0.3480974718736696,6.050588577145719,1.0774932751839685,9.564942400779984,13.562573621291701,9.806310353060155,0.0,1.6528441426371705,0,6.050588577145719,1
p3265,0.0,0.4908095661987863,15.468092947677368,0.0,9.341883224534305,13.997544211824076,4.655660987289771,0.0,0.0,1,15.468092947677368,0
p3266,4.0,0.7794457100199358,6.402816111591224,1.2545004644152533,5.0194625687405585,13.477385517111285,-2.9284385270627116,1.6094776689234291,0.0,1,6.402816111591224,1
p3267,1.0,0.26899560744452744,20.0,1.4096480226054735,12.62228056699899,8.04358323943349,-18.805681072097023,0.0,1.9283714803375847,0,24.56102273130209,1
p3268,0.0,0.11662112669446632,15.336083105064448,1.2392061945247765,11.145433728299036,14.7067873270697,-2.317300310323861,0.0,1.4028026161501523,0,15.336083105064448,1
p3269,3.0,0.7639152260609741,1.992373160589946,1.201776454728068,7.637924872877607,8.725184072263916,29.82562723801863,0.0,5.09044456648633,0,1.992373160589946,1
p3271,0.0,0.6512462851575928,7.059036091321343,1.1991556771153762,6.956568299814851,8.012008559088567,0.7031147393519892,0.0,3.4384025920906494,0,7.059036091321343,1
p3273,0.0,0.8007275716727408,20.0,2.9985839253663804,5.4991186956652935,7.519785422910963,48.75687532039402,3.7448241217699803,0.0,1,27.87282220626973,0
p3274,4.0,0.36025021026856013,6.660895929654664,1.072349474812255,12.67695030042118,12.498435785269276,-17.555000690405777,2.976679663872611,0.0,1,6.660895929654664,1
p3275,0.0,0.7935312213422832,1.1722003952043474,1.020634198497028,12.771731999978256,7.924708711448157,-13.532051335109347,1.2861928693499833,0.0,1,1.1722003952043474,1
p3276,1.0,0.3275574971439034,8.38298737265429,1.2018497804504744,13.50599248871589,10.979677023740038,6.62998049762917,0.0,1.7872900290296962,0,8.38298737265429,1
p3277,0.0,0.7126064575195464,1.4473445147515032,1.0135300787661823,13.424736459125333,12.086210027766457,-16.470034275003556,1.4222858466566473,0.0,1,1.4473445147515032,1
p3279,0.0,0.18156699071178137,5.91973833677358,0.0,10.721988879429489,7.874299578541356,-2.847689300888133,0.0,0.0,0,5.91973833677358,0
p3280,4.0,0.7550790936537721,4.9169660292990764,1.3413660986376108,7.265193206155541,5.889532911276008,-3.103384257979654,1.7764577378865558,0.0,1,4.9169660292990764,1
p3282,4.0,0.5271099040136091,18.86360316102563,0.0,10.87338531006792,9.34493520998724,-1.528450100080681,0.0,0.0,0,18.86360316102563,0
p3283,0.0,0.533128125762463,16.354755823831496,0.0,8.651820841315265,12.550031133437304,3.898210292122039,0.0,0.0,0,16.354755823831496,0
p3284,3.0,0.14739437008090103,8.085096810392065,1.119527515260967,9.070852834592776,12.225966423327172,4.449476367609862,0.0,1.3130660600577964,0,8.085096810392065,1
p3285,1.0,0.561360603464263,11.499433266278361,1.4666748910874754,9.12533833290429,11.546139343310832,-5.51744041372886,0.0,3.343691658047368,0,11.499433266278361,1
p3287,2.0,0.5251473460816528,3.743141836317046,0.0,6.426497041037317,12.686540015593064,6.260042974555747,0.0,0.0,1,3.743141836317046,0
p3288,0.0,0.5772750005227258,2.6725109563468084,1.0302653477821349,9.743321160937466,13.518614130162803,-15.581797236194959,1.7847045980671667,0.0,1,2.6725109563468084,1
p3289,0.0,0.3121317415615971,9.544749686861701,1.3313636490834828,12.794846560011756,11.270827832071449,4.766518420459532,0.0,1.935492200361072,0,9.544749686861701,1
p3290,0.0,0.7598892254149918,12.439892418371858,0.0,7.74399286339297,9.114065670375625,1.3700728069826553,0.0,0.0,1,12.439892418371858,0
p3292,4.0,0.7868246388657923,10.325186221633608,1.5975417052988812,1.9879860581208681,5.7489840907356395,13.052361565060131,2.0303656321715313,0.0,1,10.325186221633608,1
p3293,4.0,0.5787865592557885,3.494927708385755,0.0,4.336739903719863,10.469193696488727,6.132453792768864,0.0,0.0,1,3.494927708385755,0
p3294,2.0,0.7655050984898192,6.945821582211343,1.2538919872121648,12.245094460544557,8.924151766114646,25.01534844622961,0.0,5.347203624202149,0,6.945821582211343,1
p3295,4.0,0.6288120794597637,10.296873170334324,0.0,9.40411248528599,9.76199408705388,0.35788160176788963,0.0,0.0,1,10.296873170334324,0
p3296,0.0,0.4322272494553882,4.122393023655755,1.2103501627034674,13.447880031401688,9.260052978778852,15.691789759363456,0.0,2.131751059807803,0,4.122393023655755,1
p3298,4.0,0.7044466755794484,8.101877372832055,2.3133965640370797,8.248622552863852,11.00474334993268,3.904745316654692,0.0,7.827340695871446,0,8.101877372832055,1
p3299,0.0,0.4121292078594015,10.757021658809222,0.0,14.378937465150202,11.739829095917829,-2.639108369232373,0.0,0.0,0,10.757021658809222,0
p3301,2.0,0.47719416405702103,3.3879692474737406,1.0499402472886858,7.608649543419,8.857120227174255,-10.784957561188154,2.2002369818655745,0.0,1,3.3879692474737406,1
p3302,3.0,0.7111127752919997,4.695616807326103,1.276152413253931,5.7646645770369345,11.448814587835646,10.406642992546784,0.0,4.417476108692008,0,4.695616807326103,1
p3303,1.0,0.42700097727163705,0.5382259947658026,1.013259533779986,8.400538617678993,8.568879551529324,-18.888140694992277,2.3729677160326497,0.0,1,0.5382259947658026,1
p3304,2.0,0.4239735055678123,1.4791984585712512,0.0,6.264282197450205,10.896469629570179,4.632187432119974,0.0,0.0,0,1.4791984585712512,0
p3306,2.0,0.3268733381585199,5.9104664391539465,1.1687352800204793,9.79544750959438,10.908835689331866,7.858796877134682,0.0,1.7362783949504497,0,5.9104664391539465,1
p3307,0.0,0.37416562452990326,20.0,1.0975110486453123,12.993330391262152,17.009313606128952,12.78833199605303,2.93322255357961,0.0,1,27.63328209971835,1
p3308,2.0,0.6452639498773853,2.3313851378842663,0.0,9.65003410354752,8.337117283692054,-1.3129168198554666,0.0,0.0,1,2.3313851378842663,0
p3309,2.0,0.6941435757080724,3.763962872129026,1.070151618190323,9.673296889389592,9.529662614935347,-9.03253438920317,1.5416862672807963,0.0,1,3.763962872129026,1
p3310,3.0,0.5251827960097664,12.968157446625352,1.2260051155380678,9.042439724009643,9.275665414178608,8.85310843434606,2.3344350288185542,0.0,1,12.968157446625352,1
p3311,2.0,0.4035006840720715,0.9331797575032853,1.0204092825620488,9.800428196226239,11.967773054356217,-25.737939751981152,2.528891084555851,0.0,1,0.9331797575032853,1
p3312,1.0,0.16986104703070654,12.927615815761744,1.252207934597507,12.833833494249903,9.436848166614444,-3.5384495568491974,0.0,1.508431727144631,0,12.927615815761744,1
p3315,3.0,0.5385111386199734,9.016871646738917,1.192508157911363,9.292223796156458,10.744283144882553,-2.373213994523879,2.2144540240474293,0.0,1,9.016871646738917,1
p3316,3.0,0.7699146873690433,4.474631315051882,1.3337606482264552,7.523706725367144,8.528834590222125,-6.0181655948539925,1.7323486226560885,0.0,1,4.474631315051882,1
p3317,1.0,0.3483095909908551,16.59481621939096,3.1459438927317587,8.748050591033088,9.804889685522959,-36.822319574981236,0.0,4.827359508811819,0,16.59481621939096,1
p3318,0.0,0.44770021814011823,5.44808481533869,1.1063777443682945,5.377856787355699,9.693150368112441,-6.175311204929215,2.471246828881436,0.0,1,5.44808481533869,1
p3320,1.0,0.5388930052032035,9.072307076549226,1.1497212166111528,8.549145456669844,9.759704227358979,-0.2559941088124664,2.133486991870716,0.0,1,9.072307076549226,1
p3321,4.0,0.6629110226402266,4.789631997867594,1.1601138330802065,6.42535094186464,10.006316283418034,-5.548385952645401,1.7500294812714565,0.0,1,4.789631997867594,1
p3322,2.0,0.8612472416249863,11.161683307425369,1.3458400857709159,8.585665719309771,10.294377227070417,3.0640195228808897,1.5626640304027077,0.0,1,11.161683307425369,1
p3323,2.0,0.4834840648712454,13.74002963053516,0.0,11.617775138200404,10.444720649002978,-1.1730544891974262,0.0,0.0,0,13.74002963053516,0
p3324,1.0,0.6958021644611253,12.034217054532846,4.954025161546975,1.5912037394549068,7.8157535014469435,36.259487352681305,7.119876043190661,0.0,1,12.034217054532846,1
p3326,0.0,0.5095936201483678,20.0,3.7282451315769243,9.222730489060416,9.887256502876891,-81.2681409266281,0.0,7.6023585433469885,0,23.51157090345613,1
p3327,0.0,0.3012830431218814,4.787093167108342,1.1154112641958849,10.73673616863399,12.756203119180848,11.517302599901983,0.0,1.5963706808828066,0,4.787093167108342,1
p3328,3.0,0.5954390186384542,6.265460487650818,1.1311123020342586,12.774365990898238,8.089363257937315,13.513250254076747,0.0,2.7959006284479333,0,6.265460487650818,1
p3329,0.0,0.4939873524101897,0.9553649510672222,0.0,8.596876521110184,10.781596680610644,2.1847201595004595,0.0,0.0,0,0.9553649510672222,0
p3330,1.0,0.6701208938288175,5.095016060316483,1.382906827632596,2.4719405123161833,8.479584547722553,-4.988714984807969,0.0,4.192162527914002,0,5.095016060316483,1
p3332,3.0,0.6556998036556709,10.114864922206765,0.0,9.726006848059741,13.542513050101448,3.8165062020417064,0.0,0.0,1,10.114864922206765,0
p3333,0.0,0.5428150383804907,4.846096491604976,1.1325351324593058,9.515197225089945,8.081565420955766,10.132629253385245,0.0,2.4771924440547424,0,4.846096491604976,1
p3335,0.0,0.417928624810254,5.079702542949009,1.1699128686673121,8.650565204240156,10.557588598082745,9.084146952489135,0.0,2.0099130768729854,0,5.079702542949009,1
p3336,3.0,0.6804051495104411,20.0,1.9650060123618798,4.129229449736164,8.31174261357474,37.9381307615069,2.887994033813123,0.0,1,34.01526650421983,0
p3337,0.0,0.6733083835020298,5.812276840853394,1.2233304793481292,7.597017385805981,6.169255127135545,-2.0763542393658634,1.8168947681674623,0.0,1,5.812276840853394,1
p3338,1.0,0.49212873355353526,6.409781412814778,1.504943142944201,8.551696999035975,9.118433468610231,6.913740892177653,0.0,2.9632374232828127,0,6.409781412814778,1
p3339,1.0,0.4183537691010064,0.09175579863749554,0.0,13.775082408510103,9.364303023837246,-4.410779384672857,0.0,0.0,0,0.09175579863749554,0
p3341,4.0,0.14093311574502765,12.417131666602621,1.189746620648458,13.615450525877492,11.942964329466696,-0.012899685265008065,0.0,1.384928976374486,0,12.417131666602621,1
p3342,1.0,0.5695441237679646,9.491300484093225,1.2322477314121383,13.997273728835033,6.770111634235021,5.671895893038765,0.0,2.8626574742074156,0,9.491300484093225,1
p3343,1.0,0.3357254017605987,20.0,1.2734569071826212,11.556731642590455,12.218729189811143,30.177527226918762,3.793150296356504,0.0,1,20.447414879206463,1
p3346,0.0,0.6926366124858754,3.1351143082311843,1.084418700135197,5.9361605158370585,4.310241257125003,-3.465743512067218,1.5656387210650247,0.0,1,3.1351143082311843,1
p3347,0.0,0.27846030324200494,3.6609389269109682,1.056204201175494,14.886523901954586,9.214086921670583,10.759798230844309,0.0,1.463819947705172,0,3.6609389269109682,1
p3349,0.0,0.8489068721844202,2.3896131654236354,1.0277830370602732,6.275862494885892,12.779194564300083,-6.075474715886955,1.2107135314095951,0.0,1,2.3896131654236354,1
p3352,3.0,0.31200065043994346,20.0,1.366563369377706,13.81524505550588,11.912103812967116,-14.187832443377664,0.0,1.9862858449670913,0,27.024978991034153,0
p3354,2.0,0.7546385163533224,19.735435098001254,0.0,6.299582671114005,11.19822645581337,4.898643784699364,0.0,0.0,1,19.735435098001254,0
p3356,2.0,0.747971018898057,2.41476840708341,0.0,7.13563844172525,8.614151028650396,1.4785125869251452,0.0,0.0,0,2.41476840708341,0
p3357,3.0,0.690240570784354,4.827236749522109,1.0614477109718217,13.439441958558387,6.72394206653704,-9.632241680823798,1.5377938589811475,0.0,1,4.827236749522109,1
p3358,1.0,0.3370880667260027,4.090984421746108,1.031531078089503,12.434748345698509,12.685253305051432,-26.04901828598643,3.0601233918137143,0.0,1,4.090984421746108,1
p3359,3.0,0.3354297669294061,18.643270381394473,1.9608278270569268,7.286856069368192,8.310657808971907,61.42534106532611,5.845718002331018,0.0,1,18.643270381394473,1
p3360,3.0,0.4228343598521823,20.0,3.3266969427856905,10.355015886338629,13.023659655594956,-52.923610745264526,0.0,5.763851330328138,0,33.84414551374404,0
p3361,4.0,0.2328002532340578,4.899916853602478,1.0452819326861311,12.950523670699045,14.02320399013818,-39.89122361987761,4.490037782025961,0.0,1,4.899916853602478,1
p3362,1.0,0.39543797156223415,9.148007426350519,1.3168263432622456,8.340549580301087,9.654932249664245,-0.44438105170494113,0.0,2.1781492738884456,0,9.148007426350519,1
p3365,3.0,0.671524065230307,13.328634808560766,1.1916190235846167,8.932944321618582,7.657712606340996,8.787816099867886,1.774499359417502,0.0,1,13.328634808560766,1
p3366,3.0,0.7189584302927747,20.0,2.250823105587299,2.793620815653002,10.414596621436083,-130.18253800169373,0.0,8.008861848914703,0,27.612625519856095,0
p3367,0.0,0.5845359302335352,4.4026696507189484,1.0581266708163428,11.96159029490678,9.56507849750195,-11.741501906493502,1.8101995379370392,0.0,1,4.4026696507189484,1
p3369,4.0,0.4829064966911689,0.5290290319003541,1.0352279651172662,11.249211902589593,10.974264550772103,21.186999139280616,0.0,2.002013095296969,0,0.5290290319003541,1
p3370,4.0,0.5811728575474949,20.0,1.5570411203527044,11.210675917871672,8.84086896138143,27.527022650892697,2.679135992212883,0.0,1,34.81272605664046,0
p3371,1.0,0.2180754151409268,7.940394365064099,1.1299921730656564,10.732734277197377,15.368127651041936,8.670721468584198,0.0,1.4451421466295442,0,7.940394365064099,1
p3372,3.0,0.33089074067790575,1.151168869869636,1.0435975058199283,11.597621771309743,10.83500458954214,15.530524843577352,0.0,1.5596817579198434,0,1.151168869869636,1
p3373,2.0,0.7666279099854048,18.02368512373468,0.0,6.703289133617683,13.351114781893479,6.647825648275796,0.0,0.0,1,18.02368512373468,0
p3376,4.0,0.40684364130513023,5.303013123691762,1.046363850557999,12.220473153027596,12.215380347250145,-17.783055763022887,2.5719066106116983,0.0,1,5.303013123691762,1
p3377,0.0,0.2662732746723064,5.1325211910947015,1.0851366693603746,8.571515131448457,12.61935122232998,9.133896474901631,0.0,1.4789384547438094,0,5.1325211910947015,1
p3378,0.0,0.41023938628879847,20.0,1.678946251608032,6.554233872801019,8.725188172291075,48.314264006938984,4.0926013145556315,0.0,1,25.20733457913271,0
p3379,2.0,0.4550854458445149,20.0,1.593662325548853,9.774862217313846,12.975706976418646,27.799194931617066,3.501896929688553,0.0,1,21.73062207211449,1
p3380,4.0,0.3787058972755918,3.240739017563162,1.133064411897985,14.538949195633027,11.735609150777611,17.801394194177036,0.0,1.8237166696568279,0,3.240739017563162,1
p3382,4.0,0.2914892356583945,10.20689377852981,1.1055721733934345,13.4085142756181,12.985020718692345,-10.960485882768756,3.7928404831013713,0.0,1,10.20689377852981,1
p3383,0.0,0.14227164253668476,2.963112538023777,0.0,13.58552065134422,10.578494214185081,-3.007026437159139,0.0,0.0,0,2.963112538023777,0
p3384,1.0,0.2185888620506673,0.077360365838905,1.0015017262142107,13.879243180917745,10.698682541503162,14.508730942200906,0.0,1.2816578591936436,0,0.077360365838905,1
p3385,3.0,0.1923620780033258,1.1052870434132624,1.0226224424023747,12.78029582313846,13.865957257913077,15.868431867192369,0.0,1.2661892347429742,0,1.1052870434132624,1
p3386,1.0,0.43465369821638666,20.0,1.313524298204095,10.61200354133726,9.49370203455393,30.63175081858622,3.0220018916074523,0.0,1,23.924057705528647,1
p3387,4.0,0.5541556053375549,10.593410803936502,1.685995437348871,1.4949327365274705,10.63307308969571,9.017469494332264,3.042458510045882,0.0,1,10.593410803936502,1
p3388,0.0,0.404641649265442,11.201214781973249,1.1924166833907404,11.551462858225706,11.4879406849709,-0.9084592945702445,2.946846142890555,0.0,1,11.201214781973249,1
p3389,1.0,0.5512197131590236,0.49155122626656556,0.0,6.869990100567171,7.75161022095917,0.8816201203919993,0.0,0.0,0,0.49155122626656556,0
p3390,2.0,0.6059492964571287,20.0,1.9734144157290237,7.64981763182736,10.082889278789242,34.73044268781233,3.256731920091674,0.0,1,23.88395890554655,0
p3391,4.0,0.3061624838470906,20.0,1.2445850505912124,12.570908814440136,9.876283581423019,38.459424579560704,4.065112860832441,0.0,1,27.736347541773014,0
p3394,1.0,0.8339671688783055,6.769435415135529,1.3066541080923906,4.201585651217224,9.77870700876493,0.8622150196036396,1.5667932226275214,0.0,1,6.769435415135529,1
p3396,2.0,0.40038990199444385,14.208883733607834,1.4156009556024594,15.851355826816912,9.600718566732722,-2.3729756389225045,0.0,2.360869105292056,0,14.208883733607834,1
p3397,0.0,0.39794979424046406,2.7204203563994307,1.0624560340978044,12.458224420738048,9.55738115417313,14.283751287250363,0.0,1.7647299576244286,0,2.7204203563994307,1
p3400,0.0,0.22150522482455481,20.0,1.567503327926941,13.132688482266339,5.012317574270929,-21.94773879949164,0.0,2.0135052641473172,0,20.350140851552226,0
p3401,3.0,0.6152345236012374,3.224418794181624,1.223158557573629,5.019756701286921,8.398586607434272,-6.9080239622874124,1.9881175562352154,0.0,1,3.224418794181624,1
p3403,0.0,0.5614864018470204,14.08221603356245,1.270304834491366,8.156874574945043,8.5345831756978,12.928653407513467,2.262396436160651,0.0,1,14.08221603356245,1
p3404,2.0,0.0991769118140344,10.78715602055426,1.1029366593936751,12.996281188903707,10.602004916181972,0.31050024257427866,0.0,1.22436544295808,0,10.78715602055426,1
p3406,1.0,0.756406811346472,1.9801646028041797,0.0,7.703495045647166,8.406172965397843,0.702677919750677,0.0,0.0,1,1.9801646028041797,0
p3407,1.0,0.5556643644831069,0.12707635993355162,0.0,5.145644792730306,6.13003884063234,0.9843940479020334,0.0,0.0,1,0.12707635993355162,0
p3408,1.0,0.4289327054627507,11.990362061614812,1.326568028748896,10.23831712342281,8.803825412542485,-5.504426764366816,0.0,2.322962707615481,0,11.990362061614812,1
p3410,2.0,0.293781397390295,20.0,1.9867195476129873,11.056558108419662,7.517174700359479,-28.69888892559348,0.0,2.813179290762689,0,36.817561933808605,0
p3411,4.0,0.5897310898888948,20.0,1.702060762080902,5.9421014442262585,10.542466311640828,31.896360064220534,2.8861642047760614,0.0,1,22.512277947072537,1
p3412,1.0,0.49896513216799115,1.3783717216467395,1.0466119860878942,9.893077622872775,10.853743782666195,-18.914546219508576,2.0975653780463395,0.0,1,1.3783717216467395,1
p3413,2.0,0.14760339155603094,20.0,1.5794505339082445,12.26649181411967,11.086968830048372,-15.509347284369861,0.0,1.8529526258809221,0,22.648716740817544,1
p3414,0.0,0.8213684816920739,0.6116965072240037,1.0257765684500857,8.863887074271398,9.729889439454636,-10.521369886088308,1.248862832351343,0.0,1,0.6116965072240037,1
p3415,4.0,0.5193184833723374,20.0,1.596084663454123,8.362581453108563,9.994874152375596,32.3822629634149,3.0734216373149446,0.0,1,23.024292143626113,0
p3416,3.0,0.3507807043653767,1.124595225763763,1.0585628721751978,8.634376146435638,11.259908481356685,14.870355177135052,0.0,1.6305166517585312,0,1.124595225763763,1
p3418,3.0,0.43333099854040474,8.914542323259907,0.0,12.809189237704944,9.963918609759745,-2.845270627945199,0.0,0.0,0,8.914542323259907,0
p3420,3.0,0.43440017508796974,4.999442408070332,1.4163727461861852,8.785820471668139,10.472224594586383,11.168236435845975,0.0,2.5041958710055803,0,4.999442408070332,1
p3421,0.0,0.628035493146402,3.5726537620146037,0.0,13.489864437532093,11.538639190295555,-1.951225247236538,0.0,0.0,0,3.5726537620146037,0
p3422,2.0,0.4176583920845862,12.1456015312408,0.0,5.62747077915727,9.311410270675088,3.683939491517818,0.0,0.0,1,12.1456015312408,0
p3423,4.0,0.716804392329594,5.516487287968568,1.1108052920258182,11.119497885190752,7.310519657972673,-6.589123929436184,1.549663065562046,0.0,1,5.516487287968568,1
p3425,2.0,0.1598823852056018,20.0,1.14673131721512,14.071074672946155,11.747832346363714,-10.416019135727707,0.0,1.3649652108481969,0,30.993344168136296,0
p3427,4.0,0.5070623382337982,0.5442325962836663,1.0096886149822064,10.330517588066074,9.921101590008696,-19.08111995485649,1.9912514475028027,0.0,1,0.5442325962836663,1
p3428,0.0,0.38053412679327514,10.693766270099408,0.0,5.669147675214201,10.987910998260299,5.318763323046098,0.0,0.0,1,10.693766270099408,0
p3429,4.0,0.5624045106652125,3.566904756458185,1.0479104062218365,10.326887702947495,6.497650642355097,-9.290002494693628,1.8632681394791222,0.0,1,3.566904756458185,1
p3430,2.0,0.5932549112010737,1.4316241816745592,0.0,7.658560438536627,11.399551189473854,3.740990750937227,0.0,0.0,1,1.4316241816745592,0
p3431,2.0,0.46313904406242246,2.6225499574077897,1.0730425661879992,10.500384897297382,12.32455670798853,-20.654317865971237,2.316890747918401,0.0,1,2.6225499574077897,1
p3432,1.0,0.5745747245811834,1.2798114695253398,1.0472123049167112,3.4963908037269738,9.396379107967272,-8.89316068236154,1.8225867935281017,0.0,1,1.2798114695253398,1
p3435,2.0,0.42634783075460925,20.0,2.2866393529911155,8.475923510538705,11.08846959623383,-43.323664427281386,0.0,3.986107741907556,0,20.294193806939933,0
p3438,1.0,0.6695901310276583,0.37315671238375175,1.029448647440479,6.513610318820322,10.904433350437817,23.522459987492706,0.0,3.1156716070325765,0,0.37315671238375175,1
p3440,2.0,0.7055728475314434,14.624611040210796,1.8587835321378725,-0.3067812620874826,9.796452216591952,22.822688519059128,2.6344317792856065,0.0,1,14.624611040210796,1
p3441,3.0,0.5949365735404958,13.490127660963745,1.3670894098343873,14.577139667038054,10.00825896706975,-0.9002142522074723,0.0,3.3750008530356927,0,13.490127660963745,1
p3443,0.0,0.542122560239481,2.9802198330166227,0.0,5.121799505068037,10.534689114025284,5.412889608957246,0.0,0.0,0,2.9802198330166227,0
p3445,4.0,0.4584482521251329,17.047775916886735,0.0,14.01712141705056,10.277750356665077,-3.7393710603854835,0.0,0.0,1,17.047775916886735,0
p3446,3.0,0.46469542674867437,4.096507557914093,1.0908266113570706,10.449089886836976,9.955933284844464,12.451933355182812,0.0,2.0377681526829163,0,4.096507557914093,1
p3449,3.0,0.585682943406674,2.017262764688229,1.1157087937922032,10.52461394463842,12.328537670978964,24.713254569230592,0.0,2.692886464694429,0,2.017262764688229,1
p3451,2.0,0.5868067310623013,0.0846257971531332,0.0,6.924134075123148,9.207425432856706,2.2832913577335576,0.0,0.0,1,0.0846257971531332,0
p3452,1.0,0.3418253966555581,20.0,1.3285693746094913,11.067532193651948,9.325697792681279,-19.772616972793315,0.0,2.018566756995047,0,32.17715120038763,0
p3453,1.0,0.3536922907172961,19.963989781611332,0.0,10.0917040836818,9.264527571435998,-0.827176512245801,0.0,0.0,0,19.963989781611332,0
p3454,1.0,0.5441332867509555,1.4589979983529369,1.0566451133593031,6.065707613802356,11.358886036766691,-13.931281049190428,1.9418865544296673,0.0,1,1.4589979983529369,1
p3455,3.0,0.2322052921324508,20.0,1.7413954716786164,11.732167650926401,12.675476683690848,-17.808533960868743,0.0,2.268048286650891,0,33.75336536668249,1
p3457,3.0,0.4775480645135708,16.858823070845542,1.3030416601251884,6.4668153929563745,10.354771042373923,-22.030637080118126,0.0,2.4940890666085687,0,16.858823070845542,1
p3458,3.0,0.21108366424489433,3.157066494382453,0.0,15.35726585995481,14.116645741165334,-1.2406201187894759,0.0,0.0,0,3.157066494382453,0
p3460,2.0,0.5914935001142403,1.4902286555825377,1.1691477779528723,6.931002450416233,12.435153658789172,21.075674781077232,0.0,2.86200532495769,0,1.4902286555825377,1
p3461,0.0,0.7131648490401972,20.0,2.120665668052093,9.100063782271016,11.408153174154034,-78.27868821730478,0.0,7.3933256121363025,0,28.526375451074188,0
p3464,4.0,0.35734108676116777,5.402938035065527,1.228229893227572,8.227532471222101,11.32538381920782,8.496129114410316,0.0,1.9111691566489222,0,5.402938035065527,1
p3465,2.0,0.8591431793769634,9.58494353416785,0.0,3.5063718287689833,11.108157131349168,7.6017853025801845,0.0,0.0,1,9.58494353416785,0
p3466,1.0,0.6105101494687785,4.826178505680902,0.0,7.246797787089231,12.438189173582144,5.191391386492913,0.0,0.0,0,4.826178505680902,0
p3468,3.0,0.5384899164789734,20.0,2.5059247461808205,10.875181982214333,14.611707283277514,-45.80975351631814,0.0,5.429837474107214,0,28.733852611142527,0
p3470,1.0,0.37822214536938387,15.964457788304095,1.2431800291343118,9.299983791409819,10.060308039010051,20.1666999641049,3.2869043876851323,0.0,1,15.964457788304095,1
p3471,1.0,0.10699322221100133,10.43516559270187,1.1704249607794819,13.97273853585782,11.9882162343913,2.6520199692419526,0.0,1.3106563017106596,0,10.43516559270187,1
p3472,3.0,0.5283054420581734,1.1324020142259725,0.0,2.318424331238781,10.563646176159848,8.245221844921067,0.0,0.0,0,1.1324020142259725,0
p3473,3.0,0.4584539138418312,5.560031666852426,1.1242453935121186,12.427452824651906,9.00478000077381,10.834039207291045,0.0,2.0759920942051853,0,5.560031666852426,1
p3474,4.0,0.35245982375444296,14.875973041706583,1.3836132765913942,9.767649035446487,10.644761425738285,-10.037955393103527,0.0,2.136721901355364,0,14.875973041706583,1
p3475,1.0,0.7800484472909659,12.188353568563585,0.0,4.118077991240962,9.506748517177325,5.388670525936363,0.0,0.0,1,12.188353568563585,0
p3476,3.0,0.36399261670296834,0.3069117372832086,1.0202215399349222,7.430930019557501,12.826281439234055,16.823012628244694,0.0,1.6041032961695236,0,0.3069117372832086,1
p3477,3.0,0.5793774702491055,7.407912051479875,1.2841922143621678,6.06285829400701,10.434681049371047,0.2652724850582677,0.0,3.053075200519348,0,7.407912051479875,1
p3478,3.0,0.7900692088160685,13.807336366432457,1.7826417073929604,5.276985402761272,8.896822092853803,14.6994831959313,2.256310823787549,0.0,1,13.807336366432457,1
p3480,1.0,0.5791875734087397,20.0,1.730551012609783,7.636066947822642,13.803140245484363,-44.67842343969501,0.0,4.112404727749844,0,20.181433631740404,0
p3481,3.0,0.7457417247836027,6.4843162875281575,1.2453492304651914,6.594017430345451,8.8104942175961,-1.6681173005695533,1.6699470997503372,0.0,1,6.4843162875281575,1
p3483,1.0,0.4211426259022476,0.5084249666292331,1.0088231982665814,10.601260732618139,11.299862799088887,18.288231762204468,0.0,1.742783703566019,0,0.5084249666292331,1
p3484,0.0,0.1142848339879638,1.0567737926765493,1.0167392655689824,5.3909998977944555,11.788931724759452,11.373321247888164,0.0,1.1479302879580202,0,1.0567737926765493,1
p3485,0.0,0.5839769941299614,7.902684545323549,1.292712695451246,10.959163330768463,10.01874397585567,8.557009569862451,0.0,3.1073105987198133,0,7.902684545323549,1
p3486,0.0,0.440354201357591,4.938095029472267,1.460999004479016,11.57182713761366,13.145413502205255,18.891461401776986,0.0,2.6105779906203406,0,4.938095029472267,1
p3487,1.0,0.7035937475797144,19.66363241734198,0.0,7.889594633818488,9.666306366262337,1.7767117324438484,0.0,0.0,1,19.66363241734198,0
p3488,0.0,0.6716747954532212,14.015865533248945,0.0,7.816079862844905,9.711932592772484,1.8958527299275794,0.0,0.0,1,14.015865533248945,0
p3489,2.0,0.8531327359376419,0.8760527501682648,0.0,6.391063202313859,7.708988358151295,1.317925155837436,0.0,0.0,0,0.8760527501682648,0
p3490,2.0,0.40293693555071913,6.575187297537462,0.0,10.123882169787462,14.985535113844493,4.861652944057031,0.0,0.0,0,6.575187297537462,0
p3492,3.0,0.5189211383654639,5.9836243847305255,1.3004751277936077,10.329835760208946,10.872088299501389,12.29113665101449,0.0,2.703247287513429,0,5.9836243847305255,1
p3493,1.0,0.5475263335180459,12.740265081284484,6.5513959949429035,3.872761084153471,10.645133350650504,31.84155485860857,11.965444571127602,0.0,1,12.740265081284484,1
p3494,3.0,0.7624643824290107,1.021946708096127,1.0180245986867453,5.898306187209452,8.581865413275962,-7.41026729659296,1.3351765959789323,0.0,1,1.021946708096127,1
p3495,4.0,0.5986546034934075,1.9657079314402508,1.0522475841245154,11.224042020554906,9.152011708398433,-14.703305080550363,1.7576872840936952,0.0,1,1.9657079314402508,1
p3497,1.0,0.7532808169670177,14.93125707308727,1.282443475445226,12.992733185257954,9.329060300007319,-13.74009775574429,0.0,5.197988497204873,0,14.93125707308727,1
p3498,2.0,0.4595019487636159,0.24841765051357462,1.0055857239500527,8.86097067446028,10.364920261843464,-20.635261420599115,2.1884253737242836,0.0,1,0.24841765051357462,1
p3499,2.0,0.47308994247343894,16.955143496661876,1.6759933369172866,9.089924969153108,8.48761480518794,-25.619964803891246,0.0,3.1807958739386963,0,16.955143496661876,1
p3500,3.0,0.17564223570440585,10.195015011196515,1.0424776719678552,13.503289688640777,14.411053060991046,-24.115406672435554,5.935233446483086,0.0,1,10.195015011196515,1
p3502,3.0,0.6696532768287355,0.8124017618518161,0.0,3.4499246224714804,12.262132684284484,8.812208061813005,0.0,0.0,1,0.8124017618518161,0
p3503,1.0,0.741741767775305,9.41068997811297,0.0,2.797487105387681,11.177247716836565,8.379760611448884,0.0,0.0,1,9.41068997811297,0
p3504,1.0,0.6553444650008745,15.697104285874492,0.0,5.063702284821373,12.06156976084684,6.997867476025467,0.0,0.0,1,15.697104285874492,0
p3506,0.0,0.3378991485652074,20.0,1.4812502248115464,11.748736353334877,11.557149620387486,-18.651291330994965,0.0,2.237197281353184,0,23.704615123566775,0
p3507,4.0,0.11662833786390105,20.0,1.2518367541204314,13.89278234062133,12.903471980614631,-9.643922975648527,0.0,1.417112193856592,0,21.72553673683302,0
p3508,4.0,0.40154750172134807,0.40137623161950875,1.0077436132005624,7.894953279705292,9.194831142407025,-20.768614622809157,2.5096498144816777,0.0,1,0.40137623161950875,1
p3509,1.0,0.39673203798776063,20.0,1.8617638625343305,7.718972654178111,10.196788464698678,48.48182664305826,4.692748969751132,0.0,1,20.290471208770597,0
p3510,3.0,0.5384204969782155,3.9931683701065706,1.0371409055703857,8.419558199922768,10.849661991818584,-10.77732431266182,1.9262656444008828,0.0,1,3.9931683701065706,1
p3512,2.0,0.3699674957664914,8.813190572031461,1.0606495100240616,9.9339465389742,8.268504770995488,-0.1038972144796051,2.866872150015851,0.0,1,8.813190572031461,1
p3513,4.0,0.3618216177939427,1.353662458613641,1.0157929566108732,10.44474006766112,13.16559361021699,-30.4404499221928,2.8074413099036195,0.0,1,1.353662458613641,1
p3514,2.0,0.4464380843237153,3.1083204436624876,1.0588499201729427,12.563882521565143,10.493716922200806,-19.586651639286224,2.3717732813430032,0.0,1,3.1083204436624876,1
p3515,3.0,0.269732629719012,15.43287836343853,0.0,12.387171738231482,14.38346435235984,1.9962926141283592,0.0,0.0,0,15.43287836343853,0
p3516,2.0,0.83409754092354,20.0,3.3387745843007264,8.652083791548888,8.968611045104529,-228.05943795193429,0.0,20.124925229480628,0,20.446839329877864,0
p3517,2.0,0.5542042070002966,1.2523445850058026,0.0,8.67199648658256,9.421927503494535,0.749931016911976,0.0,0.0,1,1.2523445850058026,0
p3519,4.0,0.41665083118050356,9.383259411767883,1.6310158111263984,7.088535559499157,11.718685872604613,-1.7857856053311885,0.0,2.7959512043653523,0,9.383259411767883,1
p3521,0.0,0.5950665585026845,5.293194384315862,1.2252107339983562,6.773870222377252,11.524309048418033,-8.079098411679997,2.058947384106494,0.0,1,5.293194384315862,1
p3522,3.0,0.19245920605419697,19.398562701792184,1.2091815767995924,10.801014198647021,12.316397735934284,46.011168260411125,6.282794165009098,0.0,1,19.398562701792184,1
p3524,4.0,0.5110048475123953,6.280782151802563,1.2027036689764883,9.121319286375611,11.887064228879689,-10.429229735802142,2.3536052051782437,0.0,1,6.280782151802563,1
p3526,1.0,0.8169420246026546,1.0104358954293189,1.0976890711072618,2.3068868188494474,6.869926492580893,-3.3101001538804358,1.3436560221530496,0.0,1,1.0104358954293189,1
p3527,3.0,0.6166053735090956,20.0,2.1945851009573194,11.742277641368075,10.94698581302046,-48.06323249294034,0.0,5.7240893568167515,0,22.972579393026283,0
p3528,2.0,0.7136453049066555,16.66763313121162,0.0,8.507705435300146,8.361073724928637,-0.14663171037150846,0.0,0.0,0,16.66763313121162,0
p3530,3.0,0.5849004313427935,7.056115953138857,1.2501239136950786,6.285874452711764,10.585449522326485,-3.243767451297953,2.137327734269385,0.0,1,7.056115953138857,1
p3532,2.0,0.6514279892654034,12.615438518991036,1.390532393874094,6.332177808185208,11.179291917441349,7.912699875779621,2.134591108745815,0.0,1,12.615438518991036,1
p3534,1.0,0.5952186909652512,20.0,1.3208021394476837,10.570409451666611,13.832224155786376,16.948232241613873,2.2190199324987128,0.0,1,28.96059069023865,0
p3535,0.0,0.7075507410276696,19.019044600104255,4.120778297501097,7.799733028672919,6.997513714052732,-158.88877353916473,0.0,14.090575274430691,0,19.019044600104255,1
p3536,3.0,0.8647822967867026,10.473575903563892,1.6435045488845612,1.841257261174144,8.21426584688471,10.666790233750852,1.90048357256084,0.0,1,10.473575903563892,1
p3537,3.0,0.6184674944744111,1.470408586860357,1.0383837800363196,9.490812480582608,10.513489483048982,-14.160317428208737,1.6789625797856422,0.0,1,1.470408586860357,1
p3538,3.0,0.7162805546635573,4.184104360947881,1.099825475807723,7.388116331005872,8.386506813270117,-5.4542616895258895,1.535467448679128,0.0,1,4.184104360947881,1
p3540,1.0,0.3025720614416876,16.343064871095038,1.2055047974020598,9.557464377620082,10.03144944323726,25.620664641337918,3.984190713637279,0.0,1,16.343064871095038,1
p3542,1.0,0.6370201076408343,10.284915172479662,1.3953010849601226,5.1753259912245335,10.213995742273132,-14.602680853715167,0.0,3.8440175732364903,0,10.284915172479662,1
p3543,2.0,0.6435338441257443,8.704862199362388,1.4868440101094185,7.804019394021017,9.908365510365343,-1.6531290523347,0.0,4.171066412918893,0,8.704862199362388,1
p3545,1.0,0.7077980331826683,3.2828461985421367,0.0,3.7404473795475828,10.633539693386204,6.893092313838622,0.0,0.0,1,3.2828461985421367,0
p3546,4.0,0.5900933006096636,0.5438763782343807,0.0,13.599506848788586,9.495884126627029,-4.103622722161557,0.0,0.0,1,0.5438763782343807,0
p3547,0.0,0.6478466204031319,1.965814666687503,1.0629342437498692,8.858695246374962,11.96120607325296,-13.297117528226151,1.6407189761805705,0.0,1,1.965814666687503,1
p3548,1.0,0.3172218751716057,0.9302691783415635,1.0251078099150395,13.77498232475939,15.849391391833162,21.359174181393556,0.0,1.501377640317174,0,0.9302691783415635,1
p3549,4.0,0.5373264806758583,4.873586710166636,1.2517288895055343,10.671746372006623,11.64349295602246,-14.799088340261187,2.3295499747771387,0.0,1,4.873586710166636,1
p3550,2.0,0.6901611266907091,20.0,1.3673995710547775,10.259879116786404,10.261499035068242,19.29627666896824,1.9812758472958274,0.0,1,27.956005409585604,1
p3551,4.0,0.7581803263774219,5.400205458038281,0.0,6.660999198950234,11.150513815360066,4.489514616409831,0.0,0.0,1,5.400205458038281,0
p3554,3.0,0.24646215905706126,20.0,1.5668923505971388,12.009537907866045,13.704354241264124,-14.92039958493453,0.0,2.079381107969853,0,30.30182653678435,0
p3556,0.0,0.615851049235355,1.0926775914227558,1.048378106384157,7.117650501379417,11.90885281095785,-13.621433844982926,1.7023241377697262,0.0,1,1.0926775914227558,1
p3557,4.0,0.7912929842627984,18.025216080877314,0.0,4.8204983100638845,5.24562619924192,0.4251278891780359,0.0,0.0,1,18.025216080877314,0
p3558,4.0,0.37545874941215995,0.6485922313582764,1.015535649841782,8.499970774170151,11.410617019763755,15.677384716628914,0.0,1.626050559328026,0,0.6485922313582764,1
p3559,1.0,0.6909201126367527,2.2426588446758844,1.0687168371173925,8.207308132495088,7.6303256352825235,-8.910638019159599,1.5468023257259906,0.0,1,2.2426588446758844,1
p3560,4.0,0.7238918159642599,6.980181071469281,1.9579825981846108,6.278382927191644,11.597806202030391,0.342719818066171,0.0,7.091360239909314,0,6.980181071469281,1
p3564,1.0,0.26488378182190925,20.0,2.2147565838958636,14.751830680571643,9.832417705241701,-20.73108637632177,0.0,3.012797880292871,0,21.336799906164817,1
p3565,2.0,0.5896264538211166,4.201974882028084,1.2356276591026585,11.673897731342786,9.504101677979985,20.328034582313457,0.0,3.0109827268545315,0,4.201974882028084,1
p3567,0.0,0.616508908153253,4.834133957720007,1.096269172836018,11.761821937945436,5.259801247766709,-7.258937454545817,1.7781886982296538,0.0,1,4.834133957720007,1
p3568,3.0,0.36802784161294017,1.9261735663278603,1.040866419112304,13.917914306378083,9.790951151102481,15.62359084836226,0.0,1.6470130927426259,0,1.9261735663278603,1
p3569,3.0,0.5218916583137166,6.556409761522881,1.4669896310685788,1.6038384180142196,11.133740536271832,-3.336555272964752,2.8109083709223612,0.0,1,6.556409761522881,1
p3571,2.0,0.3737673709016992,5.946572242641659,1.0688649870796354,11.89536373094595,10.135354380616656,-13.738696936099233,2.8597065187927995,0.0,1,5.946572242641659,1
p3572,0.0,0.3103139880926045,20.0,1.1828537342001941,10.959373779581748,10.452785444446198,35.88544947682797,3.8117963726701376,0.0,1,24.234642060115966,1
p3573,3.0,0.6045734344109038,12.47054543494109,2.2619858851271712,6.3500612429435535,9.507540061400904,14.243437861686829,3.7414576234750534,0.0,1,12.47054543494109,1
p3574,2.0,0.7326773547799694,14.953874812599167,2.5495569725031415,10.951347197544854,12.154260175318315,-36.970703702544554,0.0,9.537377465364473,0,14.953874812599167,1
p3576,2.0,0.2098048180255095,20.0,1.148965993731436,11.773719216558579,9.83641075026367,53.722130302082654,5.476356570570925,0.0,1,26.030055676961002,1
p3579,2.0,0.7018098180095286,3.4723854118231756,0.0,6.377308341407868,12.064540455268514,5.687232113860645,0.0,0.0,0,3.4723854118231756,0
p3580,1.0,0.5394675307408312,9.260390497391214,1.1320982218261026,10.951111854002109,10.179493331968938,-2.700399450278976,2.098547470079308,0.0,1,9.260390497391214,1
p3582,1.0,0.527417202584037,0.539389986465037,1.0073542726222007,12.256407011851769,13.499246083903936,26.218752768972745,0.0,2.131593189871312,0,0.539389986465037,1
p3583,2.0,0.3972904412879178,8.175291144819248,1.2860209644255614,10.012322375005676,9.015144284038831,2.922555120785296,0.0,2.133732484969433,0,8.175291144819248,1
p3584,4.0,0.1542396816938547,20.0,1.3877398085337074,13.048815587468443,9.167948167913623,-15.286504592327985,0.0,1.640819246891385,0,23.321131543115005,1
p3585,3.0,0.19823961905090484,10.010632963657672,1.2255948895142694,14.46187904362755,11.564770914804749,3.9071997132828056,0.0,1.5286298982040671,0,10.010632963657672,1
p3586,2.0,0.13209002844265158,18.07391453582299,0.0,11.435876019854392,10.467882567844068,-0.9679934520103242,0.0,0.0,0,18.07391453582299,0
p3588,0.0,0.626723657412004,9.42242557122277,1.3888621479973733,7.141642417139966,10.143847269560935,1.4034854204733425,2.2160678499556696,0.0,1,9.42242557122277,1
p3591,3.0,0.5535429141073175,18.96354857806284,1.5698304431675993,8.615506531817013,11.058668952917078,24.861154538551787,2.8359688167975543,0.0,1,18.96354857806284,1
p3593,0.0,0.5657418019061548,9.040718407037446,0.0,9.181094076420075,8.443047619802599,-0.7380464566174769,0.0,0.0,0,9.040718407037446,0
p3595,1.0,0.7830823583196741,9.866201780187396,1.2970155065468825,8.499321884349138,10.306069549782165,1.078196815151059,1.6562951428633867,0.0,1,9.866201780187396,1
p3596,4.0,0.5107380635199609,11.109507614349896,1.8882255240558974,7.526016350714681,7.2500123226403606,-14.105895880908843,0.0,3.859334608452487,0,11.109507614349896,1
p3598,3.0,0.6842692327364833,20.0,1.2293595663915342,6.820594909473443,10.59465803170672,20.67172060957195,1.796602137838585,0.0,1,32.00790898514477,0
p3600,0.0,0.25728707748447477,10.976039202884923,0.0,11.762231786277297,8.824892644534428,-2.9373391417428696,0.0,0.0,0,10.976039202884923,0
p3601,1.0,0.2669182180162758,19.20092221083034,0.0,11.535914444550398,10.075011529420257,-1.4609029151301414,0.0,0.0,0,19.20092221083034,0
p3602,1.0,0.08404547290273524,19.20726057733144,1.2390260968681794,12.976307224725508,8.746745326884671,-12.65827051148057,0.0,1.3527157301080819,0,19.20726057733144,1
p3606,3.0,0.5091821648646464,18.239848045803484,0.0,10.73422730955009,12.36431496960674,1.6300876600566507,0.0,0.0,0,18.239848045803484,0
p3609,2.0,0.42374974926204706,20.0,1.2558269780120637,11.805116242848827,8.37965612657261,31.012651895450094,2.963605241534809,0.0,1,23.548383018000475,0
p3610,3.0,0.42556927740986494,20.0,1.8071697283846857,9.303998870221047,9.68582287531397,44.180729758758865,4.246476012985787,0.0,1,32.881746088075346,0
p3612,0.0,0.3090881481006547,18.69945009821044,0.0,9.337850901526505,11.38087610258049,2.043025201053986,0.0,0.0,0,18.69945009821044,0
p3614,0.0,0.2425544649297478,10.454647047762567,1.1949244230540428,12.142244933870927,15.336045766638353,5.856107014581834,0.0,1.5775714130300007,0,10.454647047762567,1
p3615,0.0,0.6405271849654955,0.7850291691831772,1.0359410615404974,9.260952433367898,6.589593985405388,-12.059230155268395,1.6173256746258198,0.0,1,0.7850291691831772,1
p3616,1.0,0.36954810735500554,0.10745486738222437,1.0040378916646826,9.709212873567324,8.990941884826741,14.573187371958046,0.0,1.5925686057541162,0,0.10745486738222437,1
p3617,1.0,0.4772094972867769,8.035883928050666,1.0895568324151155,12.694516498953044,7.33561202698156,-3.760055248106074,2.283183462629938,0.0,1,8.035883928050666,1
p3618,3.0,0.49251038970147204,15.021958084609627,1.226653271792098,6.159866884290006,8.060474458647894,19.23897615474269,2.49061400011402,0.0,1,15.021958084609627,1
p3619,3.0,0.3545132699744021,4.3162767637063375,1.055574481639516,13.877501016052221,11.155635024547767,-23.086271677801953,2.977531649846943,0.0,1,4.3162767637063375,1
p3620,1.0,0.7043645159601176,6.342206074753835,0.0,3.888552287456235,12.725984550076815,8.83743226262058,0.0,0.0,1,6.342206074753835,0
p3621,4.0,0.6546359674324354,3.677162408125694,1.2939141348405736,1.8823320351832062,10.770340491716107,2.1636359967657324,0.0,3.7465225467201515,0,3.677162408125694,1
p3624,0.0,0.9051579781247223,16.874766213723518,0.0,6.062242548462144,6.258244748536996,0.1960022000748527,0.0,0.0,1,16.874766213723518,0
p3625,2.0,0.3697017453455022,20.0,1.2144741156626964,12.618191173314235,12.234031698818148,25.127127944577783,3.2850105009045008,0.0,1,32.25373365591551,0
p3627,0.0,0.11111593976844239,5.595478308133707,1.0590663669827318,17.207998818433282,11.934449486749735,8.56225947464339,0.0,1.1914561351306503,0,5.595478308133707,1
p3628,1.0,0.41726084803198316,9.193483196484166,1.6038749075858185,12.47690793111842,10.322250960368633,6.882323855133585,0.0,2.7523033284604943,0,9.193483196484166,1
p3629,0.0,0.2651783353953859,5.207438101310835,1.0483644571190984,11.192108551567276,10.07270936594434,-20.353917195850265,3.953431774718577,0.0,1,5.207438101310835,1
p3630,1.0,0.2619775633312655,3.262696344125942,1.0567930794323188,11.207349218909764,12.247101786238266,12.415902883924021,0.0,1.4319254089380298,0,3.262696344125942,1
p3631,4.0,0.6054371449043859,20.0,2.3774037664358123,10.93754949409343,8.835517623711072,41.738163061640336,3.92675571105117,0.0,1,30.9801020935569,0
p3632,3.0,0.4837797269175807,4.177885517197984,1.1311421584106636,6.712838424139006,13.643337201570011,12.48508904081814,0.0,2.191200573461528,0,4.177885517197984,1
p3633,3.0,0.4467735796480419,1.44596421311912,1.0533105054070373,8.904989022097867,11.717494873587938,17.014049563720384,0.0,1.9039410748621328,0,1.44596421311912,1
p3635,4.0,0.6123961288820897,4.258985284651318,1.1223286837603252,2.472707737341937,13.814252335262367,-6.1702419502200865,1.832684157898094,0.0,1,4.258985284651318,1
p3636,4.0,0.6010978966113951,12.350297975824091,0.0,5.076236868423091,9.56733409217179,4.4910972237486995,0.0,0.0,1,12.350297975824091,0
p3637,3.0,0.2548631851820999,0.5244076186340976,1.0159262540819045,11.993406344927497,10.921234986850166,14.564764949949367,0.0,1.3634090194968842,0,0.5244076186340976,1
p3638,0.0,0.6035692819269514,6.516437592743841,1.0489899216718614,10.16000213454705,12.022784698007653,-7.707125633669673,1.737977649099144,0.0,1,6.516437592743841,1
p3639,4.0,0.5443068047837197,15.20454641972271,0.0,5.036499250704988,11.508959191935823,6.472459941230834,0.0,0.0,0,15.20454641972271,0
p3640,3.0,0.7923892785856916,5.227225003025838,1.195844672089558,5.133412410825052,8.02487553720032,-1.330647868907791,1.5091631151597356,0.0,1,5.227225003025838,1
p3641,3.0,0.8932257821252934,7.44412681854594,1.2101922782619836,5.296444023271953,8.471448734061774,1.7831314864316599,1.3548559641690114,0.0,1,7.44412681854594,1
p3644,4.0,0.2300433495483091,20.0,1.2566610727033853,5.960876910206702,10.560475954340015,56.16502111053995,5.462714202218163,0.0,1,27.808182312850775,1
p3645,1.0,0.25417590391954054,1.9671702414418912,1.0462732630360443,6.734252630236372,10.19170480671785,10.144914907033419,0.0,1.4028418611500217,0,1.9671702414418912,1
p3646,3.0,0.29793621686950733,20.0,2.493691806768938,10.125039067051064,12.197175381771794,-33.003179863611514,0.0,3.5519448042877255,0,25.44053474826491,1
p3647,2.0,0.38034902736760273,1.7736125074100084,1.0240940044171634,11.804058550787246,10.067050606850174,-24.067182658523404,2.6925111692934314,0.0,1,1.7736125074100084,1
p3648,2.0,0.7388103674493062,0.5638299660181506,0.0,8.002990910010789,8.854206536708107,0.8512156266973179,0.0,0.0,0,0.5638299660181506,0
p3649,3.0,0.7531671810387498,5.816637240523576,1.4867651873833372,-0.24073616802794887,8.556126188526791,3.3890632627396977,1.974017488830072,0.0,1,5.816637240523576,1
p3650,2.0,0.2767486945256614,3.0496970801003354,1.0527894964865372,11.773336673034086,11.462607118010691,12.387700527382592,0.0,1.4556344226659552,0,3.0496970801003354,1
p3653,4.0,0.3594896200296356,8.05181026137948,1.1603279191959155,12.909480595930782,10.266992820475942,6.1575109250977285,0.0,1.8115677051941022,0,8.05181026137948,1
p3654,2.0,0.16230538717709048,20.0,1.4028414951128936,11.117449214951893,7.787634709040684,-18.204938009119576,0.0,1.674645477766081,0,22.79775523421829,1
p3655,4.0,0.7872861832609467,9.820242246649121,0.0,5.135768421716203,7.214411980378387,2.0786435586621836,0.0,0.0,1,9.820242246649121,0
p3656,2.0,0.56506484702465,1.5944695217493041,1.0752979694469718,4.186401793912369,8.347554106754773,-8.689723440614708,1.902963836998453,0.0,1,1.5944695217493041,1
p3657,4.0,0.6317590513455079,2.2972729379057086,1.102578057148462,2.06951252336687,9.350655203368765,-5.028779113784164,1.745250906655335,0.0,1,2.2972729379057086,1
p3659,0.0,0.38962024811222934,17.011697256014685,0.0,12.187635986473994,9.906714223743457,-2.2809217627305376,0.0,0.0,0,17.011697256014685,0
p3660,4.0,0.7973698110872626,0.007804627674607998,0.0,7.255835786248474,9.542246280009623,2.2864104937611494,0.0,0.0,0,0.007804627674607998,0
p3661,4.0,0.6988315879195179,20.0,2.4345454631234484,5.090376106483327,6.426337350373698,48.62303211027153,3.4837370050362217,0.0,1,34.42681582780996,1
p3662,1.0,0.7232544887627518,7.09760140344167,1.5012401189580749,0.885869304894111,10.155825106651706,2.922082145471917,2.0756734210197547,0.0,1,7.09760140344167,1
p3663,3.0,0.18266030445173204,20.0,1.8722860797267311,13.60219925526526,11.0996655955125,-17.158023097589293,0.0,2.290707388769133,0,37.64963892524762,0
p3664,2.0,0.39565309987099917,5.872362562038384,0.0,6.277805770266514,7.54043563473984,1.2626298644733254,0.0,0.0,1,5.872362562038384,0
p3665,1.0,0.7713336987916978,8.474065799617641,0.0,7.040194225737836,7.638397102372377,0.5982028766345406,0.0,0.0,1,8.474065799617641,0
p3666,0.0,0.3780717944469279,2.028299242679403,1.028140740426636,6.642341596898163,7.446835226292222,-13.930849445774408,2.7194325404006356,0.0,1,2.028299242679403,1
p3667,3.0,0.5611807703198397,10.023757045794675,1.3165252906186993,11.095933852339455,10.973108300219929,-2.349995480659838,2.3459914527512375,0.0,1,10.023757045794675,1
p3668,0.0,0.7236497575856645,3.980469349978023,0.0,3.933477230802558,8.258681626800175,4.325204395997618,0.0,0.0,1,3.980469349978023,0
p3669,2.0,0.4943915045361178,19.339571791977043,1.9500519769102689,9.117060387413058,12.85661929575966,-35.687050320536045,0.0,3.856841794402898,0,19.339571791977043,1
p3670,3.0,0.49183555469089796,4.936845333776082,1.1041821152409497,11.065861190820012,10.775958048063218,13.027734003737349,0.0,2.1728834542316453,0,4.936845333776082,1
p3671,4.0,0.09267703176133785,20.0,1.2267632051838842,15.73521222447047,11.404832565234734,109.44360458443668,13.236971252413955,0.0,1,23.79802037612247,1
p3675,0.0,0.7898779209948245,2.3137409998203324,0.0,7.554618043600786,7.591474196743313,0.036856153142527326,0.0,0.0,1,2.3137409998203324,0
p3676,3.0,0.5502109259508097,1.557091978414723,1.023045296826897,8.768780306258439,7.1903816600586286,-12.052764462382317,1.8593692865313256,0.0,1,1.557091978414723,1
p3679,4.0,0.451860186404786,10.347081533005536,1.1770313743534062,8.051157046562391,8.886804743968579,4.639460575040019,2.6048574531835307,0.0,1,10.347081533005536,1
p3681,4.0,0.586194501379078,4.834740265134571,1.2177892890884545,4.9745811128943345,12.489353800319092,-8.38729796204231,2.0774491849095993,0.0,1,4.834740265134571,1
p3682,2.0,0.24764928447944337,17.770909533420173,1.5430932000054733,13.185191194133925,11.236085056072552,-11.354547829702401,0.0,2.0510290854682003,0,17.770909533420173,1
p3683,3.0,0.49587401554576577,7.600188753665778,1.1574232835012246,8.050595418130834,9.537643418072722,-3.0351795599042797,2.334107549933522,0.0,1,7.600188753665778,1
p3684,2.0,0.271798743165601,2.6155955963002167,1.0455253546827228,13.914782259800765,13.104374052679743,15.412560420175982,0.0,1.435764282017007,0,2.6155955963002167,1
p3685,0.0,0.5833197208607495,11.624793990255148,1.2996227869698203,6.395830190794426,6.039889609817856,12.087096635652301,2.2279767689871526,0.0,1,11.624793990255148,1
p3687,3.0,0.33672361677629464,20.0,1.5514611775801037,10.647551828504392,10.238993384565665,44.56548573785048,4.607521124990858,0.0,1,26.220404031334724,0
p3688,0.0,0.5158435262057102,2.9834169940671904,1.077132694609238,10.65653848090424,11.074838339867657,17.489165313697555,0.0,2.22476152423998,0,2.9834169940671904,1
p3689,4.0,0.651021957190876,1.6743262436836541,1.0817429402910237,8.704568646202004,13.556769785656419,26.64415981468371,0.0,3.0997449913566353,0,1.6743262436836541,1
p3691,1.0,0.5219202736303835,5.104708532261053,1.2937504384846337,6.465357062870177,10.603823351779079,-9.492891925137346,2.478827713446612,0.0,1,5.104708532261053,1
p3692,1.0,0.35017543710786064,8.765697613024427,1.1337111331798988,10.37092111611407,8.386984841872923,-0.7578340425200147,3.2375518469923246,0.0,1,8.765697613024427,1
p3693,4.0,0.17975411280221146,15.542479010631833,1.2972457036978828,11.904160147380718,12.915840655838458,-4.7424397958326425,0.0,1.5815327134765307,0,15.542479010631833,1
p3694,2.0,0.8109739790801772,2.154727006980814,1.0492560873301369,6.491340126264846,12.597528516262201,-7.404939383573974,1.2938221378202837,0.0,1,2.154727006980814,1
p3695,3.0,0.46894124694990424,10.515707256654638,1.3011698503093139,9.280843029987441,9.666914953092574,2.7412133438117894,2.7746969556898766,0.0,1,10.515707256654638,1
p3696,2.0,0.5480595147128993,11.84572235108492,0.0,12.261415960150467,11.786330114622949,-0.4750858455275182,0.0,0.0,1,11.84572235108492,0
p3699,0.0,0.6098612782494937,14.017593267210133,1.1374461583400595,11.110154829038576,13.682593831907202,3.1972430924562314,1.8650899785028348,0.0,1,14.017593267210133,1
p3700,3.0,0.5348061506108637,9.470846464845796,1.151143563002465,13.007861827828055,13.646680788636845,-8.349456130093225,2.1524501198941173,0.0,1,9.470846464845796,1
p3701,3.0,0.22896002686152103,16.33137161161025,1.3130033381757096,13.828170587696565,8.940080860955959,-9.150788698293447,0.0,1.7028991802217417,0,16.33137161161025,1
p3702,2.0,0.25436633955724647,20.0,1.7284645019544145,13.129662510837843,11.478021381493969,-17.577872865464816,0.0,2.3181149050165746,0,24.664130991650566,0
p3703,4.0,0.614582916693937,2.851831564913488,1.0473903914499292,7.266756222510339,6.782588641141224,-7.183080097375537,1.704229588879918,0.0,1,2.851831564913488,1
p3704,3.0,0.6257179851413059,20.0,2.8871770718203016,11.501053791115934,10.904495176045215,-66.15664874707501,0.0,7.713908115275918,0,22.3513143103373,0
p3705,0.0,0.4098161468785934,9.37146492698483,0.0,11.928355470939188,16.599813234010355,4.671457763071167,0.0,0.0,0,9.37146492698483,0
p3707,3.0,0.7501148131459825,15.73668771617408,2.1980962696077944,9.340116720056296,11.207524998927129,15.139424107319408,2.9303464364194807,0.0,1,15.73668771617408,1
p3708,0.0,0.15705997451909556,9.664253465685567,1.284050587824453,9.911775820363536,10.965101457634558,1.4303764539558907,0.0,1.5233000557683702,0,9.664253465685567,1
p3709,4.0,0.7068319209648533,0.9845153088416354,0.0,3.6877436471825114,11.825736768689346,8.137993121506835,0.0,0.0,0,0.9845153088416354,0
p3710,3.0,0.6106542912179049,20.0,1.8581143077679327,5.045195878340094,9.594889925502782,36.21062590561821,3.042825268716381,0.0,1,21.27342449237445,0
p3711,0.0,0.5486339402117204,3.029228985956072,1.0477924161671968,10.151656761352672,6.753069708279201,-10.510454879477034,1.909820627872291,0.0,1,3.029228985956072,1
p3712,1.0,0.8173990161550114,2.607209457428835,1.1293997673754361,10.21525038578403,10.863069919987288,-10.759298289057423,1.381699445502216,0.0,1,2.607209457428835,1
p3714,1.0,0.4184175476840783,7.882084505891493,0.0,10.48323980851485,4.97104154137099,-5.5121982671438605,0.0,0.0,1,7.882084505891493,0
p3715,3.0,0.32480401959786115,10.595239835567275,0.0,13.041411882839697,9.339492203649938,-3.701919679189759,0.0,0.0,0,10.595239835567275,0
p3716,1.0,0.36559753582462096,2.966312339444565,1.0375163276959334,10.570511309888438,10.895143492690103,-22.17631756370488,2.8378646627247384,0.0,1,2.966312339444565,1
p3719,0.0,0.2898618827620187,2.6124859977903836,1.082462095554657,12.27500759744279,9.749193212308533,12.20274774272679,0.0,1.5242979770819745,0,2.6124859977903836,1
p3720,3.0,0.48129824617422745,4.632415938127784,1.0553531372627476,8.301948014770913,5.541077926159171,-4.75331300192581,2.1927217596398956,0.0,1,4.632415938127784,1
p3722,2.0,0.49512219672570357,4.996277423054907,1.2802550306138247,10.811763681820304,10.254572600277072,14.189556527412337,0.0,2.5357720666485144,0,4.996277423054907,1
p3725,2.0,0.752567089350941,0.9523212566280412,0.0,8.764411821505616,9.333013746796674,0.5686019252910572,0.0,0.0,0,0.9523212566280412,0
p3726,2.0,0.402561140964299,14.323941889611058,1.2255401888469108,11.138661257991489,7.073802169249422,18.007161029182036,3.044357897812093,0.0,1,14.323941889611058,1
p3727,2.0,0.3691300663476525,20.0,2.3669725277842475,9.543626597319097,10.762818161934154,-38.01226846251393,0.0,3.751918424897724,0,39.95555840518479,0
p3729,2.0,0.18866105857826204,3.297936261480634,1.0214679879385764,14.515306526505073,12.338387648107362,-51.124654874076796,5.414302218148755,0.0,1,3.297936261480634,1
p3730,4.0,0.45010407282558357,17.48651690806181,1.2974475019872083,7.490548125149214,9.618072791582756,24.80870837437938,2.8825500152494117,0.0,1,17.48651690806181,1
p3731,4.0,0.2280584686455069,3.0982775047010445,1.032750110767453,14.011334747561623,12.603880863681114,-44.45305083190486,4.5284444682155405,0.0,1,3.0982775047010445,1
p3732,0.0,0.4094052409270461,12.500180413263402,1.3695203818486796,11.102543380133314,11.372099688613323,-2.9714010042849925,0.0,2.318883398150013,0,12.500180413263402,1
p3733,1.0,0.5402695905623526,2.7061278608914887,1.0935274345342156,8.095940645902392,8.346315758956464,13.070732492985172,0.0,2.3786275871370854,0,2.7061278608914887,1
p3734,4.0,0.5275461080875208,20.0,1.9319692652679041,6.138777825344258,11.941366612712722,35.31476181948924,3.662180870354155,0.0,1,33.56068813018475,0
p3735,1.0,0.2972704645547835,4.9392602730924695,0.0,11.413669284064698,8.808516078391646,-2.6051532056730515,0.0,0.0,0,4.9392602730924695,0
p3736,1.0,0.3891501782111596,10.145836911664373,0.0,10.519688783981362,8.526679607421064,-1.9930091765602977,0.0,0.0,1,10.145836911664373,0
p3738,4.0,0.23690675234490333,4.023125591930472,1.0633293457736108,10.236559191361213,16.441768547187355,14.863294464812276,0.0,1.3934461470352506,0,4.023125591930472,1
p3740,1.0,0.3043743841566402,18.57829900025595,1.4033791384950667,10.879340263107414,13.726731377282034,-12.684754099812924,0.0,2.017434531639039,0,18.57829900025595,1
p3741,0.0,0.7634733668639625,5.065010955488154,1.1312285546806569,7.129700529744901,9.195123147203558,-4.054110883093252,1.4816869897207847,0.0,1,5.065010955488154,1
p3742,3.0,0.6954415537049151,20.0,1.6606005154892987,7.5316764041850135,9.85547087213716,26.54726833053531,2.3878361979415357,0.0,1,28.995240496313954,0
p3743,2.0,0.562106444218916,5.891187038512059,0.0,8.032246545231308,9.858599040302845,1.8263524950715375,0.0,0.0,0,5.891187038512059,0
p3744,0.0,0.3402738324120356,5.935127049853213,1.138347314250216,12.829640536922863,13.412415462563427,12.479151477994264,0.0,1.7254845573461883,0,5.935127049853213,1
p3745,4.0,0.4303687413754997,20.0,1.6128160997341874,13.282167752352175,15.123506269255216,-17.179085380624116,0.0,2.8313335606418195,0,30.38914330476384,0
p3748,0.0,0.43219581967907006,20.0,1.5907969527906107,12.128111859515975,7.168691296736221,42.2691870637927,3.680731928346433,0.0,1,33.28759090878316,1
p3749,1.0,0.5658950076439436,2.391530945613458,0.0,10.924706937987935,10.351888611623908,-0.5728183263640272,0.0,0.0,0,2.391530945613458,0
p3750,3.0,0.5197340452717064,9.181561114701331,1.4553790388626249,6.153156254218352,6.777044547496409,7.357107027637665,2.8002380296287543,0.0,1,9.181561114701331,1
p3753,3.0,0.6798737247414856,2.48334046503189,0.0,4.258381517570444,9.482218576511434,5.2238370589409895,0.0,0.0,1,2.48334046503189,0
p3754,0.0,0.5919986687158209,3.45303210784723,1.2562207433224426,4.8570282850614985,8.452076364778039,7.917899467996722,0.0,3.0789623635994112,0,3.45303210784723,1
p3755,0.0,0.5529129458932978,15.168088285397701,0.0,13.05139228319872,8.877425845071944,-4.173966438126776,0.0,0.0,0,15.168088285397701,0
p3756,4.0,0.5784416689058145,1.372787942738505,0.0,2.065568497957745,8.893963116753087,6.8283946187953415,0.0,0.0,1,1.372787942738505,0
p3757,4.0,0.74229153493555,0.10226464766338969,0.0,10.307333018241806,11.04398759355163,0.7366545753098244,0.0,0.0,0,0.10226464766338969,0
p3758,2.0,0.7992610996242355,1.6848183664025222,1.0778948588249508,3.304436670519076,7.686656280214468,-3.711944154611496,1.34861418794398,0.0,1,1.6848183664025222,1
p3759,0.0,0.5115602512932138,19.260615934180287,2.1439697977648375,12.388935564555085,8.923155462187523,-33.62850787253124,0.0,4.389425314875178,0,19.260615934180287,1
p3760,4.0,0.38925447866238316,19.696573492874336,0.0,10.873501755985505,11.780296403256287,0.9067946472707824,0.0,0.0,0,19.696573492874336,0
p3761,3.0,0.3380789558363797,1.1839894583899448,0.0,10.374511124450395,11.212888570561368,0.8383774461109734,0.0,0.0,0,1.1839894583899448,0
p3762,0.0,0.09197921034153529,18.92051059141432,0.0,12.130191437376903,10.666057175422027,-1.4641342619548752,0.0,0.0,1,18.92051059141432,0
p3765,2.0,0.697230198067056,13.777348674112847,1.7431316349583255,5.688517379393242,9.985003300204749,13.777654708786603,2.5000805183006145,0.0,1,13.777348674112847,1
p3766,1.0,0.2606384316665425,20.0,1.3908957965431947,9.722247258545824,10.87274016216809,49.8580732141109,5.336495418767288,0.0,1,22.918425098672195,0
p3768,0.0,0.5874513870985542,8.182471056902012,1.4253296268421989,6.073266703646124,9.338244970460233,0.4607312480739578,2.426293746418676,0.0,1,8.182471056902012,1
p3769,1.0,0.8344988148355423,0.6224935426692748,1.0353299341254572,8.674799466247487,10.063015985521485,51.761229577349866,0.0,6.255725196751039,0,0.6224935426692748,1
p3770,0.0,0.2512118129523404,20.0,2.2348850135590332,9.978063959684341,7.993986602099976,-31.896240838233695,0.0,2.9846691657500535,0,21.73454865645234,0
p3771,4.0,0.5577872893686182,10.258938414216486,1.437669926252074,8.560687843120675,6.961815123682005,6.899304073568384,2.5774519313257036,0.0,1,10.258938414216486,1
p3774,1.0,0.8370387351761968,0.6194293285432465,1.0327548820203318,5.061762056699057,8.513006151245289,-6.288006501224642,1.2338197010714644,0.0,1,0.6194293285432465,1
p3776,3.0,0.3561000257807049,20.0,1.834786221886011,9.091008024025557,14.09415988657702,-26.081906335270666,0.0,2.849489509780803,0,24.417324419143966,1
p3777,3.0,0.462341318565768,18.813432923225164,1.1604843499230069,15.055125705909765,11.427979103218592,14.910464532268495,2.5100165252868876,0.0,1,18.813432923225164,1
p3779,2.0,0.6410964821633114,0.26034945999929515,1.0507613055906426,7.2816454262628065,8.472583992237281,21.74717652351499,0.0,2.9276985411682954,0,0.26034945999929515,1
p3780,4.0,0.34114668416225064,1.1019199769379473,1.0207332535917755,6.928793991536931,11.287871152673587,-26.11795681639628,2.99206558638662,0.0,1,1.1019199769379473,1
p3781,2.0,0.3662902889776925,3.4242743565249087,1.028385871531766,13.608734512141558,11.042676259289022,-23.955259976763042,2.807570668613592,0.0,1,3.4242743565249087,1
p3782,2.0,0.5556696214809659,20.0,1.5774319083688926,11.60627970305869,12.176081428338744,-29.229021102116707,0.0,3.5501329295253643,0,23.230426188420388,1
p3783,2.0,0.8297675181992603,2.393457094392555,0.0,5.950918815645113,9.843372891645782,3.8924540760006687,0.0,0.0,1,2.393457094392555,0
p3784,2.0,0.665121609902184,2.1332688319178357,1.0884968761973672,5.274831132954224,9.876738216338213,-8.070575828592217,1.6365381307599474,0.0,1,2.1332688319178357,1
p3785,4.0,0.24581592449332756,11.849187066180798,1.2110854546757708,12.41725562293799,8.960763838424475,-2.544274742692396,0.0,1.6058220983546292,0,11.849187066180798,1
p3786,3.0,0.771469599257839,6.018667893176235,1.0634119747355213,9.208030157676612,8.391772927732264,-4.087401437674309,1.3784236938934906,0.0,1,6.018667893176235,1
p3787,1.0,0.5611323247809638,3.4850497126138245,0.0,4.212191718529258,13.218087068265536,9.005895349736278,0.0,0.0,1,3.4850497126138245,0
p3788,4.0,0.35905149566475336,10.519294903566744,1.2755349438165102,12.891205630703434,11.659121023968456,3.488193224654764,0.0,1.9900739843981985,0,10.519294903566744,1
p3790,3.0,0.6635351539141865,0.664073711074893,1.0298061124356093,9.817868465443905,8.125584824320278,-13.272543868632338,1.5519993271807748,0.0,1,0.664073711074893,1
p3791,3.0,0.637796952824975,2.1995843427358697,1.0423080444073807,7.751561722366017,11.093211732387797,-11.192598438700234,1.63423177202512,0.0,1,2.1995843427358697,1
p3792,3.0,0.25302569868662794,2.2212734186369607,1.0374936293889634,14.770814927170276,8.69468903445106,11.35428549354007,0.0,1.3889281432638096,0,2.2212734186369607,1
p3793,0.0,0.49344152456279294,12.440691405214405,1.3102956550570433,9.196787670868217,10.212434377058619,-7.375236429006527,0.0,2.586662189249003,0,12.440691405214405,1
p3794,2.0,0.8466229141539546,15.566991797412761,1.5314385099376555,2.2041545440204544,10.79056319542796,17.226390606487257,1.808879117650683,0.0,1,15.566991797412761,1
p3795,4.0,0.3827725894107664,2.097271507870999,0.0,5.743521324349534,12.921736255418368,7.178214931068834,0.0,0.0,0,2.097271507870999,0
p3796,4.0,0.2231317944512717,2.2769030451262102,1.0150422530392629,17.405194699704253,9.97759764600508,-42.458599322407125,4.549070451996617,0.0,1,2.2769030451262102,1
p3797,0.0,0.43840922487302614,0.5767592074215273,1.0066860606026362,12.700393765067153,10.26631064144526,-24.683469789582368,2.2962246309807846,0.0,1,0.5767592074215273,1
p3798,1.0,0.5730483452839419,9.503926833993905,0.0,10.29750037153745,10.538552679713465,0.24105230817601608,0.0,0.0,1,9.503926833993905,0
p3799,0.0,0.7026480799567492,4.951636280260537,1.2315821443725412,10.90616797832758,8.468080525400216,22.2245914239166,0.0,4.141833502179517,0,4.951636280260537,1
p3800,4.0,0.6444598098486944,1.670801942623845,1.084342822239801,9.384495810300045,9.885138169559886,24.026220648483083,0.0,3.049845987252081,0,1.670801942623845,1
p3801,0.0,0.5464463457174658,0.18360050315668525,1.0061817069222205,5.9083575019787435,7.896708917781066,-12.213936971931785,1.8413183925699743,0.0,1,0.18360050315668525,1
p3802,2.0,0.6901181425436832,0.6338288196400271,1.0139477994592432,7.90024568701651,13.142914033988879,-13.136154994183784,1.4692379999197922,0.0,1,0.6338288196400271,1
p3803,1.0,0.579026453947867,13.72613271418177,1.8606862857154927,9.689363328394657,9.915048447612058,-17.616674585256895,0.0,4.419960121401706,0,13.72613271418177,1
p3804,3.0,0.5272951437624888,12.491685389130724,0.0,10.06922104844967,9.657671777602829,-0.4115492708468409,0.0,0.0,0,12.491685389130724,0
p3806,3.0,0.4165602252501732,16.773942358518983,1.188787570175779,15.591880570382074,7.973946322574443,17.495663429081105,2.853819203362083,0.0,1,16.773942358518983,1
p3808,3.0,0.6403022499900697,3.1292139315860013,1.1010273973581703,9.301007095423723,7.927312440937191,-9.624232449880797,1.7195432272418938,0.0,1,3.1292139315860013,1
p3809,4.0,0.6194210111279628,0.6762420585106853,0.0,3.4856126455227616,9.996471984068581,6.510859338545819,0.0,0.0,0,0.6762420585106853,0
p3810,4.0,0.7929558285311109,4.384654749543218,0.0,7.881392922339761,7.5135532531471725,-0.3678396691925885,0.0,0.0,1,4.384654749543218,0
p3813,0.0,0.7910981142951952,1.6717315181179362,0.0,3.246488873873458,10.477696070362871,7.231207196489413,0.0,0.0,0,1.6717315181179362,0
p3814,4.0,0.7883871195028717,1.3237539320827387,1.0580750983983083,5.223394883396193,8.02466094482132,-6.191857584902359,1.342075577116851,0.0,1,1.3237539320827387,1
p3816,0.0,0.11819594798915202,17.879974377386038,1.1824185700415497,13.845958158960961,5.775976085689198,-13.479228807438414,0.0,1.3409085242296024,0,17.879974377386038,1
p3818,1.0,0.6326254666342875,10.806335489742185,1.2588404609997395,8.099672653229277,11.063460504569873,2.452143301331726,1.989866876047623,0.0,1,10.806335489742185,1
p3819,2.0,0.5813500487817209,3.2398179176162767,1.2691724743777917,6.947906797477985,11.211358237874999,15.50483418789696,0.0,3.0315839538126697,0,3.2398179176162767,1
p3821,3.0,0.8880570343141815,8.33341928346642,0.0,6.573086072513359,8.273165781866219,1.7000797093528597,0.0,0.0,1,8.33341928346642,0
p3826,2.0,0.3939361539706431,2.762574624007643,1.0261442908742948,11.598165344665354,8.208379409660978,-17.57528638650781,2.6048492389727835,0.0,1,2.762574624007643,1
p3827,0.0,0.7136469673617384,2.3630556620142946,1.0585136603508933,7.879656880446452,7.21529083944316,-7.861422083336535,1.4832455104014286,0.0,1,2.3630556620142946,1
p3830,1.0,0.5684919097788131,10.903818850421711,1.8531058237910165,6.277893352853245,13.070128382365265,-13.073741238912952,0.0,4.294486860816752,0,10.903818850421711,1
p3832,0.0,0.2263240245448575,9.094865609802643,1.327459829825631,14.876076384378495,10.08076185740843,5.123986723776241,0.0,1.7157826686355426,0,9.094865609802643,1
p3833,0.0,0.5962707671161548,5.668771907877534,1.124059285827264,8.520654481414795,11.63781225260442,-8.13537312080494,1.8851490762556449,0.0,1,5.668771907877534,1
p3834,1.0,0.7349450807408693,17.527875360424396,0.0,7.312339298207763,10.973118272568547,3.6607789743607837,0.0,0.0,1,17.527875360424396,0
p3835,0.0,0.8760166579158164,7.1619654867401055,1.484638005972988,7.279068570407955,10.34607371764788,-2.329294171980756,1.6947600168987413,0.0,1,7.1619654867401055,1
p3836,3.0,0.23378599741743747,19.563130755926537,0.0,12.393836584059859,10.67622031706709,-1.7176162669927688,0.0,0.0,0,19.563130755926537,0
p3837,2.0,0.6707497983800206,1.6757930370408491,1.1789899590007666,8.438866472437413,10.160864127225523,25.939433614084777,0.0,3.5808329143001005,0,1.6757930370408491,1
p3838,2.0,0.5949432580856945,12.20196964019745,0.0,3.7236184018271996,9.077934926691405,5.354316524864206,0.0,0.0,1,12.20196964019745,0
p3840,3.0,0.36170838422679,20.0,1.1948610179748693,15.272524428442683,11.463389781736073,24.390551122960538,3.3033821445114615,0.0,1,24.157801557157956,0
p3841,0.0,0.6476221274506873,20.0,1.7960379981569345,8.768296406762689,7.643736488072298,33.1428281800154,2.773280779066173,0.0,1,24.13503372670806,0
p3842,3.0,0.6163490157908701,11.28101611692235,1.2709567186978754,5.245133954350502,10.035485024434129,7.358727217020047,2.0620730886818137,0.0,1,11.28101611692235,1
p3843,1.0,0.6188893200280916,13.561933093650028,0.0,3.2572480530945844,9.941570478656859,6.684322425562274,0.0,0.0,1,13.561933093650028,0
p3844,4.0,0.6056455859857616,8.843372725790221,1.609009277644816,10.083010572496361,11.194757693083924,6.169605547900121,0.0,4.08010971974748,0,8.843372725790221,1
p3847,1.0,0.440684721682201,20.0,1.7607587304468253,11.006317372285325,9.497357663782262,-29.821623101579235,0.0,3.148061207522342,0,26.262162381841655,0
p3848,0.0,0.5240596468367376,11.759913879106268,1.1958387906638421,13.553158611861374,11.01204110099518,1.964555517969341,0.0,2.512581214675092,0,11.759913879106268,1
p3849,3.0,0.42014881104101026,14.495676715736542,1.2977083397112008,9.97047971752716,13.92245676763321,5.722474282501897,3.0886874021988673,0.0,1,14.495676715736542,1
p3850,0.0,0.3386306984941438,20.0,1.5657012048504608,11.537584396898767,11.532362489504166,-20.038831383300433,0.0,2.367362986587906,0,27.4300381301384,0
p3851,3.0,0.6389192489161757,7.215957017504747,1.1982192734506685,6.420556901695135,10.752835383350712,-2.300728479703552,1.8753845270482237,0.0,1,7.215957017504747,1
p3852,3.0,0.5372897272601742,1.5193325437039609,1.0204042482245468,9.588292431931604,11.863269204088132,-17.369911964959687,1.8991694731033484,0.0,1,1.5193325437039609,1
p3856,0.0,0.32588859733505415,9.033291999808178,0.0,13.548310856935569,8.459461361343719,-5.08884949559185,0.0,0.0,0,9.033291999808178,0
p3857,1.0,0.6678784041174707,2.1147531770193977,0.0,6.861204686121121,7.385617677573067,0.5244129914519462,0.0,0.0,1,2.1147531770193977,0
p3859,3.0,0.13764074939748558,2.579478914668853,1.0290530745061925,13.051519708464898,14.240568555770185,13.685332464232802,0.0,1.1932997457697732,0,2.579478914668853,1
p3860,3.0,0.5515133901365185,8.211976856443572,0.0,3.3236305681398557,12.082690661894882,8.759060093755025,0.0,0.0,1,8.211976856443572,0
p3866,4.0,0.7994555246385285,10.635491865054911,1.6379244539380775,9.154654176669196,8.795231270693826,-12.453998225231881,0.0,8.167387563211602,0,10.635491865054911,1
p3867,1.0,0.8422944066162835,5.344239414106087,1.0862279364107754,7.5382385711708855,9.949332361922734,-3.5276617920873576,1.2896060188437397,0.0,1,5.344239414106087,1
p3868,4.0,0.5047548839572109,20.0,1.621858485959295,10.835280901820736,12.463592681699959,25.843998544520456,3.2131605607144222,0.0,1,21.007217454010124,1
p3869,0.0,0.877799644408628,0.31146371134405726,1.0149243495526146,8.58697624178088,9.134761417450171,69.27932962594683,0.0,8.30541240768921,0,0.31146371134405726,1
p3871,3.0,0.5729932664585852,15.52840558613573,1.3846946947161958,11.388307968141103,9.670567556495017,-15.143222393391708,0.0,3.2427935813379767,0,15.52840558613573,1
p3872,2.0,0.5695255138494073,1.3643887946055906,1.2023933077158901,7.316369150060269,10.445658361248737,19.75424975426593,0.0,2.7931813531342655,0,1.3643887946055906,1
p3873,1.0,0.708060361656782,7.3426400691457,1.3968867641754223,7.108715124499348,11.47436198938152,-3.78556167068124,1.972835706982472,0.0,1,7.3426400691457,1
p3875,3.0,0.47315016195640697,4.183340038995289,0.0,9.93264638827701,10.580623958371591,0.6479775700945805,0.0,0.0,1,4.183340038995289,0
p3876,4.0,0.22166097918025096,7.082492718538274,1.0361029919950773,14.362267049009942,12.337335321356804,-26.587478385069353,4.67426876767758,0.0,1,7.082492718538274,1
p3877,2.0,0.7404209152995878,0.4807545647414389,1.0229491785351699,9.225715276168515,10.26763553444358,-12.47941826891587,1.3815779071033751,0.0,1,0.4807545647414389,1
p3878,4.0,0.3113299317653329,17.301936415419707,1.8573267622514817,13.393217723354745,8.026468980422036,-15.908469906296915,0.0,2.6969761688823537,0,17.301936415419707,1
p3879,1.0,0.29286852860056395,0.3734202742525647,1.0034883468166793,14.698528374662038,6.733401156979086,12.363594706121933,0.0,1.419097278799858,0,0.3734202742525647,1
p3880,2.0,0.6659376332146165,20.0,3.6317491236525163,3.0630608925048732,11.174343192667063,56.24277356453926,5.4535874570135405,0.0,1,30.88353574776621,0
p3882,4.0,0.1969666354664191,2.4710687182678703,1.0215670968285786,6.959629578610922,12.50618919309898,-46.50057448780528,5.186498182341881,0.0,1,2.4710687182678703,1
p3883,4.0,0.5486020162052885,20.0,1.2498254067579126,13.29093729512472,11.273678964291436,17.86305092029675,2.278200534885064,0.0,1,22.46470074413547,0
p3884,0.0,0.7736866275475268,6.711012310363236,0.0,2.375242410256169,11.276232731631112,8.900990321374943,0.0,0.0,0,6.711012310363236,0
p3885,0.0,0.40223624716268075,2.7096098674188345,1.0724072929629591,14.30145472659945,9.269109087224036,15.76379482058923,0.0,1.7940319865042296,0,2.7096098674188345,1
p3886,0.0,0.8960946624798343,0.9109952037542526,1.0545904583642596,8.310084675191414,9.199202875435757,-8.86505743931145,1.176873942587502,0.0,1,0.9109952037542526,1
p3887,3.0,0.3118342460180347,8.9784859550562,1.1622085254313934,11.331401793376964,7.399003197951708,0.04132260632842888,0.0,1.6888496974841491,0,8.9784859550562,1
p3888,4.0,0.3510732983943999,10.628891124138606,1.5811302759224046,4.23202545333323,11.519329137941412,3.2770342938720685,4.503704164211726,0.0,1,10.628891124138606,1
p3890,0.0,0.7757839066259322,0.09882482651568406,1.01447865725171,5.361881590240683,8.928418549185354,27.37954109418125,0.0,4.524557724584108,0,0.09882482651568406,1
p3892,1.0,0.5940081920464412,0.1972884944924095,1.0081001602841424,5.500529238114776,10.94988774365959,-12.799038017762905,1.6971149115151032,0.0,1,0.1972884944924095,1
p3893,4.0,0.5990799686217719,6.024025902132712,1.2849887735023295,6.887500236590629,8.167351478539238,4.047372790252254,0.0,3.20509995243932,0,6.024025902132712,1
p3895,2.0,0.4838754671256216,1.5799021530139286,0.0,13.512531541940552,10.085009392485121,-3.427522149455431,0.0,0.0,0,1.5799021530139286,0
p3896,0.0,0.8892241119276824,17.123340377693765,0.0,8.532100585922112,11.027194129158007,2.4950935432358943,0.0,0.0,1,17.123340377693765,0
p3897,0.0,0.8777984278148553,20.0,4.254693819376194,4.319647617591027,7.184430916266475,64.98191730640497,4.84700551351818,0.0,1,21.33828947124006,0
p3898,1.0,0.5207712242906261,19.348937446813444,0.0,13.889149428964195,12.507795431158131,-1.3813539978060643,0.0,0.0,0,19.348937446813444,0
p3899,2.0,0.7957930477692373,8.430489166585117,1.5202005237195124,4.115533081441325,8.566786251587777,-27.671054267504637,0.0,7.444411206929038,0,8.430489166585117,1
p3900,3.0,0.3726983830964698,3.4627793439630263,1.0296707922212742,11.007319999891232,6.9354788991884035,-13.666026276574202,2.762745530760064,0.0,1,3.4627793439630263,1
p3901,2.0,0.6240646689197425,6.677958145486965,0.0,8.510597053390475,7.704265143946216,-0.8063319094442587,0.0,0.0,0,6.677958145486965,0
p3902,1.0,0.33839331995147137,7.608884718736956,0.0,12.196428933484,7.8434316198801435,-4.352997313603857,0.0,0.0,1,7.608884718736956,0
p3904,4.0,0.5075821890561235,15.00889914408882,0.0,8.49035689803954,11.95734646254712,3.46698956450758,0.0,0.0,0,15.00889914408882,0
p3905,1.0,0.6479750565946522,2.803925880721602,1.1376280704884936,5.10094644100428,9.33588463296369,-7.233002674276896,1.7556664549205776,0.0,1,2.803925880721602,1
p3906,4.0,0.1961137435061424,19.094406980594425,1.2758398881590012,12.595284457124418,13.65388958498238,-9.256087636813,0.0,1.5870900613770473,0,19.094406980594425,1
p3907,3.0,0.7430854178687317,0.7621231745662549,0.0,5.41818586308346,9.682235845003625,4.264049981920165,0.0,0.0,0,0.7621231745662549,0
p3908,3.0,0.5103228332368994,0.24414057339860595,1.0113012809229267,4.794888879794445,7.7607083005863045,12.364210654423598,0.0,2.0652408353199387,0,0.24414057339860595,1
p3909,1.0,0.6861013491210426,5.423929177534831,1.050222757672635,3.933230684738275,6.4768880194399365,0.9318818439843697,1.530710818479026,0.0,1,5.423929177534831,1
p3910,2.0,0.6799593577811224,5.673352261907836,1.2149925578449985,7.845526407017645,7.51189813203835,7.912747567645069,0.0,3.796369578005215,0,5.673352261907836,1
p3911,1.0,0.4322285522264983,20.0,1.3668610081763986,12.515611266577086,9.922877907083574,29.274724707511925,3.1623570472968896,0.0,1,35.42610685496936,0
p3912,3.0,0.613644432068301,4.609938189514366,1.2590124131805944,8.139492437513749,13.125939016071065,16.48816411562954,0.0,3.258688414717414,0,4.609938189514366,1
p3913,1.0,0.7095236758192832,14.946984842188403,1.2549291987545401,9.405977169334742,8.304932876443788,-25.039560930346447,0.0,4.320246072701606,0,14.946984842188403,1
p3914,3.0,0.20150725512712384,3.290318093732338,1.0394095916424477,13.139875899793942,10.082204506490454,9.763640913907356,0.0,1.3017145093884688,0,3.290318093732338,1
p3915,4.0,0.7803866905448354,1.6048714809176783,1.0459983065562222,9.32127278809837,8.366383125623182,-10.017742496605878,1.3403589774525078,0.0,1,1.6048714809176783,1
p3916,2.0,0.43296995107014025,9.731466543893031,1.2230560216855575,12.891004419959833,9.330548477565856,3.254512386639149,0.0,2.156950983451049,0,9.731466543893031,1
p3917,4.0,0.707435481155037,5.361381046874649,1.2039464028202251,6.083478597353748,11.496508990104319,-5.028013935466351,1.7018462246967452,0.0,1,5.361381046874649,1
p3918,2.0,0.1636957639436352,20.0,1.5151273311760503,14.354190677448956,13.165053760424165,-11.417615552435052,0.0,1.8116939575969508,0,31.338944029216627,0
p3919,4.0,0.8298749964480908,9.924230311378338,2.3293072934680565,3.5945662978172606,7.577487365730015,10.56979919123174,2.8068170549029863,0.0,1,9.924230311378338,1
p3920,2.0,0.2910630929668602,3.929199252763518,1.0826855403442723,10.277528126837339,11.714689590873101,11.132303315338007,0.0,1.5271959036175013,0,3.929199252763518,1
p3921,4.0,0.31045229732339646,6.319428167485942,1.0646315716180164,10.420586469613745,10.376109583283565,-13.956021907867832,3.4292919743125476,0.0,1,6.319428167485942,1
p3922,0.0,0.5386040950997026,17.961549900769363,1.263561979157064,10.122396583993737,12.691726403750225,14.932304160806162,2.3459940068282665,0.0,1,17.961549900769363,1
p3923,0.0,0.8171431823683555,7.840158252338336,1.1780595785126855,7.839557982975768,9.436716740799975,-0.704568847045064,1.4416807285820743,0.0,1,7.840158252338336,1
p3924,0.0,0.5723221240007812,4.397224600119337,1.203990007298359,9.717111387410272,10.662487307853967,15.92181237250968,0.0,2.815179542512875,0,4.397224600119337,1
p3925,1.0,0.41765972356553294,0.4117990020578933,1.0190766800943347,5.751688355588405,12.719896116996594,-23.063164761401865,2.439968765469042,0.0,1,0.4117990020578933,1
p3927,1.0,0.4546489097757489,3.5074120296979605,1.0584906916768342,12.34312730549148,8.930135924533799,13.73655235588247,0.0,1.9409344010691856,0,3.5074120296979605,1
p3930,4.0,0.12042233726325671,20.0,1.3137292269427343,11.828047690799211,10.248172596188702,-13.785429015086134,0.0,1.493590938695691,0,32.53674941148575,0
p3931,3.0,0.2874740037991069,1.190501587880691,1.0277378860329152,10.126309916292312,10.634591830146215,-33.2549426310439,3.575063736027835,0.0,1,1.190501587880691,1
p3932,4.0,0.3837396404139168,20.0,1.194770273325653,13.50952032882911,9.499260895963761,28.68370701771601,3.113491929155212,0.0,1,31.652896693045314,0
p3933,2.0,0.5343498730903382,9.540580287128241,1.1599422887863888,11.29085795396752,10.42087945002217,-2.780891703790532,2.170754307618759,0.0,1,9.540580287128241,1
p3936,2.0,0.23865934029043556,17.058145970957042,1.4297924549034837,10.58172343865665,7.084311090888871,-15.660088744142678,0.0,1.8779930333011765,0,17.058145970957042,1
p3937,4.0,0.45330230648132597,1.5755059934880136,1.061939512779704,9.413802775864186,9.476096353383996,15.287887474807674,0.0,1.942462032251889,0,1.5755059934880136,1
p3938,3.0,0.5277220088552517,11.897937975753402,2.3853056658597356,4.239469207261516,11.672186592822248,-31.247444061333024,0.0,5.050639052812994,0,11.897937975753402,1
p3941,4.0,0.6360887467414269,2.1777007444628276,1.1377622194705757,3.7393390310796875,7.476387039110756,-5.740631183372111,1.788684716243033,0.0,1,2.1777007444628276,1
p3942,3.0,0.7880899306390848,8.984810997739089,1.5448871418098085,6.883702930368026,8.842166166455453,-13.359236610001636,0.0,7.29029605090936,0,8.984810997739089,1
p3943,1.0,0.8563680215094884,6.729241446875624,0.0,6.012863100712116,6.5429249267313985,0.5300618260192822,0.0,0.0,1,6.729241446875624,0
p3944,4.0,0.13673943499107638,20.0,1.5182331073445785,15.186892031234244,10.640842138476103,-13.010956276300229,0.0,1.7587194051067125,0,27.27970092266856,0
p3945,0.0,0.43654797632886494,17.190701848179234,0.0,10.292430816305936,8.556692596293749,-1.7357382200121876,0.0,0.0,0,17.190701848179234,0
p3946,4.0,0.08068870374552572,18.71524780188108,0.0,10.941600369005334,13.731524268023735,2.789923899018401,0.0,0.0,0,18.71524780188108,0
p3947,2.0,0.6897403666156913,20.0,1.3311526144003865,12.09453338773196,10.851964366484234,16.412525764537683,1.929932883197594,0.0,1,24.978082168099387,1
p3948,3.0,0.43813968639629436,20.0,1.2432973117724702,15.135875600233522,7.156910326612037,28.465528027387727,2.8376733502472913,0.0,1,20.911777943916437,1
p3950,0.0,0.4051400221847829,5.265138696469969,1.0796760768803269,8.777222281029163,8.659349430152078,-9.163259453969983,2.6649454947896767,0.0,1,5.265138696469969,1
p3951,0.0,0.6526841761055193,20.0,1.7321945631376732,10.119525415041817,7.828273965873946,30.011964152164264,2.653955200007223,0.0,1,20.591167800701093,1
p3952,0.0,0.22359778406066794,8.815303666942274,1.132425632734644,8.273542092912415,8.437756029590398,-0.625975324335176,0.0,1.4585553846785153,0,8.815303666942274,1
p3953,1.0,0.3406936439068096,20.0,1.1432862349939337,11.509257643894436,10.88255109192017,29.969267342153888,3.3557603889629894,0.0,1,37.81450226715166,0
p3954,4.0,0.4970409726348624,6.36991447101693,1.0566214888402499,11.859657980653616,9.48886538090834,-9.001132421750453,2.1258237187952473,0.0,1,6.36991447101693,1
p3955,1.0,0.4484224980309514,20.0,1.6751629983333165,8.199888004218932,11.703122208769704,34.49771538823822,3.7356800911842116,0.0,1,20.79156042848637,0
p3957,3.0,0.5282277620233593,0.3106150802668535,1.0379658309792763,7.0568282737251105,13.336908859969562,21.122706369701362,0.0,2.2001418214665485,0,0.3106150802668535,1
p3958,0.0,0.18812127447635635,0.4542718106729909,1.0117200118013387,14.131060622712795,11.162836545754844,14.075061457339947,0.0,1.2461467211729214,0,0.4542718106729909,1
p3959,0.0,0.3264574688047018,14.287638191171572,1.292036006978584,10.345505549022544,9.34438390613857,-8.563193942762696,0.0,1.9182693699916467,0,14.287638191171572,1
p3961,0.0,0.2594801947010987,8.226484862809606,1.348075240716327,9.16861523604698,10.944427065042309,3.4909079285189484,0.0,1.8204445459391783,0,8.226484862809606,1
p3962,3.0,0.5102296730277879,20.0,1.8052835861876628,8.900706094367438,12.428364139237607,30.317456174231047,3.538178356963854,0.0,1,27.251998240178693,0
p3963,2.0,0.46462890282934594,5.545311747193924,1.2016340621601027,6.639927755279247,11.9677238688231,7.784648728958335,0.0,2.2444881102295886,0,5.545311747193924,1
p3964,0.0,0.33915752024065093,3.8773211822310034,1.127956670207789,7.9314123448819975,10.968165469461992,9.956464415246227,0.0,1.7068464948236124,0,3.8773211822310034,1
p3966,3.0,0.5515907235190843,10.89382140199617,0.0,11.3081784424487,11.910363085100771,0.6021846426520714,0.0,0.0,1,10.89382140199617,0
p3967,0.0,0.56638134730367,7.513401713193754,0.0,6.23475322534835,10.073533585750248,3.8387803604018975,0.0,0.0,0,7.513401713193754,0
p3968,2.0,0.6877943585308609,19.31797905298499,0.0,1.8713285147719432,5.931878301446471,4.060549786674527,0.0,0.0,1,19.31797905298499,0
p3972,1.0,0.6882130550001518,2.025082593973646,1.0534108029647915,9.971558188247085,10.272381894496048,-12.322874893092996,1.5306463533513748,0.0,1,2.025082593973646,1
p3973,3.0,0.510737874366906,4.89781445358164,1.2457518287068587,8.210741497317777,11.932320937882077,12.156904201838936,0.0,2.546184884216992,0,4.89781445358164,1
p3974,2.0,0.7324719130567284,14.3132984365894,0.0,11.577588451950758,7.243479609046503,-4.334108842904255,0.0,0.0,0,14.3132984365894,0
p3975,3.0,0.5583569394621744,20.0,1.6573569352691657,7.970348240627356,10.61170463408289,30.508398665815758,2.9682749834999456,0.0,1,23.82008640299135,0
p3976,4.0,0.8023064639717158,1.2486076188653958,0.0,8.173040240547484,8.987110315128534,0.8140700745810499,0.0,0.0,1,1.2486076188653958,0
p3977,0.0,0.5329761010123638,20.0,2.0637292196012464,6.59891324384097,10.557027187748506,40.522115360720576,3.8720858509064233,0.0,1,20.326601103275067,0
p3978,1.0,0.619844436581839,2.023084409589241,1.1416187995592304,4.217410391054496,10.074295306960552,12.44651304150176,0.0,3.003030625921631,0,2.023084409589241,1
p3979,2.0,0.15029065349613266,20.0,2.0782776864306993,12.074630926957699,11.173066915634092,-20.285977951222293,0.0,2.4458689256294304,0,23.79836560860758,0
p3980,1.0,0.35597640178356754,1.3335140527367884,0.0,10.629441796433733,10.905688723746477,0.27624692731274436,0.0,0.0,0,1.3335140527367884,0
p3981,0.0,0.733473556627416,9.355095044105685,1.0711992579469263,8.457301080730268,15.668451784555534,-2.009172229997212,1.4604470035326242,0.0,1,9.355095044105685,1
p3982,3.0,0.6654142423804027,1.2711030337545237,0.0,8.279059775719755,8.272892276449099,-0.006167499270656407,0.0,0.0,0,1.2711030337545237,0
p3983,2.0,0.7889796277903955,2.2642268677182704,1.0724573965404154,12.164848317173066,11.196335821292902,-13.109898631278416,1.3592966900095043,0.0,1,2.2642268677182704,1
p3984,1.0,0.6039556121714912,1.1941386299859342,0.0,10.998247435190114,13.86065168444309,2.8624042492529753,0.0,0.0,0,1.1941386299859342,0
p3985,3.0,0.2599376669879244,6.909071630375666,1.1030735596871373,12.034874514913874,13.668620514092087,9.27382897852625,0.0,1.4905143938316592,0,6.909071630375666,1
p3986,2.0,0.17152043081934762,12.67221799306601,0.0,8.733113542575218,8.253427776885543,-0.47968576568967514,0.0,0.0,1,12.67221799306601,0
p3987,0.0,0.6193335875626877,5.934271587069222,0.0,7.921273984843206,8.391776377866234,0.4705023930230281,0.0,0.0,1,5.934271587069222,0
p3988,3.0,0.2639099601738715,4.220284369486024,1.0498017412843332,11.031093387111092,11.363136369431855,-28.081354004815054,3.97787844230166,0.0,1,4.220284369486024,1
p3989,3.0,0.30717593849569214,20.0,1.8447810615203166,8.487128058309716,11.804282884071823,-27.338143253268036,0.0,2.6626977381743924,0,22.562281397833157,0
p3990,1.0,0.45636083127369176,1.5199502109119982,1.0899595950741212,5.986691222178166,12.177850173059722,15.146671180339204,0.0,2.0049320537881528,0,1.5199502109119982,1
p3991,0.0,0.3357360180137168,5.551576634597403,1.132078236953808,7.859371953374625,11.472635094383921,7.546345359195135,0.0,1.704259552909471,0,5.551576634597403,1
p3992,1.0,0.5534423476892869,15.450092021875102,0.0,8.18562184624907,13.120927144663987,4.935305298414917,0.0,0.0,1,15.450092021875102,0
p3993,2.0,0.5914012018003548,20.0,2.1857852182429687,10.811622206604786,5.924312811783375,-54.04022038948875,0.0,5.349465607519907,0,23.136852031421892,1
p3994,1.0,0.31155305359920543,20.0,1.9024110626644097,12.235587430277558,7.234470344651633,-26.4568072371387,0.0,2.7633372079144634,0,28.41382398359276,0
p3997,3.0,0.4972035751137148,20.0,1.5592661172667794,10.36414663599243,11.74255181574405,-28.504185303755122,0.0,3.1011877572904987,0,30.543449268648587,0
p3998,2.0,0.5296888660126765,20.0,1.4690093817721768,9.048711105673569,7.997360653320861,32.23609608022658,2.773343893048755,0.0,1,22.264537611472186,0
p3999,4.0,0.42733895361387175,12.277472118939867,1.1669782901498575,9.826509108909056,13.706016385584677,-0.021565002353864493,2.7308025170209445,0.0,1,12.277472118939867,1
p4000,4.0,0.43907481365140255,10.172336579996555,1.3363084683280702,6.9692559944747705,10.856131490949654,-3.743917014435689,0.0,2.382329231865863,0,10.172336579996555,1
p4002,1.0,0.40754751021165525,4.462090704692051,0.0,8.585416862266857,11.598849054874364,3.0134321926075067,0.0,0.0,0,4.462090704692051,0
p4003,3.0,0.8964930178490544,5.764011054702483,1.0586183439134766,10.539071893604481,11.45297158396046,-5.803874853523662,1.1808439361339451,0.0,1,5.764011054702483,1
p4004,0.0,0.7153266848971527,20.0,1.4387800800703412,11.451178355694616,11.459984340330205,17.185859034723173,2.011360837569207,0.0,1,22.377807086491526,1
p4006,4.0,0.17401776041629552,14.877719491517308,1.2374902524812523,12.11751329341518,12.479496549681043,-3.773369904246703,0.0,1.49820443246449,0,14.877719491517308,1
p4007,0.0,0.3457418066947857,9.805855064450585,0.0,12.071714934864694,11.326946189897981,-0.7447687449667129,0.0,0.0,1,9.805855064450585,0
p4008,0.0,0.4907348738786906,3.0909648298011305,1.0621863723309821,11.163211733544843,9.409130321408014,15.082395730036682,0.0,2.0857237573302125,0,3.0909648298011305,1
p4009,0.0,0.1925464192915889,20.0,1.3584019728623942,10.160008296145344,9.72235771845801,-16.991746643170934,0.0,1.6823282543011502,0,21.463869717271262,0
p4011,3.0,0.675461561138679,15.179867344456486,1.4875967489328865,7.957483098655954,8.539563011783184,-32.52338322182055,0.0,4.583730525580526,0,15.179867344456486,1
p4012,3.0,0.5207770245174629,5.93331462259336,1.1711422212057638,9.830096443624052,11.06960283230845,-10.31116443488416,2.248836192977044,0.0,1,5.93331462259336,1
p4013,4.0,0.4945744730381114,0.6612019518483538,1.0444912019786226,7.779877328298674,8.953725043309925,-16.339121278373767,2.1118987309685413,0.0,1,0.6612019518483538,1
p4014,1.0,0.6089941229565421,1.6239182857060779,1.1849243151773026,5.765066775732177,9.282565279897064,16.067047824740236,0.0,3.0304514196486245,0,1.6239182857060779,1
p4015,2.0,0.33025749044756086,11.511839394925069,1.376559587167893,12.93626011381068,11.653505554751101,1.6449377536963956,0.0,2.055356450477946,0,11.511839394925069,1
p4016,2.0,0.1733340457993613,20.0,1.211735691777258,11.486450925820918,11.860570095288232,-12.105131033663953,0.0,1.4658105678840616,0,20.047208834412963,1
p4017,1.0,0.8428249808257585,0.8424699882797048,0.0,7.678581900935717,6.9739811500958675,-0.7046007508398491,0.0,0.0,0,0.8424699882797048,0
p4018,4.0,0.6778450589185324,2.209742107172504,1.0673318982708784,4.18674086996132,8.223568963258227,-5.432517666070512,1.5745956752620613,0.0,1,2.209742107172504,1
p4019,4.0,0.23252565183033413,2.645142643894515,1.050401902762172,15.524293550542462,11.508234031758883,13.610959091763462,0.0,1.3686475714364323,0,2.645142643894515,1
p4020,3.0,0.7804923768820913,19.05663971246289,0.0,15.563518183387533,6.2798326722635345,-9.283685511123998,0.0,0.0,1,19.05663971246289,0
p4021,4.0,0.22463443115923334,20.0,1.1853368970575606,13.032406186986458,6.432438764597536,-17.25164756163306,0.0,1.5287458518821435,0,21.834270601312,0
p4022,3.0,0.2027666372884334,20.0,1.714161705925601,7.113518199829651,7.429374814018217,-27.3918569100271,0.0,2.1501379471819377,0,21.77852689580847,0
p4024,2.0,0.2036761863514933,0.45530302403815426,1.0078481291665502,11.823753682878495,12.082031880452167,14.6464850195435,0.0,1.2656260077780486,0,0.45530302403815426,1
p4026,4.0,0.6590138885048007,0.3392310485805155,0.0,-0.12191225251452895,12.842923938337728,12.964836190852257,0.0,0.0,0,0.3392310485805155,0
p4027,2.0,0.8610742446202431,3.1744764834612478,1.2527825523876326,6.2117531080220845,7.019427337478327,-4.786369925034641,1.4549065428616361,0.0,1,3.1744764834612478,1
p4028,1.0,0.5448770144802106,20.0,1.604007712225504,11.0584235538679,14.486947574692966,-28.084623052310793,0.0,3.5243390539671164,0,24.398319798557335,0
p4029,4.0,0.7474777103770852,14.399219780269899,5.51661297393119,3.78102049654989,10.043033535409155,38.41199319430242,7.380304318570499,0.0,1,14.399219780269899,1
p4032,2.0,0.31305251595552186,3.5207425729127184,0.0,8.572767623372979,15.279179339621964,6.706411716248985,0.0,0.0,0,3.5207425729127184,0
p4034,0.0,0.48015406662637694,0.7042800599988257,1.0355494400191874,11.54076084508133,11.228371882098415,21.274221392792658,0.0,1.9920314338112144,0,0.7042800599988257,1
p4035,1.0,0.6441846257922671,3.7902135881896775,1.1047059897414628,9.73665203222338,8.592576971396134,-9.379601619410527,1.7148903365751886,0.0,1,3.7902135881896775,1
p4037,3.0,0.3624641303888151,1.5523585886537838,1.0937525189771344,9.207061648179051,9.97556695555707,13.900865622231832,0.0,1.7155936961541993,0,1.5523585886537838,1
p4038,4.0,0.2069939302017383,5.438147713340114,1.0691377543888383,12.871652498853393,7.146777859282951,4.297041858047482,0.0,1.3482087907105473,0,5.438147713340114,1
p4039,3.0,0.7025601922506409,14.501653810175982,6.236502167595788,0.6747183144056054,10.700096203751183,43.771130230876544,8.876822564650649,0.0,1,14.501653810175982,1
p4040,2.0,0.5732968170834685,20.0,1.5682226470695595,11.93308689388833,11.852565788477484,22.206347520546792,2.7354462825165764,0.0,1,23.637540290911268,0
p4041,4.0,0.4404382196643274,7.812875219922061,1.2729140777516499,9.886894944384139,10.47278695537424,5.303957106891846,0.0,2.2748409960881317,0,7.812875219922061,1
p4044,0.0,0.14393024399027293,4.6710337970457525,1.0795272657006811,9.571923983053244,12.123464343997552,8.731696294335155,0.0,1.2610272213476201,0,4.6710337970457525,1
p4045,0.0,0.4342261972397201,4.020163094398711,1.2344706779993142,7.528954758738629,10.93049378008247,11.057426239351548,0.0,2.1819155853039085,0,4.020163094398711,1
p4047,4.0,0.4117090172205456,8.016614974924249,0.0,7.798232825360559,10.100623192084402,2.3023903667238432,0.0,0.0,1,8.016614974924249,0
p4049,1.0,0.5030157044508585,13.625449025420467,1.1419803952983194,11.687974423757531,8.3524968400503,8.635536378196685,2.2702678767157334,0.0,1,13.625449025420467,1
p4050,4.0,0.6449425558867615,18.370431652180528,1.4272961957425263,11.690314164460968,10.42475827378485,16.31869139163228,2.2130594154700653,0.0,1,18.370431652180528,1
p4051,3.0,0.3194009197465374,15.990047940978975,1.4265819267913615,12.333540379326546,8.539122234779086,-11.458706495755187,0.0,2.0960679615671634,0,15.990047940978975,1
p4052,3.0,0.43677072360569896,16.723834864306138,1.3384833902425288,11.2649421651458,10.855313970231302,17.574447471067046,3.064498872985049,0.0,1,16.723834864306138,1
p4053,2.0,0.7707663652705192,20.0,2.556454789450912,6.993170924220419,8.137925548934286,40.488527795987366,3.3167700416632244,0.0,1,27.982379062856136,1
p4057,2.0,0.252019669834604,19.203252093163588,0.0,16.795249019065576,14.764412058653168,-2.030836960412408,0.0,0.0,0,19.203252093163588,0
p4061,0.0,0.6900573916137411,1.9815052532305373,1.157967037154212,4.831410917921485,9.094487208120325,14.910521105525783,0.0,3.7360692135336295,0,1.9815052532305373,1
p4062,2.0,0.42194195439303495,17.4339542755066,1.3460019446819633,11.94778733518586,12.121770860057321,-12.600497215670694,0.0,2.328489249325562,0,17.4339542755066,1
p4063,3.0,0.8560798937691355,3.0372884438584387,1.047331825464773,6.592348005512375,9.51000056330526,-5.001091299070031,1.2234043026680563,0.0,1,3.0372884438584387,1
p4064,0.0,0.21678589468032192,2.358746283466836,1.0240750981973434,10.996090111553873,10.388561327846046,-38.53957986205493,4.723900970159849,0.0,1,2.358746283466836,1
p4065,2.0,0.7627077052189192,0.019751309905292388,1.0007957425280192,11.724957427816259,9.753889977008095,-14.743830159974252,1.312161573404797,0.0,1,0.019751309905292388,1
p4066,3.0,0.5654372821392993,6.8782323365235944,1.438124771765252,8.95647328462665,11.801247516083167,9.722423110028654,0.0,3.3093606806514955,0,6.8782323365235944,1
p4067,3.0,0.6207675683120601,6.353734802823178,1.1592549065258246,12.458759244303453,8.202937522922811,-7.7091228212840495,1.8674540451234827,0.0,1,6.353734802823178,1
p4069,0.0,0.2755766013672839,0.8659289757618691,1.0147689813607603,12.517169673857433,10.523812066641314,14.327647038838819,0.0,1.4007954233339859,0,0.8659289757618691,1
p4070,2.0,0.37205523928722106,20.0,1.5062597797281092,13.180698145151759,9.368936623055875,39.22793121575996,4.048484258987411,0.0,1,30.743323263956853,1
p4071,3.0,0.21710564598154974,5.539022873674682,1.1014787709853042,13.511050801814637,11.322359561513787,9.027406410010189,0.0,1.4069315551090893,0,5.539022873674682,1
p4072,2.0,0.22273457172365077,8.286048161875998,1.092378907576279,8.551538522757884,9.148845365070956,-3.634193723550359,4.904397638511212,0.0,1,8.286048161875998,1
p4073,3.0,0.39204205323000424,5.09352810729962,1.1470454025222974,12.27324125072998,8.585497179412403,9.858352326228756,0.0,1.8867183307931172,0,5.09352810729962,1
p4075,2.0,0.6115907674312615,0.7813045670836075,1.1107823035785114,5.533345809486058,8.65946249230485,16.716121438953753,0.0,2.8598246654240675,0,0.7813045670836075,1
p4076,3.0,0.5674071319225231,12.068995945704408,0.0,6.7442241908268725,9.146934604532166,2.402710413705294,0.0,0.0,1,12.068995945704408,0
p4078,2.0,0.47171565914860825,4.700464836585864,1.2025470041265074,10.045649614553332,10.245998121356468,12.36772778381934,0.0,2.2763252876064106,0,4.700464836585864,1
p4079,1.0,0.8200888554628712,3.3820178564328622,1.1461758749453161,5.7692327186977534,7.799009729009015,-4.143516883944724,1.3976240102645905,0.0,1,3.3820178564328622,1
p4080,3.0,0.7387874764625418,7.723946072709954,1.3028068942845796,5.983369607083267,12.947591798384899,-2.2473601399190883,1.7634393324081135,0.0,1,7.723946072709954,1
p4081,0.0,0.6576359163280159,0.11131755883550978,0.0,9.80150750038096,9.500354489880985,-0.30115301049997534,0.0,0.0,1,0.11131755883550978,0
p4082,0.0,0.5274354549495173,4.458103263844766,0.0,8.836031828962872,13.228164028899066,4.392132199936194,0.0,0.0,1,4.458103263844766,0
p4083,2.0,0.11939269708311702,20.0,1.4631668103807642,10.487629318888217,7.361743882852744,-18.93109738753743,0.0,1.6615428983319105,0,32.11667729275327,0
p4085,2.0,0.574037386344331,10.473499179272988,0.0,11.234376402186399,9.762204680082212,-1.4721717221041875,0.0,0.0,0,10.473499179272988,0
p4086,2.0,0.20658472287117055,9.231917086825947,1.0256534809114974,15.962480933199604,15.307535419381582,-30.819223902212897,4.964807981232528,0.0,1,9.231917086825947,1
p4089,1.0,0.660647309607841,1.1417896204770124,1.0321920854142166,9.49708748441102,11.61695631960859,27.53375995969317,0.0,3.0416499253959244,0,1.1417896204770124,1
p4093,4.0,0.34665500303059116,9.81978389441846,1.5934104251537133,3.232129170403118,11.342966505957222,-7.95546417934162,0.0,2.438849968309041,0,9.81978389441846,1
p4094,1.0,0.16285525886105115,20.0,1.394856674057529,13.723711531664092,9.30726931411581,-14.874039844522537,0.0,1.666207294284384,0,22.380334937118356,0
p4096,4.0,0.33747225266670433,7.847067289027555,1.290904006009389,14.57627582408734,14.269016241337988,12.804285239555618,0.0,1.9484527421007443,0,7.847067289027555,1
p4097,0.0,0.5897571954688083,20.0,1.9418475903943464,8.482555341306718,10.438115900975685,33.43923170430091,3.2926221253659103,0.0,1,25.679561833120193,0
p4098,1.0,0.5105668486991636,14.955591272567203,0.0,6.3527581106748805,10.56852620152339,4.21576809084851,0.0,0.0,0,14.955591272567203,0
p4099,4.0,0.7794287937268946,10.583824031960267,0.0,6.182876256788186,10.798137597787486,4.6152613409993,0.0,0.0,1,10.583824031960267,0
p4101,2.0,0.36681786711656234,4.156144800063054,0.0,10.207380387123505,10.328405440778484,0.12102505365497862,0.0,0.0,1,4.156144800063054,0
p4102,2.0,0.20006530566953215,15.071688595309142,1.4311976101941644,12.921088215835727,9.876980441045044,-6.891839527644827,0.0,1.789143064224828,0,15.071688595309142,1
p4103,1.0,0.49721518678473725,20.0,1.590449356618981,7.517616119593312,9.68303853524749,35.166435176316966,3.1987143572658914,0.0,1,20.517345491202487,1
p4104,0.0,0.6852287095237354,1.2242823680429495,0.0,6.839092908859431,8.69062138162109,1.8515284727616592,0.0,0.0,1,1.2242823680429495,0
p4105,1.0,0.6549854398533517,0.9376409071987934,0.0,7.231640969337739,10.966476486893262,3.7348355175555232,0.0,0.0,1,0.9376409071987934,0
p4106,0.0,0.4689647300406253,20.0,3.7018163688494496,8.287389111796283,9.96415719432407,-79.97116974885915,0.0,6.970942568716096,0,27.905380719136367,1
p4107,1.0,0.5265019596835284,20.0,1.5762450734467275,7.702169856761814,13.488925074399305,25.279654694193212,2.9938066600819155,0.0,1,22.01167474206887,1
p4108,1.0,0.38827313844499955,20.0,1.9010477697110848,8.667958075947913,12.140505480717517,-31.74374663082396,0.0,3.1076741748411214,0,24.118041755694197,1
p4109,0.0,0.5625049349137403,11.517553870143361,0.0,10.167092057410308,8.319049165802456,-1.848042891607852,0.0,0.0,1,11.517553870143361,0
p4111,0.0,0.561615072003118,0.5504436450713375,1.009848570287035,10.410475299412024,10.186494140401253,-17.550709555410656,1.7981151515132923,0.0,1,0.5504436450713375,1
p4112,3.0,0.22109912866816842,0.7208903103613071,1.0062950311641596,12.874262177585328,8.845993891889938,-41.008293539695906,4.551329700961574,0.0,1,0.7208903103613071,1
p4113,1.0,0.26552371003229075,5.732283721472932,0.0,9.43574468570174,12.14747141263394,2.7117267269322003,0.0,0.0,0,5.732283721472932,0
p4114,0.0,0.5005950556894722,5.583730495186258,0.0,6.307203222079386,8.353977178331228,2.046773956251841,0.0,0.0,0,5.583730495186258,0
p4116,2.0,0.2822490319328393,0.5107008553082829,0.0,13.360808365638809,11.969945688009405,-1.3908626776294035,0.0,0.0,1,0.5107008553082829,0
p4117,1.0,0.17743357107602162,20.0,1.350534850112206,9.659575298321412,14.64483469812107,45.74607667039635,7.611495625783059,0.0,1,23.883396808248385,0
p4120,4.0,0.23793441410479543,3.444877072580758,0.0,8.44194294542064,9.450528924184646,1.008585978764005,0.0,0.0,0,3.444877072580758,0
p4121,2.0,0.335341608408291,14.383908180200786,1.2789438834846791,10.305638525966577,9.621552181298304,-8.531543166800844,0.0,1.924212346769433,0,14.383908180200786,1
p4122,3.0,0.18612309154810283,14.148495051294184,0.0,11.828569820509601,11.230271400909407,-0.5982984196001944,0.0,0.0,0,14.148495051294184,0
p4123,1.0,0.33383957450087326,10.78594946838025,1.093800677262227,13.003119328204853,11.670907108859017,-4.231710482699649,3.2764260465451973,0.0,1,10.78594946838025,1
p4124,4.0,0.7351373033641792,9.850412016640254,1.957605392604876,3.936197371449401,9.052222965715405,7.241532194540629,2.6629112461663493,0.0,1,9.850412016640254,1
p4126,1.0,0.4933131328754451,1.0999395853420346,1.0225611960082814,11.426308785095571,11.41791748466138,-21.395950475306044,2.0728440575825178,0.0,1,1.0999395853420346,1
p4128,1.0,0.2275511361016108,5.275813216782028,1.1568754891573894,13.94729259754219,10.391603534497794,9.431347903657326,0.0,1.4976725880841857,0,5.275813216782028,1
p4130,0.0,0.8138159239686716,6.906229455311563,0.0,10.217353678103809,8.113885504573894,-2.103468173529915,0.0,0.0,0,6.906229455311563,0
p4131,1.0,0.6032728551525198,12.575518786392864,1.216800427779814,6.076260626116496,11.854310927852131,7.232725451289084,2.0169984732234996,0.0,1,12.575518786392864,1
p4132,3.0,0.18057210515949937,6.625964240801385,1.0402344477789336,12.48929167253497,15.065810575659556,-46.04349847843822,5.760770451560579,0.0,1,6.625964240801385,1
p4133,1.0,0.6798177255010094,0.8859804300657556,0.0,3.4507958409606996,10.07829240243661,6.62749656147591,0.0,0.0,1,0.8859804300657556,0
p4134,1.0,0.6343871600043625,20.0,1.5656655294754576,10.71491191000126,13.38985862116356,-37.08662829486757,0.0,4.282304553347029,0,20.21271947112988,0
p4135,0.0,0.5170410053417603,9.93329438153874,0.0,11.867612413684196,11.20567488911387,-0.661937524570325,0.0,0.0,0,9.93329438153874,0
p4136,4.0,0.6009299722482189,20.0,1.8165250404427902,8.162568841888826,11.648067525691358,28.73219160362623,3.022856446395488,0.0,1,30.09602762743838,0
p4137,2.0,0.4347055042892514,2.910080938212658,1.0796839757277013,9.458885522583067,8.06641816428974,-14.199332285265234,2.483713606279261,0.0,1,2.910080938212658,1
p4140,0.0,0.5387719578333598,0.40266823104734095,0.0,10.460965231184053,11.265277068721085,0.804311837537032,0.0,0.0,0,0.40266823104734095,0
p4141,0.0,0.17616356522951457,5.144849418849459,1.0239032263225911,12.212386043618285,12.023172375061003,-40.16761134334388,5.8122303836698554,0.0,1,5.144849418849459,1
p4143,1.0,0.3967159294698267,5.194185568947352,1.1025112665612105,10.822904791209396,14.46587951418117,-22.12394380835258,2.779095026596518,0.0,1,5.194185568947352,1
p4144,3.0,0.6637973708211201,20.0,1.53047146241645,11.98863190237385,10.716374361827326,20.132352859469407,2.305630497637028,0.0,1,29.285243699480393,1
p4146,1.0,0.3562983706603496,4.273922123358969,1.098122979592074,10.679891213707407,9.527712764554064,9.776086361803603,0.0,1.705950287431457,0,4.273922123358969,1
p4147,2.0,0.46192389145906626,3.8737118368669914,1.069617437388697,10.445108489502545,9.939081586373158,-14.550819493937855,2.315570718825835,0.0,1,3.8737118368669914,1
p4148,3.0,0.22453427101793366,9.08972545691761,1.1157692368266088,9.267664168941883,10.836235305203083,-7.110290899797409,4.969260290503679,0.0,1,9.08972545691761,1
p4149,1.0,0.3160779143959188,2.1283284324664664,1.0689874467441682,8.661383129667946,11.611776585429897,-29.122986447234442,3.3820377763096596,0.0,1,2.1283284324664664,1
p4150,2.0,0.37451129456676213,20.0,2.0871538557138356,12.472071962437123,12.65824196614179,-24.933298809489873,0.0,3.3368370005469425,0,28.99140639744332,1
p4151,2.0,0.6407953430114899,2.627074792434775,0.0,5.781444058045208,8.927755454149164,3.1463113961039557,0.0,0.0,0,2.627074792434775,0
p4152,1.0,0.38752752109797095,2.1589334486889413,1.04945752424033,7.580092691958399,11.04745316444312,-20.60350775547397,2.708085147777198,0.0,1,2.1589334486889413,1
p4157,2.0,0.26360061511851895,0.7299715031343664,1.0169595699896365,10.892034132786385,10.200104932250454,13.34176916237339,0.0,1.3809891627670356,0,0.7299715031343664,1
p4160,1.0,0.34809283068256114,14.25638652676785,1.2258723334939896,13.27927577278525,9.916843753728251,-5.199830189291663,0.0,1.8804400245782,0,14.25638652676785,1
p4161,3.0,0.4787251132170404,2.5187977923023945,1.0798414345655956,7.145745328426389,12.677585369406167,-17.3829380808303,2.2556607220979985,0.0,1,2.5187977923023945,1
p4162,1.0,0.6519353102103016,0.34479161879334014,0.0,2.0941852893562087,7.893971350260144,5.799786060903935,0.0,0.0,0,0.34479161879334014,0
p4163,0.0,0.6266360864567878,7.456330713208306,1.109354894450617,10.60285985740876,9.739988095155097,-4.905707067567115,1.770333561099688,0.0,1,7.456330713208306,1
p4164,0.0,0.7383372549773242,5.4686822683581,0.0,6.713721757910469,10.150928212125192,3.4372064542147234,0.0,0.0,1,5.4686822683581,0
p4166,1.0,0.3984823134191035,10.172485053218338,1.142062511295071,12.141882543806206,11.535569025519518,-4.512953918848355,2.8660306187640194,0.0,1,10.172485053218338,1
p4167,4.0,0.13561632124528938,2.1645342713247753,1.0647381652420587,11.822383935395871,11.288291137958995,11.362338595531106,0.0,1.2317888356892535,0,2.1645342713247753,1
p4168,3.0,0.7449722171978449,14.505173961170458,1.6813409350475765,6.166446835487879,6.490986312911333,18.41190091602089,2.2569176356291645,0.0,1,14.505173961170458,1
p4169,0.0,0.8202614361373135,18.224763652852285,2.6223089960372583,8.93059194109883,11.0275104841302,25.105950663295694,3.1969185439046757,0.0,1,18.224763652852285,1
p4170,0.0,0.6159480818097457,9.927186657597915,0.0,8.163738270430516,11.935261794160356,3.77152352372984,0.0,0.0,1,9.927186657597915,0
p4171,4.0,0.6570883358493169,4.999086014196922,1.1184432156839164,6.0646098083752245,9.909387018667921,-4.513144465973226,1.702120026584062,0.0,1,4.999086014196922,1
p4172,4.0,0.7099830674114295,12.830658493320243,0.0,9.937665778831331,9.040327774472221,-0.8973380043591099,0.0,0.0,1,12.830658493320243,0
p4173,4.0,0.7683833627681803,13.997832295230182,1.4600966133002378,9.791938718529565,6.8220078286790224,10.665706617320918,1.9002189324350922,0.0,1,13.997832295230182,1
p4175,3.0,0.2523910649190588,0.7998814918627725,1.0152683289762385,11.586987189657695,15.02141252513238,-53.77310715883846,4.022600123747774,0.0,1,0.7998814918627725,1
p4179,2.0,0.6006750676854082,17.549956641355077,2.5594995461612373,5.561547031690991,9.141445494616374,39.4088875816163,4.26103842802033,0.0,1,17.549956641355077,1
p4180,4.0,0.6790396749661142,1.515268865245668,0.0,2.8195131061374443,8.340042215152152,5.520529109014708,0.0,0.0,1,1.515268865245668,0
p4182,0.0,0.3615052762142053,8.887591564759276,1.0649337526247529,6.385620051887812,9.901349718452913,0.5293686204065078,2.9458318389625386,0.0,1,8.887591564759276,1
p4185,1.0,0.7862160745893089,2.4209996553722246,1.036196140280332,9.304412956152959,9.051450874032536,-8.991587738790843,1.3179533893676794,0.0,1,2.4209996553722246,1
p4188,2.0,0.6140250122646902,1.5947770968979709,0.0,5.050677788044823,5.872227375608857,0.8215495875640348,0.0,0.0,0,1.5947770968979709,0
p4189,4.0,0.5608178160877406,8.950864854073792,1.288791334403158,10.723412982529013,8.833851670432946,-1.620658340825884,2.29805704710623,0.0,1,8.950864854073792,1
p4190,1.0,0.5835263246703619,7.020213121864004,1.2162266982813947,12.387251656784434,12.431871268098135,-11.234739761444771,2.084270489370723,0.0,1,7.020213121864004,1
p4191,2.0,0.6435073404902584,3.469398914938589,1.1249318084764146,12.628862933858446,9.132601994757527,25.406921633152294,0.0,3.1555539180623,0,3.469398914938589,1
p4192,1.0,0.6800132419598452,3.4885573774630148,1.0960544005678814,5.1884998892827605,9.255498321559104,-5.228233791987988,1.611813319118576,0.0,1,3.4885573774630148,1
p4194,2.0,0.492333695106755,10.165573088587857,1.6277920838716806,10.722244268247929,13.406064351495436,4.468742444326255,0.0,3.206421360216101,0,10.165573088587857,1
p4196,0.0,0.26606195147806644,5.0856315904580285,1.029350503133942,12.437190506308704,14.542364176118175,-34.48138968874309,3.8688376801551025,0.0,1,5.0856315904580285,1
p4197,2.0,0.6690355387682558,2.3205069706463446,1.0494824999551964,5.488906335629861,10.059600215442966,-7.5692336057862635,1.5686498536196922,0.0,1,2.3205069706463446,1
p4198,3.0,0.6397161426445463,5.79328806702202,1.3965317927237006,7.4601502866104195,9.960584630766562,8.961523388866174,0.0,3.8761986256461434,0,5.79328806702202,1
p4199,0.0,0.5086399139038328,2.6413018068724607,0.0,10.461410747532462,8.950378887289235,-1.5110318602432269,0.0,0.0,1,2.6413018068724607,0
p4201,2.0,0.6965872907335559,20.0,1.306678224543285,12.805190356865166,13.186810645290238,13.161994389299412,1.8758284021622906,0.0,1,24.609261725086686,0
p4202,4.0,0.10627712589125474,2.1182096185652064,1.017996855923379,12.149632329921872,14.177854016129288,-113.48751114266129,9.578701412804646,0.0,1,2.1182096185652064,1
p4203,4.0,0.29614434565582054,20.0,1.126786893845793,11.474696982050073,12.186334274861245,30.441518214498085,3.804857024538117,0.0,1,29.17938388342818,0
p4205,2.0,0.6228661509555613,18.071711793298462,0.0,8.58688116379837,8.884725986743476,0.2978448229451054,0.0,0.0,1,18.071711793298462,0
p4206,4.0,0.46913199619702023,17.876234633746982,1.963463275877133,6.7721831674285795,10.939969028233008,33.198214180677056,4.185310939764897,0.0,1,17.876234633746982,1
p4208,2.0,0.43749604922876506,8.246455168525282,0.0,10.318831636819795,11.962696170251952,1.6438645334321578,0.0,0.0,0,8.246455168525282,0
p4209,4.0,0.43163264273665036,1.6664447076240936,1.017122821489697,13.237406518369358,7.269000391845073,-19.170575473490864,2.356454820100964,0.0,1,1.6664447076240936,1
p4210,2.0,0.6290906030024984,1.7513890532253187,1.0390721145094555,13.215601339995704,8.644397728336399,27.544842512887982,0.0,2.8014176047323347,0,1.7513890532253187,1
p4211,1.0,0.7249288964838515,2.9129638043839297,1.1447712602369866,8.816423535818549,8.853326967695434,24.605500242395614,0.0,4.161728533472732,0,2.9129638043839297,1
p4212,1.0,0.40800132649115384,1.2574315447738025,0.0,7.0577873791230035,10.467822179936334,3.4100348008133308,0.0,0.0,0,1.2574315447738025,0
p4213,0.0,0.16832990199119457,5.749977703949217,1.0491055034810468,14.211302499200393,7.460868284270877,-17.413451910758912,6.232436964978011,0.0,1,5.749977703949217,1
p4214,0.0,0.5835235640537576,11.962813212276654,1.6662175671763584,6.000178318634142,11.4381057318416,6.936199077604523,2.8554417847346034,0.0,1,11.962813212276654,1
p4215,1.0,0.1013397496983142,4.568130276256564,1.0332265798278617,12.042741493864431,11.705243183558387,-73.10514161917264,10.195669348935144,0.0,1,4.568130276256564,1
p4216,2.0,0.3930403490632005,10.243672287238118,1.1956477929941807,8.078271770831932,13.839366080549418,-5.177180497188472,3.0420484712166833,0.0,1,10.243672287238118,1
p4217,2.0,0.4215733980471334,15.40471051783579,1.1104864999475563,12.159133904556308,12.436955292856156,8.095326306198487,2.63414747014801,0.0,1,15.40471051783579,1
p4218,3.0,0.6131588589618758,7.6721077220034335,1.3788036658824598,6.90675637602236,13.791135837463244,4.156465779108994,0.0,3.5642632585104885,0,7.6721077220034335,1
p4219,3.0,0.6928079350396145,20.0,6.459288153591838,3.845311614316745,12.398547205817444,79.4242107929372,9.323346091904243,0.0,1,39.154281940362864,0
p4220,1.0,0.15923274620477065,20.0,1.2691365296442072,13.630595113710028,10.466786686413991,-12.77841267929953,0.0,1.5094980494486625,0,31.612050526077645,1
p4222,4.0,0.4531846048053332,1.579368176220525,1.0985936651020856,9.46336219288957,11.570338172137092,17.946518827765757,0.0,2.0090759601071313,0,1.579368176220525,1
p4223,0.0,0.41628032685089084,10.596546923887884,0.0,10.087014304672913,14.749551367486314,4.662537062813401,0.0,0.0,0,10.596546923887884,0
p4224,3.0,0.2886915648229839,12.620936685938236,1.5677500699034075,11.009426169775772,9.773400851071962,-4.787854032410895,0.0,2.2040369442733483,0,12.620936685938236,1
p4225,2.0,0.5837034281282466,19.660315687457175,0.0,8.6143841299418,8.237881081905279,-0.3765030480365219,0.0,0.0,1,19.660315687457175,0
p4226,4.0,0.7459808289668599,8.056647547969973,1.2207843919196113,3.700187111731505,9.491008063863012,3.4435154153215612,1.636482258679927,0.0,1,8.056647547969973,1
p4227,1.0,0.7253265003430088,0.5735293768292814,1.032579096649649,4.159057726917308,11.054234358955233,-8.025216980462467,1.4236059156274308,0.0,1,0.5735293768292814,1
p4229,4.0,0.5200319494957344,11.814544848731266,0.0,8.066686003137756,11.549871301173331,3.4831852980355755,0.0,0.0,0,11.814544848731266,0
p4231,0.0,0.22611973731504184,14.939527858690479,1.1030570826146744,12.757350438300392,6.716782605252636,34.07162006368499,4.878199027260666,0.0,1,14.939527858690479,1
p4232,2.0,0.3211268674356058,11.207211272139196,1.093221199891678,12.49836919381476,12.963540194183377,-5.513948800146418,3.4043280421277644,0.0,1,11.207211272139196,1
p4234,2.0,0.574814056643141,9.077714685496746,1.1737489980364608,7.860812028827755,10.55371912806601,-0.32103926400907445,2.0419629347463117,0.0,1,9.077714685496746,1
p4235,2.0,0.12278149674263644,7.860201116944643,1.1073494143800218,6.295649397395946,12.320055604621679,4.04940747660592,0.0,1.2623416061883284,0,7.860201116944643,1
p4236,1.0,0.8758893370186295,0.08403157253908762,0.0,6.017414254348094,11.733710038195765,5.716295783847671,0.0,0.0,0,0.08403157253908762,0
p4237,1.0,0.2880548839853136,4.810074176764456,1.0483704159123126,9.82199377355917,8.423518834909766,-14.54953985629567,3.639481481472689,0.0,1,4.810074176764456,1
p4238,0.0,0.4320537101207401,2.2408832749775804,1.0259711651773757,14.076737545045207,12.139175774642665,-25.44242343750843,2.3746380163953726,0.0,1,2.2408832749775804,1
p4239,3.0,0.4387770312501491,20.0,1.9587120506843478,12.431907764861803,12.574059514490681,-26.271082004285915,0.0,3.490078203761806,0,22.41132766540156,0
p4242,1.0,0.43370039106169134,19.747522148180128,0.0,12.664307460597769,9.136840868702867,-3.5274665918949015,0.0,0.0,0,19.747522148180128,0
p4243,2.0,0.45086428527138833,1.382331260045934,1.048199037242624,13.272224763387062,11.730054975460629,21.153449143504435,0.0,1.908815997809675,0,1.382331260045934,1
p4246,2.0,0.7676038550981709,20.0,1.2991220033363537,7.103029913537722,10.0533369667177,19.784418451248367,1.692438091221162,0.0,1,31.222809580286246,0
p4247,3.0,0.4944974445348918,4.913510052756344,1.08229976780159,8.656075956357554,12.133562006137142,11.490458812544038,0.0,2.141037183888766,0,4.913510052756344,1
p4249,3.0,0.7263935724210735,6.347335170939614,0.0,-0.08157495534208241,10.6753863308112,10.756961286153283,0.0,0.0,1,6.347335170939614,0
p4251,0.0,0.5078674698303818,19.457262245184356,1.3570948045118243,11.01887459860787,9.120960847651727,25.72216778162304,2.6721435908566233,0.0,1,19.457262245184356,1
p4252,3.0,0.2642815934811571,1.8850290445539286,1.025524047961783,13.138634528651394,9.507566145008909,12.05542654153372,0.0,1.3939083742843912,0,1.8850290445539286,1
p4253,3.0,0.6748642230175064,11.270176314009257,5.025139742037225,3.2449998277041407,9.926894666842289,-117.35131267947297,0.0,15.455511505606456,0,11.270176314009257,1
p4254,1.0,0.4583078563040983,2.2486674349117575,1.0911751473794375,4.033064977778264,12.97430873851924,12.535702854306738,0.0,2.0143824496594656,0,2.2486674349117575,1
p4257,2.0,0.37885311075324096,19.123109894100594,0.0,12.399661306588659,9.835224595318875,-2.5644367112697832,0.0,0.0,0,19.123109894100594,0
p4258,2.0,0.41656090601638435,1.5140488468322035,0.0,13.36178810873726,10.411858618728845,-2.949929490008415,0.0,0.0,0,1.5140488468322035,0
p4261,1.0,0.4538720821268001,2.632333684344294,0.0,8.99541818605505,13.359121338037244,4.363703151982195,0.0,0.0,0,2.632333684344294,0
p4262,1.0,0.43417043211840706,1.2519397275185609,0.0,5.210370511841899,10.857293980843862,5.646923469001963,0.0,0.0,0,1.2519397275185609,0
p4265,2.0,0.6026299785434794,0.5912735418980781,0.0,6.5910804881337395,12.80584229892073,6.214761810786991,0.0,0.0,1,0.5912735418980781,0
p4266,4.0,0.5522062930767132,2.2658135157816734,1.0627094235378367,6.900439304231661,9.064857162118873,13.163367650634173,0.0,2.3732120552553755,0,2.2658135157816734,1
p4268,1.0,0.3509909964473866,0.1533622043690229,1.0118098324604603,8.21890064264835,13.950207256758743,18.30554064055289,0.0,1.5590073896077092,0,0.1533622043690229,1
p4270,1.0,0.22086680598931518,14.530503706926657,0.0,10.441443653169,7.153477415709732,-3.2879662374592673,0.0,0.0,1,14.530503706926657,0
p4272,2.0,0.619305828968901,5.573531456748914,1.161788884044952,10.04295715065286,9.459520750933303,-7.87337128216327,1.8759534138072715,0.0,1,5.573531456748914,1
p4273,1.0,0.33020509879895016,4.361271945575915,0.0,14.634374943144596,14.725040061518943,0.09066511837434632,0.0,0.0,0,4.361271945575915,0
p4274,0.0,0.31725661230792745,1.9876291342087904,1.041069012944254,9.750264508785925,12.648022609205915,-32.08403544480254,3.28147301760191,0.0,1,1.9876291342087904,1
p4276,2.0,0.19831168948721048,20.0,1.5215312770581557,10.573063432216038,9.0024941838271,-19.462034854956162,0.0,1.897908772157259,0,33.9652754234184,1
p4277,4.0,0.5229398738556891,11.947743066276036,0.0,6.420053764865827,10.208313590578188,3.7882598257123608,0.0,0.0,0,11.947743066276036,0
p4278,3.0,0.19767033202529422,5.720881228115281,1.1075814916310214,10.196822693064622,6.9689114843918345,2.9509328775937806,0.0,1.3804568568763669,0,5.720881228115281,1
p4279,2.0,0.8692251098145277,2.913174097916426,1.1958064709506475,5.757932923851742,9.469904058236558,-5.308224009885455,1.3757155165545145,0.0,1,2.913174097916426,1
p4280,2.0,0.2687332162112784,20.0,1.4406466910075744,16.054500634419284,9.46620230174989,-14.361207934753262,0.0,1.9700699155833767,0,37.41984226698002,0
p4281,3.0,0.5994527721768502,4.270266155848944,0.0,8.419866586665512,9.746726069208966,1.3268594825434548,0.0,0.0,0,4.270266155848944,0
p4282,2.0,0.5170064173369965,8.477129082018713,1.3011253543669588,6.659250535567817,9.040798197653444,0.9629885238769031,2.5166522324206584,0.0,1,8.477129082018713,1
p4283,2.0,0.25140026376254265,15.955544262188132,1.473692275003266,8.475261906306951,12.550811489141841,-10.650122614314547,0.0,1.9685984427542034,0,15.955544262188132,1
p4285,2.0,0.25973684317793544,0.16622913452999663,1.0071595237092605,13.08365401431275,9.609189852944857,-40.09063190715301,3.8776151715191802,0.0,1,0.16622913452999663,1
p4288,3.0,0.41394469631523756,11.148295816327114,1.737453589728479,10.798231348689677,9.059501417776755,-2.776551382419166,0.0,2.9646580771548665,0,11.148295816327114,1
p4289,4.0,0.6531223611214005,7.509990691083736,1.3303797977902936,0.2192912817834678,9.833462912524475,4.881367047501315,2.0369533750246323,0.0,1,7.509990691083736,1
p4290,1.0,0.1298503370534997,20.0,1.1725272116478684,15.032215739599732,10.473213664872652,81.46631346133931,9.029835718984504,0.0,1,22.154378378373465,1
p4292,4.0,0.1360522221038769,9.490056442079066,1.14344845262339,17.082910121501943,12.0832617450706,5.049612716495258,0.0,1.3235157053218007,0,9.490056442079066,1
p4293,0.0,0.8618133922636513,0.5665848549771315,0.0,5.212282227240701,7.556856293897183,2.344574066656482,0.0,0.0,0,0.5665848549771315,0
p4294,4.0,0.6551467682341036,0.7372364813596721,1.0162501250785394,7.830701660969546,8.59017368927374,-11.421841849328946,1.5511793301182901,0.0,1,0.7372364813596721,1
p4295,1.0,0.35247328787268567,20.0,1.941596540424445,12.838058478700829,11.32699213676504,-22.98601188478868,0.0,2.998480995549564,0,33.294802027101674,0
p4299,4.0,0.2866458728266211,1.2368191008260176,1.0355526269068898,12.114239780057883,14.55029831363646,18.22645089169577,0.0,1.4516669736112724,0,1.2368191008260176,1
p4302,1.0,0.7961524417662037,1.8919461740811987,0.0,2.29527779120542,8.91197704256996,6.61669925136454,0.0,0.0,1,1.8919461740811987,0
p4303,3.0,0.7222810774613899,14.681071961449483,1.2993659844601768,7.655927897119641,7.192910838301854,13.008001569792567,1.7989755304501043,0.0,1,14.681071961449483,1
p4304,1.0,0.7512580285893574,20.0,2.0976454633904296,8.286957503477748,7.103026052944084,34.82670385981974,2.792177099696616,0.0,1,28.18248314848381,0
p4305,2.0,0.5246140585841101,20.0,1.5756282078894348,8.899545850912116,7.861235063209104,35.419310067839675,3.003404468690612,0.0,1,32.500001625359744,1
p4306,4.0,0.3850257546419562,0.4693585026851707,0.0,10.721084540852313,10.795731803180857,0.07464726232854346,0.0,0.0,0,0.4693585026851707,0
p4307,0.0,0.38258610008697874,0.006682783766442963,1.0,5.592309007060006,11.54608401976763,15.00058497937738,0.0,1.619659032847942,0,0.006682783766442963,1
p4308,2.0,0.17285832493424536,2.0612222699871996,1.0301414035601792,9.953056387382919,8.7877345767143,-41.25166900483782,5.959454969565631,0.0,1,2.0612222699871996,1
p4309,0.0,0.4817454730205758,1.544551762542671,1.0351364716675533,8.296404169651536,13.546299376544448,-20.538508368768003,2.148720703439473,0.0,1,1.544551762542671,1
p4312,3.0,0.6686721705143307,6.685674848518194,0.0,9.905870159307218,11.389778668999057,1.4839085096918385,0.0,0.0,1,6.685674848518194,0
p4313,3.0,0.3720630410990097,10.313099905768564,1.146741137959218,17.258318624334958,8.818170680084156,4.2432399401694045,0.0,1.826204241849746,0,10.313099905768564,1
p4314,4.0,0.09311275470083458,20.0,1.1962632589660953,12.309367368360101,14.72770730950038,-7.726274290810492,0.0,1.3190870917712267,0,22.804628656440162,1
p4315,2.0,0.3022458222002953,9.562861543204502,0.0,10.775971655491057,10.701028087975644,-0.07494356751541353,0.0,0.0,1,9.562861543204502,0
p4316,4.0,0.5783346339600878,2.5197688849775526,1.0935865120460635,14.304098557093083,10.745052349828349,27.00353972185787,0.0,2.593493798925263,0,2.5197688849775526,1
p4317,1.0,0.41378181816871035,10.17000961848386,1.082003949543941,13.237900906258332,8.472350716530915,-0.3263178304588612,2.6149141939890117,0.0,1,10.17000961848386,1
p4318,1.0,0.872371221387214,7.600791308137425,0.0,4.944226127168306,6.081721393273649,1.1374952661053435,0.0,0.0,1,7.600791308137425,0
p4319,3.0,0.9042794134043591,0.4105306684739225,0.0,9.514960716815224,4.327955107336468,-5.187005609478756,0.0,0.0,0,0.4105306684739225,0
p4321,3.0,0.26444455051969473,5.45086218332213,1.1504803765470295,9.376700370303292,14.232902524571005,10.996595511168168,0.0,1.564097414219258,0,5.45086218332213,1
p4324,4.0,0.18846248953651132,3.5041395657956875,1.0727556169371506,13.99065794638509,8.026108517526959,7.897374819679817,0.0,1.3218805084246494,0,3.5041395657956875,1
p4325,3.0,0.527777296342544,4.306753364187892,1.3592549967628638,7.404119481520086,11.769143234959227,-14.853860404577395,2.575432869474296,0.0,1,4.306753364187892,1
p4326,3.0,0.5986714099789647,19.54646686728744,1.50121812471767,5.444908554758093,12.41469034914831,24.85330185565809,2.50758279031634,0.0,1,19.54646686728744,1
p4327,0.0,0.35788461094520574,20.0,1.6053564439625045,10.46107047750055,13.119004750483716,33.523888624894724,4.485681683050334,0.0,1,35.439348391518664,1
p4328,1.0,0.4120148672273251,18.770222782618976,1.1373740390512055,10.104764729072741,11.549306292929149,21.37800418087065,2.760516984994308,0.0,1,18.770222782618976,1
p4330,1.0,0.3344973644759369,18.872920687682612,0.0,10.136852733027208,15.860051043740215,5.723198310713007,0.0,0.0,0,18.872920687682612,0
p4331,2.0,0.33952802169957536,0.7820224972462217,1.035190955533389,11.600147267569511,10.953365560489253,16.30900943320102,0.0,1.5673503033349254,0,0.7820224972462217,1
p4332,0.0,0.08941670369506982,5.410432533442639,0.0,11.185632276406691,9.739270688831745,-1.4463615875749465,0.0,0.0,0,5.410432533442639,0
p4333,4.0,0.5291879279855134,7.7915837764444476,1.1859819015774833,9.08753251668789,14.000196194022752,8.177175873728949,0.0,2.519013364510737,0,7.7915837764444476,1
p4334,3.0,0.6162512715361448,2.2019591880580793,1.1029684422277466,8.136586752671453,8.255944987780508,17.176631483533612,0.0,2.874194389237263,0,2.2019591880580793,1
p4336,0.0,0.6456432587766862,8.387190815387408,0.0,5.220860354532126,11.404214612007113,6.183354257474987,0.0,0.0,1,8.387190815387408,0
p4337,0.0,0.5255588417351196,3.176753026687512,1.0773808805500777,6.9217835120364,10.221941260190215,-11.142280471690096,2.049971944136895,0.0,1,3.176753026687512,1
p4338,3.0,0.7972398417759751,4.130539838227986,0.0,8.461671946218248,10.343719202023387,1.8820472558051389,0.0,0.0,1,4.130539838227986,0
p4339,0.0,0.6991543297362393,1.1564280883365408,1.0616996824254183,6.74018728522444,9.447895835556103,-9.883286455570138,1.5185483909195725,0.0,1,1.1564280883365408,1
p4342,4.0,0.43939057311836693,20.0,1.8828716776073342,5.412987531612084,7.401631174025382,-47.00352687888568,0.0,3.358615797955326,0,24.592012293439154,0
p4343,4.0,0.4756767871577085,10.831238410161157,1.249694743730627,10.134430795706342,6.177358958217858,8.269567860027944,2.6271930383609328,0.0,1,10.831238410161157,1
p4344,0.0,0.45816887946797036,17.128428455547702,1.207112908248327,7.674601565769609,10.078430261833157,20.978079816397756,2.634646224008136,0.0,1,17.128428455547702,1
p4345,2.0,0.5747324034737903,14.485888795532844,1.471091676376131,13.732441822698927,13.007294627351147,-3.3314816054477436,0.0,3.4592141239838528,0,14.485888795532844,1
p4347,1.0,0.6370098081550966,2.9443440058332757,1.0381424437378346,11.108771723286411,8.166170067804304,-11.452673556021248,1.6297118669875674,0.0,1,2.9443440058332757,1
p4348,2.0,0.5980553861649335,10.000617478836856,0.0,11.375668487151572,9.488471223735521,-1.8871972634160503,0.0,0.0,1,10.000617478836856,0
p4350,4.0,0.5657016049581007,2.0502857468010456,1.0163191906125744,8.622921580467084,9.561325629303429,-12.555660502401722,1.7965640926329864,0.0,1,2.0502857468010456,1
p4353,4.0,0.6660068020016872,0.20310228208169512,0.0,6.578149915065239,9.288888367190733,2.7107384521254936,0.0,0.0,0,0.20310228208169512,0
p4355,2.0,0.7502952813794913,0.8330845349175848,1.0359261194978173,6.314771274462639,7.067682955080841,-7.855143718786958,1.3806912361132884,0.0,1,0.8330845349175848,1
p4356,2.0,0.6398147978732798,8.889322063426393,1.1056443050667621,7.368388027337975,12.553194451283252,-1.1466189410048075,1.7280692924606966,0.0,1,8.889322063426393,1
p4359,3.0,0.5787916110023397,2.8360033992630984,1.0684955109176826,10.555576533997568,10.234007530441326,-13.978875111060368,1.8460798163043233,0.0,1,2.8360033992630984,1
p4360,0.0,0.19678345277226425,10.25012892581809,1.186407090186065,9.801523024814905,8.553086227503124,-1.9110591293422297,0.0,1.477070030841488,0,10.25012892581809,1
p4361,3.0,0.15079038513987403,19.656611248733306,0.0,12.612816925583102,14.425749792339184,1.812932866756082,0.0,0.0,0,19.656611248733306,0
p4363,1.0,0.3065663427587026,0.9860589769789005,1.0318471635120903,8.039374375047997,13.462925418209512,-36.571337016145925,3.365820116542454,0.0,1,0.9860589769789005,1
p4364,3.0,0.24673605894849895,10.277622945314778,1.169256582916666,13.298945631040516,12.848695638672424,4.239608697095907,0.0,1.552253492028929,0,10.277622945314778,1
p4365,0.0,0.7236882018603329,2.102474324128353,1.0356481605345458,13.26909237097901,7.529898327192192,-13.506215353191699,1.4310695654182009,0.0,1,2.102474324128353,1
p4367,3.0,0.49428927527428773,13.524113303347711,1.5078731440443711,7.773835461025021,10.789974141360167,11.35687197290606,3.050588429634918,0.0,1,13.524113303347711,1
p4368,0.0,0.5127160949809851,20.0,2.6760683567880084,6.311178250317265,9.786956000872483,-71.70056677616982,0.0,5.491805350483682,0,39.40116318529778,0
p4369,4.0,0.4586785011172323,5.352840300198598,1.0876395365848306,10.030965727380723,9.029413382194294,-9.719611363391913,2.3712459466393083,0.0,1,5.352840300198598,1
p4370,0.0,0.6312267910494528,9.306229120214738,0.0,5.306195169375862,10.604244747736363,5.298049578360501,0.0,0.0,1,9.306229120214738,0
p4372,4.0,0.3899941244285245,9.768379838359857,1.3795697613700597,13.288396095678014,14.051752901779805,8.724112894848908,0.0,2.261567989124087,0,9.768379838359857,1
p4373,2.0,0.4454228934696563,6.6340463645979915,1.144862038371304,11.727618236975369,9.245369546933821,-9.194083275119738,2.5702810860333467,0.0,1,6.6340463645979915,1
p4374,2.0,0.10863790762458382,2.8894458493848925,1.0258693999035413,9.888346896928823,11.913953270789714,10.080647618092046,0.0,1.150900861365635,0,2.8894458493848925,1
p4376,4.0,0.5813785148894545,1.1956474955163907,0.0,9.983812191363155,10.333356514740345,0.34954432337718977,0.0,0.0,1,1.1956474955163907,0
p4378,3.0,0.22185411054451187,20.0,2.6607095123748485,11.036391352793625,11.200167273407173,-30.485436670506495,0.0,3.4192939247378082,0,24.360199687106167,1
p4379,1.0,0.4437572163028836,11.375907978548968,1.1868088378925792,12.780079695606792,14.006664891172225,-5.809256565523216,2.6744552973816442,0.0,1,11.375907978548968,1
p4380,3.0,0.5733253088076684,3.334669361217308,1.0835964910477394,13.465343209457412,8.348504264012801,20.61133959550787,0.0,2.539631511819125,0,3.334669361217308,1
p4381,1.0,0.45400482754894866,1.8495407445967007,1.057701161992808,10.5850781619489,8.80047786711179,15.13787181327188,0.0,1.9371987434332698,0,1.8495407445967007,1
p4382,3.0,0.7726895451963,4.038435377922543,1.3079495778391672,2.402787652407603,13.038212700419777,1.223870467610901,0.0,5.754022968141442,0,4.038435377922543,1
p4383,3.0,0.4485604112851571,4.200861528168657,0.0,8.21752356470296,9.632731033690588,1.415207468987628,0.0,0.0,1,4.200861528168657,0
p4384,4.0,0.245647476202183,1.884988827633779,1.028544390605631,9.95286594547716,12.345404916576593,-41.40600705111862,4.187074935624723,0.0,1,1.884988827633779,1
p4385,2.0,0.4762586905546311,3.815920019333775,0.0,10.864136737227382,11.364618074118026,0.500481336890644,0.0,0.0,1,3.815920019333775,0
p4386,0.0,0.3451343033477098,2.707959625073472,1.0233002424334001,13.705595228777774,8.220250040218561,-21.828919453614105,2.9649334549120834,0.0,1,2.707959625073472,1
p4387,2.0,0.4167054491707255,18.507123447598854,1.3360953762454089,9.80724017824203,10.978249854665101,25.31106643803653,3.2063304641308075,0.0,1,18.507123447598854,1
p4389,0.0,0.5822082976397907,2.8103844666647206,1.1557799182503294,10.718364161384704,9.264523612565338,20.422812514071175,0.0,2.7664022806605324,0,2.8103844666647206,1
p4390,2.0,0.3047984769759596,7.621003334499903,1.3595656217622798,8.68403491282273,12.576754881904947,5.971629667738664,0.0,1.9556424673069441,0,7.621003334499903,1
p4391,1.0,0.7833420089168253,13.319588220922503,0.0,10.966967475494469,11.078036508645429,0.11106903315095984,0.0,0.0,0,13.319588220922503,0
p4392,3.0,0.4706650472849054,1.0491473706478338,1.0296177544826641,12.793257481472839,10.329170669211987,20.379566754695407,0.0,1.9451157517588644,0,1.0491473706478338,1
p4393,4.0,0.5886228714704209,2.994658022309008,0.0,9.874370800511086,10.966666474075723,1.092295673564637,0.0,0.0,0,2.994658022309008,0
p4394,3.0,0.6451771939849025,2.725563963175459,0.0,7.968263631870292,10.381013701749133,2.4127500698788404,0.0,0.0,0,2.725563963175459,0
p4396,4.0,0.5372159444277477,0.016302730953998066,0.0,9.021863975152188,9.438335360897327,0.41647138574513853,0.0,0.0,0,0.016302730953998066,0
p4398,3.0,0.3426365648950096,2.3518867843781064,1.0460318829366766,12.52018976833909,8.457246001428839,12.117404193703884,0.0,1.5912535244215558,0,2.3518867843781064,1
p4400,4.0,0.16783181513746345,14.06915813432286,1.2175961792321999,10.741516422504029,14.427825667882695,-1.1825669119495537,0.0,1.4631611750854558,0,14.06915813432286,1
p4403,4.0,0.19412240580759,3.3072807212045734,1.0452904164925672,17.04595495593915,5.579062052825247,6.35331281593556,0.0,1.2970833585962627,0,3.3072807212045734,1
p4404,4.0,0.18091710281928522,2.7858127874358374,1.0547135496594464,11.366703682888517,13.068835878850784,12.751541146795885,0.0,1.287676196499491,0,2.7858127874358374,1
p4406,0.0,0.15452964669698732,5.378761650989525,1.0732919739186246,14.981079537996946,11.120274589548293,8.328966909165677,0.0,1.2694613947438578,0,5.378761650989525,1
p4408,3.0,0.23635750409805112,3.4667146037776555,1.1462288066128472,9.62696352946743,10.637899964375373,10.257481529535704,0.0,1.5010018598546173,0,3.4667146037776555,1
p4409,1.0,0.648028105179481,1.4019010896170774,0.0,5.716296814410762,11.480480925489651,5.764184111078889,0.0,0.0,1,1.4019010896170774,0
p4410,2.0,0.42578035616311344,1.1760392046015555,1.0782581966472322,7.925245686805084,8.993387054340323,13.741666713470304,0.0,1.877780058937732,0,1.1760392046015555,1
p4412,3.0,0.4727562539841068,20.0,1.9926429431328492,13.370369229576383,11.799187190674722,-26.6269310545814,0.0,3.7793581397412783,0,20.362337904988394,1
p4413,1.0,0.5949547201404527,3.629212470160809,1.1007529688546898,3.0857880229658234,11.621052781651994,-6.250804923070062,1.8501457868841376,0.0,1,3.629212470160809,1
p4416,2.0,0.5483009742057088,17.080064080851017,0.0,10.003063607324435,10.153247708712518,0.15018410138808314,0.0,0.0,0,17.080064080851017,0
p4417,0.0,0.7526625949939517,10.13345355874214,1.3053606543489638,9.701866321364319,7.7720941533426355,2.165589656900873,1.7343238032965533,0.0,1,10.13345355874214,1
p4418,0.0,0.19086999177553515,19.479001386170065,0.0,13.508330296106921,7.801621886416388,-5.706708409690533,0.0,0.0,0,19.479001386170065,0
p4419,2.0,0.2491164767385225,16.72344798148647,1.6691106300776113,8.792659948874045,7.996054305246465,-18.425654890345573,0.0,2.2228622394426716,0,16.72344798148647,1
p4420,1.0,0.23382375522142443,14.952371479271658,1.1715268956772793,13.242723828363472,10.550628345207762,-5.306243623116975,0.0,1.5290566676546462,0,14.952371479271658,1
p4421,2.0,0.6874277176693173,6.633310193605777,1.1267236138645114,10.411618334062897,11.929646423536507,-7.162894928093344,1.6390430366767879,0.0,1,6.633310193605777,1
p4422,4.0,0.52781191925074,1.6256263949859293,1.1086030369720374,7.507851074249813,13.020432383888494,19.322866679901132,0.0,2.3477997056023208,0,1.6256263949859293,1
p4423,4.0,0.9263316823838849,8.686251390654109,1.2987976649778126,7.18347653778159,12.564970563468046,-0.056807935217146444,1.4020870598265607,0.0,1,8.686251390654109,1
p4424,4.0,0.5855034679991182,15.0622597524943,0.0,7.007964196611493,9.29875703558309,2.2907928389715977,0.0,0.0,1,15.0622597524943,0
p4425,1.0,0.6637144725911845,0.353130930984881,0.0,8.141011672696472,9.56010301383845,1.4190913411419785,0.0,0.0,0,0.353130930984881,0
p4426,4.0,0.5743888160947082,2.3810707029471283,1.0495901368978553,10.499706935465543,13.656769411248781,-17.447207348498843,1.8273164579248937,0.0,1,2.3810707029471283,1
p4427,1.0,0.6325226191036261,0.12291833670318264,1.0046852852747055,5.006045496351172,10.883220537473827,-11.214256885127838,1.588378430953958,0.0,1,0.12291833670318264,1
p4428,3.0,0.1619234064480614,7.111356213404051,1.2505717597680839,13.045900077314807,11.291442777224553,7.101025624039183,0.0,1.4921926818978528,0,7.111356213404051,1
p4429,0.0,0.47672694925122394,0.7448535133904509,1.03472072886646,9.561431014853918,9.175873001009464,17.048352418515506,0.0,1.9774011434103653,0,0.7448535133904509,1
p4430,0.0,0.3238883332006424,1.930988222440704,1.0450208838222428,13.713612100463614,10.353696659750536,14.85170347283924,0.0,1.5456335619369845,0,1.930988222440704,1
p4431,1.0,0.5171820227707157,0.44535570703451166,1.0094297575245967,10.096003684806677,9.542029142135428,-18.308754205508155,1.9517881772393144,0.0,1,0.44535570703451166,1
p4432,1.0,0.4837844107573235,8.587458038471713,1.8507126525606332,8.184952010902258,10.917919325654422,1.2899210110797739,0.0,3.5851545190174416,0,8.587458038471713,1
p4433,0.0,0.5153019281265537,10.226325672483423,1.161522368149948,12.65072879504376,11.922492765641332,-4.551501403132874,2.2540617543831276,0.0,1,10.226325672483423,1
p4434,0.0,0.23704444984947662,0.13751975270326197,0.0,12.521426667952314,14.367154711498916,1.8457280435466021,0.0,0.0,0,0.13751975270326197,0
p4438,0.0,0.4456024720058632,1.1314169000135497,1.0383684121789658,12.073107370535851,10.17720714709605,18.597527663111165,0.0,1.8729672477723376,0,1.1314169000135497,1
p4439,0.0,0.2646256258629001,7.052742789976676,0.0,11.920256646914913,11.957316364841734,0.03705971792682128,0.0,0.0,0,7.052742789976676,0
p4440,1.0,0.38299927483648083,20.0,1.4113726458154172,13.279522987787345,10.481953273814986,32.27693740269482,3.6850530498210317,0.0,1,24.798527024993014,0
p4441,3.0,0.50251783540479,4.512255581895288,0.0,8.604994509894285,10.692691047892824,2.0876965379985393,0.0,0.0,1,4.512255581895288,0
p4442,2.0,0.6428312952704869,0.6875055619856215,1.0254337916159837,5.991461796771116,8.554388028680876,-9.98619384885147,1.5951833695098923,0.0,1,0.6875055619856215,1
p4444,2.0,0.7239745439050805,6.681367512849979,1.175947471933738,7.494516150147253,8.134527619075822,-1.7203477006271024,1.6242939504346925,0.0,1,6.681367512849979,1
p4445,0.0,0.5684663870409975,14.785245490292992,1.3959144679271909,15.115399086160513,11.435496350281246,-2.611929889107202,0.0,3.2347757532848513,0,14.785245490292992,1
p4446,2.0,0.5944282087273615,3.5031210484482687,1.0555258595542034,10.20686467414372,8.496137020291554,-10.57682350541191,1.7756994773414725,0.0,1,3.5031210484482687,1
p4447,4.0,0.6495475916669656,20.0,2.2409592024452376,7.548845801689615,11.485435186977343,33.3121003060373,3.450030807895315,0.0,1,20.76331811988238,1
p4448,4.0,0.717319042969148,0.8195017432267475,0.0,1.3496938974206794,12.478322949321768,11.12862905190109,0.0,0.0,0,0.8195017432267475,0
p4449,0.0,0.44513816383806254,8.277670507804645,1.2728163209018235,7.833169523357655,9.158143797437388,-1.1926278193915598,2.8593736154351914,0.0,1,8.277670507804645,1
p4450,0.0,0.18496391789888156,3.155591177105334,1.0843717979362488,10.176048293055059,10.16759377745876,9.33197331617698,0.0,1.3304586407276566,0,3.155591177105334,1
p4451,3.0,0.615390599665346,1.195369772188478,1.0409434464052476,8.024019807869648,8.37537148105963,18.833059338817236,0.0,2.706495071362032,0,1.195369772188478,1
p4453,3.0,0.3452642841917559,10.95751377651851,1.1944584790877262,5.855604098094156,13.677853887947254,-1.5888983099424472,3.4595483337753445,0.0,1,10.95751377651851,1
p4454,3.0,0.8131068477046881,1.1172978062877874,1.1148038616102436,5.815708992807121,6.569821587847198,-6.721528010328142,1.3710422741577115,0.0,1,1.1172978062877874,1
p4455,4.0,0.7449408015279266,12.55569306594841,1.8479892413472436,3.543879987822743,8.003310232966264,15.752615529920151,2.4807195921567002,0.0,1,12.55569306594841,1
p4456,0.0,0.45354712512265705,13.11752219571807,1.6434519142329331,8.010578585179328,9.500579064418018,-13.869084701717572,0.0,3.0074906543438407,0,13.11752219571807,1
p4457,3.0,0.7362200672610569,14.549214065535917,4.546257826907465,5.4592254156919395,10.288582815520252,-151.83696523037733,0.0,17.235040511617658,0,14.549214065535917,1
p4458,3.0,0.44608965630306546,0.3310497182625337,0.0,8.389681931547981,8.706664915533505,0.3169829839855236,0.0,0.0,1,0.3310497182625337,0
p4459,3.0,0.40964366297055593,8.67725090394348,1.0636933154582284,15.203119811619146,9.553370460725022,-7.924708297733087,2.5966307100780996,0.0,1,8.67725090394348,1
p4460,0.0,0.43339210972877873,4.17526244388338,1.2210161486963163,7.555075539605877,11.628667739146895,11.35694712683837,0.0,2.154957898859908,0,4.17526244388338,1
p4461,0.0,0.6384158349623817,0.35613598560366455,1.0260562654174,8.62658167341479,10.312473404439908,25.154681120322813,0.0,2.8376692472433125,0,0.35613598560366455,1
p4462,1.0,0.27270039037386384,2.766359923202183,1.103785972345995,14.170360114710407,12.447856964980641,15.584773347350142,0.0,1.5176496147349638,0,2.766359923202183,1
p4463,0.0,0.44551321966314444,16.23740462769586,2.5782876747417194,6.56025805996889,12.575134064689225,-38.98253170098177,0.0,4.649863199940289,0,16.23740462769586,1
p4464,1.0,0.6962624471492975,4.6698937296788054,1.4451588505106996,2.7298325082328367,9.53359550228961,-3.2913120623549847,2.075594995001674,0.0,1,4.6698937296788054,1
p4466,2.0,0.3427340855948465,6.980859674222852,1.2181994868057415,11.344278729837038,10.480741134242658,7.223774917908324,0.0,1.8534347516077274,0,6.980859674222852,1
p4467,4.0,0.6436106270867792,3.422671921967051,1.092028787976031,4.920147641020332,9.846827550170339,-5.973331043419831,1.6967227420077868,0.0,1,3.422671921967051,1
p4468,4.0,0.6717958293729037,3.7578061749212686,1.1627521479011198,6.917665129952271,10.285625034556759,-7.930465998449726,1.730811798856366,0.0,1,3.7578061749212686,1
p4469,0.0,0.5395443056005284,1.4496283467689726,1.0174873318396316,13.964256773416942,13.236632863910332,-22.955877737853754,1.885827208772297,0.0,1,1.4496283467689726,1
p4471,0.0,0.5202052314720272,15.935242093663335,1.4654105039833487,12.46424114686923,12.459995840399834,-10.605530648478464,0.0,3.0542444397200907,0,15.935242093663335,1
p4474,2.0,0.1472092895022656,12.292113017120556,1.6323173458787645,10.938800673179824,12.073082714093522,-1.456078274006941,0.0,1.9140890323794177,0,12.292113017120556,1
p4477,3.0,0.24828680388790247,3.590783288895421,1.1548512131463642,9.309960260617009,9.59717868690857,9.073546108380702,0.0,1.5362923241461224,0,3.590783288895421,1
p4479,0.0,0.08987702629216969,20.0,1.4203325357043755,10.400167190048911,14.776558042712788,-10.60505151412667,0.0,1.5605940919367822,0,20.02039234527918,1
p4481,3.0,0.9007390362341693,1.1654250775123256,1.1306167242345901,9.099533512403502,8.991861380437891,90.26456835464799,0.0,11.39034602668033,0,1.1654250775123256,1
p4482,3.0,0.8825894030340191,20.0,1.5455077993407451,8.417925684707926,9.273795423795471,19.63859336216907,1.7511062267775428,0.0,1,21.15947051547692,1
p4484,2.0,0.5070235245478476,0.4794947674183808,1.0140549484458472,9.394406000593142,6.58828967234107,-15.02380131220205,2.0000155798493946,0.0,1,0.4794947674183808,1
p4486,4.0,0.5851180286518123,1.8041439637627656,0.0,12.220092550290891,10.078811078718227,-2.1412814715726647,0.0,0.0,0,1.8041439637627656,0
p4487,1.0,0.1245865924524857,5.431271748195407,1.0921905698098766,17.16255244638667,13.869881658249634,11.343607386139944,0.0,1.2476283323894561,0,5.431271748195407,1
p4492,2.0,0.5658043479271767,0.23868361769901253,0.0,4.882146897211573,11.371400124464538,6.489253227252965,0.0,0.0,1,0.23868361769901253,0
p4493,1.0,0.3281926325578178,20.0,1.8560451718396087,12.334946716243818,10.50344077008387,-23.008238784585373,0.0,2.7627639436379736,0,20.23038498393329,0
p4495,4.0,0.5690253340580398,20.0,2.183679877908006,4.043504014724492,9.801888180609291,-75.0906354135131,0.0,5.066840467606707,0,34.04328750987774,1
p4496,2.0,0.8411538320299973,1.6771936717782114,1.08001847106955,6.36715102383981,6.11679346323091,-5.950682039133587,1.2839725980479564,0.0,1,1.6771936717782114,1
p4497,0.0,0.1736020660937423,17.832766436525787,1.2755972966637146,10.30711082366967,13.717918618441734,-8.20551596587073,0.0,1.5435630273591798,0,17.832766436525787,1
p4498,0.0,0.4490495679382212,10.421419722353908,1.6977615894142564,10.721003372731289,11.857940790086978,2.060108695257862,0.0,3.081514217278777,0,10.421419722353908,1
p4499,1.0,0.28117074899747196,20.0,1.4024231909051534,9.868601013824168,11.452282791698444,-18.182498959358934,0.0,1.950982363265322,0,29.361323707373703,0
p4500,3.0,0.5737712684784199,6.404243109989933,0.0,3.7369692631098754,9.906622535905175,6.1696532727952995,0.0,0.0,0,6.404243109989933,0
p4501,2.0,0.4742786812220647,7.422326987212153,0.0,9.535266320928145,10.15483411720444,0.6195677962762947,0.0,0.0,0,7.422326987212153,0
p4502,3.0,0.6407455404999612,3.9839697735424,1.095680103918434,11.334604346004182,8.82588907152749,-10.788436793008737,1.710008161841433,0.0,1,3.9839697735424,1
p4503,4.0,0.7402314414556184,4.173550419028917,0.0,6.219565265615029,10.510387487344673,4.290822221729644,0.0,0.0,0,4.173550419028917,0
p4504,2.0,0.6688412843735947,5.928952730270165,0.0,5.733057920338631,7.618140293263777,1.8850823729251465,0.0,0.0,0,5.928952730270165,0
p4505,2.0,0.5957735447262366,10.873660689274763,2.393308384484947,8.146727379093292,9.020811639367396,-15.271302242864559,0.0,5.920711901115113,0,10.873660689274763,1
p4506,2.0,0.49841694483606874,9.748841807040732,0.0,11.334801521903227,10.286548932111147,-1.0482525897920798,0.0,0.0,0,9.748841807040732,0
p4507,1.0,0.49735882254561997,11.377282835969233,0.0,7.2486378951694626,10.349985257925129,3.101347362755666,0.0,0.0,1,11.377282835969233,0
p4508,1.0,0.595044284044978,20.0,1.5684687057291067,7.86322397827846,8.656424277305808,-46.214787558657235,0.0,3.8731857433599353,0,21.30324792983278,0
p4509,1.0,0.6035367907489844,4.029623916671014,1.1907479113239505,3.7385728694048206,9.394084171981651,4.781361019438093,0.0,3.0034260015537626,0,4.029623916671014,1
p4510,3.0,0.30101391393798516,16.33159152763998,1.1199503319338884,11.695111077788294,10.617466616395134,20.18229002913938,3.720593235316758,0.0,1,16.33159152763998,1
p4511,2.0,0.6646920912425526,15.638114878574426,2.0427244056299467,7.724550343955172,8.52942456575261,22.651222907729696,3.073188973576243,0.0,1,15.638114878574426,1
p4512,0.0,0.3252829774788557,4.503166180390269,1.1387234233090098,12.034614414562306,11.69672406657579,12.3729739542732,0.0,1.6877051938812238,0,4.503166180390269,1
p4514,1.0,0.21266906630389013,20.0,1.3712274209197788,11.155708584321488,12.08582929835994,51.95835941623785,6.447705088244404,0.0,1,25.565306937138637,1
p4515,1.0,0.674841093263747,2.651111554259615,1.229966286237994,5.19040145774423,10.557764448886804,14.972638773435596,0.0,3.7826621407472616,0,2.651111554259615,1
p4518,0.0,0.5445375320676766,0.016533041435520056,1.0011744432096938,10.555468897053645,6.984177184095753,19.594861329621594,0.0,2.1981491641995343,0,0.016533041435520056,1
p4519,0.0,0.5667240651112566,2.8300789800239183,0.0,10.227455974854204,6.60790603598389,-3.619549938870313,0.0,0.0,1,2.8300789800239183,0
p4521,4.0,0.5692896186766123,1.9777331302949726,1.0514089766846506,8.56117127014058,11.659976768212827,-14.783125844746559,1.8468788858802438,0.0,1,1.9777331302949726,1
p4522,2.0,0.5261228003975045,2.3901735211185864,0.0,7.344754096362094,8.222770346667618,0.8780162503055235,0.0,0.0,1,2.3901735211185864,0
p4523,1.0,0.293962806900981,9.841120400827082,1.6392581572492768,9.461456101618765,11.75933667825555,1.4163862225478803,0.0,2.3217730925109734,0,9.841120400827082,1
p4524,4.0,0.4396190932400114,10.020527895087225,1.3803040193820872,13.19663141692148,14.569561638382083,9.196159750298012,0.0,2.463153192286175,0,10.020527895087225,1
p4526,2.0,0.2755160745833405,18.695122099114727,1.4569218899480996,13.266287184684689,10.200365779258371,-13.983193889006756,0.0,2.0109789035142582,0,18.695122099114727,1
p4527,2.0,0.4716378417676035,1.7920016132895464,1.029616956820805,10.326652546168765,11.391350435011063,-19.891322697292928,2.183066890820313,0.0,1,1.7920016132895464,1
p4528,4.0,0.5770011849384094,16.98937518381853,0.0,8.614682401729882,9.700275274687248,1.085592872957367,0.0,0.0,1,16.98937518381853,0
p4529,1.0,0.13775737195886917,1.5210480833239008,1.0220329818861789,9.5680829064533,9.403944147610446,9.3741683581564,0.0,1.1853194781242313,0,1.5210480833239008,1
p4531,0.0,0.48478076148886495,0.9155432893271903,1.0307440927402642,9.960609390537796,15.646843466537202,23.781731595093987,0.0,2.0005931760601126,0,0.9155432893271903,1
p4532,2.0,0.13805493165528177,5.0645121032953835,1.0329376909324581,11.1039447880715,11.157604895860372,-45.535332073270176,7.482077449516013,0.0,1,5.0645121032953835,1
p4533,2.0,0.3521104502268595,8.904593654794372,1.1719004837295552,12.689177513660322,11.123126142336467,5.279491447622754,0.0,1.808796706382898,0,8.904593654794372,1
p4535,4.0,0.7619527084773826,20.0,3.4380620765227636,12.178658282436322,7.117296249851607,-118.02319484607084,0.0,14.44276914276971,0,32.65107450372334,0
p4536,3.0,0.1960072899797112,0.34982023926609146,1.005214086342156,10.078284376207362,9.93115763557885,12.01615417852444,0.0,1.250277612985806,0,0.34982023926609146,1
p4537,1.0,0.7658495505999285,3.1753601964722447,1.0378428308004195,9.555463099586214,8.074213054976502,-8.119942088447885,1.3551523663981064,0.0,1,3.1753601964722447,1
p4539,0.0,0.36820854308567763,11.029638109942399,1.2914560541243876,10.525570154327195,12.561278458930184,1.005334110958839,0.0,2.0441176277246225,0,11.029638109942399,1
p4541,2.0,0.43566253013754813,8.187752354524655,1.1350051113387694,16.079609927251855,10.773120160716141,10.565748320341882,0.0,2.0112169968359686,0,8.187752354524655,1
p4542,0.0,0.3428930265162525,10.014652499916872,1.133881963242985,10.42906179432163,12.558117080948454,-6.281697891645791,3.306809633205653,0.0,1,10.014652499916872,1
p4543,1.0,0.21819327582839582,5.162313742314714,1.1471035965340326,10.0438704384579,13.674913163326874,10.793492304416889,0.0,1.4672470331455563,0,5.162313742314714,1
p4545,0.0,0.6509764493330991,0.015249385550007816,1.0030319744372231,2.0230136731792814,9.8187803286392,-7.30962618690322,1.5408114617123119,0.0,1,0.015249385550007816,1
p4546,2.0,0.7131896688963271,20.0,1.5477776923429507,10.354338838916252,7.465823787793186,24.313390948400702,2.1702188910534312,0.0,1,27.204076688525074,1
p4547,1.0,0.43790855147392205,7.705216459856952,1.589457034060143,11.434586663695756,7.946211703271578,-4.363104589546812,3.6296551613580377,0.0,1,7.705216459856952,1
p4548,2.0,0.8220579036299267,8.215572226025493,1.1086887463219952,7.748323333458343,5.395069435921006,1.4506870274882684,1.3486747605325666,0.0,1,8.215572226025493,1
p4550,3.0,0.39474748428542505,20.0,1.8608474915367654,9.285696734386395,7.004462264090279,-35.22233564332035,0.0,3.074497739740588,0,27.562442609157156,1
p4552,0.0,0.8671134577014684,10.703893310843872,1.7638488563298398,4.562353365368765,6.225674698459527,10.772741453022263,2.034161551367712,0.0,1,10.703893310843872,1
p4553,3.0,0.7987532120027728,4.821301907366475,0.0,6.246726920065029,11.6953016505662,5.448574730501171,0.0,0.0,1,4.821301907366475,0
p4554,1.0,0.6305255321946237,5.617658750676905,1.1984990668073927,12.097897830734043,13.688579169527031,22.611242072717303,0.0,3.243794013497874,0,5.617658750676905,1
p4557,0.0,0.616675425416231,10.352467584060392,0.0,10.742087547404102,11.599689622240096,0.8576020748359934,0.0,0.0,0,10.352467584060392,0
p4558,0.0,0.47011045458728395,9.571192272138868,1.1644523669490274,11.540114502295348,12.602547812346069,-6.446161956049541,2.4769761139886057,0.0,1,9.571192272138868,1
p4559,3.0,0.3158985546541111,1.344946929752662,1.0217204318113742,11.304352189004412,8.92939204218472,12.499628865226923,0.0,1.4935218142899576,0,1.344946929752662,1
p4560,2.0,0.4916422213280347,0.34255079927859305,1.0288534962452307,10.6526822821804,9.343684217737955,19.5574374814892,0.0,2.023876764378445,0,0.34255079927859305,1
p4561,3.0,0.5747735737521574,9.788991005553127,0.0,9.05027549596202,10.037686394101451,0.9874108981394301,0.0,0.0,0,9.788991005553127,0
p4562,4.0,0.5242489895091995,0.8755757911535761,1.0779291686022505,6.709399086884998,10.80481230947598,17.313353187558878,0.0,2.2657422576784927,0,0.8755757911535761,1
p4563,0.0,0.39328915699709943,0.1263573049487322,1.0121552602316384,8.578422869554364,8.278491989374922,13.800365364233294,0.0,1.6682663115463712,0,0.1263573049487322,1
p4564,0.0,0.49452600798394974,6.352997228167829,1.20430142557043,13.521098773064276,10.838835946847594,14.395875803076603,0.0,2.382519070401925,0,6.352997228167829,1
p4565,3.0,0.5673860024334662,3.385583154804662,1.1777928716976689,8.528340022765269,9.762990352096102,15.235820920272426,0.0,2.722502920207824,0,3.385583154804662,1
p4566,4.0,0.400216765806116,5.584577545889628,1.0687156788271703,8.092917177536924,11.759075989244561,-12.821864327493229,2.6703420999231877,0.0,1,5.584577545889628,1
p4569,4.0,0.45393431789825156,18.613096748620645,1.5374710913112666,6.859595142630096,9.732080601564741,32.95240021573787,3.386990211336891,0.0,1,18.613096748620645,1
p4571,3.0,0.8320669992747325,3.424575738571057,1.1282595341877162,4.6690590778099725,10.328150501473448,-3.701962497489019,1.355971977221977,0.0,1,3.424575738571057,1
p4574,3.0,0.5180753688243888,7.067229566303457,0.0,8.602317436193934,8.28683660525947,-0.31548083093446344,0.0,0.0,0,7.067229566303457,0
p4575,4.0,0.45819990014030454,5.20877541295693,1.2039461955050932,7.82744737211828,9.252681564634667,7.24424408809339,0.0,2.222122505730189,0,5.20877541295693,1
p4576,4.0,0.22831722465517426,20.0,1.804806931080388,13.133910669575876,11.896886766373326,-17.29539142012584,0.0,2.338793852530804,0,27.669920283827693,0
p4577,1.0,0.46378637656515537,11.730305202382914,1.2108705838474096,11.96147110538561,13.123907843697415,-2.476032456142244,2.6108368961055493,0.0,1,11.730305202382914,1
p4579,3.0,0.6968330381707168,6.65233836249283,1.4977805988988397,5.827368908037433,8.241851488710063,-1.6612360798034667,0.0,4.940447962605693,0,6.65233836249283,1
p4581,1.0,0.728427411688329,0.27165669181076063,1.004854474785216,7.839016893712724,8.212437211944719,-10.580764973133707,1.3794847072767236,0.0,1,0.27165669181076063,1
p4582,4.0,0.7868819637607646,0.14716790443787228,0.0,2.744817582532923,12.292375319635335,9.547557737102412,0.0,0.0,0,0.14716790443787228,0
p4583,3.0,0.5298486764598376,10.423279689898457,1.1054054169671372,11.658972430373579,6.850708410207428,2.6450709045480103,2.0862662606857088,0.0,1,10.423279689898457,1
p4584,4.0,0.4868542150216377,20.0,1.6809666569142658,11.356016631854228,12.891552344324761,-26.780487238760003,0.0,3.275807199673572,0,23.30588590588875,1
p4585,3.0,0.531093587902621,20.0,1.8479887939546034,9.677871169272521,13.552541745807963,-36.80546924842118,0.0,3.9410610439057647,0,20.298908339055206,0
p4586,0.0,0.6469726307397976,0.6063026618843221,1.0695303106122507,8.778769700607613,11.480715833319818,27.461219694733625,0.0,3.029596013627891,0,0.6063026618843221,1
p4587,2.0,0.46863165459818645,10.915993451839299,1.1546581869511585,10.92201057999247,13.172217579101494,-3.3088875148408405,2.4638928583285398,0.0,1,10.915993451839299,1
p4588,3.0,0.40235885177185604,8.293975100870831,1.0503205807336164,12.056003098485435,14.071974911606857,-13.066962463001001,2.6104075407024103,0.0,1,8.293975100870831,1
p4589,4.0,0.15373047775565138,18.398927201195672,0.0,13.848022892908956,11.589143222606742,-2.258879670302214,0.0,0.0,0,18.398927201195672,0
p4590,0.0,0.8592213226507374,20.0,5.394970092261389,2.107986837411559,5.342883393659659,95.26555692911312,6.278906202673902,0.0,1,20.29006716215489,0
p4592,3.0,0.520157263001946,20.0,1.8117430586255927,7.43278211656587,10.90238546080231,-43.98046312751998,0.0,3.7757017433670983,0,29.751172956219563,0
p4593,3.0,0.3166807108590114,13.66323490413592,1.456600740328174,12.05932917612364,12.618872587008967,-2.859429692853953,0.0,2.1316546502869684,0,13.66323490413592,1
p4594,1.0,0.18498131244841262,1.8123838765857416,1.0268258088327098,9.317516487628739,8.627313965850352,8.765364548569538,0.0,1.2598800794585656,0,1.8123838765857416,1
p4595,2.0,0.636753395262646,11.8437881861139,1.7322432631187719,6.551762187491407,7.460320476830107,12.833476892047514,2.720430351854287,0.0,1,11.8437881861139,1
p4597,0.0,0.6174982739395606,0.7197760287242546,1.0538044873362649,4.526055862596127,9.02213347898023,-9.672482695099063,1.7065707416688407,0.0,1,0.7197760287242546,1
p4598,2.0,0.4901849202367502,8.547710773795433,1.113837141883082,12.145270743813395,14.222262687917356,-10.817176000597474,2.2722794926965917,0.0,1,8.547710773795433,1
p4599,0.0,0.1552469950885762,20.0,1.4113915547357785,14.367545241074795,7.1165591997582665,-16.661546326937447,0.0,1.6707742340422562,0,25.801614038235407,0
p4601,0.0,0.3460567860166848,0.01253723793666561,1.0009798372019036,9.96325241877289,10.84556582938127,16.11370514122138,0.0,1.5306831171237487,0,0.01253723793666561,1
p4602,1.0,0.7227501351131341,3.4108358652983832,1.6321567017848855,2.504786737428619,11.491997320999634,3.653342677801505,0.0,5.886952199060226,0,3.4108358652983832,1
p4603,1.0,0.7427202200864673,0.6400062019150865,0.0,6.3451088163418365,7.446183775157263,1.1010749588154267,0.0,0.0,1,0.6400062019150865,0
p4605,4.0,0.445290778917267,17.90580663330704,1.139513913928141,10.160318279203027,12.146719032290964,16.724097475319304,2.5590332606906676,0.0,1,17.90580663330704,1
p4606,2.0,0.6084798012567435,20.0,3.3339987069735013,8.548192534798192,8.193922749424337,-97.87238354820799,0.0,8.515521594225094,0,24.609046375252568,0
p4607,1.0,0.5857763149752677,20.0,1.4234293701438492,10.481770781964673,10.032075353053209,23.772241066496143,2.429987921590767,0.0,1,26.067773576655068,1
p4608,0.0,0.25088784291245225,20.0,1.4114950366145904,10.453068782055338,9.891281636662027,56.309863671762066,5.626000129098061,0.0,1,27.83398800402624,0
p4609,2.0,0.6846913244738624,3.4757682344225014,1.0520687066600445,11.017812704074567,4.601800698269662,-8.146227470134377,1.5365591311800044,0.0,1,3.4757682344225014,1
p4612,0.0,0.4543928136095154,20.0,1.285657270206273,10.2668950022194,12.198749118318943,24.004683202158656,2.8293961341367266,0.0,1,32.26427085320877,0
p4614,4.0,0.7014703036382485,16.18202527579584,0.0,8.720549264952966,8.564298920040097,-0.15625034491286982,0.0,0.0,1,16.18202527579584,0
p4615,0.0,0.43749318808490684,3.6848713004082843,1.075590622505085,13.567216542991867,9.712458707597776,15.041649543375707,0.0,1.912137950548835,0,3.6848713004082843,1
p4616,2.0,0.40133706260019636,1.3545662732495467,0.0,9.500898129023929,9.128921444500943,-0.37197668452298593,0.0,0.0,0,1.3545662732495467,0
p4618,2.0,0.33460236265013416,19.374263752898663,1.4163689409294653,10.804797284479804,12.53443532818082,-16.511373743695938,0.0,2.12860530519849,0,19.374263752898663,1
p4620,1.0,0.7156262543179691,5.601001437607345,1.2579480909132414,4.887676953945956,10.8790707786862,-3.286545897644171,1.7578283123669556,0.0,1,5.601001437607345,1
p4621,2.0,0.5631265170406781,20.0,1.5692897817612905,6.569825457630134,9.948473459786639,31.38968533272464,2.786744602275462,0.0,1,20.031319940197005,0
p4622,0.0,0.5253923397295287,20.0,1.4793858833221278,14.149822558292124,11.466134573454104,-20.91910777823123,0.0,3.117071229906086,0,26.140777158479594,0
p4623,3.0,0.39106962773539916,2.1702666857344877,0.0,9.180153642854847,9.21964853797429,0.03949489511944293,0.0,0.0,0,2.1702666857344877,0
p4624,0.0,0.6929111728825589,3.3766499339693654,1.0929791635299284,10.612265833745214,7.058540952432026,22.199010859659985,0.0,3.559162909928782,0,3.3766499339693654,1
p4627,2.0,0.6867121521186149,2.4596381936820886,0.0,4.358576160459535,10.674527506527122,6.315951346067587,0.0,0.0,1,2.4596381936820886,0
p4628,3.0,0.17926529653448142,1.9102662163030273,1.0163257727348831,12.85194230259717,11.623262502947522,-56.295492213597456,5.6693949826445875,0.0,1,1.9102662163030273,1
p4631,3.0,0.25550733241256435,3.081271812653263,0.0,8.975950017265747,13.967149158463215,4.991199141197468,0.0,0.0,0,3.081271812653263,0
p4632,1.0,0.19632757722278366,14.80600436558972,1.5106921854212403,11.80099885870377,8.76954537865887,-8.680071259802684,0.0,1.879736249006537,0,14.80600436558972,1
p4633,3.0,0.3850437915037651,0.751416677192168,1.0245187542726006,12.066138019075892,12.296105036638815,19.080324252714398,0.0,1.6660027821783887,0,0.751416677192168,1
p4634,0.0,0.6398524684839658,15.039520416527733,0.0,15.571687771132133,7.066556593815829,-8.505131177316304,0.0,0.0,1,15.039520416527733,0
p4635,3.0,0.381075703840886,20.0,1.419638933254416,10.186747130214796,10.952561652841647,34.470654779795,3.7253462210940915,0.0,1,20.781072591345012,1
p4637,0.0,0.778556907833916,4.3839542395050906,0.0,3.0986402392152423,7.937525044097027,4.8388848048817845,0.0,0.0,1,4.3839542395050906,0
p4638,0.0,0.38378268430180096,6.390747061211679,1.143095789253134,13.366272671951966,8.738833071299977,8.312303815078064,0.0,1.8550205587098123,0,6.390747061211679,1
p4639,0.0,0.10654607658575503,20.0,1.353944720833842,12.755971659776183,13.917521154051498,-9.816088716027046,0.0,1.5154051992517727,0,29.482273427459837,0
p4640,4.0,0.25424442207685183,8.909666282244475,1.146601838923725,14.018155049428692,10.907738522724303,4.743903022452553,0.0,1.5375035371735226,0,8.909666282244475,1
p4641,4.0,0.49324143373880425,12.686468953338906,3.0530866027409065,6.873690266820342,7.480393012612646,-34.413754556868305,0.0,6.0247360498831135,0,12.686468953338906,1
p4642,2.0,0.4805935641441224,1.2015714705187603,1.0164408405159229,12.173697926225731,8.269698611291522,-18.852874264258347,2.1149697298299825,0.0,1,1.2015714705187603,1
p4644,1.0,0.5465035381092493,15.099279791530854,0.0,5.073183486494481,12.091914774205048,7.018731287710566,0.0,0.0,0,15.099279791530854,0
p4646,4.0,0.2966458026379286,0.9078016647430731,1.0135244218875337,10.24889340335716,8.406541710613729,-27.462657465794713,3.4166147401201967,0.0,1,0.9078016647430731,1
p4647,0.0,0.8342046751824579,6.243762395539956,2.731410726161415,3.990476915191368,4.767515417082506,5.610668606565538,3.2742692619937652,0.0,1,6.243762395539956,1
p4650,0.0,0.4806484953848011,1.6656568668213527,1.0354821251409665,10.381191118857352,9.989385716788,-18.32397937415329,2.1543438397991292,0.0,1,1.6656568668213527,1
p4651,4.0,0.48587254802240043,4.840344994774618,1.0549684256880307,11.371897394226735,9.532083436722115,-12.026921539497849,2.1712863383246606,0.0,1,4.840344994774618,1
p4653,4.0,0.47271017229925866,20.0,2.013834535337504,11.334009722819012,10.237776075821941,-34.193535332457905,0.0,3.8192174958482936,0,31.751905137838392,0
p4655,1.0,0.3777693861006344,20.0,1.441528480724147,11.858752644140834,9.615580298062259,-21.104089295415946,0.0,2.316710956554265,0,20.125945692306786,1
p4657,1.0,0.3782027974636306,3.2717273463344223,1.0727374287873386,12.844963501182088,10.87388839668655,-23.53390529262026,2.836407969432053,0.0,1,3.2717273463344223,1
p4658,1.0,0.22002674662263053,3.6345439539122606,1.0479428262025052,12.36403674540047,11.528137814781763,10.892720361920711,0.0,1.3435625153360045,0,3.6345439539122606,1
p4659,0.0,0.550478813857052,1.8531206512213845,1.0323928659362702,9.936936929136035,11.16382892635054,19.792589259377912,0.0,2.296650075149002,0,1.8531206512213845,1
p4660,4.0,0.39562305200187947,20.0,1.614039437489501,12.074748404282575,9.682592106301469,-23.55720680145316,0.0,2.670584049963667,0,22.020227055928466,0
p4662,2.0,0.670407651796125,1.4185439716906727,1.0817876789737972,9.77965299704938,6.5910146826073115,-11.535075097988937,1.6136266882925963,0.0,1,1.4185439716906727,1
p4663,0.0,0.32570458012072917,20.0,1.7511121285145952,13.070307121562756,11.3904567831564,-19.675922814303235,0.0,2.5969509459638966,0,21.012447757395343,0
p4665,1.0,0.5640954738076441,1.0714018273541552,0.0,6.6972918677294,12.025137172749526,5.3278453050201255,0.0,0.0,0,1.0714018273541552,0
p4667,4.0,0.5174797958496182,5.763171817835792,0.0,10.717207503965593,8.809314428467308,-1.9078930754982846,0.0,0.0,1,5.763171817835792,0
p4669,0.0,0.4816223020639347,20.0,1.2416238933492758,10.878689496387553,11.912022628140503,21.884165642486515,2.5780033192575287,0.0,1,21.877218135643364,1
p4670,1.0,0.5593851404194242,1.131499114502789,1.0691620302382228,6.607770553980456,10.835879435775798,17.516406729809297,0.0,2.4265228622928543,0,1.131499114502789,1
p4671,0.0,0.21218509683957354,4.707349947544433,1.0571988182733307,13.721788341941142,12.47841227062652,10.853442076860588,0.0,1.3419380796583489,0,4.707349947544433,1
p4672,4.0,0.26187148704464924,2.814882003032528,1.1315897513443507,14.941473224224683,10.387127073800068,14.036354660876354,0.0,1.5330524854183492,0,2.814882003032528,1
p4673,1.0,0.48929920828635187,1.760797513536799,1.0799605326860713,6.055002097728279,9.96747126694818,12.9932686225458,0.0,2.114663909296638,0,1.760797513536799,1
p4674,4.0,0.6639671342705298,20.0,1.889799615226995,7.014442061422382,8.982445954915578,33.32643764792625,2.846224636258888,0.0,1,20.044265964652915,0
p4677,1.0,0.7592359090540779,4.485615558943,1.0684261219649376,10.975296352306557,7.158666825654037,-7.578250604696285,1.4072386582664085,0.0,1,4.485615558943,1
p4678,4.0,0.30808971824841935,12.258236233129182,0.0,15.108193619182602,10.010957932536265,-5.0972356866463375,0.0,0.0,1,12.258236233129182,0
p4679,0.0,0.57175668470752,7.15085590271575,1.236083793585786,9.133145086900127,11.277192122008548,7.865737128734792,0.0,2.886405343517318,0,7.15085590271575,1
p4680,3.0,0.39364724630244924,18.900415429421525,0.0,10.407964265807532,14.83044755520719,4.422483289399658,0.0,0.0,1,18.900415429421525,0
p4684,1.0,0.4103882177026756,20.0,1.767862853291989,6.412003997411338,14.004264202937955,33.42058113811834,4.307781697994063,0.0,1,22.69536157297697,1
p4685,1.0,0.19486807190166502,3.123885586119293,1.0289620117672424,15.209293248671749,10.647494085759464,10.883402980367292,0.0,1.2780042324213603,0,3.123885586119293,1
p4686,3.0,0.577425063546476,18.24979997735468,0.0,7.863741004826896,13.029815583197719,5.166074578370822,0.0,0.0,1,18.24979997735468,0
p4687,3.0,0.44156439772322315,2.5112673638426664,1.166193323881432,11.814163883424868,12.232843719484231,19.846122802920036,0.0,2.088321946392366,0,2.5112673638426664,1
p4688,0.0,0.398017107282514,20.0,2.052957584631802,9.778294236343212,7.3742866024011375,62.718957200305084,5.157963180649431,0.0,1,34.379637658685326,0
p4690,1.0,0.6607491179751733,14.112887527885482,1.2767609771731623,10.733259072062893,11.04776747118687,-12.404626490030122,0.0,3.763471356515818,0,14.112887527885482,1
p4692,1.0,0.3771521019028184,13.420421951273976,0.0,13.459262645262761,8.353644522382897,-5.105618122879864,0.0,0.0,0,13.420421951273976,0
p4694,1.0,0.8098786519430959,7.9060620273935465,0.0,3.120829039323084,6.5946030239863775,3.4737739846632936,0.0,0.0,0,7.9060620273935465,0
p4695,4.0,0.6237723165211123,5.716189212133335,0.0,6.971209979678439,9.113466955815326,2.1422569761368875,0.0,0.0,1,5.716189212133335,0
p4696,0.0,0.6430437173531878,1.1358696464006823,1.1182049200193993,5.379492851611593,9.134503525791345,17.048628345199923,0.0,3.1326102785696,0,1.1358696464006823,1
p4697,0.0,0.32715083461023003,5.330584790836935,0.0,12.445382813783608,9.977742364661816,-2.4676404491217916,0.0,0.0,0,5.330584790836935,0
p4699,0.0,0.5765904601799848,3.9169311697019293,1.0827311699440538,11.907044013202487,8.694361836492535,-12.183821056749911,1.8778166562209082,0.0,1,3.9169311697019293,1
p4700,2.0,0.472356476155223,8.773276131071144,1.6625139240642146,6.824369882693549,11.433897890605055,-4.754841795795368,3.519617085800024,0.0,1,8.773276131071144,1
p4702,0.0,0.6750832068578606,5.4510522388425695,1.1165621130995564,8.374814258192636,10.708829109985105,-6.362149404423359,1.6539622105199983,0.0,1,5.4510522388425695,1
p4704,3.0,0.4465395216469476,20.0,4.619362683503615,5.793754907729515,13.865264340443238,-110.49847165648566,0.0,8.3463279930115,0,28.14235553222342,0
p4705,0.0,0.3682235470519836,0.9235267520128898,1.0097612274095709,9.029594084240331,8.820712232006812,-21.864943142181232,2.7422505581019205,0.0,1,0.9235267520128898,1
p4706,2.0,0.20246145315828332,8.926315827191852,1.0809671623420658,12.128948171544284,11.437561930366677,-14.099245029829197,5.339125771743677,0.0,1,8.926315827191852,1
p4707,2.0,0.722538583926248,16.290695067775392,1.9935911207176076,5.146551737893556,7.0412141140152285,27.41535222006375,2.7591483210273795,0.0,1,16.290695067775392,1
p4708,0.0,0.835548251568754,1.2969221010468999,0.0,3.924192577916755,5.33353976649111,1.4093471885743547,0.0,0.0,0,1.2969221010468999,0
p4709,4.0,0.768840134376235,18.476669839113523,2.9156318056485984,7.360777263500201,9.107661108091257,37.27648046968145,3.792247146429302,0.0,1,18.476669839113523,1
p4710,1.0,0.5276023353427509,17.71274597392283,2.0921581623669585,7.819359582048846,14.515458969177265,-37.11980115977052,0.0,4.428807165854506,0,17.71274597392283,1
p4713,2.0,0.6009331527508865,1.9959521686630874,0.0,1.5752833117400193,10.317282311594202,8.741998999854182,0.0,0.0,0,1.9959521686630874,0
p4714,4.0,0.4050921074930135,20.0,1.5682895756873056,9.363706722800213,11.051634941003218,-26.351349930034875,0.0,2.636188888129246,0,22.508291969765462,1
p4715,0.0,0.7040566191157183,6.74874609327861,1.147840495976405,8.130950271517321,10.508637853013429,-3.7521546856387715,1.630324131343401,0.0,1,6.74874609327861,1
p4717,4.0,0.6117239124747477,0.3863381276755301,1.0379684888839982,10.088247651070727,10.380933560042319,26.228551368708004,0.0,2.6732743072067033,0,0.3863381276755301,1
p4718,3.0,0.2156829026675488,5.972093106660938,1.1629581569734186,10.701325934861368,11.111091720256336,7.422108003214682,0.0,1.4827652755865803,0,5.972093106660938,1
p4719,1.0,0.5522831920354208,10.160375780698716,1.177487877330947,10.79999354968413,10.021282369757055,-0.4821589625821837,2.1320364159397207,0.0,1,10.160375780698716,1
p4723,4.0,0.22572462600201795,0.7041896428372961,1.0367948013184893,13.290955339488065,9.373304277269057,12.936679681012691,0.0,1.3390517587624986,0,0.7041896428372961,1
p4724,0.0,0.5919451457675334,7.264992677040637,1.3884303286783823,6.117667592337708,11.085621623678897,-3.9934795441650364,2.345538836842902,0.0,1,7.264992677040637,1
p4725,3.0,0.2928988296900493,18.08955204564213,1.6458725060955224,11.45247475527881,9.634986961046222,45.69084891867545,5.619252585738269,0.0,1,18.08955204564213,1
p4726,0.0,0.6758951727090236,0.5183691718675765,1.0336050171697233,8.73679296740223,7.861328061285431,25.33396905786835,0.0,3.18910713490166,0,0.5183691718675765,1
p4727,2.0,0.4153807756044184,6.09055967066567,1.046372007827909,12.816645284380773,11.577118817193698,-15.060536603887403,2.5190670085907048,0.0,1,6.09055967066567,1
p4728,1.0,0.7212024471556003,3.825040929640421,1.1695071163175357,3.978474096986105,13.84630618038772,-6.3827242915492395,1.6216072490186837,0.0,1,3.825040929640421,1
p4729,4.0,0.5683670703846945,6.9537917888009195,1.3911110425156359,8.940779888407743,9.923818828244052,7.386908749245299,0.0,3.2229029507907767,0,6.9537917888009195,1
p4730,1.0,0.7969474960712689,0.14245187347270413,0.0,-0.17240314069462717,8.893453260993603,9.06585640168823,0.0,0.0,0,0.14245187347270413,0
p4731,3.0,0.5621692112917674,3.5104696376790803,1.2063921177950825,14.529924019517232,8.488448947754527,24.321357445963486,0.0,2.7553843834381735,0,3.5104696376790803,1
p4732,1.0,0.683428185307462,20.0,2.308060913770266,9.231120292281703,9.337971111573822,-78.40686766388474,0.0,7.290797242994954,0,22.790091934413272,0
p4733,0.0,0.5328020179593265,2.3380675481192976,1.2222455570813027,8.221771303150907,8.322512100538738,15.493210478782764,0.0,2.6161190845531004,0,2.3380675481192976,1
p4734,1.0,0.6304349346414326,2.5472205053156225,1.0479231344098208,9.346598410402343,8.546546114626723,-10.772266320415781,1.6622225020030648,0.0,1,2.5472205053156225,1
p4735,0.0,0.8884687986815203,0.10249590033708512,1.0079974535990515,6.554425136048384,5.946584539891459,-7.2381538677314445,1.1345333174275907,0.0,1,0.10249590033708512,1
p4736,4.0,0.8882241582302605,1.2667432680592556,1.114393712642717,6.8224970230506266,7.198792920347416,-7.066238483625352,1.2546311675006536,0.0,1,1.2667432680592556,1
p4738,3.0,0.21430764924255935,14.016443962972378,0.0,12.306139370471367,13.898991987913412,1.5928526174420448,0.0,0.0,0,14.016443962972378,0
p4740,3.0,0.8337829973842319,0.18331144314132913,0.0,7.795821381336892,9.085005203607325,1.2891838222704335,0.0,0.0,1,0.18331144314132913,0
p4742,4.0,0.19144246991653374,0.3337803225722192,1.0053597657892035,7.964456459190596,8.18536824049466,-41.011687200924776,5.2514980935396744,0.0,1,0.3337803225722192,1
p4743,3.0,0.6701588682413864,20.0,1.4840678726289094,5.8424380872720105,13.840004300635083,21.638886422927012,2.2145015800855727,0.0,1,39.98160680762584,0
p4744,2.0,0.3549599604693263,20.0,1.4097779036445908,12.079575321993927,10.53481024785289,-18.855379941798883,0.0,2.185566503236504,0,31.86833381173414,0
p4745,1.0,0.41693193207593293,14.084753194721166,1.2887539858001975,6.925522480633436,15.108189032176321,5.019183706360181,3.0910416944641352,0.0,1,14.084753194721166,1
p4747,1.0,0.7167716141255526,0.45280686159869343,1.014932680113177,11.03994655936698,7.322017827736958,34.22047929556483,0.0,3.583442658756271,0,0.45280686159869343,1
p4748,0.0,0.4593312966935811,0.47842713223276795,1.0358781241448687,12.56963409319657,10.486005617487274,21.082159942918892,0.0,1.9159202628338456,0,0.47842713223276795,1
p4749,4.0,0.44242279709645754,3.910959769381411,0.0,10.904262871727036,6.586698222451369,-4.317564649275668,0.0,0.0,0,3.910959769381411,0
p4750,2.0,0.36636342697225177,5.311692372740256,0.0,9.579794139023404,6.118284850931524,-3.4615092880918796,0.0,0.0,1,5.311692372740256,0
p4751,1.0,0.5400007775264124,16.313845536294593,1.2513860647162296,10.394755170328061,10.290769534837125,13.853759776425566,2.317378264617447,0.0,1,16.313845536294593,1
p4752,1.0,0.6955560998475407,3.026327891201751,0.0,5.392051710656717,10.77830505516905,5.386253344512332,0.0,0.0,1,3.026327891201751,0
p4753,0.0,0.5232281281842635,2.1101124743096227,1.01321575747664,16.501885389577527,10.225843277362758,-21.991914195827448,1.9364703518382318,0.0,1,2.1101124743096227,1
p4754,2.0,0.6216715706192012,8.682145521631965,0.0,2.538618262241074,11.316155598767576,8.777537336526503,0.0,0.0,0,8.682145521631965,0
p4756,2.0,0.7804317246147624,15.49401883679749,1.4587817186000835,6.395093153154456,12.399340125507612,11.788815419002315,1.8691983841638025,0.0,1,15.49401883679749,1
p4757,1.0,0.5840361567367913,0.15457507667413634,0.0,5.5546153404722505,10.822553489236391,5.267938148764141,0.0,0.0,0,0.15457507667413634,0
p4758,1.0,0.6072639675501729,4.950260085346871,1.2455865576984284,6.067198222314333,11.776748786689001,9.251988777922417,0.0,3.1715616973788996,0,4.950260085346871,1
p4759,3.0,0.5022570472541693,1.636551265617488,0.0,7.351023207101468,11.009542507401907,3.658519300300439,0.0,0.0,0,1.636551265617488,0
p4762,2.0,0.4486351629880016,20.0,1.2786386721000664,11.076016263974564,7.738098407376252,31.60927947272344,2.8500634314619306,0.0,1,27.341865168291857,0
p4763,4.0,0.5366074912875469,2.264947244117703,1.0923314336529608,11.119138057504626,6.206747868454819,15.959140453292443,0.0,2.357248796895809,0,2.264947244117703,1
p4764,1.0,0.6152912603090769,0.4364822581886108,1.0137823824710452,9.438672942549086,7.6995298307482445,-13.70607673671751,1.647646322754196,0.0,1,0.4364822581886108,1
p4765,2.0,0.7204653445522677,1.8695828148565097,1.0783289191545526,8.048211708608447,9.69957475849521,-10.067877595643322,1.4967117118238058,0.0,1,1.8695828148565097,1
p4766,4.0,0.4550367659943975,0.041580061440058796,1.002181865715105,8.47243937969621,11.500027798911752,18.531853283191055,0.0,1.8389898679014407,0,0.041580061440058796,1
p4768,4.0,0.6477749846706432,12.984309711028132,0.0,2.8954196040730324,11.176626201651633,8.281206597578601,0.0,0.0,1,12.984309711028132,0
p4769,3.0,0.5707571030669044,1.9056058599443468,0.0,8.847332169183751,10.203284618991827,1.3559524498080755,0.0,0.0,0,1.9056058599443468,0
p4770,0.0,0.5962488998781555,4.034208097312572,0.0,7.420471702175952,8.079485966019758,0.6590142638438063,0.0,0.0,0,4.034208097312572,0
p4771,2.0,0.937376933823922,3.919065348998618,0.0,4.1748722709885415,11.907632282763636,7.7327600117750945,0.0,0.0,1,3.919065348998618,0
p4773,1.0,0.271183136207933,15.717673362421893,1.2362603067758546,13.284663646279794,13.937264733047462,-3.4744073394871444,0.0,1.6962564509601719,0,15.717673362421893,1
p4775,0.0,0.20381456206805207,7.655314288844815,1.135591064647771,11.098352504046478,12.047945855814369,5.860363187724128,0.0,1.4262896688959952,0,7.655314288844815,1
p4776,4.0,0.8326925887426995,2.3498544516911712,1.1167809060207592,9.03617011593545,8.426134303784897,44.02127854111417,0.0,6.675023524829227,0,2.3498544516911712,1
p4777,3.0,0.49120807069971184,20.0,2.0738412054941597,6.308185338234759,11.37671389332961,-50.739450676429804,0.0,4.076010420106687,0,22.76172539140326,0
p4779,0.0,0.36651391876186645,3.4969862029163936,1.1666409041379568,10.62865224878627,12.987225495306161,15.492395078093798,0.0,1.8416204218059296,0,3.4969862029163936,1
p4780,1.0,0.6766941121935021,2.4447760639298917,1.0661374515269921,2.952757088911787,8.22284920975553,-3.8333123087570407,1.5755086860015828,0.0,1,2.4447760639298917,1
p4781,4.0,0.3086687631683876,20.0,1.7357636281743771,10.17425427495416,11.209605903844544,-23.634692397166795,0.0,2.5107553885882883,0,24.215391204196997,0
p4782,1.0,0.456784402176725,9.256602666492709,1.2282663775104061,10.422212741138933,7.282774610553931,-0.5038737806063733,0.0,2.261102925674825,0,9.256602666492709,1
p4783,4.0,0.27602465176833735,5.870167159814158,1.236979826548507,8.995294146063145,11.820571263493925,8.164849862323955,0.0,1.7085938486301742,0,5.870167159814158,1
p4784,3.0,0.1945378344342436,16.029092991644458,1.1291713028934776,9.547153419825195,11.768850810014076,26.949757249924588,5.804378907462099,0.0,1,16.029092991644458,1
p4785,4.0,0.5220781760281745,20.0,1.5393606343575927,13.350495894703025,11.662429340366083,22.895470258591796,2.948525153969507,0.0,1,22.2045131996628,0
p4787,3.0,0.26632573381202657,8.90611613645889,1.064984361188766,13.597223726218525,10.299809067264738,-8.870519271725307,3.998803817960884,0.0,1,8.90611613645889,1
p4788,0.0,0.6461937430766911,18.409578846087957,1.3614263685329926,10.445886986309839,12.4045278926164,14.610318209022404,2.106839292579496,0.0,1,18.409578846087957,1
p4789,3.0,0.6369803699465598,18.0495680671979,0.0,6.566964792615283,9.823134552132128,3.256169759516845,0.0,0.0,0,18.0495680671979,0
p4790,4.0,0.3809427961207131,0.406023532515951,1.0050836114818464,13.234067331054357,13.3821998891868,-34.088352102034996,2.6384108630403285,0.0,1,0.406023532515951,1
p4791,1.0,0.22864791840578952,3.8005528187882147,1.070917159238253,12.738073454265196,12.484113909301282,12.154568853373284,0.0,1.3883636082564386,0,3.8005528187882147,1
p4792,2.0,0.5221259020548163,14.981519160061215,1.3512903942590788,10.357353847588348,8.293019140180323,15.24586919800524,2.5880546989549873,0.0,1,14.981519160061215,1
p4793,0.0,0.4473507021833197,2.262096780679983,1.029098350217088,10.364856537701085,8.733079879684807,-16.517811258984942,2.300428601530113,0.0,1,2.262096780679983,1
p4796,3.0,0.7565781004018535,11.15918742408632,1.618351995406846,4.822724560932427,9.053742829184998,8.73465174583712,2.139041553736838,0.0,1,11.15918742408632,1
p4797,4.0,0.6064074928406754,0.26419589608347716,1.0103807424650224,10.029116819846529,11.469169396596435,-17.229389305828686,1.666174568081211,0.0,1,0.26419589608347716,1
p4798,2.0,0.5903644473460367,20.0,2.3221965357015133,6.9944446302604835,7.464613298569562,49.778069410980734,3.93349658188407,0.0,1,22.436859753518455,0
p4800,2.0,0.301544442083208,4.337153537172818,1.0778895424956563,12.5615932759299,6.200116074999157,6.3308659078173015,0.0,1.5432471404631114,0,4.337153537172818,1
p4801,0.0,0.1479753535648618,20.0,1.3622933631700236,7.3174458234538005,12.040961384282127,-15.554488667149622,0.0,1.5988896200008347,0,23.86760374090753,0
p4802,0.0,0.5118698308313125,14.913018907445705,0.0,12.818641263243858,8.758208745546808,-4.06043251769705,0.0,0.0,1,14.913018907445705,0
p4803,1.0,0.44046321239958586,0.12263433739567393,0.0,9.966881408441695,9.604096119660962,-0.36278528878073324,0.0,0.0,0,0.12263433739567393,0
p4804,3.0,0.48863829874965525,20.0,2.443214959266364,10.03551862552947,10.916000429222118,-46.72842182735738,0.0,4.77786066749307,0,34.093680121834076,1
p4805,4.0,0.702945402410641,9.531433807187689,0.0,9.285824436839402,8.62622456159797,-0.6595998752414314,0.0,0.0,0,9.531433807187689,0
p4806,4.0,0.4870608222403321,5.4754440952876555,0.0,11.69205486562735,6.3091150980742965,-5.3829397675530535,0.0,0.0,0,5.4754440952876555,0
p4807,3.0,0.8196581575323035,16.363665111318774,1.1527800994086572,13.669715904675568,10.557060129761899,5.0538446208347025,1.4064156975869846,0.0,1,16.363665111318774,1
p4808,3.0,0.8849940637063882,2.5110094827239755,0.0,2.0548118180956076,5.59246340669847,3.5376515886028623,0.0,0.0,1,2.5110094827239755,0
p4809,4.0,0.7083036624335891,14.69882692064561,1.7160668790230855,2.351597267693515,10.05192994409006,18.95876096730938,2.4227841391177116,0.0,1,14.69882692064561,1
p4810,1.0,0.7835628877269025,6.259766607623998,0.0,10.948305195684668,11.140678272111428,0.19237307642675994,0.0,0.0,1,6.259766607623998,0
p4811,4.0,0.7187844741427531,4.305516965632902,1.1934459641265136,3.409971129808666,9.93194376556601,-2.819960305743326,1.6603669209047092,0.0,1,4.305516965632902,1
p4812,0.0,0.5557512385383494,20.0,1.3409014111104345,7.534930857698613,12.148972890571224,23.556785835634066,2.412772690596363,0.0,1,33.0352295108702,0
p4813,2.0,0.3572929443114437,8.942027654286735,1.123298816497759,12.134651628432051,8.866161963636987,-3.0299743459888737,3.1439154743526263,0.0,1,8.942027654286735,1
p4814,2.0,0.3991417239904641,20.0,1.3710215494320248,15.831176926387917,13.550354383660451,-11.793126022426739,0.0,2.281771932205634,0,21.458553064804153,0
p4815,4.0,0.5389603795891931,17.556911715017044,0.0,10.50961392238208,9.923775230920999,-0.5858386914610811,0.0,0.0,1,17.556911715017044,0
p4816,0.0,0.7335077644279011,2.592259990988413,1.134250409751778,6.358537628408988,9.550695513516187,-7.567930453990738,1.5463372915165199,0.0,1,2.592259990988413,1
p4817,3.0,0.4940601965262437,0.6145171746600278,1.0238636778233152,10.277083759987516,11.130815905389692,20.407740138725128,0.0,2.0236867524427224,0,0.6145171746600278,1
p4818,0.0,0.7604728487150954,3.660982018720087,1.2620957937572346,7.5096306216063615,11.631688667340926,24.40102511604741,0.0,5.2691136974949435,0,3.660982018720087,1
p4820,4.0,0.604230951887323,13.525795910890162,0.0,2.3742576414651047,12.885413260576419,10.511155619111314,0.0,0.0,1,13.525795910890162,0
p4821,0.0,0.7122302404859538,0.6782815705405612,1.066240678034213,5.520757496190298,8.808522704795726,21.230042475849377,0.0,3.705186673661481,0,0.6782815705405612,1
p4822,1.0,0.7495502777806354,6.881738243113324,1.1549243069171207,4.480119643587254,12.265372098076504,-0.5099744074752737,1.5408229990078433,0.0,1,6.881738243113324,1
p4824,2.0,0.1748747727481367,13.118166516902773,0.0,11.489583318447089,8.115366507085897,-3.374216811361192,0.0,0.0,0,13.118166516902773,0
p4825,1.0,0.11141927334165518,12.232382026555191,1.231709806566325,14.375633122202032,7.253768146224095,-4.150988708641059,0.0,1.3861540877646243,0,12.232382026555191,1
p4826,1.0,0.6939643453629507,4.716529888338841,0.0,4.689923894571566,10.86316799030688,6.173244095735314,0.0,0.0,1,4.716529888338841,0
p4827,1.0,0.4193372033353204,2.0315262615759404,1.028584867564019,9.880918845502283,10.501201385189615,14.524680200035974,0.0,1.7713979154032231,0,2.0315262615759404,1
p4828,3.0,0.5632532534536099,8.871699589435865,0.0,10.355818796934585,8.403334733215228,-1.952484063719357,0.0,0.0,1,8.871699589435865,0
p4829,2.0,0.35293208506563367,4.384802346149052,1.0850882582716628,11.667298052433566,9.340281003558713,9.88522590031335,0.0,1.6769310194923293,0,4.384802346149052,1
p4830,3.0,0.4015894238068552,15.374406074115354,1.321405345436558,7.7199135455387085,10.312026088588189,19.249563105602,3.29043860993732,0.0,1,15.374406074115354,1
p4831,4.0,0.7082752513411827,20.0,1.7344595412267887,6.844042024320281,9.836912789618856,27.88074246064066,2.4488495651124813,0.0,1,36.5609716693406,0
p4832,3.0,0.4706512938825643,0.781916666628474,0.0,10.713994570323885,10.667595180776434,-0.046399389547451264,0.0,0.0,0,0.781916666628474,0
p4833,4.0,0.3565160317139743,15.528485757843809,1.225935928575368,12.990917992756769,9.19699579826663,17.977892625571492,3.4386558233625575,0.0,1,15.528485757843809,1
p4834,3.0,0.7234322072598135,7.403888241818356,1.2253836140406824,5.932534788148511,8.609381492583477,0.6349253446997389,1.693847193619067,0.0,1,7.403888241818356,1
p4835,3.0,0.0915849470352031,4.619186002608053,1.0502438953878657,16.699179929870134,12.005422597282454,9.272259453487237,0.0,1.1561277985874205,0,4.619186002608053,1
p4837,0.0,0.582521991677528,6.280947936410471,1.4469284700507485,11.325090331552358,9.522716022149206,15.680015404603505,0.0,3.465879498335394,0,6.280947936410471,1
p4839,0.0,0.1927070172770299,5.487466019079919,1.069235394992782,12.875780313829267,10.05254902803077,6.962369880498324,0.0,1.3244700720502853,0,5.487466019079919,1
p4841,1.0,0.6462022965083986,4.003726407032292,0.0,3.48825937045458,10.431447566360356,6.943188195905776,0.0,0.0,0,4.003726407032292,0
p4842,1.0,0.24825830878855634,20.0,1.5677764159275516,10.708027677309675,8.780170230220689,-21.306502047056973,0.0,2.085525432813305,0,20.651653226064802,0
p4843,0.0,0.577430163882902,20.0,1.415338087134837,14.880007551715655,10.772777399970538,-21.25592297962481,0.0,3.3493590080637796,0,24.040529797554907,1
p4844,1.0,0.8120729251695799,1.9113832896237544,1.0826680741438548,3.6115136426795598,9.731441762697624,-4.305893729623348,1.3332153315144306,0.0,1,1.9113832896237544,1
p4845,0.0,0.5673697927671222,13.908473199664293,1.33087869719884,12.550913654181329,9.741808697762346,6.964635370697804,2.345698897200721,0.0,1,13.908473199664293,1
p4847,1.0,0.2868423443587499,18.221571902273716,1.4125761036494848,8.75983483189452,13.827361206364724,-13.673664411197443,0.0,1.9807346839449385,0,18.221571902273716,1
p4850,4.0,0.5481450626854805,6.241298327590989,0.0,3.9576185532498434,15.099754507933662,11.14213595468382,0.0,0.0,0,6.241298327590989,0
p4851,1.0,0.18692247769328635,20.0,1.7824246105895942,8.530334058494685,11.888354243141675,-21.785726000072174,0.0,2.192195161825194,0,39.19773945856033,1
p4852,4.0,0.17198329565982737,12.149627038030763,0.0,13.204123543088384,7.685682741431537,-5.518440801656847,0.0,0.0,0,12.149627038030763,0
p4853,4.0,0.1850183171011739,7.090516026930118,1.0821111843881173,3.6766058402513604,7.8113777051521485,-0.3981280431824459,0.0,1.3277736261987292,0,7.090516026930118,1
p4854,3.0,0.4182011245090357,0.08017525838941665,1.0029470286991051,13.601648988405172,7.567206931212783,17.274853426935653,0.0,1.7238724084035832,0,0.08017525838941665,1
p4855,2.0,0.424386593388659,17.468702206019397,1.8146818887090268,11.542463135999542,12.376212847050171,-17.849343116539142,0.0,3.152605321325178,0,17.468702206019397,1
p4856,0.0,0.5225658331286422,5.038904212194759,1.2762046036705152,7.3967405621996205,10.303070590033657,9.208940551702703,0.0,2.673048332576462,0,5.038904212194759,1
p4857,2.0,0.5153408227605061,9.33481782732007,1.2562357367536545,10.080332151467344,10.181934743759694,2.0339744119902217,0.0,2.5919982448467835,0,9.33481782732007,1
p4858,1.0,0.43895856613333845,4.208525754942475,1.0311577354251473,13.839587325957362,13.644257883456186,-22.36081139088396,2.349100382089188,0.0,1,4.208525754942475,1
p4861,1.0,0.5443218184697636,6.782519367409741,1.1018477662075024,11.790979550542573,7.093836432508294,-5.327329160779085,2.0242579459796333,0.0,1,6.782519367409741,1
p4865,3.0,0.3148094008811265,20.0,1.7426681148411387,12.54113777178219,14.419196234370851,-17.09231473696108,0.0,2.543333368966441,0,20.10236892620139,1
p4866,1.0,0.1226457996500214,6.262438294641067,1.0713224027742496,13.536576868144005,12.276778182169341,7.622529125950548,0.0,1.221083118251325,0,6.262438294641067,1
p4867,2.0,0.19810959822296428,8.382930821446559,1.1268449738998054,15.104350254322842,9.325380709573668,3.666208610051907,0.0,1.4052356424302517,0,8.382930821446559,1
p4868,1.0,0.5379565876650013,8.22558782067943,1.1546739306831804,10.913383358747396,10.117540378613642,-4.856743704889617,2.1464072699528387,0.0,1,8.22558782067943,1
p4869,2.0,0.6531597990898215,2.3816590366102752,0.0,11.515754341557258,8.457285612191557,-3.0584687293657016,0.0,0.0,1,2.3816590366102752,0
p4870,4.0,0.6976225895781478,4.323954020979708,1.2578240858511445,8.72763347844917,7.243692306815252,16.834405031031665,0.0,4.1597819231811375,0,4.323954020979708,1
p4871,1.0,0.6265153341845192,0.216298475463777,1.0091868183536237,6.854040299635243,9.848852432729707,-12.521243022053266,1.6107934846753509,0.0,1,0.216298475463777,1
p4872,4.0,0.475838704320694,20.0,1.2650978216208584,11.748805781075687,11.21208347461649,22.827442802219885,2.658669440156005,0.0,1,23.12891493789189,1
p4874,0.0,0.20814307276229776,20.0,1.4717551599173042,14.427926808596098,13.454898395130318,-11.329353134262028,0.0,1.8586124706281792,0,24.290507552791713,0
p4875,3.0,0.5017063939636649,11.596915988476571,1.1189577693269117,10.041288828688588,11.216895220019866,2.0231682252771486,2.2303039841424663,0.0,1,11.596915988476571,1
p4876,0.0,0.614466861967401,10.552334974865353,1.8538661032301318,10.285659879095862,11.342646570765607,-0.2253412637054062,0.0,4.8085778376679436,0,10.552334974865353,1
p4878,3.0,0.7109417661280293,16.210504809637687,1.637259864382712,9.712243275048756,14.759567318152559,8.388753445225793,2.3029451108206063,0.0,1,16.210504809637687,1
p4879,4.0,0.7572226705241207,10.123747513777673,0.0,7.420821947190951,9.189095987950479,1.768274040759528,0.0,0.0,1,10.123747513777673,0
p4880,0.0,0.8647698157817257,15.115435992261574,1.498918034616031,7.206846935731339,9.211674521470028,12.237902768457982,1.7333144696557827,0.0,1,15.115435992261574,1
p4882,2.0,0.2439272848441055,20.0,1.4960944046875935,10.264681852774522,13.058983573060033,-16.469658896140757,0.0,1.9787705265612106,0,21.022862833572212,0
p4883,0.0,0.203505738365868,10.58188066313842,0.0,16.801223162148812,9.721882976564514,-7.079340185584298,0.0,0.0,0,10.58188066313842,0
p4884,2.0,0.5688692722870714,1.8643376936480487,1.1785311725871765,6.940525943514063,8.628712760926025,15.564363359324545,0.0,2.7335819435535798,0,1.8643376936480487,1
p4885,0.0,0.5230806111502041,20.0,1.828270954730821,8.344663884919024,9.972194046812168,-43.05321250663137,0.0,3.833501001374948,0,38.330036342897785,0
p4886,3.0,0.6988754547865762,14.562751626725653,0.0,8.002275857151265,8.758196117412218,0.7559202602609538,0.0,0.0,1,14.562751626725653,0
p4888,2.0,0.8612370538609959,1.0249398342469096,0.0,6.9466679003818275,10.07256709573188,3.125899195350053,0.0,0.0,1,1.0249398342469096,0
p4889,0.0,0.09153907739905441,20.0,1.4521236568489604,14.56800607671112,9.341543518226317,-13.909199133751304,0.0,1.5984437202774724,0,25.45666534707037,0
p4893,4.0,0.206127279833024,20.0,1.1916944969898533,11.347341619536188,14.75067813800569,33.75151741395586,5.781352657228099,0.0,1,20.826804320114398,1
p4895,3.0,0.7815886101738967,13.066293165814908,1.8883173903453012,9.802340814878436,11.786754314554033,-26.23471001049932,0.0,8.645691013864974,0,13.066293165814908,1
p4896,1.0,0.527953696237269,9.188805592654555,1.1864673077403907,10.60494643930012,9.82928586434317,-2.2150082090905925,2.247294253636928,0.0,1,9.188805592654555,1
p4898,4.0,0.7287176410194514,4.867357416174172,1.2011095922767445,1.6236194659334078,6.93691558916423,1.9021447616752125,1.6482510161225585,0.0,1,4.867357416174172,1
p4899,4.0,0.31387106608897514,12.94572245830774,1.2032199810302386,13.181536592037459,9.64357789105166,-3.1244266904705156,0.0,1.7536353906134334,0,12.94572245830774,1
p4900,2.0,0.3662738607813711,0.2547320885552292,1.0057710023477362,10.949863944409751,15.271591593187306,21.29570555691147,0.0,1.587075141934071,0,0.2547320885552292,1
p4901,1.0,0.6517005919556736,1.277320394022674,1.0286150678325354,8.90764851562961,7.765255492264127,-11.38265961748365,1.578355276225525,0.0,1,1.277320394022674,1
p4902,3.0,0.36092916467904734,15.940289923622645,1.9024583140407068,11.34612659906248,9.878862141495077,-15.143689244627035,0.0,2.9769130570404743,0,15.940289923622645,1
p4903,2.0,0.3673177587859997,20.0,1.410590062554456,12.235854298497102,13.9544515663758,24.934982370920416,3.8402446623232,0.0,1,38.801684070520984,0
p4904,4.0,0.5812181663763621,0.14182654162299432,1.0037002221020195,12.701538195714134,12.88254960576831,-21.82082423274698,1.72689065856225,0.0,1,0.14182654162299432,1
p4905,1.0,0.7707882317366329,0.6186222978052582,0.0,10.386722520736136,7.799528360428618,-2.5871941603075177,0.0,0.0,1,0.6186222978052582,0
p4906,4.0,0.3821922603169657,1.07518636745681,1.0558339118940152,10.335221256711105,10.289636425560053,15.779822060663761,0.0,1.7090007846708262,0,1.07518636745681,1
p4907,0.0,0.389625504782043,0.7823435937175927,1.010878078340445,9.355549321512916,8.431902902057454,-20.770324110875034,2.5944864130645953,0.0,1,0.7823435937175927,1
p4908,2.0,0.8148168375497943,1.9084886984335228,0.0,4.10627817609363,10.980174985297216,6.873896809203586,0.0,0.0,0,1.9084886984335228,0
p4909,2.0,0.43063672798681685,12.500597951477806,0.0,9.259043797655044,12.709960563025694,3.45091676537065,0.0,0.0,1,12.500597951477806,0
p4911,1.0,0.29107869357302324,9.184091594743437,1.129512890713914,12.249574856108268,12.229393388131696,-11.837286971383385,3.880438230806309,0.0,1,9.184091594743437,1
p4912,1.0,0.5177684410265659,11.912848865324383,0.0,11.270666121453475,13.545816961553102,2.275150840099627,0.0,0.0,0,11.912848865324383,0
p4913,4.0,0.43694426460387725,8.10649247793402,1.3069430423817927,7.651273032688012,7.948076556271951,-0.7598341222480713,0.0,2.3211610507125515,0,8.10649247793402,1
p4914,4.0,0.6585119752754893,11.36798138004196,1.883422229627887,5.161995477629586,8.580732687440609,11.390598533897782,2.860118419015774,0.0,1,11.36798138004196,1
p4915,4.0,0.25983645216529294,7.721325112794153,1.0703140789050059,5.520566893830128,14.217251333157947,-18.061228975994894,4.119183701846937,0.0,1,7.721325112794153,1
p4916,3.0,0.3513601535144235,0.9914320290817483,1.0467819899779702,8.442812871637374,10.653295484304566,14.235601495997383,0.0,1.613810800630866,0,0.9914320290817483,1
p4917,3.0,0.8300871596581091,0.5805498459937942,0.0,2.8754182477465404,11.2000868649807,8.32466861723416,0.0,0.0,0,0.5805498459937942,0
p4919,0.0,0.7693334244455085,3.235691886492167,0.0,9.511103494377767,9.530613058885272,0.019509564507504962,0.0,0.0,0,3.235691886492167,0
p4921,3.0,0.4733187292926731,20.0,1.5228286791561545,11.33567773883626,11.073586544953907,-25.313823918365756,0.0,2.891366683897859,0,34.682362849040885,0
p4922,0.0,0.7621122886653623,1.1041561845343897,1.0734091566386015,7.156081464572325,8.78114295228766,28.932869757589057,0.0,4.512251392122698,0,1.1041561845343897,1
p4925,2.0,0.27170346431486947,5.937999254607812,1.0577523997451648,12.218984131801601,9.537410277781666,-16.694224215441857,3.8930397976794486,0.0,1,5.937999254607812,1
p4927,3.0,0.41526506906341365,20.0,1.1893335428156264,11.483010921983146,11.699535862647856,23.989341762836567,2.8640346405683537,0.0,1,23.459029773743715,0
p4928,4.0,0.3547704415248553,2.0767069747333564,1.0285865665708493,11.489962673820934,10.473344452291737,-25.361004063428048,2.899301762993088,0.0,1,2.0767069747333564,1
p4929,0.0,0.6632638764043152,20.0,2.010584975875963,10.982657977102745,11.811434829318175,-53.011993778442616,0.0,5.970802759165954,0,31.993811217195102,0
p4931,2.0,0.19734727341572197,8.795300482689761,0.0,11.685738694334692,10.858420026109771,-0.8273186682249207,0.0,0.0,0,8.795300482689761,0
p4932,4.0,0.6911008181699833,0.37092413650399714,0.0,6.121151629958032,13.609624531324078,7.4884729013660465,0.0,0.0,1,0.37092413650399714,0
p4933,2.0,0.24676843398007212,12.14155783454445,1.4536127369958856,13.57034983961696,7.078614759277695,-3.7344020757419223,0.0,1.9298351298217207,0,12.14155783454445,1
p4934,4.0,0.36110658002967916,3.0103103279855885,1.2068395192148333,9.364048601057497,8.920018446081599,11.557881592756914,0.0,1.8889528072943618,0,3.0103103279855885,1
p4935,4.0,0.32370224223217237,2.451670725591587,1.0861618619752462,10.687582374830194,13.123642029907465,15.663270642033728,0.0,1.6060409035810002,0,2.451670725591587,1
p4936,1.0,0.18636113588771366,1.6599413421492109,1.0331813465428004,11.225823831218433,9.454276259313456,10.375477093282093,0.0,1.2698279201179064,0,1.6599413421492109,1
p4938,4.0,0.3751679172154269,9.140675238097009,0.0,13.066076011413276,10.259317798796099,-2.8067582126171775,0.0,0.0,0,9.140675238097009,0
p4939,0.0,0.5667953235977142,0.9374845712261981,1.037572537451354,8.735473853684779,7.876295199818463,-13.561328885283531,1.8305947389710227,0.0,1,0.9374845712261981,1
p4940,4.0,0.43581165729983296,20.0,2.046056288269956,10.979028779989273,10.547113749314057,-33.14690308354655,0.0,3.626548323344771,0,36.022438517107034,0
p4941,1.0,0.5683186098068491,0.7126853304672994,0.0,5.2004103084302145,9.181188867503884,3.98077855907367,0.0,0.0,0,0.7126853304672994,0
p4942,1.0,0.4226741800908449,3.8767417718317656,0.0,11.96551394546381,14.193529680091977,2.2280157346281673,0.0,0.0,0,3.8767417718317656,0
p4943,2.0,0.5976073344561322,20.0,1.669165658824628,13.777259798084343,8.189828390384111,-31.399989981019225,0.0,4.148101597648678,0,23.30148497961257,1
p4944,3.0,0.18711406551594975,2.3035202826391408,0.0,11.32935249221334,12.912453126806158,1.5831006345928174,0.0,0.0,0,2.3035202826391408,0
p4945,1.0,0.6776707317297058,0.3716658333756157,0.0,8.214431562055113,6.874516025741464,-1.339915536313649,0.0,0.0,1,0.3716658333756157,0
p4946,3.0,0.49987551474125874,20.0,1.9197809888061947,9.218873289150258,8.6034647393188,-41.99990922408283,0.0,3.8386062778209893,0,21.06154654700273,1
p4947,1.0,0.7929332616099866,6.218626612642183,1.1663840044003821,8.72448729522782,10.238277772763157,-4.399010817891486,1.470973738738282,0.0,1,6.218626612642183,1
p4948,2.0,0.4346142393187674,3.6532031373267984,1.035346013301021,12.006128117767435,11.28506896157787,-18.901829918721393,2.3822183436140194,0.0,1,3.6532031373267984,1
p4949,2.0,0.6247894935635551,14.396580933497054,1.3959696340062386,7.784252976768037,10.006604418347425,12.030893314132545,2.2343039509902343,0.0,1,14.396580933497054,1
p4950,1.0,0.43994044938489785,20.0,3.2667567373910225,5.784626017907508,12.21928333927463,64.2099962534724,7.425452108253364,0.0,1,37.297594997044555,0
p4951,1.0,0.5312370701238968,5.371198614672555,1.387904744357218,4.856896145619616,11.792172990951011,5.412539462872701,0.0,2.960781785206542,0,5.371198614672555,1
p4953,3.0,0.6969117530860165,19.30168088971907,0.0,9.418428557073984,7.407900754752142,-2.0105278023218416,0.0,0.0,0,19.30168088971907,0
p4954,3.0,0.414631796580624,4.4552631334964845,1.050763385938783,11.041551341550914,12.540876887612354,13.322021855559818,0.0,1.7950469120134007,0,4.4552631334964845,1
p4957,2.0,0.4981613812465144,3.0129310761858132,0.0,9.49629757655052,10.180494886913658,0.6841973103631389,0.0,0.0,0,3.0129310761858132,0
p4959,3.0,0.1874971050013777,18.457599718634714,0.0,9.126469929781171,16.54814751637879,7.421677586597619,0.0,0.0,0,18.457599718634714,0
p4961,4.0,0.36359358573862577,3.205530712439049,0.0,11.157414363531007,11.127635733431191,-0.029778630099816183,0.0,0.0,0,3.205530712439049,0
p4963,3.0,0.33847864192603566,5.170727581405253,1.112521749092898,10.490322657141762,9.555132027690803,-15.345982623759905,3.286829983606488,0.0,1,5.170727581405253,1
p4966,0.0,0.457770933663531,0.9674741251769552,1.2010567452218646,3.8410092496095123,13.849982866885691,16.373956533352562,0.0,2.2150357105286083,0,0.9674741251769552,1
p4968,0.0,0.617149187829069,4.255803151271798,0.0,11.17415539201407,9.964504963995763,-1.209650428018307,0.0,0.0,1,4.255803151271798,0
p4970,4.0,0.4688472160071008,15.611549268956498,1.0784192435795352,11.025254876492156,10.03993934444243,11.830226834791782,2.3001506818443014,0.0,1,15.611549268956498,1
p4971,1.0,0.36838149926396696,13.666647296674594,1.274371550436365,13.116028109842242,6.837063627129992,-7.38990950095643,0.0,2.0176285985152806,0,13.666647296674594,1
p4972,1.0,0.293104900097293,10.757808221404144,1.242152922150425,12.390752418739945,14.204394650363668,4.683044504617861,0.0,1.7571955475733072,0,10.757808221404144,1
p4975,2.0,0.6367161914233026,0.4530634534505073,1.011393692845216,11.569788317945847,9.787787990083261,-16.609770766200967,1.5884529190067664,0.0,1,0.4530634534505073,1
p4976,2.0,0.8450631855957308,4.462251969516601,1.1162224890068497,9.850258158394158,7.51775931200141,-6.368440855395026,1.3208745902473127,0.0,1,4.462251969516601,1
p4977,3.0,0.5141024492041761,3.0905921155247933,0.0,9.529303255421501,11.341177478574599,1.8118742231530973,0.0,0.0,0,3.0905921155247933,0
p4979,2.0,0.43668276880009566,2.2535770637167816,0.0,12.988444578754418,11.522278947385093,-1.466165631369325,0.0,0.0,1,2.2535770637167816,0
p4980,2.0,0.4005667670735452,13.59842258274962,1.193058469890108,9.933154292312537,5.967519271459561,-11.260658283038563,0.0,1.9903108542473587,0,13.59842258274962,1
p4983,0.0,0.14051528402306854,14.710016011507076,1.1809682335996243,11.187531506988487,8.955184212403955,-7.0723895034270425,0.0,1.3740421576400919,0,14.710016011507076,1
p4984,4.0,0.5908987870620901,5.789450580055866,1.2119438305787338,10.832242160169542,10.871299717568053,14.978099415826637,0.0,2.962454747751317,0,5.789450580055866,1
p4986,2.0,0.5556133468504709,2.536659560625696,0.0,7.275933104233108,9.74840569634959,2.472472592116482,0.0,0.0,0,2.536659560625696,0
p4987,3.0,0.4570592184240404,1.8944576038628096,1.0234345846749267,12.19728007023119,8.853236047326817,-18.925951659923214,2.239172832360263,0.0,1,1.8944576038628096,1
p4988,3.0,0.4014690127710568,3.352552006815328,0.0,9.127794402645275,11.054329439835909,1.926535037190634,0.0,0.0,0,3.352552006815328,0
p4990,2.0,0.6372172864080932,4.737866461114264,1.1192959431838172,5.190889534652413,11.133250013009345,-5.291369392800812,1.7565373178953376,0.0,1,4.737866461114264,1
p4992,3.0,0.6030880080797673,4.938639032491969,1.0584531781681334,10.166772281210742,8.296019307250495,-7.763143097007003,1.7550559188504664,0.0,1,4.938639032491969,1
p4993,2.0,0.2791851401942931,11.77633101778299,1.1005558058308411,11.560732627691019,11.050866769981061,2.3499349514788026,3.9420285945911457,0.0,1,11.77633101778299,1
p4994,0.0,0.5438367129140534,13.090791100762749,1.3408976289686592,8.842358205413769,8.9609207914505,10.301275842065158,2.4656254297060873,0.0,1,13.090791100762749,1
p4996,4.0,0.31574325107068796,12.199834159960457,0.0,12.939921343128875,6.1226163213454585,-6.817305021783416,0.0,0.0,0,12.199834159960457,0
p4997,0.0,0.26252659492492925,17.594931606783145,1.2373673003817933,7.6929773163925645,9.168735476235751,41.19097086629067,4.713302668385367,0.0,1,17.594931606783145,1
p4998,0.0,0.6067497303065665,14.990870054856835,0.0,6.527410202650444,8.91609228131274,2.3886820786622955,0.0,0.0,1,14.990870054856835,0
