patient_id,constant_ate,s_learner_gbm,s_learner_ridge_interactions,dr_learner_ridge,dr_learner_ridge_gbsanuisance,r_learner_ridge,setnet_plus_features
p1,0.5713555776579842,0.23970468781129384,0.5304197073652652,1.0162210925692083,0.5732728732291621,0.44014739554245197,0.2886235996048683
p4,0.6032956626353193,-0.0066006229823596385,-0.736660165635751,-0.8543235302733201,-0.6218667869082468,-0.6175700284937269,-0.4175631288052184
p5,0.6032956626353193,-0.200422582718236,-0.6864386957484534,-1.355535308165823,-0.9594646275006362,-1.3116156859155694,-0.37918822630560634
p6,0.498212141474798,0.021341409569073377,-0.7379606684613638,-0.8868988576686267,-0.9479797992895307,-0.8436845634275907,0.04846228711652323
p7,0.6032956626353193,-0.0051006442579115685,-0.630481352707525,-0.7661626403582737,-0.5952632159538347,-0.4456515201296299,-0.5054908031441698
p8,1.0380760932484694,0.02062859250642113,0.7886493038301516,1.5330286717565629,1.0601090486024525,1.049952929036329,0.3342872202468765
p10,0.498212141474798,0.06706846722053683,-0.3557261286529112,0.5527330651127537,0.2750261058181038,0.18016774824881027,0.8221987218651226
p11,0.5713555776579842,0.0683678272512882,-2.26313357882385,1.1141550203294657,0.5898382439968437,0.3396714776165619,-0.08466048817316807
p12,1.0380760932484694,0.112568613569481,0.5489330957085006,2.0498804668412243,1.4622156707587823,1.8157991792803527,0.6499202108766333
p13,0.9986924646930083,-0.23354950671515518,-3.632345036086564,-2.5352510473998033,-1.662709445387617,-2.393482891603276,-0.9051784164950103
p15,0.5713555776579842,0.0683678272512882,0.32270258478528824,1.1248825442206185,0.6891272715467858,0.4293065431725046,0.124703506794269
p18,0.9986924646930083,-0.23354950671515518,-1.8750752579336485,-2.0110285494809474,-1.4505545605349397,-1.3023227538299587,-1.141670998739638
p19,0.498212141474798,0.06706846722053683,0.9734111926795652,1.8881697327709053,1.3456690312810404,1.6401059415305106,0.8201427824614402
p22,1.0380760932484694,-0.08772563278042966,0.9868897624328294,1.1965120046519282,0.3085781337731245,1.0300284783483655,-0.1908112008106677
p23,1.0380760932484694,-0.07364909181214507,-0.7576542049214847,-1.335930264599225,-0.9545256082235203,-1.4356768891126772,-0.5289903385586747
p26,0.6032956626353193,1.9829215887063913,0.6337917084503033,3.060176811679251,1.674444788953074,2.4816277164721585,0.8410144302480003
p27,0.498212141474798,0.06706846722053683,-0.5188957056743497,-0.013478222827337905,-0.24090966877836745,-0.297027256270834,0.4997679888575348
p28,0.5713555776579842,0.0,-0.42598394630419634,-0.16636081790812474,-0.26189519648622145,-0.4955630893409152,-0.27306333744722977
p29,0.6032956626353193,-0.200422582718236,-2.0023011449301027,-3.0874986136199443,-2.3067895516850587,-2.800531089420619,-1.1311278686131985
p30,1.0380760932484694,0.02558088833449368,-0.08713930291483862,1.2093548185948004,0.819651672530362,1.0282263265325131,0.13243561336238585
p32,1.0380760932484694,-0.3173857727271958,-0.11320903419560935,-0.24432395710855714,-0.5457127853543473,0.05534840519382023,-0.5725389894364508
p33,1.0380760932484694,-0.38080739594916935,-1.0758475937186205,-1.3587240817383748,-0.8245674842833908,-1.8687578574314125,-0.36389453130613525
p34,0.5713555776579842,0.06836782725128643,-0.36064547490333076,0.6224148699396844,0.4480530471372173,-0.13745303810791284,0.22537862002758224
p35,0.5713555776579842,0.4330482563429072,0.7667992854938497,2.4889920439767597,1.7759569100770427,1.7903214744626952,1.2596458525199203
p36,0.6032956626353193,2.2469826819501906,0.30722765484294356,1.5256169107670567,0.7190656003274182,0.9804238495768568,0.18478659772828365
p38,0.9986924646930083,0.12770850947591583,0.1919569642619141,-0.19409772411096615,-0.16890705657167748,-0.2252088608205346,0.24346141494591933
p39,0.498212141474798,0.021341409569073377,-0.39120024492270744,-0.6944394007818708,-0.890292906434788,-0.5489042765244387,-0.7669603344967388
p42,0.9986924646930083,1.1136985783042448,1.6034251537780637,2.255384719613222,1.1739359915945846,1.6723735961149124,0.2797311822780344
p43,0.498212141474798,-0.4068017764520704,-0.36236093568903627,0.1794591946497618,-0.06535606509398767,0.11706393544627552,0.24662758960259445
p44,0.5713555776579842,0.06836782725128998,-0.7204480962251072,-0.13184411818016417,-0.22531228891075689,-0.9161078323387665,0.0024862995706165236
p45,1.0380760932484694,0.1504192711474861,1.0545895961272684,1.3631627046704666,0.8155267088724691,1.3374069645140672,0.5151719708656088
p46,0.9986924646930083,0.12770850947591228,0.7697826568215387,1.1305575089641797,1.1149315137327855,1.3753096884207912,0.5381046489926948
p47,0.498212141474798,0.06706846722053683,-0.0017185239255983475,-0.48786534052396324,-0.5405198728459688,-0.015025288378439916,0.004215281874548893
p48,0.9986924646930083,0.12770850947591228,0.4492345380456335,-0.13216625540325777,-0.05184980288371077,-0.032334315974010486,0.08636315472322487
p49,0.6032956626353193,1.6562946462556631,1.9169250327560619,3.800470055794084,2.1715006167331614,3.252360864325611,0.9415609787865478
p51,0.5713555776579842,0.0,-1.88810992025358,-1.59154083963445,-1.3395704945921332,-2.1884439316425475,-0.2802070224686517
p52,1.0380760932484694,0.1377225503172479,0.7841099523655153,1.5890338923190341,1.083863459815868,1.6811637180499472,0.38425910298776067
p54,0.5713555776579842,0.06836782725128998,0.7312155795783877,1.7184371855612808,1.2846275605798072,1.0685879361821793,0.75018621729971
p55,0.5713555776579842,0.33688926328699154,0.5239494681969816,1.5797542343526108,1.2399181459801856,1.2786729674329484,0.6335157798397297
p56,0.9986924646930083,-0.14210370333060318,-6.301187105439622,-7.868902786322446,-5.853202013067245,-6.811388577082151,-2.907261124720014
p60,0.5713555776579842,0.05571730689988286,-0.3313754074976263,0.40758470248442824,0.15732093434834038,0.22221884070700257,-0.18866173730292068
p61,0.5713555776579842,-0.15810000030102955,-0.44014210430808554,-0.059558511099979006,0.1344569254134782,-0.5544228660781453,0.2624225177474777
p62,0.5713555776579842,0.17849545481782592,1.2569766872153245,2.3846590053700387,1.5302729960540282,2.153228115454158,0.29558303497111105
p66,1.0380760932484694,-0.08772563278042966,0.4102874510200909,0.6662899788612605,0.22773319146434312,1.2030584673424798,-0.21279829168979703
p67,0.5713555776579842,0.23970468781129206,0.9783557622319314,2.2996110068359537,1.7021583632461847,1.6568515175914038,0.8446552105111618
p68,0.6032956626353193,0.1933926603022389,0.20592000633447682,0.28745442397102083,0.01876254159548224,0.4465951649900365,0.006419817261452465
p69,0.5713555776579842,-0.08973217304974312,0.23727687653274288,1.3761025183657543,0.8656940335964873,0.5791868221710466,0.5403888759489721
p70,0.5713555776579842,-0.15810000030102955,-1.162981554111152,-0.6684995815809853,-0.47885901533246417,-1.2663507081327627,-0.3306667554096645
p71,0.5713555776579842,-0.08973217304973957,0.7164392168904659,1.3558948817218521,0.9998640678991477,0.9525302444793214,-0.15597643703809716
p72,1.0380760932484694,-0.02609243176044629,-0.7110799016894571,-0.16813171982116382,-0.03838749702798172,0.04502499675126592,-0.2986658749314923
p73,0.5713555776579842,0.1769803853715981,0.34248887652620397,0.5225520811365586,0.35552013984212294,0.5453942043347308,-0.43700697385980014
p75,0.6032956626353193,0.19339266030224067,0.24000330705201023,0.8413136381754496,0.43461495538031786,0.24737848304117427,0.3736513253360574
p76,0.5713555776579842,0.0,0.6152040269152756,1.0130139854599058,0.8203557481304913,0.6760024598738912,-0.15923140028970906
p78,0.6032956626353193,0.3187141188743041,-1.464658961720529,-0.8625490111807605,-0.3689730470521453,-0.8538571102972239,-0.13894434383984944
p79,1.0380760932484694,-0.13220429059763816,0.4687900530202409,0.6692991178553804,0.11456636443841917,0.3061119760960811,-0.31179879193374127
p80,0.5713555776579842,-0.2661830750223082,-0.42291267584006675,-0.15431009507704574,-0.22445896464672266,-0.9188863474580852,0.1664670375030166
p83,1.0380760932484694,0.15041927114748432,-0.35192166240959644,0.3395760557958546,0.3739220486371497,-0.19466426264205305,0.32853049968876746
p84,0.6032956626353193,1.9487882423456835,1.891239303368602,3.6016753160315105,2.0558402273937304,3.0969813915861617,0.7973871139094317
p86,0.498212141474798,0.6538009861517988,0.6948010447557014,1.3189827477379532,0.8073526727023133,1.4145099530156153,0.8729100481463696
p87,1.0380760932484694,1.2909555276232352,0.41812235652529317,1.0605871410345546,0.7499373058284231,0.7982199357445251,0.6522782132610825
p90,0.5713555776579842,0.03999856319199324,1.0740267204378373,1.7455824475406547,1.1235359945508012,0.8932291748914886,0.9600749224230531
p91,1.0380760932484694,1.9074862541663293,1.3559870697322456,2.5463940707576063,1.4622171205140484,2.026745422592354,0.11842100501588604
p92,0.9986924646930083,0.12770850947591228,-1.3429227676556312,0.34086036090863947,0.8645895887393807,0.5574396190347343,0.5591330684499844
p93,0.9986924646930083,0.5622402946421543,3.5186098393142267,4.066885509793827,2.3735387023172008,3.1698111302614294,1.073404349693238
p94,0.498212141474798,1.1448148355614425,1.3949997405163064,2.1174966400643136,1.3459429271423677,1.7736219760093417,0.8818365230533587
p95,0.6032956626353193,0.1933926603022389,1.0899210104886876,1.5920133024854273,0.8926867099435031,1.3069919209416336,0.7996068145329485
p96,0.6032956626353193,1.3581002066511605,1.64692732856488,2.803208780053133,1.6887673685038256,2.515575648179937,0.9985793135453545
p98,0.6032956626353193,1.358100206651157,1.139478774852014,2.18393704963004,1.0806057324386955,1.5670034846189616,0.6197757102287778
p99,1.0380760932484694,0.13772255031724612,-0.38992946926073735,-0.27644097234514997,0.10677478337452695,-0.2687109873789898,0.3669391782692184
p100,0.6032956626353193,2.023818323379384,1.3216125191387018,2.379765156733688,1.2759322507580355,2.1024764741916346,0.3449045288504049
p101,0.498212141474798,0.06706846722053683,-0.15580727020430807,-0.027309065076726036,-0.20988643186602735,-0.04260969269353265,0.4419851422808492
p102,1.0380760932484694,0.07482396249509016,-1.5381122416675517,-0.3593903554682054,-0.034787508858596716,-0.3752420238844434,-0.3092198235884034
p104,1.0380760932484694,1.6814633953551592,1.0162324146441595,1.6512704579501107,0.7253789092290378,1.4601776731221672,-0.09771402035192622
p105,0.5713555776579842,-0.15810000030102955,-1.2887704657942223,-2.6736953577853564,-2.531923637538839,-2.671955682754558,-1.465832184207894
p107,0.9986924646930083,0.12770850947590873,0.5583938898624528,0.5853921123109478,0.4406013043382986,0.6491079535133162,0.4300698210943157
p108,0.498212141474798,-0.5520312926963111,-0.7113463371883437,-0.810489697500038,-0.8383342335418673,-0.7805969423659949,0.053500724287500745
p109,0.6032956626353193,0.2233808685147629,1.1173845427135394,2.125599839750887,1.1056490093170315,1.6454941083198036,0.5210397307854464
p110,0.498212141474798,-0.28917305014993033,0.3918187751574127,0.9633508298903489,0.6206349667275199,0.49828490574201323,0.43945579839622795
p111,0.5713555776579842,0.0,0.4450245540007973,1.2635150427063837,0.7505419842498242,0.8185737840727375,0.12072958809624623
p112,1.0380760932484694,-0.02609243176044629,-0.9147206417236937,-0.40297974548932647,-0.29067172318359535,-0.29890705592149835,-0.3605876511837014
p114,0.6032956626353193,0.10549915752887529,0.4332526640140415,0.26704866430542973,-0.18661448346477844,0.06457179581352196,-0.2706161888744063
p115,0.5713555776579842,0.12317596735081793,0.33454548454747624,1.2658135836537754,0.565139039334325,0.7418871617952236,0.4175684364695691
p117,0.498212141474798,0.6995280438032623,1.225316134549729,2.3438307740438584,1.8210064192638855,1.8703064931079134,1.339093059781332
p118,1.0380760932484694,1.6426162494582108,1.452833827901781,1.4514210612696858,0.3889085790846164,1.3454722600846245,0.12840124298879552
p119,0.5713555776579842,0.12408513415117284,0.5565625225183766,1.250341439912821,0.7033073800046293,1.0455782998842498,0.4180566639298178
p120,0.5713555776579842,-0.15810000030102955,-1.4426064511956156,-1.7830783091682123,-1.6801335552926653,-2.297619723441444,-1.1352170288397936
p121,1.0380760932484694,-0.07759187757417685,-0.7351962103958609,-1.1262439682399723,-0.8443453685506928,-0.9197860007237535,-0.5156505265858566
p123,0.5713555776579842,-0.01571874370788784,0.7404967977782206,1.451294493524852,0.9017319309943037,0.8926116449438335,0.07758403846612616
p124,0.5713555776579842,0.21620913846926726,0.35492695122586504,1.237496120196451,0.774883447475502,0.9179521225782276,0.4170097236544983
p127,1.0380760932484694,-0.006955590175691029,0.6725365715159519,0.5782819292317029,0.04770385595727078,0.9112949015699747,0.24383115387681364
p128,0.5713555776579842,0.0,-0.30262009367607945,-0.7816357335203894,-0.7949352557596057,-0.9922012780033534,-0.8272454995899743
p129,1.0380760932484694,0.18939587041218964,0.7130411548851807,1.9949330717913742,1.3034612830951349,1.5432089657585,0.23429231298086606
p134,0.498212141474798,0.021341409569073377,0.1514548613014366,0.3396095361147137,-0.0993372451549443,0.05751494578155775,0.2932842064533201
p135,0.498212141474798,0.021341409569073377,-0.4933530005981126,-0.6661869415826056,-0.8255467031586656,-0.8237244289214938,0.17675666067495222
p136,0.498212141474798,0.06706846722053683,0.8163705912160246,0.8874399023089763,0.3688945662743015,1.053659191131249,0.10478610380628162
p137,0.9986924646930083,2.054790580834677,4.875124905487059,4.066095597290512,1.8503730633327842,3.283003912703985,0.546599479288183
p138,0.5713555776579842,0.0,0.03687978854627083,0.6843929455072203,0.4237789971937292,0.5461945071514788,-0.08585451264283961
p139,0.5713555776579842,0.1769803853715981,0.017567220865194244,0.5004206834054752,0.015294641571709844,-0.24480069646531852,-0.6545513660978788
p140,1.0380760932484694,-0.026092431760448065,-0.18674749227852772,-0.03167958624865852,-0.3142285705554302,-0.0259486004477274,-0.40966476529622753
p141,0.498212141474798,0.021341409569073377,-1.0330168183796644,-3.104824907627148,-3.026275231315227,-1.8538054128245642,-1.3604274567969288
p142,0.9986924646930083,-0.037434852838728716,-1.3987111873381135,-2.0775708833187374,-1.0655083790957312,-0.9043247770139037,-1.167875137098365
p143,1.0380760932484694,-0.45763465279187443,-0.9896517521895714,-0.5667726287030808,-0.5788426964572584,-1.1041769840838678,-0.4556178440906713
p144,0.5713555776579842,0.24534821262288453,0.1435173885668828,0.49547629772633334,0.22033244263886698,0.50580376644473,-0.6647205198571804
p145,0.9986924646930083,-0.4760196647496997,-0.00212218674266218,1.8086220162335622,1.3001194395182192,1.5978971955763797,0.15415365831279004
p146,0.6032956626353193,0.1933926603022389,1.2386004293165502,2.3827995543814975,1.3811636923280786,2.1201408513712594,0.40704260142926607
p149,1.0380760932484694,0.06089529347453926,0.731411157235307,0.45868044677297726,0.04230111668447489,1.4105085253966942,-0.2865846452048988
p150,0.6032956626353193,2.2469826819501924,0.944901512031981,2.5376972402265086,1.1624613800608885,2.0481459921199896,0.17582516354644717
p152,0.6032956626353193,-0.10884507118966624,-2.344299241366951,-2.415352790250628,-1.6224238017050556,-2.325652188802564,-0.6249918814017619
p153,0.9986924646930083,-0.4992672139154015,2.6645571878190832,3.2726287795137274,1.939461815840703,2.505812662056814,0.9842245991527463
p154,0.6032956626353193,-0.0051006442579115685,0.07532451127594086,-0.17138439308430808,-0.1796467039585522,0.0747077896183892,-0.32871640040395
p155,0.498212141474798,0.021341409569073377,-1.5661865039745528,-1.198139131717801,-0.9053048540228137,-1.2411354618043688,-0.08523988372398783
p156,0.9986924646930083,1.5957680551868965,2.9163854691144397,3.6704154954165475,1.9954878263465314,2.5847184335884075,1.0423017474881124
p159,0.5713555776579842,0.23970468781129028,-0.1881737893981068,1.2837867211126124,0.9120630919674313,0.5451046029692243,0.9015478792916571
p160,1.0380760932484694,-0.01089837593772458,0.3190518956165995,0.008075853366687591,-0.07062830347437554,-0.2641315034156607,-0.2779592374756916
p161,0.5713555776579842,0.22374561740810694,0.09274057666072011,0.829088213689703,0.43986713527763616,0.2860884138720025,0.4297525810964231
p162,0.5713555776579842,0.0,-0.2881198404566607,0.21811581137599367,-0.01058528987367463,-0.193669714807803,-0.18202955457690706
p164,0.9986924646930083,0.12770850947591228,1.4472930163286488,1.3736481969342171,0.7836745449590232,0.998082134885864,0.48325880177789493
p165,0.5713555776579842,0.1769803853715981,0.9708759456206195,1.7587203542763092,1.1736959317653672,1.2999938283349626,0.20243941890491257
p166,0.6032956626353193,0.823863602508828,-0.232913085234296,0.11457113806957286,-0.1455437306683376,-0.2910241510156178,0.5258789177792433
p168,0.6032956626353193,-0.2928798698245778,-0.7015624446255515,-1.9747167484683692,-1.4213133560595657,-1.528860284999082,-1.0793083724002965
p169,0.498212141474798,-0.5520312926963111,0.36770055114371125,0.5982161215921841,0.2502927513344857,0.5493377169142574,0.3495488673946152
p170,0.498212141474798,0.06706846722053683,1.439927607186343,1.8204678760572666,1.039095581132125,1.5065517471697591,0.6696662647153939
p172,0.498212141474798,0.021341409569073377,-0.38867302101818524,-0.5127584556588674,-0.6837331095983037,-0.24271251889605455,-0.2206636045504382
p173,0.9986924646930083,-0.3638811115918825,2.714056431431583,3.6387528153469777,1.9828190407377462,2.486515659468786,0.714420736708588
p174,0.5713555776579842,0.1769803853715981,0.07793682921340661,0.24341264599335882,0.1541110336678959,0.26029494680147236,-0.7159245412052542
p175,0.9986924646930083,0.4037472336325072,-0.5536386291030313,2.496669552217556,1.6740812815790442,1.2214548324889116,1.398094093518301
p176,0.9986924646930083,0.27107915600543286,0.975661561352478,1.3123731637249114,0.6081954320896803,1.0307455190868926,-0.006628590973129178
p177,0.5713555776579842,0.0683678272512882,0.3310102586432233,1.3252564849143378,0.9182277032583159,0.8889560733935198,0.40304584506251917
p178,1.0380760932484694,0.15041927114748255,0.020982036378924818,0.9224024500224336,0.7527548051631633,0.5285743101932538,0.09670953195963605
p179,0.498212141474798,0.021341409569073377,0.10654057877878031,0.08987499881763439,-0.0795864668439987,0.012964814690551774,0.4511560502546086
p181,0.5713555776579842,0.15351801647292884,0.2210297920580917,1.142328561718898,0.8196274815742604,0.5286310893663599,0.8026791236333644
p184,0.5713555776579842,0.02262635873247909,0.36171028603883926,1.5453472444301763,1.0152860931935754,1.4665355880544075,0.25841088233138443
p185,0.9986924646930083,0.0006829624298241299,1.683179898955423,2.9432309302062944,1.8208149433707859,2.167471750839024,0.28547024166213575
p186,0.5713555776579842,0.10080997675258807,0.1642512489547343,1.1878883622308853,0.8492666786418992,0.25846416108573256,0.49583308395803094
p187,0.6032956626353193,-0.18033644069901378,-0.46732993568255665,0.1507741192716539,0.08099734822169807,0.10195969230105695,-0.21720174752181798
p188,0.9986924646930083,0.12770850947591228,-0.6471243613333915,-2.2095353194214393,-1.5536934118484291,-2.0079297312750146,-0.7554256656829281
p190,0.9986924646930083,-0.23354950671515695,-1.74662963575231,-1.9048684014051558,-1.0221858489853353,-1.3369488611973912,-0.2956324863148332
p192,1.0380760932484694,0.09874595105254436,0.1352860266366278,0.7558813812174277,0.7141808562692947,0.9117090678767495,0.4481310126945264
p193,0.6032956626353193,0.1933926603022389,0.7637701866318682,1.3526258923086074,0.5504241247141213,1.4486149334397165,-0.03811378838390311
p194,0.498212141474798,0.6618708375071982,0.06529387523095664,0.52645306435678,0.21757768253629106,0.657052273116825,0.657839586522865
p195,0.6032956626353193,0.2233808685147629,1.8477963904064065,3.0377417992641487,1.7607458241184983,2.5258066351653703,0.2737014050944513
p196,1.0380760932484694,0.18939587041218786,0.659192973425915,1.682949634176858,1.1070150067526503,1.5254569322948939,0.3553696987881221
p197,0.498212141474798,0.5879833495351683,1.0078085867559032,2.499460085982644,1.834506758200713,2.002767538024199,1.3339382071590364
p199,0.6032956626353193,-0.10884507118966624,-1.5412015939452406,-0.4590141648243333,-0.47121049953021055,-0.7938282372450944,0.041883220932106724
p201,0.5713555776579842,0.0,-0.3964065518419311,-0.22937011037609056,-0.41630120047907687,-0.1469731973720428,-0.8064465198468707
p202,0.9986924646930083,0.6871513373440159,3.85702710919497,2.4042775347752268,1.1203022852652182,1.8556949822732411,-0.43393865405723453
p204,0.9986924646930083,2.643513647224019,3.4241907739653126,3.9953542695705253,2.3627838761724154,2.8452783817381397,1.025330916709855
p205,0.5713555776579842,0.1769803853715981,0.45094411196536655,1.095757404360267,0.7327051970489447,0.8523117670845705,0.1784228252059208
p206,0.498212141474798,-0.7644887793303301,-1.6200441725878143,-1.168371659478248,-1.227394341181435,-1.262240654146622,-0.18104486114002682
p207,0.498212141474798,0.021341409569073377,0.015679157868877525,-1.239427139754679,-1.2990928128150845,-1.1767062499449268,-0.5694989730006146
p208,0.5713555776579842,0.1769803853715981,-0.9049769569421517,-0.9985555259552243,-0.67644823073132,-1.0719788777634254,-0.9873218720524743
p209,0.5713555776579842,0.1769803853715981,0.18651590394584439,1.1651597309020847,0.8034450517762253,1.0557890159598968,-0.10522010190380726
p210,0.5713555776579842,0.4016697251040746,-0.12892771807256942,1.056232279980882,0.8658630808415837,0.7042856946767589,0.7535341757018656
p212,1.0380760932484694,-0.08772563278042966,-1.36332375575582,-0.9183574863063386,-0.6767583936279591,-0.9436830297238872,-0.3768973935219204
p213,0.9986924646930083,0.27107915600543286,1.6443913343755074,2.5216330526742827,1.2214161041958804,1.708278005063447,0.1937070682103954
p214,0.5713555776579842,-0.08973217304974135,-0.15560241453684576,0.29381355881292526,-0.005259750982130329,-0.19952109227901513,0.08876162624890505
p216,0.498212141474798,0.18031191330649676,0.18540549705136655,0.15592507427833163,-0.2563887007895268,0.15255230258351693,0.09103402122595661
p217,0.5713555776579842,0.16049183156938618,-0.16918267713777269,0.8450024791915121,0.35958203450551673,0.39474067198336715,-0.09555862318950936
p218,1.0380760932484694,-0.010898375937722804,1.793689822899621,2.7310097803414872,1.5889008922446441,1.4525240335962084,0.5076216671974159
p219,0.498212141474798,0.5879833495351665,0.9299613799569304,2.0295108167380924,1.2896332057792317,2.0749911891604644,0.8828431029112469
p221,0.9986924646930083,-0.037434852838728716,-0.06175196818090889,1.2139091446200654,1.005982592862122,0.9489548202518836,0.08399437014504407
p222,0.6032956626353193,0.10065501132664778,0.8199420754853417,1.1188639442530628,0.7076647147542057,1.1541590289827375,0.007293106916586467
p224,1.0380760932484694,1.2161739159515168,1.3799927562247554,2.0656090777207936,0.8691161577510789,1.6214673137582998,0.25013781203498553
p225,0.498212141474798,0.06706846722053683,0.3072739669473368,0.8355740927686652,0.4928367150978294,0.4733035937844454,0.6290850381901851
p226,0.498212141474798,0.021341409569073377,0.43451221818208907,0.13783711751661842,0.1316863752389075,-0.07553918332214854,0.23566905436277708
p227,0.6032956626353193,0.9641447652641837,0.5606068644290243,1.6169771693004271,0.9659901049488501,1.3901936960222174,0.6582017954938504
p228,0.498212141474798,0.021341409569073377,-0.44922818655583363,-0.6186166484957265,-0.8930455069912411,-0.39824423418466476,-0.5487184196130386
p229,1.0380760932484694,-0.010898375937722804,0.48564358560398446,0.01645839536936866,-0.022982398644877167,-0.3578068883267316,-0.014435152338801771
p230,0.6032956626353193,-0.01225300403385532,-1.9769121391457958,-3.6916153279824133,-2.581145178235463,-2.7098997069987365,-1.3938663890330307
p231,1.0380760932484694,0.8382270965716261,1.189438861322774,2.036065633892233,1.2665449397773991,1.3577260874260533,0.3924226171764893
p232,0.9986924646930083,0.12770850947591406,-0.33246499907951943,0.5364327006621079,0.0271756391045177,0.40522527189812235,-0.2973045029532937
p233,0.498212141474798,0.06706846722053239,0.05272882420531566,0.37233437096447164,0.18796141368548488,0.41529751936719356,0.500865869544894
p234,0.498212141474798,0.021341409569073377,-0.5861599575859628,0.8949732754484008,0.772642985657938,0.222885728105552,0.8482837881302796
p236,0.498212141474798,0.021341409569073377,0.3729703571154648,0.10250608039167741,-0.10627564439337855,0.008754692263537533,0.46562118160507104
p237,0.6032956626353193,0.19339266030224067,0.8173722385106164,1.8533269261284724,0.9932232573476447,1.3957048061021728,0.4302194571252773
p239,0.6032956626353193,-0.09794548177159967,0.7912486186267529,1.4064537618564201,0.7443645269107835,1.276033883883225,0.20933436023798357
p240,1.0380760932484694,1.6519656236991835,1.528568329362991,3.282010122619172,2.387898269294562,1.9153678964634975,1.2436152551477893
p241,0.6032956626353193,-0.10884507118966624,-1.0538077807471051,-0.3741605865072759,-0.1810190389132703,-0.7188152522850848,0.404682933642853
p243,0.5713555776579842,0.0,-0.22588673792864888,0.6373021623996086,0.409247566332272,0.6142690581159538,-0.11814342990878579
p244,0.6032956626353193,1.38248941760998,0.458388514660113,1.7260448485845905,1.1209116335363385,1.2363804427182197,0.8300285590904029
p247,0.6032956626353193,-0.20018992997890628,0.7987737541506945,1.5090946809761776,0.9714062170723579,1.382033389822373,0.47913342637713363
p248,1.0380760932484694,0.05073482508226057,-1.52133000111556,-1.3045326412109746,-0.8881415051204562,-1.1461891525288743,-0.5428878162373998
p249,0.5713555776579842,-0.15810000030102955,-2.2353960814089824,-2.5240334674920994,-1.8938372829112955,-2.8432005290717766,-0.8137264655037075
p250,0.5713555776579842,-0.2661830750223082,-0.5390389283572983,-1.2263509781230415,-1.3360109757551883,-1.6136505643282557,-0.9854958157762681
p251,1.0380760932484694,1.2430025551660595,1.896029830226217,2.8708187560998084,1.8549760328079359,2.513213749646697,0.6146216138896641
p254,0.498212141474798,0.021341409569073377,-0.7537376803983822,-0.19276016333266344,-0.16101376830902897,-0.3588446971648855,0.5603661943551934
p255,0.6032956626353193,-0.2928798698245778,-0.28042659363372024,-0.573459167538872,-0.14463575282441665,-0.28683441109276026,0.2107232677386719
p258,0.498212141474798,0.06706846722053683,-0.12864160082088283,0.17047753881765004,-0.19535478508731802,0.3175380838363201,0.24897447783636473
p259,0.6032956626353193,1.2702067038777978,0.35659705714823886,1.130780868189679,0.5671892602370632,0.6867569779362421,0.5392447046536546
p260,0.498212141474798,0.6618708375072044,0.2869037419811331,0.25886011552561533,0.042854409916226466,0.724898224519454,0.4059012745985626
p261,0.498212141474798,0.047749911108123655,-0.8327577259248962,-1.0213305364513485,-0.8306349804562962,-0.9171695876386039,0.13619235162902577
p263,1.0380760932484694,0.1377225503172479,-0.14758374746117298,1.1333373362062704,0.569868187518817,0.9411362363984963,-0.11709768476317706
p264,0.498212141474798,0.7025784319132757,1.5727195791164785,2.366511749385971,1.5120734038227683,2.0742278662419706,1.095861973046997
p265,0.6032956626353193,-0.10884507118966624,-0.32964324629395314,0.8962408646180545,0.5695385102301673,0.5175180215553488,0.7521067743905263
p266,0.6032956626353193,0.9851145559372974,0.5403063457894248,2.372954723620918,1.6735351090755164,1.8739641186193934,0.6376218239263558
p267,0.5713555776579842,-0.06685275780506217,-0.5288054524314791,-0.5254108661378045,-0.7192293170671291,-0.6667021190348441,-0.9096534707166128
p270,0.6032956626353193,0.8034432588895921,0.38440486490140025,1.1385614383953209,0.6901837956009713,1.1745311794122313,0.590073774555238
p271,1.0380760932484694,-0.3768646101871358,-1.8840265829136325,-1.1300573259633087,-0.64654955892787,-1.2122823261626967,-0.3481652205038035
p273,0.6032956626353193,0.026224884181287322,0.4757358518987278,0.9854998432811367,0.5223743573409425,0.9438687303181461,-0.19512933285753142
p275,0.5713555776579842,0.4330482563429072,0.3251096592528846,1.7913281436568564,1.2199648871829534,1.3327167116301624,0.6824170326630892
p276,1.0380760932484694,0.9491972720316415,2.06675179787457,3.1222881783381142,1.8518939912043488,2.6620164904103603,0.5976461583316937
p277,1.0380760932484694,0.07359201430477746,0.024663455785958632,0.9046661142713902,0.541306553843049,0.4013824782970817,0.04910818583189602
p278,0.9986924646930083,-0.14210370333060318,-2.544537827051621,-2.422736621038008,-1.5322227352674958,-1.404750492672635,-1.4099368465285664
p279,0.5713555776579842,-0.06685275780506217,-0.8959337301070978,-0.890948087899724,-0.9861928544994134,-1.2946744255879201,-0.49976077246205364
p280,0.9986924646930083,0.8358214089832323,1.1172968055524564,2.009744602400786,1.5727279025285354,1.1666008325852992,1.0411448618180916
p281,0.9986924646930083,0.0006829624298241299,-1.2697254079732474,-0.1980126228147433,-0.12343594167399441,-0.29471604014333386,-0.3286213390419821
p282,0.498212141474798,-0.5520312926963111,0.05608949665304763,0.1542999728016381,0.10276828017063949,-0.18666101693441423,0.5924276374163391
p283,0.6032956626353193,0.19339266030224156,1.3240304026125234,2.0499111351049604,1.0097468871530049,2.053184573713487,0.49988902220557385
p284,1.0380760932484694,1.297924581817842,1.2580409954281961,2.7078804088884736,1.8443392838136239,2.279584796920176,0.810483365514461
p285,0.9986924646930083,0.9943144699928723,2.8827079219385503,3.754082942195379,2.5603932396420745,3.442168599470463,1.4854688722563498
p286,0.5713555776579842,0.08535066117217305,0.7612711450696139,1.590231869164212,0.8867211857673407,1.283637345841379,0.5380249162965072
p287,0.9986924646930083,0.12770850947591228,-0.3006327864733471,-1.0751713360384074,-0.8150398370025583,-0.8311053282522233,-0.7419829991732847
p288,0.6032956626353193,1.8429515257147902,1.4594516612424524,3.357627251877294,1.979608433847326,2.9349739867066424,1.0569631618221509
p290,0.9986924646930083,0.43622251832007564,2.711868346123106,1.1645576719470025,0.744838419726336,1.604423969238995,0.08291293382560383
p291,0.5713555776579842,0.15351801647292973,0.5469569434072934,1.682903106526348,1.2478832015345855,1.3976620996740226,0.46995300372088167
p292,1.0380760932484694,-0.053676614442558446,-1.2473156036130995,-0.28211584565860237,-0.25912593595084377,-0.1577711753717157,-0.42076885138451736
p293,1.0380760932484694,-0.006955590175691029,-0.7644108486076302,-0.8092354540797131,-0.5669732796694307,-0.8608327380453775,-0.22658646129239912
p294,0.6032956626353193,0.07932450749471442,-1.9170847812234086,-2.8150058198805192,-1.840657978530175,-2.3956431109189666,-0.9284626084030485
p297,0.6032956626353193,-0.20018992997890628,-0.12641797193716542,0.5957429373813591,0.25688747254836214,0.3711549938028944,0.13932046903266126
p298,0.498212141474798,0.3435403138794193,0.4409136224366801,1.6946429235247857,1.5002729753890005,0.9830684796072433,1.3071910055213678
p299,0.498212141474798,0.021341409569073377,-0.05300443862318538,0.7427032365867808,0.4493451188615793,0.4267611598569474,0.6548424998883497
p300,1.0380760932484694,0.05073482508226057,-0.15856446472671948,-0.05217384427612304,-0.24332211323204578,-0.2046759840946537,-0.2546849735499723
p301,0.9986924646930083,0.2710791560054311,1.9728781429785673,2.5600992307410797,1.6420079476722358,1.7722969674535607,0.6224572831668667
p302,0.6032956626353193,1.8273142629362056,1.633988715170501,2.8597974665954338,1.6241159683088726,2.726743409847916,0.5830775072786363
p304,0.498212141474798,0.06706846722053683,-0.3777907334674886,0.22630003740784832,0.11309918835683125,-0.010313490431801908,0.5044373438181253
p305,1.0380760932484694,0.02062859250642113,-1.042413506516091,-1.290598526415348,-1.1035147204457671,-1.701820167410077,-0.5425886616120419
p306,1.0380760932484694,1.3391323573595821,2.4792911821270476,4.654084334749937,2.8018135704322664,4.0501619484970615,1.1306274100303675
p307,1.0380760932484694,1.8429104958081215,1.073164451307827,1.5434489096094035,0.8236337770151403,1.0640477576973335,0.43993466478553067
p308,1.0380760932484694,-0.02609243176044629,0.09725287640440783,1.0707385525034707,0.7138181126371785,0.7056300445288082,0.13461865211262847
p309,0.9986924646930083,0.09212876581437612,1.247992852820369,1.3960328732652842,0.6911901038083395,1.3093837122283547,-0.5845433959999298
p310,0.5713555776579842,0.4330482563429099,0.8935057016022299,1.821240431842395,1.3099104732728917,1.3674294055671823,0.871145997025117
p311,0.5713555776579842,0.06836782725128998,-0.2560181950252538,0.12568679034873675,0.039013866410447295,-0.22756872302316902,0.034230431689667995
p312,0.5713555776579842,0.0,-0.7218821821450554,-0.32625445719183843,-0.4597793264671252,-0.7655986950214879,-0.07857513240030478
p313,1.0380760932484694,0.18939587041218786,0.3494972947008499,1.4625394730940187,1.2387966581823426,0.7175584921950197,0.8264236311291828
p315,0.498212141474798,0.06706846722053506,-0.03165131511712005,0.15043877021233204,0.16107917286489848,-0.002624339812653198,0.40100163929324495
p316,0.9986924646930083,0.27107915600543286,0.8551894702545209,1.9465805489915518,1.559995471707253,1.554189683714194,0.8186153078387957
p317,0.6032956626353193,2.1147637241803015,-0.14912423881856185,0.3126110965229642,0.04607040167953255,0.42023725965054803,-0.26203642051612164
p318,0.6032956626353193,1.7621313628865636,1.3574889499813185,2.051601155381425,1.052915865940528,1.8825069054889805,0.17434961130525295
p319,0.6032956626353193,-0.29176744150747425,-0.621201983608902,-0.8895256182201916,-0.5414079507152264,-0.49651673805127666,-0.060625604662343235
p321,0.9986924646930083,-0.037434852838728716,0.4284396943801685,-1.0827396426907425,-0.8643306726887913,-0.7661703920020336,-0.8856973788453342
p322,0.9986924646930083,-0.2335495067151534,-3.7175317768331286,-2.5808429890719933,-1.4936903973782236,-2.257679903612816,-0.8429106784354747
p324,0.6032956626353193,1.0464156619355887,-1.7737627775928289,-2.4854281301546957,-1.7630331538601365,-2.2872969736786786,-0.8861321913423588
p325,0.5713555776579842,-0.06685275780506217,-1.7290569676551275,-2.353947432676116,-2.0582777227570053,-2.2259755940686126,-1.3945820457521947
p326,0.5713555776579842,0.059336667223471196,0.951414558425272,1.9094980940465154,1.0696984103355411,1.4225662337640854,0.346606658656464
p327,0.5713555776579842,-0.1023826934011467,-2.1030055381639112,-2.6443687765060506,-2.1676742036345686,-2.562295132840778,-1.0956451244046814
p329,0.498212141474798,0.06706846722053683,0.7970192377468912,1.841039679003701,1.308579474813024,1.5619088394837268,1.0193608052860021
p330,0.498212141474798,0.5879833495351683,1.1886267625117775,2.018431928170787,1.3327301782814036,1.5959496132289963,1.1290354521169075
p334,1.0380760932484694,0.07359201430477746,-0.7436297200956954,-0.3655008168828311,-0.2786942653930654,-0.7703687768362109,-0.07509673986877807
p335,0.498212141474798,-0.5520312926963111,-0.7925992131631858,-0.13070996259638212,0.014846955696591613,-0.4424730919913928,0.5356761481729855
p336,0.6032956626353193,1.2510116122416264,2.1752490763671695,2.7881868441966144,1.6251782395251217,2.7207504275574053,0.47400084894149686
p337,0.498212141474798,0.5879833495351683,1.2766209282794225,2.0003470459186294,1.278725213959978,1.7072200442562742,0.9550690537042588
p339,0.9986924646930083,0.43622251832007386,3.315227727879618,4.1193781110397385,2.427042406795971,2.8447075171608516,1.2389789562829687
p340,0.6032956626353193,0.9681347611151487,1.2455265592996057,2.3244276231470193,1.1406065457097243,2.206522982106828,0.45696240450850567
p344,0.6032956626353193,1.901307538100581,1.3458224605797646,2.8805736542639515,1.4759603828278671,2.3717208069420845,0.6749119371063976
p346,0.6032956626353193,-0.20130235829600807,-0.6496271626477323,-1.0412807075376764,-0.45881807296283916,-1.004661691482118,0.3424646901821724
p348,0.6032956626353193,0.2233808685147629,0.8609017331016098,1.642512752122557,0.9066731781426165,1.3872835757200215,0.29142874260489116
p349,0.6032956626353193,0.8161363018662211,-0.15559638487040495,-0.19712794159287717,-0.28230042907378283,-0.20930334504856957,-0.17449093649080716
p350,1.0380760932484694,1.1481018428563523,2.2052276105808613,3.7061460213668966,2.509728345420748,2.297464195030402,1.2319519272787733
p351,0.9986924646930083,-0.14210370333060318,0.6308036282269303,0.33653443352010926,-0.2938890753072748,0.38955689007502825,-0.7237642443458903
p352,0.5713555776579842,0.0,-0.8376174542293526,-0.7894632208664694,-0.8764329996219313,-0.9436628653520408,-1.0458213201429754
p353,0.6032956626353193,-0.10884507118966624,-0.5958959934328458,-0.9623975114094729,-0.7317061679907844,-0.9913308674227397,-0.16259845793860528
p354,0.9986924646930083,0.12770850947591406,-0.5494957365171658,-0.5372383463603781,0.08505709710539144,-0.17103786766911333,-0.10221752758299552
p355,0.9986924646930083,2.5001430006945,2.782034361831844,2.5339202302523396,1.2437460002171705,2.202947296346645,0.37343393926859214
p356,0.498212141474798,0.7469538532725899,0.58258964692034,2.2577850586750503,1.8131775304903928,1.3897564987259245,1.4149262594212715
p357,0.498212141474798,0.7734155317752922,1.1989974081076173,1.7565421188422958,1.3089016322281282,1.899960545673924,0.9630892543897733
p360,0.5713555776579842,0.6100286417145053,0.28454878620371105,1.0374880195958796,0.6526392340320114,0.7434341189857598,0.04253531989214565
p362,0.9986924646930083,-0.037434852838728716,-3.2358974684761375,-1.991289404056225,-0.854863536070933,-1.8472479284120258,0.19558952675157215
p364,0.498212141474798,0.5879833495351683,0.31146552120019244,1.1249908540895637,0.7746903522196051,0.7653498892582682,0.9647050918689821
p366,1.0380760932484694,0.112568613569481,0.810177456731175,0.8433109920595887,0.41585509531530296,0.4468918685150925,0.23420649694939044
p367,1.0380760932484694,0.11869301717670666,0.5012699367141451,0.5490813009079087,-0.004245140178498752,0.5436996407677825,-0.2920914739696432
p368,0.5713555776579842,-0.3022959642723819,-1.9612898014627849,-2.0229339758545253,-1.576538194938511,-1.8030870625350002,-0.9277421871475973
p369,1.0380760932484694,0.18939587041218786,0.7962056947608858,1.443735745138373,0.7311541908232506,0.7862557288013634,0.19022329704820073
p370,0.6032956626353193,-0.2983625417033995,-0.8650271791976802,-0.48496364592131624,-0.3612425032584461,-0.18416941194746445,-0.4176823074958431
p371,0.6032956626353193,1.3581002066511676,0.877027768214921,1.5268604575138949,0.9448742733754212,1.31265727707528,0.5318506922756452
p372,1.0380760932484694,1.2028069773611119,0.14790638851360782,-0.5506015152443395,-0.6287973557853379,-0.804746801664955,-0.23811410219850515
p373,0.9986924646930083,-0.4760196647496997,-2.113809602356321,-2.061575720374143,-1.4269856223803101,-2.082341817440547,-0.5135077021799059
p374,0.5713555776579842,0.08724821232185853,0.6726533035410096,0.8043464799025817,0.4335829890479387,0.6044689514084431,-0.06844654031294795
p377,0.5713555776579842,0.4330482563429072,0.5896078270672884,1.1140637273099092,0.729174462693329,0.74761291438725,0.11279547659666456
p378,0.498212141474798,0.5695681426445365,-0.14134622421236998,1.2129410665513163,0.8575283425421538,0.8881114109018168,0.7453821373281233
p379,0.6032956626353193,1.067504352133394,0.5606401988322194,1.1066347003105341,0.4631309455166708,0.7358364839766734,0.04689638642695115
p380,1.0380760932484694,-0.006955590175691029,0.16167424296477506,-0.05268518943683764,-0.3204953574045226,-0.19825669801803347,-0.2891464274910742
p381,0.498212141474798,0.021341409569073377,-1.444969714228714,-1.4385722489059758,-1.3583949019082784,-1.3516761844029792,-0.4269269825177773
p382,0.498212141474798,0.8141231261813715,1.4102786741884437,2.579832809234155,1.8630448042776766,2.2995117325512666,1.1878460340396533
p383,0.6032956626353193,-0.17020172176638226,0.03924274610712786,1.340151079121755,0.8022191444940858,1.0632879604024994,0.2625096655221988
p384,0.6032956626353193,-0.10884507118966624,-1.1660767972070012,-1.1317956355005456,-0.6965344970850121,-1.1811843133633557,-0.1988999440131778
p385,0.5713555776579842,-0.15810000030102955,-1.8801704286060392,-2.780347880878004,-2.264282755256248,-2.8402633287746046,-1.4457435777955805
p387,1.0380760932484694,1.3609519451562146,0.5272805198019377,0.6886592130563051,0.3760550679390294,0.8922016369583508,0.3102318585299013
p388,1.0380760932484694,0.9682798171682938,1.8778536696135841,3.112621684556863,2.0694464706723603,2.879352314091672,0.846080404496373
p389,0.5713555776579842,0.059336667223471196,0.5492852390208025,2.133067654202873,1.3299533497582738,1.8716907213791114,0.6657284362324312
p391,0.9986924646930083,0.18252267462342786,-3.5673373326322686,-5.0715565048052325,-3.084735339904169,-3.871870284686728,-1.7323859342072474
p392,1.0380760932484694,0.112568613569481,0.30933241590531146,1.998677385613794,1.2648446672265448,1.687157286958367,0.3810817652075915
p395,0.498212141474798,0.021341409569073377,-0.06712139539165207,0.33665442736275375,0.13179375679784827,0.10207853510957421,0.2519233331955526
p396,0.9986924646930083,0.43622251832007297,3.7798118286294144,4.034407495257987,1.9736509511474343,2.818272623190606,0.8342242545254805
p398,1.0380760932484694,0.05073482508226057,-1.0050594649784088,-0.7814432631478883,-0.4846633340278892,-0.3202388315039455,-0.3768538620151869
p399,0.6032956626353193,-0.0066006229823596385,-0.3170069417475645,-0.4036012050016895,-0.1897363635848005,-0.5681739835473474,-0.01805095047822647
p400,0.498212141474798,0.06706846722053683,0.1661845314271524,1.2451553898325909,0.7311596307422696,0.8775134477560231,0.9018780397418578
p401,1.0380760932484694,-0.02609243176044629,-0.09815148566807075,0.2884359022619247,-0.015323368016277206,0.32279036606680195,-0.2068878748993619
p402,1.0380760932484694,1.4204702779161735,1.9317127504058806,3.4161894610095676,2.362527641589682,2.725350331245174,1.0330764252872147
p404,0.5713555776579842,0.004682978586055597,1.4009348583762513,2.7547241919744474,2.079141875295033,2.2013839934198787,0.5000298079359897
p405,0.6032956626353193,-0.10884507118966624,-0.40136270467038315,-0.8546449863464143,-0.6897075267983521,-0.4566906953996271,-0.5076728779896325
p406,0.6032956626353193,2.2233669302795374,0.8020272318028221,2.360503246169131,1.3180888542926672,1.7040345406413562,1.3057219522297947
p407,0.5713555776579842,0.06836782725128909,0.21541990132354805,0.7032309513238115,0.4015374786012458,0.4399522769527088,-0.1274804658233819
p408,0.5713555776579842,0.31651953588242776,0.09739902306079529,1.0664004297764378,0.651586716299685,0.460922737287337,0.8403417212726083
p409,0.9986924646930083,1.5957680551868734,1.8432029081684718,3.0589869216784678,1.8793706171057805,2.1098155869668886,0.9067629246108861
p410,0.9986924646930083,1.3717180881099509,2.772589583561614,2.276240119701201,1.4796426719760192,2.2826564418814543,0.3834052178579821
p411,0.5713555776579842,0.0,-0.1007781322626986,0.33381891234680405,0.0905248919183615,-0.14721516711259322,0.07920777000552626
p413,0.5713555776579842,0.12408513415117284,1.336001051758906,2.1514061576383607,1.487322539801048,2.119511864770275,0.23625275825730796
p414,1.0380760932484694,0.18939587041218608,0.09881034684889478,0.5422544106537608,0.19427150893393397,0.6554011988958837,-0.22568302607557555
p415,0.9986924646930083,1.0009647712978733,1.6902729461097632,3.4152071795146326,2.0762809783576635,1.9943391247096733,1.496739530527977
p416,0.9986924646930083,0.8522946996586587,1.7515648008627434,2.7479572392170644,1.8195805625840036,2.364883455304342,0.6402386490150747
p418,0.6032956626353193,1.6039069862736746,0.3149216172502012,1.4641498332248026,0.6481996272733512,1.031811012759544,0.2342680675903015
p420,0.498212141474798,0.699528043803264,0.30439465152880274,0.7018194612500498,0.3917338650467054,0.6346864338214663,0.5829279784652268
p421,0.6032956626353193,0.1933926603022389,1.0316899953285716,1.648513651057906,1.0678140224658417,1.8244204291236579,0.5690244916989311
p422,1.0380760932484694,1.4442096589923823,1.525100953180221,0.23683855456285463,-0.5434809423148637,-0.3095934237213258,-0.5254274231628564
p423,0.498212141474798,0.523841084993073,0.13596033044525235,0.999039489399959,0.7259737971822069,0.6249701072019234,0.8347963778431158
p425,0.498212141474798,0.021341409569073377,-0.23764021198991614,-0.1414372644385653,-0.2935996084749389,-0.24489194986289126,0.30440344401746167
p427,0.498212141474798,0.22603897095796022,0.5449302316857842,0.5791132095819959,0.23376000557310592,0.5563505503312804,0.44921917679989853
p429,1.0380760932484694,1.53794772152306,1.2645056324726314,2.5141628000782577,1.429653503092835,2.5837896340150865,0.3124676752350135
p432,1.0380760932484694,0.10240814517720231,0.02045377219959299,1.6066982479178782,0.9207816709690919,1.0780426470431466,-0.19484329974512526
p433,0.498212141474798,0.5695681426445329,0.30223552579477087,0.6371849981975958,0.21069721443080486,0.5259347569717614,0.45680381202192244
p434,1.0380760932484694,0.1504192711474861,-0.40585578055231686,0.3745520443177648,0.2011195938616187,-0.14279665323019186,-0.17057806012332577
p435,0.5713555776579842,-0.08973217304974224,0.14192774010039422,0.6665653603698325,0.4330573082753815,0.11101652540318666,0.29924712282695687
p437,0.5713555776579842,0.4330482563429072,0.38716756772269356,1.974229621942847,1.4082952350597238,1.2537531752775959,0.9616528931415989
p439,0.498212141474798,-0.07613819556704193,0.38864073116754305,0.1296336086248695,-0.0942806534563631,0.29412904912457805,0.5041159396052848
p441,0.6032956626353193,-0.10884507118966624,-0.2616005996353845,-0.4563151684862028,-0.3731677038132817,-0.6046243438888141,-0.022676827315155634
p442,0.6032956626353193,-0.09534083555980644,0.8825928277030393,-0.022501200204072314,0.18240218911142067,0.6425194211405377,0.04286462017553028
p443,0.498212141474798,0.021341409569073377,-0.7004755241058547,-0.491645978716182,-0.6657719336337742,-0.47260589211155785,-0.02040500006205903
p444,0.498212141474798,-0.4068017764520704,-0.5559622285133088,0.026534755125089626,0.0006284809321030482,-0.26531874834957664,0.4348255114672277
p445,0.498212141474798,0.5879833495351683,0.3062381550314264,1.350477416317899,0.9697116200711542,0.8728271746585214,1.253582267347281
p446,0.9986924646930083,-0.2335495067151534,0.4840533192574643,0.2443349219209271,0.15791897128890103,0.24589268271737275,-0.5532273639887055
p448,0.498212141474798,-0.7644887793303319,-0.7437346161887497,-0.881887152444234,-1.0179965684647327,-0.5724047191393704,-0.22145322103477838
p449,0.5713555776579842,0.0,-0.017838785063066354,0.24211756525798034,-0.03871572693452263,-0.3326409518844974,0.05218761585974008
p450,0.9986924646930083,1.5957680551868876,1.157865484979184,2.1632816361993767,1.1882856774194748,1.4411213580891133,0.18681115332409703
p452,0.9986924646930083,0.3970969323275124,2.5845450773227236,3.632345709074372,2.367229170735566,2.7690485452827853,1.3109132336643459
p453,0.6032956626353193,2.2134022053140834,1.1504877278782182,2.3916331820403194,1.2454314128199473,2.380898871068397,0.3509836576874381
p454,0.9986924646930083,0.0006829624298241299,0.4396300747732873,-0.12157166246083972,-0.04863877834901942,0.005181122222330803,-0.22207151255479296
p455,0.9986924646930083,1.4170369526364608,2.8751817391502437,4.145054556776736,2.4463934321875147,2.6719199747720603,1.154497052269729
p456,0.5713555776579842,-0.015718743707889615,0.8147393239781628,2.095596761776263,1.3757878827971328,1.3728835259104528,0.7123853724127525
p457,0.9986924646930083,0.23501453359306979,-0.31167975437411855,1.0135493841263141,0.18536880942524525,0.3062333975387344,0.23303518814014446
p458,0.9986924646930083,1.7542611161965134,2.2144196344156404,5.036705912489762,3.1494309994994802,3.8363371175127865,1.7867240962870108
p459,0.5713555776579842,0.0683678272512882,1.3386930634792211,2.211282087775704,1.4524968710431148,1.6740301527161383,0.23916800412084882
p460,0.5713555776579842,0.4330482563429072,0.08098662704436954,1.2821898730201964,0.7884471350370119,0.5921868269961863,0.6418345538444585
p462,0.6032956626353193,-0.0037633240312366922,-1.0071935477615934,-1.6119652400037572,-1.1649629945756341,-1.0434692284833536,-0.6103087288251334
p463,0.498212141474798,0.021341409569073377,-1.2652532656302782,-2.2041487667855395,-2.405694555376442,-1.5831723026761537,-0.8611388937060926
p464,0.6032956626353193,0.19339266030223712,0.7877988185291258,1.5253844589094006,0.8398777642790564,1.2279570303363547,0.58382359262772
p466,0.6032956626353193,0.19339266030223978,0.9020665590180688,1.7965559090162255,0.9736528477359595,1.3220384560989116,0.6296079663166783
p467,0.6032956626353193,0.2233808685147629,0.6153187529656297,1.4020279566920366,0.7826466626560288,0.9887498448129799,0.006644580045820803
p469,0.5713555776579842,-0.2573196736942549,-1.7744202424844744,-1.5704485374981754,-1.1750575303292699,-0.9975570159469659,-0.9054358478307893
p470,0.9986924646930083,2.9671500705483034,4.675480868070588,4.461154703156095,2.1943377817352445,3.5476131020375634,0.7830549886166978
p472,1.0380760932484694,0.16910164681365636,1.0508147530578729,1.6980998430172363,0.9488796018224761,1.3505366939479395,0.037506111502366934
p474,0.498212141474798,-0.5520312926963094,0.6506892153461816,0.7698047910325363,0.5031908054214638,0.9435125038038963,0.6400955596453315
p475,0.498212141474798,0.9433057316660767,1.2777211369456385,2.050638764735825,1.3806607538950433,1.6382623230310758,1.2076039914616423
p476,0.498212141474798,0.021341409569073377,-0.023004958914560447,0.6202668319882492,0.14504589938230983,0.6412481956008608,0.15138616386546566
p478,0.498212141474798,0.06706846722053683,0.5171921726955446,0.8117129756042457,0.3027548620199917,0.8837823022111165,0.3045232675539662
p479,1.0380760932484694,0.18939587041218786,0.33259085900062857,1.0058123366480933,0.7783904881167905,0.8676145383778098,0.041527639071762934
p480,0.6032956626353193,-0.10884507118966624,-0.5450394388087645,0.131476021682491,-0.018475694866104397,-0.04471903220194401,-0.08616095152109615
p481,0.6032956626353193,1.7550580229414159,0.5389846725067482,0.8984571383700874,0.5515574191704065,0.8166965049276749,0.07044206082904303
p483,0.9986924646930083,0.12770850947590873,1.302111661645128,-0.007870181187740743,-0.3474638699607744,-0.05744747643336923,-0.4799847184503072
p484,0.498212141474798,0.29781325622795585,0.22730563488298827,1.8778945340906201,1.2973684142450412,1.1812461186989687,1.2323320617374218
p486,0.498212141474798,0.6618708375071982,0.5727641692441345,1.0626488825062825,0.7648515352578928,1.1423631768535396,1.0198965106469036
p487,0.6032956626353193,-0.10884507118966624,-0.1324721130298574,0.02300476820953168,-0.09570494990755973,0.0811641822722769,0.12710289630160787
p488,0.498212141474798,0.5695681426445329,0.35167069577914845,1.1104554965190998,0.5455254807431102,1.0747970165544265,0.8305931285275729
p489,0.5713555776579842,0.1769803853715981,0.5188707402916197,0.8733193620286694,0.6296893984476408,1.0286774880558645,-0.39801435607101254
p490,1.0380760932484694,2.084396388138879,1.8188296715329528,2.0803750189537737,1.0135270057635255,1.7576947241059382,0.24683482923130384
p491,0.498212141474798,0.06706846722053506,-1.2519699051622233,-1.7633636822618963,-1.6580567462683895,-1.358312616568496,-0.8249987830963477
p492,0.5713555776579842,-0.015718743707889615,0.3502875903340268,1.6404673424533016,1.1578997516432081,0.7103996899542914,0.747132413245879
p493,0.5713555776579842,0.06836782725128998,0.9536144360845711,1.6035324759127831,1.0090201082335213,0.6394911997458081,0.44623045654701343
p494,0.6032956626353193,-0.5107655360106929,-1.1463513165681327,-1.572449714755704,-1.0582933056773542,-1.1052268470790507,-0.22733893246376624
p496,0.9986924646930083,1.4421577696275678,1.2606795998523026,3.509790914470247,2.1884383044137894,3.0946277391260453,0.7221684439824987
p497,0.498212141474798,0.06706846722053683,0.005865371930864782,-0.07481260828065461,-0.31411444147394013,-0.012424255221978375,0.03972316265507203
p498,1.0380760932484694,1.3985650477252562,1.3135762608598025,3.201502523993194,2.2708311914860158,2.7583131958740132,1.1126028692887235
p499,0.9986924646930083,1.0260855882889786,3.990097201808126,5.032155912548359,2.4354166490292797,3.44350642560379,1.1626844213955767
p500,1.0380760932484694,0.07359201430477746,0.2862588143417142,0.7434465855412451,0.5085875966296751,0.4982587968500519,0.11397808553751787
p501,0.9986924646930083,-0.2335495067151534,-2.999049735723114,-2.124884718604329,-0.7978681434001004,-1.6867902559788686,-0.5977825405223101
p502,0.5713555776579842,0.17698038537159988,-0.5536572940225355,0.2865905040426694,0.1110812840555476,-0.19859068150383055,0.12447974485967173
p503,0.9986924646930083,1.9194044785111641,3.646529829574531,4.080011384602181,1.9692045948881436,2.914020768205757,0.48335719936604526
p504,0.5713555776579842,0.1769803853715981,-0.958795402768077,0.12926740765216516,0.029186822187240974,-0.12641624611952187,0.05946485961017878
p506,0.6032956626353193,1.1744457020953227,0.5278839184708506,0.02067436105745646,-0.1758412722435988,0.08361661467142223,0.038550460642486684
p507,0.9986924646930083,0.8675925272793386,1.4101705963033648,2.6150795779860543,1.5591210905614425,2.332637645979837,0.5075727907348835
p508,0.498212141474798,0.021341409569073377,0.551163073988171,1.5353033621628485,0.7771173080841176,1.2074908788445526,0.5044029540057409
p511,0.9986924646930083,0.43622251832007386,0.4804264093354558,-2.006216424921064,-1.504416909448183,-1.1138328015872698,-1.1085563832185734
p512,0.5713555776579842,-0.24408619968886036,1.3451095037718304,1.7076742023788838,0.9016106856244612,1.4597849115655248,0.10632926353572536
p514,0.5713555776579842,0.24966677807736914,0.36587399933650744,1.5263784496076034,0.8273237728427254,0.9493519754546059,0.36447205478776645
p516,0.498212141474798,0.06706846722053683,-0.08981698441731822,0.22515162520108534,0.1536849143404086,-0.08777874662213392,0.5136985281601518
p519,0.5713555776579842,0.0,-1.665520496692034,-1.9794676311348256,-1.6078719150624516,-2.54472155347263,-0.677591700118894
p520,1.0380760932484694,-0.15978847327975032,-0.06486137256781888,1.0492143161205356,0.7657605583537554,0.6875643159010274,0.16703881971595536
p521,0.498212141474798,0.021341409569073377,0.34850923183995164,0.41585393975152396,0.008658941537231402,0.44103368001178167,0.309308194340268
p522,0.6032956626353193,-0.4191880244821231,-0.49016315442991143,-0.9379973403160595,-0.38850728264810386,-1.0621979352372006,0.2260894917520737
p523,0.498212141474798,0.021341409569073377,-0.41897451590050494,-0.8296407202983169,-1.1415861618760048,-0.2103565372178819,-0.28738034068065055
p524,0.9986924646930083,-0.23354950671515695,-1.4832802077855654,-0.32578687978344345,-0.24841046103144315,-0.7124224513962646,-0.5396024022587085
p525,0.5713555776579842,-0.15810000030102955,0.45236446942413444,0.6210496511645383,0.2865278064918039,0.4084367067273591,-0.4845695498043714
p530,0.5713555776579842,-0.19781524777102,0.36638316253889514,1.2088814526765268,0.6145829236160976,0.5707341641970648,0.5060501148704866
p531,0.5713555776579842,0.2453482126228863,0.39818013866693214,0.9972639216674816,0.5369081975179533,0.7263762179264781,-0.4418367947299995
p532,0.498212141474798,0.06706846722053683,0.36690978844595,0.05426268014017116,-0.21373420561178508,0.3418351268556633,0.053716743782864285
p534,0.498212141474798,0.5422562918837048,-0.7993969482507,1.3955283103738805,0.5069720583536568,0.6619261463226058,0.5570095050899404
p535,0.498212141474798,0.021341409569073377,-0.5913168024034423,-0.07046041494954935,-0.3183325896984994,-0.3822554832743424,0.3756862276373454
p536,0.5713555776579842,0.23970468781129206,0.15613270032879,1.1270610953363134,0.5561993928713913,0.285183307809374,0.6861202971220681
p537,0.498212141474798,0.021341409569073377,-0.8004959449649753,-1.0835486984612568,-1.18836213833274,-0.7105111273298552,-0.6873488307032947
p538,0.9986924646930083,-0.18105764774551325,1.2710158063836783,2.2300361301315292,1.2753868307773568,1.3395104133328832,0.1569364384312415
p539,0.9986924646930083,0.43622251832007386,0.535651658311135,1.3385101919905333,0.9843171550919013,0.7726654518571163,0.5320688829050102
p540,0.6032956626353193,0.2233808685147629,0.5087017832580063,2.1137743267370253,1.0430668370351102,1.297003469308809,0.323902897770056
p544,0.6032956626353193,0.5012055273976967,0.7812669527078491,2.366230254362872,1.492916396312182,1.972203226802379,0.7233133822599633
p545,0.5713555776579842,-0.004581983828101599,0.6490841729901735,1.440727725672846,0.9864391733187523,1.2358768830456202,0.1972623924721617
p546,0.498212141474798,0.5560664864131191,1.491954184704717,2.278634375887588,1.6647861138393147,1.8295959586298909,1.156987020747966
p547,0.6032956626353193,-0.200422582718236,-0.45726196790861273,-0.9736729417501035,-0.7352559346059191,-1.2178027844147348,0.18209002444504385
p548,0.6032956626353193,-0.20018992997890628,-0.23340940348246875,0.4596737034776493,0.2755109501069999,0.013136183494686982,0.07989024842387948
p549,1.0380760932484694,0.112568613569481,0.17577652981037062,0.9549668249403531,0.6668780760412849,0.4999769410130682,0.11118441201933749
p550,0.9986924646930083,-0.23354950671515518,0.093364096644736,-0.3328763211063511,-0.3027584479997004,-0.17706026980224487,-0.433833860974401
p551,0.498212141474798,0.22603897095796022,0.7298962084325442,1.2080853682493193,0.7405122407607376,1.23155074598619,0.9558429981536793
p553,0.9986924646930083,-0.23354950671515518,-1.1952893273390721,-0.8349902419289649,-0.5184507234392871,-0.8225025757443601,-0.47241187319350963
p554,0.498212141474798,0.06706846722053683,0.4318378445620663,0.46282098876500216,0.21190994325620505,0.5442428823702934,0.06848223757884675
p556,0.5713555776579842,0.0,0.7256047503874292,1.2166974664141024,0.6704151284938894,1.0578233833301076,0.17864797630238094
p558,0.6032956626353193,-0.02499236917828007,-1.1120646911355845,-0.8099719563287184,-0.5311622297927745,-0.5548221937906148,-0.4801091535683639
p559,0.6032956626353193,-0.025757239663715126,-2.573141608604397,-2.950634407608405,-1.7247310243818241,-2.733088036979781,-0.5700799701640182
p560,0.498212141474798,0.0213414095690716,-0.11506567375726817,0.5655095660551364,0.4005214444979366,0.22942563536408933,0.6505397462817335
p561,0.5713555776579842,0.06836782725128998,0.3224621409065449,1.0575740052251894,0.5522479550300567,0.7466622663031884,-0.0056718180973547305
p562,0.9986924646930083,-0.037434852838728716,-0.19234291611649823,0.4456876552356567,0.5414460601295814,0.14573785370428027,-0.0715490399163965
p563,0.5713555776579842,-0.154354026639119,0.3254122636764034,0.577833881447489,0.38982607175150297,0.5869319348429063,0.03861430803755539
p564,0.5713555776579842,0.0,-0.8893289836568314,-0.2631659064970868,-0.3311393983640429,-0.46582185164923373,-0.5654273021235152
p566,0.6032956626353193,-0.0037633240312366922,0.11752000569644316,-0.41326865914404465,-0.19372651384795947,-0.04393094132368652,0.018614340565829224
p567,0.5713555776579842,0.1769803853715981,-0.36366800246108255,-0.4072908856560531,-0.542815801607242,-0.2547052199611819,-0.8166938508041852
p568,0.9986924646930083,0.12770850947591228,-2.5271529249723574,-2.991498787758783,-1.9638006710692428,-2.6529547970290017,-0.9097655763872492
p571,0.6032956626353193,0.08630406589270478,0.3286669558630315,-0.07820160952415933,-0.40105856708051957,0.14877996519978903,-0.8151960904252054
p573,0.5713555776579842,0.0,0.4208656108079154,0.5829750770184927,0.24333200512451303,0.4663304267884537,-0.6669999309035877
p575,1.0380760932484694,1.6002923036042374,2.0400358393909386,3.0399721575724854,1.868944686874198,2.242709191658418,0.8454353771741427
p576,1.0380760932484694,0.13772255031724612,1.266250664883989,2.198974569790692,1.639078624313651,1.6487280343569501,0.6833422573061174
p577,0.6032956626353193,1.4465189545661108,0.6289606815681177,3.0258708527559186,1.988586832287362,2.4397863669903934,1.3611678134466043
p579,0.498212141474798,0.021341409569073377,0.1507051208320096,0.12197417164048707,-0.4355320014481198,0.2150492915822902,0.08782122140658721
p580,1.0380760932484694,0.02191869420983572,-0.48457345993694734,0.8416456935396097,0.36795635238596025,1.1430025881633377,0.17137388532091258
p581,0.6032956626353193,-0.075254693540586,0.016986007878667664,0.5898108601287422,0.5976524973317192,0.5356751987302184,0.06288887935630072
p582,0.498212141474798,-0.6853256772942888,-0.528655165508237,-0.9049614813919393,-1.210280475179002,-0.5375689639312535,-0.5295033064984356
p583,0.9986924646930083,0.23860387131787064,0.4512235295215774,1.5624679573497962,1.0721881154897048,1.0733351892065024,0.39062052285412463
p586,0.498212141474798,-0.30993709177013606,-1.1586524356766859,-1.5395337754923886,-1.5064937179530073,-1.2725902939144997,-0.48946279967743145
p587,0.498212141474798,0.06706846722053683,-0.038898985316256685,0.3989613938225327,0.15884261290662816,0.4861662133371122,0.5391676386453579
p591,0.6032956626353193,1.4085874272910353,1.0243504084285853,2.0559889286870776,0.8932361805071927,1.6873774730096858,0.24351571462465493
p592,0.498212141474798,-0.5520312926963111,-0.670411010157439,-0.8720605094739209,-1.0297409571652092,-0.5169946852172933,-0.5387235496656615
p593,0.6032956626353193,-0.1121892386674439,1.1922018561108079,0.9752533495942945,0.5445642780822293,1.3679444652226562,-0.25070406550187485
p594,0.5713555776579842,0.23970468781129917,1.746173866345334,2.861211984841722,2.1502254382379355,2.146392606767389,0.7715078995375837
p595,0.5713555776579842,0.0015150694462242598,-0.15213290659005452,0.715755293293904,0.6072429734221918,0.35014749838167736,-0.2967638940470252
p596,0.498212141474798,0.06706846722053683,0.6437652128522231,0.7953794405137892,0.3418774709960427,0.9038329941068397,0.5493852878339531
p597,0.9986924646930083,-0.23354950671515518,0.41814992719550226,0.9177077068524463,0.48562931053125136,1.0004219121622415,-0.3365206682236934
p599,0.5713555776579842,0.2453482126228863,0.34525662563075876,1.0817155131461067,0.5675601655208313,0.5274919470169923,0.13633927307498084
p600,0.498212141474798,0.06706846722053861,0.7409434028875683,1.963794062951632,1.3242629819201859,1.4015176863813739,1.141019267104065
p601,0.6032956626353193,1.8273142629362065,0.3696057658099132,1.2189625650824012,0.7525752360453845,0.8348765481776064,0.9602907707173927
p602,0.9986924646930083,2.8086570095386634,4.220301932426569,3.720166080456644,2.004334265542616,3.2019174072461634,0.5911108670312899
p605,1.0380760932484694,1.0187629360067767,1.103062571450593,2.565979093737569,1.6456260239564333,2.7233813793758204,0.6635041841864826
p606,0.6032956626353193,-0.20130235829600807,-1.5238997997072943,-1.1013029033738646,-0.7299024659711624,-1.298696594504438,0.025481614165169475
p607,0.5713555776579842,0.0,-0.7569443994223679,-0.570672948081673,-0.39582436594961173,-0.7294223767995461,-0.3313731414909
p609,0.498212141474798,0.021341409569073377,-1.0517289194131703,-1.4669621420838492,-1.3731330347786102,-0.8980237668644309,-0.4969781115188745
p610,0.9986924646930083,0.23860387131787064,1.3411556984167152,2.7551787791228333,1.5886991347885728,1.957143497287162,0.7147317755350286
p611,0.9986924646930083,0.6891319256896411,3.512867124952134,3.2857114892002794,1.776144901986168,2.7288196091844377,0.41414769946150365
p612,0.9986924646930083,1.0009647712978733,1.155052218647743,2.749389578608463,1.780387005791484,1.865007398248527,0.6040453161973431
p614,0.9986924646930083,0.27107915600543286,0.519799845518806,1.3747970555772038,1.3645953303045308,1.419033273799007,0.6961156151831744
p615,0.9986924646930083,0.23860387131786887,1.7776553329112517,2.359898320865562,1.6680184711432746,2.0788484145601607,0.6869709118779941
p616,0.6032956626353193,1.1998758300382617,1.3809699587035347,2.700295232502663,1.6599407861307982,2.4180761797373083,0.8348155313778598
p617,0.5713555776579842,-0.015718743707889615,-0.14306380679086494,0.6943887495289278,0.33194402441479914,0.29582380814736065,0.1724569687595352
p618,0.498212141474798,0.06706846722053683,0.7196860921753601,0.4815058599991238,0.09161117996332396,0.6754431016543367,-0.01727801369452564
p619,0.6032956626353193,-0.10884507118966624,-1.2865029850256544,-1.094164739170304,-0.8705494406871332,-1.2338023928882784,-0.28030685571362035
p620,0.9986924646930083,1.5957680551868663,1.0572358096916155,3.9803447706707424,2.707051219531072,3.107253706060664,1.419684150793092
p621,0.9986924646930083,-0.20723222055326218,-0.31397368813772175,0.2569236350294499,0.23541373091847867,0.2018686778911868,-0.09015519986503051
p623,0.6032956626353193,0.10549915752887529,0.18925737385254315,0.6066073531102127,0.36082521276378055,0.4407115052695728,0.1904225778307307
p624,1.0380760932484694,1.4411991272444578,1.39622732525868,2.9354747310940654,1.9417184820853337,2.3046110917201057,0.7128026017211582
p625,1.0380760932484694,0.112568613569481,0.0955685251239693,0.2769830539707989,-0.02684710379206101,0.17706743171829487,-0.17027375868799766
p626,1.0380760932484694,-0.02609243176044629,0.686451982634166,0.8181774493333408,0.22567802178299862,0.39997338916797337,-0.1529566780871896
p628,0.5713555776579842,0.4330482563429072,0.9775804435151763,2.1063193227884502,1.4292420254432778,1.6990889586845375,0.6336842789800823
p629,0.5713555776579842,0.08515018922164153,0.8622670958571899,1.229692764612839,0.8851431944234855,0.9045377821985244,-0.07489825008193662
p630,1.0380760932484694,1.8558129340713796,1.6572704441639772,3.2770408288215487,2.080430054308709,2.9116884892654142,0.5579966803067862
p631,0.498212141474798,0.8584985475406883,0.5192405009129857,1.3160818625583375,0.9110659017095335,0.9498280141188842,0.9985589082209767
p632,0.5713555776579842,0.06836782725128643,0.2814119209449739,1.1403079117337231,0.7141220498960565,0.8882198756373006,-0.2389729301558674
p635,1.0380760932484694,1.99364675959161,2.446535441346688,3.2522621347854126,1.8263893326013305,2.9161780383366933,0.6745198914792159
p637,0.9986924646930083,0.6891319256896491,4.061027968309941,3.675853025826103,2.3853083359877143,3.4349285709508157,0.6890056927475232
p640,0.5713555776579842,0.0,-1.2560460720129907,-0.6555759385146966,-0.6315623968407955,-0.8481969872489948,-0.06683714044033096
p641,1.0380760932484694,1.372257141897128,0.7015249452110233,1.5604188466237556,0.8856304630138302,1.686632554713178,0.013571096119781245
p643,0.9986924646930083,-0.18105764774551325,-1.8941705078535804,0.28087157778029315,0.1650525175316887,-0.5146738583186045,0.5888256561667511
p644,0.9986924646930083,0.12770850947591228,-4.584385096149097,-6.201564615641516,-3.8924150798939694,-3.5887170957322363,-1.8769281740913488
p647,0.5713555776579842,0.0,-0.1798937828908116,0.07115661892749092,-0.0904596985904727,-0.2964779518765608,-0.5888560964479108
p648,0.9986924646930083,1.5957680551868858,3.2316814270362713,4.356844334838494,3.090441183329901,3.7105800534537154,1.1041723949280016
p653,0.5713555776579842,0.0,-0.9500873590623993,-0.7584560974899508,-0.6976241049962557,-0.8149281066133268,-0.34909733624259687
p654,0.5713555776579842,0.11012762756653593,-0.42341703415624465,0.2800664131877764,0.07786224194862265,0.12418666151331742,-0.4006908735607997
p655,0.498212141474798,0.06706846722053506,-0.4351214582267886,-0.4388921633737073,-0.6707417248192409,-0.2907075165255088,-0.23178538516713765
p656,1.0380760932484694,-0.20774144573693043,-0.19632425226843075,-1.3428512896309557,-1.4425879822020025,-1.1190920283274066,-0.7425856596058029
p657,0.9986924646930083,0.12770850947590873,-0.2897005227048606,0.23811517681485783,0.2620514554105462,-0.015532986957645156,-0.09597062981134918
p658,0.9986924646930083,0.43622251832007564,-0.46514438014055237,-1.0632077161867555,-0.9143504667658818,-0.8685221849146877,-0.6461862581451694
p659,0.498212141474798,0.773415531775294,0.6412627668989099,0.4849267380039698,0.09535964093420751,0.45791753750340614,0.48370527493715265
p660,0.6032956626353193,-0.07885686297714223,-0.40913743291335614,0.18630814200060886,0.12668619368856543,0.01893148163453723,0.6032887125930522
p662,1.0380760932484694,0.18939587041218786,1.2521225209379487,2.530988610028505,1.5510481759460606,1.320533299903027,0.5082185609162497
p663,0.5713555776579842,0.0683678272512882,-0.3213756811401538,-0.06251780042411581,-0.1887870005410171,-0.6119056771444951,0.045770308340511434
p664,0.498212141474798,-0.5520312926963111,-0.5292222557298558,-0.02710095849270222,0.02062055688612774,-0.17078782903092488,0.31755066961397915
p665,0.5713555776579842,0.0,-0.5308960472416917,-0.18950216529220276,-0.308471240343596,-0.7567119081783765,-0.0062522854133302275
p666,0.6032956626353193,0.2956371085095455,0.8637359010375238,1.856265732519611,0.9201634644793357,1.6584258615778278,0.30631624354143483
p667,0.498212141474798,0.6995280438032623,0.8157538550674062,1.4091683967130855,1.034458536711227,1.3411791258983254,1.175959032543492
p668,1.0380760932484694,0.059422194313469845,0.3348432417213001,0.48949426686150266,0.24770841824992562,-0.33823607832290703,-0.12015806035012311
p669,0.498212141474798,-0.7644887793303301,0.17004413868370172,0.20052051942462723,-0.24022056441293932,0.13642446820428095,0.0726414790101888
p672,0.6032956626353193,-0.200422582718236,-0.5473428012807613,0.09447271606578012,-0.033492246652393975,0.3334265390934925,-0.3018609715624265
p673,0.6032956626353193,1.112632585089134,1.4050963112617403,0.9521089310121756,0.3809501936590669,1.0874303352917687,-0.11502277264018446
p674,1.0380760932484694,-0.08772563278042966,-0.877627822392661,-5.365025616365731,-4.474647533538894,-4.693606281300104,-1.4002110781654693
p675,0.6032956626353193,-0.200422582718236,0.029834271940853085,0.22974957027386922,-0.16832550630551524,0.27121812469779727,-0.5116285346107645
p677,0.6032956626353193,1.1857501788217988,0.1200766792776431,0.12622072081262525,-0.13443101713620087,0.07412601832980598,-0.15224635188539004
p678,0.6032956626353193,-0.11733475119228487,-2.201025803985683,-2.38599716966376,-1.4978529267238516,-2.122901037856082,-0.48452259015127197
p680,0.498212141474798,0.06706846722053683,-0.0065370125237027565,0.4393032096385222,-0.03440894785093443,0.450487473574869,0.35581634976132825
p681,0.6032956626353193,1.1465460722840888,1.576885382152664,2.8527170454075126,1.860652135386539,2.7127724524881476,1.201866171324868
p682,0.498212141474798,0.22603897095796022,0.7998836846327393,0.8678935822316747,0.5686947276863603,0.4134702010924323,0.9563493140651307
p683,0.9986924646930083,0.5681500977811158,0.37526742449487394,2.1642936459760267,1.0877662992387607,1.1799014549340843,0.682688059404704
p684,0.9986924646930083,0.39709693232751064,0.5741429882919071,2.5369236827680197,1.8562355040829424,1.7241259404088005,1.0368772813662162
p685,1.0380760932484694,1.4204702779161735,1.739005500307222,2.841650955043021,1.8009769720203996,2.4159232930036065,0.6246203290898471
p686,0.5713555776579842,0.0,-0.7900703220568488,-0.8638078509055858,-0.6962219008804407,-0.49120309693329933,-0.6084020000738803
p688,0.9986924646930083,2.3581289551668867,5.358904909619962,4.7155391018824115,2.2702219815006988,3.735456766263141,0.8268280972700417
p689,0.498212141474798,0.06706846722053683,0.9518968393920186,1.6689789832662645,1.2138308150903732,1.4112554378673163,0.9115916520567833
p691,0.5713555776579842,0.24534821262288453,0.4833942521490222,1.7015467608189525,1.0754488155900812,1.3162165913264985,0.06709366413843476
p692,0.5713555776579842,-0.015718743707886063,1.0541154198606186,1.9724184827950317,1.4074540524144574,1.1661857641626345,0.5695526193021649
p693,0.9986924646930083,1.5957680551868787,2.593915371502879,3.0012160948733513,1.616649042657948,1.9226250547962787,0.48246273206670764
p694,0.5713555776579842,-0.15810000030102955,0.28468191076017035,0.4014179540707307,-0.026586971870424636,0.3447107205902278,-0.38863580910139284
p695,1.0380760932484694,0.1377225503172479,0.47912427581724515,1.4180859187452544,0.9718219246525095,1.336184413754532,0.24464827928210475
p697,0.9986924646930083,-0.47601966474970325,-1.3496083879229666,-1.5561093372657528,-1.3379334173770814,-2.030286814578026,-0.5015476060052926
p699,1.0380760932484694,0.8812773379240788,2.1548889968172915,3.336922340194036,2.1442182512852765,2.5515266004042436,0.9135596748836665
p701,1.0380760932484694,-0.20774144573693043,-0.4990154860163507,-0.5397461624049003,-0.6116008126503858,-0.5188351723472051,-0.42595330561772826
p704,0.5713555776579842,0.0,-1.1209889570124716,-0.6997911486769846,-0.5237779998806729,-1.1334015103951696,-0.34283620730274933
p705,1.0380760932484694,1.3198298120087646,1.1780289415308847,2.228585794674523,1.4462823823176325,1.6401421031552015,0.4996256941368369
p706,0.9986924646930083,2.358128955166886,4.33070578121659,5.188838601857879,2.737126671614446,3.8127521965941833,1.2325166541710502
p708,0.9986924646930083,0.12770850947591228,-0.8432087754372475,-2.141923692266235,-1.3257570453923146,-1.2541669739596193,-0.7304049976989031
p709,0.5713555776579842,0.0683678272512882,-0.37477449721749956,0.4650945679053617,0.2496767549045123,-0.02693089222015918,-0.09283802787752471
p710,1.0380760932484694,0.05073482508226057,-0.4863034691790382,-0.5647746270739651,-0.255233493559647,-1.066080102391543,-0.045169836707584565
p712,0.5713555776579842,-0.011135450905179312,-1.373061727963508,-1.3461368893323225,-1.33827247927576,-1.215922160230621,-0.8190891362526695
p713,0.9986924646930083,2.643513647224032,3.2663374058791206,3.4724292654521673,2.0801035127418537,2.77814211475581,1.1583808289893813
p715,0.5713555776579842,-0.15810000030102955,-0.2953641892699661,0.028146492510604637,-0.06143739913863028,-0.29235562038372265,-0.2688036375288867
p716,0.498212141474798,-0.5520312926963111,-0.7393613528575962,-0.9782284622188069,-0.9709405276064365,-0.7394929224881654,-0.4560041332096407
p717,0.5713555776579842,0.12408513415117284,0.30882603643593853,1.4924719969607292,0.9501775957209293,0.9703425941502414,0.43715915949768025
p718,0.9986924646930083,2.0547905808346654,3.8817042154886927,4.8137567694116115,2.3024162152039995,3.229291725393246,0.9154805510906545
p719,0.498212141474798,0.08347867199642689,0.5766198763489534,1.371805181443901,0.8989650873543136,1.1442985220533288,1.0448685512444182
p720,0.5713555776579842,0.0,0.18207819999547326,0.607841519631268,0.2954861038975569,0.7237488813798607,-0.3291178252393099
p723,0.9986924646930083,-0.23354950671515518,-5.048835355844599,-3.42651402162781,-1.7756695665103637,-2.5491570607951033,-0.6556794842076741
p724,0.6032956626353193,1.7621313628865671,0.6909386533797779,1.67512874921012,0.7470370800300558,1.4277124556478071,0.23208489298297508
p726,0.498212141474798,0.22603897095796022,0.3486324567186916,1.2570125314192424,0.7975638700193814,0.9418985252070737,0.7502879016186608
p727,0.9986924646930083,0.43622251832007564,3.0624524670372733,2.005880398572161,1.021213715452991,2.0443095215245295,-0.2299248152125255
p728,0.5713555776579842,0.2453482126228863,1.1306240134009737,2.5159821651224457,1.6551763078887685,2.1144102972393415,0.5949323765578427
p729,0.5713555776579842,0.12317596735081615,-0.5596747221049032,0.3599470779260445,0.10065629548551491,-0.35177257100075865,0.3644480734826274
p730,0.6032956626353193,-0.0066006229823596385,-0.4771875254986373,0.8658873588364491,0.3709366125835346,0.08376393201934507,0.2170004856751575
p731,0.9986924646930083,0.8675925272793483,1.1784260171538534,2.8010071655603475,1.8262495358889188,2.1508472698345735,1.033845764244825
p732,1.0380760932484694,0.9901850473592102,0.9343468053982367,2.008231455804176,1.4897330770017505,1.6215270263960355,0.7031452932332218
p734,1.0380760932484694,0.8119001954847267,0.7592678076376522,2.099225522896415,1.3609597174310293,1.6188737814792644,0.5710870553829661
p735,0.9986924646930083,-0.23354950671515695,0.1199892996641907,0.7115115723247469,0.21245219010736016,0.5486216792817373,-0.2440138306559998
p736,0.498212141474798,0.021341409569073377,0.05085521758223699,0.19909268774407007,-0.05515128589757315,0.1427724397100954,0.24393561013540577
p737,0.498212141474798,0.6618708375072098,0.5929681087547696,1.3953656944635617,0.776628648766257,1.756748976765806,0.691483719760873
p738,0.5713555776579842,0.06836782725128643,0.3547057494034487,0.42962338535530953,0.04922801644625671,0.13553944517049715,-0.09373379590142683
p740,1.0380760932484694,0.6556448723996775,1.3886861304037925,2.763230208941858,2.0290588125910936,1.7620700508551388,1.0013999885626799
p741,0.6032956626353193,0.08630406589270478,0.09070988892167975,-0.04666560695848687,-0.08053078327916063,-0.07296358229105976,-0.10370574825208578
p742,0.5713555776579842,0.33218690016513364,1.094584111003856,2.8569500026231776,2.2394655773379792,2.472858319562067,1.276959384786661
p743,0.498212141474798,0.5879833495351656,1.3105572857874908,2.4737916047144246,1.754543969924187,2.0463344443011215,1.4452575533601113
p744,0.498212141474798,0.06706846722053683,1.2516925926525904,1.655102649994068,1.1594701963693055,1.6646571220001314,0.7584590436741845
p745,0.5713555776579842,-0.15810000030102955,-1.876089728198611,-3.4995664544995133,-3.309504253039927,-3.6182971324053814,-1.9416311832358986
p746,0.498212141474798,-0.03111641038167967,0.5042677733490102,1.6303942137685783,1.1260955098655194,1.3907218360728564,1.0009694167532164
p747,1.0380760932484694,1.410479731368409,1.876143777084768,3.7193660275666685,2.2953226232095516,2.9052041766585512,1.0634057078576067
p748,1.0380760932484694,1.3610375875505056,2.646201926180037,5.166576155418596,3.265580135579332,4.582451122616909,0.9726341857647469
p749,0.9986924646930083,0.1277085094759105,0.5373222843737064,0.592497800808193,0.6266927460620526,1.0897753452202328,0.08615660481227927
p752,0.6032956626353193,1.1021219565737717,0.6166539085610125,-0.40994729679270225,-0.6705057303754243,0.031028841443470012,-0.9714076539818368
p753,1.0380760932484694,0.0987459510525408,-0.47050459229526,0.3177571312275458,0.2849852261037722,-0.5443165676995063,0.1212021312270668
p754,0.498212141474798,0.06706846722053683,0.3317326209741047,0.6379959725991302,0.13051061016243432,0.5467389480120172,0.08324265170503509
p755,1.0380760932484694,-0.06506903102514805,-0.4422035543330871,-0.8049559624072335,-0.4194172370243501,-1.0254260680737222,-0.18340103707607724
p757,0.498212141474798,0.021341409569073377,-0.7390681237260424,-0.1211892888760544,-0.3883574378261592,-0.2792276361625902,0.15877786996268206
p758,0.6032956626353193,1.7858405552742118,0.9446007154491252,0.8638446027470208,0.3763615368442301,0.8435714079857696,-0.011938533881604485
p759,0.9986924646930083,-0.037434852838728716,-4.299155646182708,-3.5340575380661274,-1.7790104476747808,-3.0376044053552973,-0.4249604943498593
p760,0.498212141474798,0.021341409569073377,-0.5210697386880412,-0.6233976958981291,-0.5105277675201494,-0.7657323290273661,0.3180192571498317
p761,1.0380760932484694,1.8339077038804712,2.00885969999624,4.063229911078595,2.3350177169241273,4.081270000970154,0.27911341250173827
p763,1.0380760932484694,-0.08772563278042966,-1.1252464739391108,-3.895410420434895,-3.181110263361004,-3.0178237393273255,-0.9292332798747331
p764,0.9986924646930083,2.046296109558659,2.4771769473904017,3.1500384188679464,1.8612374590087635,2.9889339772793724,0.6163211831992328
p765,0.6032956626353193,-0.07885686297714223,-0.24591268922564957,0.06023731951574318,0.0045606835488637976,-0.3613579584057334,-0.20467453979937034
p766,0.498212141474798,0.06706846722053683,0.10374375734577512,1.1811337203285928,0.8689400797010087,0.8762600625982058,0.7759232070906066
p767,0.498212141474798,0.1505240150537901,0.3120327203784221,0.3908078341955845,-0.016519151720962633,0.36541525635207395,0.01633966810936016
p768,0.6032956626353193,1.7621313628865742,1.431920031373597,2.457663824845441,1.1476007014787302,2.24638262822678,0.1806069395462977
p771,0.5713555776579842,0.06836782725128998,0.6025145468816735,1.462772387958035,1.014126713596442,1.0125507669349005,-0.06418077944568346
p772,0.6032956626353193,-0.11733475119228487,-3.6755026005787546,-7.321248024440057,-5.043318399799632,-6.317506504998479,-1.414720792064534
p773,1.0380760932484694,0.112568613569481,0.6533758820151387,1.7481237477292937,1.3807539103568278,1.0982465346116215,0.7295827545577112
p775,0.498212141474798,0.06706846722053683,0.369062252285957,0.7479647616498573,0.3487876586569203,0.8216000938030326,0.4975875634855509
p777,0.9986924646930083,1.2881936333260242,5.448367699277649,4.572877951529411,2.6635875838259193,3.7252764388433235,1.295349617866977
p778,0.9986924646930083,0.09212876581437612,0.3071100663815418,0.28230426575645895,0.025670354947180507,0.7320191718867723,-0.4099111761088068
p779,0.498212141474798,0.18166354959864783,1.1740903993006135,1.6924504821610433,1.12382781094824,1.7784384744113064,0.7529962398437764
p784,0.9986924646930083,1.2518935903218171,4.415659879683613,4.960807099461724,3.0396533161497463,3.3747785680270015,0.9969540698538832
p785,0.9986924646930083,1.113698578304251,2.8582225311977325,2.807567370911077,1.3975711715754433,1.9235961920023668,0.38529775110769116
p787,1.0380760932484694,0.112568613569481,0.19674029258172432,1.1356373519352605,0.583387169104437,1.021057799400335,-0.0988462318249912
p788,0.5713555776579842,-0.15810000030102955,0.02638681286395439,0.4176550616327353,0.23454554965591307,-0.19932214958172742,0.09315473835464338
p789,1.0380760932484694,0.18939587041218608,-0.2527335595906557,0.8437143880009582,0.7118233568554755,0.8615972055747734,0.025009813684370386
p790,0.5713555776579842,0.0,0.24688507435873497,0.9725291764969086,0.5824346262327084,0.4907580433684028,0.056276972781089896
p791,0.498212141474798,0.0213414095690716,0.25868223294713033,1.1818420715290752,0.6273404509205625,0.8232263162141293,0.4969498372771053
p792,0.498212141474798,0.021341409569073377,-0.11370305402014935,-0.5685231442060952,-0.8158954991071787,-0.3101980959702752,-0.2259742494928325
p793,0.5713555776579842,0.0,0.12878796644481838,0.9636780862842313,0.6544538071532979,0.39333629725335695,0.417088265213188
p794,0.9986924646930083,1.760911417501525,1.4238865672431285,3.4481551077572057,2.3314590063304226,3.0416570554334794,1.1749535216387716
p795,0.5713555776579842,0.08515018922164153,-0.12262368608762841,0.4253256552476157,0.3285711950084811,0.40243454399225864,-0.029870266283658964
p796,1.0380760932484694,-0.013395710930206306,-1.0500376710484467,-3.5016786673573357,-3.0867764507466746,-2.647036596708184,-0.9264644031061362
p797,0.9986924646930083,0.27107915600543464,3.6335637716295697,3.0697742117739377,1.2205409043272826,2.011317887185923,0.005243558860415831
p798,0.498212141474798,0.22603897095796022,0.16580128683622064,1.0910454942363685,0.7767886410245122,0.57903453252667,1.253871404189704
p800,0.9986924646930083,0.6892192451581955,1.416456884171966,0.7475444535178409,0.14596353292769526,0.8680225058041274,-0.20244269643217727
p801,0.6032956626353193,0.2956371085095455,-0.022047374922889773,0.5207742219993781,0.16270374521284814,0.4525475253124419,0.03035133475128049
p802,0.498212141474798,0.06706846722053683,0.8304092597528623,1.3451200118105224,0.7904643297728089,0.9773362963135528,0.6004284724258806
p805,0.6032956626353193,-0.200422582718236,-0.8671915533046484,-1.7406617389683523,-1.4603425063734221,-1.5992847704612418,-1.0359686406432012
p806,0.498212141474798,0.06706846722053683,0.7385861361760817,0.8567998117809441,0.31293480546516483,1.2399984485891773,-0.06788654624539348
p807,0.5713555776579842,0.4534499786368489,1.1227890701964345,2.61827403816598,1.999809794485748,2.3766429358465273,0.9661743383399024
p808,0.9986924646930083,0.26947040662626165,-0.24518360483554424,0.6122207219611805,-0.09348654297468761,0.47810280092514773,-0.5160533736334294
p809,0.6032956626353193,1.3581002066511605,1.7816440569087115,3.268941240592617,2.1053455555524474,3.2548273996773456,1.1447553305769151
p811,0.498212141474798,0.06706846722053683,-0.734171036687016,-0.5362091956572912,-0.47562758094139485,-0.5839170205910729,0.03153596093225097
p812,0.6032956626353193,1.4639369232820636,0.8294215744814011,2.22797037575505,1.072223107564191,1.5573891701658762,0.618886858599982
p814,1.0380760932484694,0.13772255031724612,-0.09491147859364446,1.2872445022489873,1.1634663130759455,0.7939974480790204,0.5026570171437648
p815,0.5713555776579842,0.06836782725128998,-0.1578076913545754,0.19690198466195824,-0.13063679652529087,-0.4102752069412535,-0.1556260994910037
p816,1.0380760932484694,1.2173769773373788,1.4946349665949654,2.6006427022996,1.6457391858993373,1.9386558773586025,0.6232017850005711
p817,1.0380760932484694,0.23705983890810245,1.1334672733315756,1.8521338026339818,1.0048007729653143,1.5735462098934023,0.021563130907450656
p819,0.9986924646930083,-0.23354950671515518,-3.323264377304387,-2.957093089824021,-1.7879801474322785,-1.6946030143835906,-1.2571124797383817
p820,0.5713555776579842,-0.15810000030102955,-1.4927139957686215,-2.5168838928797914,-2.3326310769259977,-2.759803245266775,-1.4189448125894533
p821,0.6032956626353193,0.1933926603022389,0.8543461561681269,0.9959027649360889,0.3435178042954766,0.7870094462540698,0.10728337841168312
p822,0.5713555776579842,0.5181984455645523,1.1917619050456647,2.182128364416772,1.5192588206069655,2.0345610213843726,0.6401975827214912
p823,1.0380760932484694,0.050734825082258794,-0.8129160685722887,-1.0551703812429905,-0.6595863619230542,-0.926627430437402,-0.3622109989973197
p824,1.0380760932484694,0.26221377565587023,1.769324278123305,3.4948194995260415,2.1292641964172274,2.967121458504941,0.7085907797547755
p825,1.0380760932484694,0.10240814517720231,0.005978685356796021,1.0891304955430305,0.4851959933300666,0.47620985288907625,-0.13904169154763757
p826,0.5713555776579842,0.24534821262288453,0.5112753308254376,1.4115873110006532,0.8450474497507232,1.1092825870301273,0.3110473726366365
p827,0.498212141474798,-0.5520312926963111,-0.9729188215899285,-1.1456333242103662,-0.8513135240303866,-0.9003481814891121,-0.004273936643134135
p828,1.0380760932484694,0.06987166666701583,0.9702258697748185,1.011344272768569,0.43046453619663505,0.4059377845088762,0.013055256542616078
p829,0.498212141474798,0.9858443318240191,0.9532864832606815,1.64075612013318,1.0083620219472422,1.5324216697031159,0.5714454099728492
p830,0.5713555776579842,0.0,0.3647996318782667,0.6153206622441769,0.25879923870479526,0.46811177227452627,-0.22096595870001146
p831,0.5713555776579842,0.06130415306553871,0.12757620205483455,1.3100322839671144,1.066247630646551,1.1954027850033302,1.042762299223213
p832,1.0380760932484694,0.8606702970662736,0.8621823895226282,1.6996527590551405,1.37294169799689,0.9270963445677496,0.8251128758661928
p833,1.0380760932484694,1.3985650477252562,0.6002965964423836,1.8732167633205083,1.2448781550424526,1.821012984106643,0.4520058786956014
p834,0.6032956626353193,1.3581002066511587,2.530196585683484,3.9797584425189596,2.2768475936420236,3.7759536385748977,1.295016961162899
p836,0.5713555776579842,0.0,-0.3133248256675625,0.16153955502054584,0.001515267261322173,-0.3462749352230535,-0.3199488484927926
p837,0.6032956626353193,-0.200422582718236,-0.18244714932470174,-0.013906787910321183,-0.03972461468720401,-0.17783110331968693,0.11132629835387142
p838,1.0380760932484694,1.4766179554422916,2.1649518093462117,4.069174821047317,2.491674793469898,3.890184179993463,0.9444474022006961
p840,1.0380760932484694,0.14640991954845717,0.625405551035163,0.7351558585150846,0.453299674573418,0.5240451630172038,0.11776567649151026
p841,0.498212141474798,0.06706846722053683,0.06217568695280207,0.6972755571852847,0.42651183659113495,0.28771569883603015,0.782194011660323
p842,0.6032956626353193,0.2956371085095455,-0.00354229132960171,0.3747979475005691,-0.02026514602229318,0.3563228369353876,-0.2886095168955869
p843,0.6032956626353193,-0.10884507118966624,-0.6504254488003607,-0.9058331536261435,-0.4335821060703573,-0.8687484465511779,-0.008088191630054808
p845,0.9986924646930083,-0.23354950671515518,-2.8256636378003357,-2.1184370778064903,-1.297125409161287,-1.5283357442844259,-1.2376519558894952
p846,1.0380760932484694,0.112568613569481,0.5545178144513248,0.7384788261949093,0.34621518863805856,0.6409316793924572,-0.06462099562205026
p847,0.6032956626353193,-0.0066006229823596385,0.7921054670697156,1.686663059533054,0.9181151910542543,1.4761036177239457,-0.04834165947095315
p849,1.0380760932484694,-0.15736493863264833,-0.762116231870209,0.01614248626960224,0.058972774239511416,0.38878419709777085,-0.14572975649517872
p850,0.498212141474798,-0.4068017764520704,-1.8167359363765705,-2.341440194637691,-1.8454729155530694,-2.1192975684666595,-0.5063214024631826
p852,0.9986924646930083,0.39709693232751064,6.63867952057716,2.399994236836661,1.3356410648562176,1.3497357221766357,0.2972368029643544
p853,0.6032956626353193,-0.0474411918117319,-0.6921600037492048,-0.9440827841224593,-0.7230524258862463,-0.6981929308673147,-0.4217668617231638
p854,1.0380760932484694,1.42261581179892,0.6517577049750116,0.4876574891703993,-0.06816680696988686,0.9956675315403525,-0.3311409268523704
p855,0.5713555776579842,0.4240170963150902,1.4652673849566078,2.5687148280704353,1.6117159973825814,1.773449288685376,1.0930288130088321
p856,0.498212141474798,-0.4068017764520686,-0.3561804404834934,0.46505935573277773,0.284092878209963,0.5575803285779855,0.5435570218087911
p858,0.9986924646930083,1.026085588288975,4.90206209774436,6.946247974601388,3.9000037215501235,5.105485959276973,1.4286551810917967
p859,0.5713555776579842,0.06836782725128643,0.46768645219021643,1.1458474248762789,0.7300086388863257,0.8996445774619779,-0.11526948959081729
p860,0.6032956626353193,-0.11733475119228487,-3.5979400081185684,-5.243443433959778,-3.5771314063073216,-4.617393737620895,-1.1922769460604172
p862,1.0380760932484694,-0.3173857727271958,0.9779302236008931,-0.17843457339257696,-0.6435984751901838,-0.3662784247752575,-0.6527589136802856
p863,0.6032956626353193,-0.22298631044402661,0.07930146940128857,-0.24997875794340185,-0.2882091160162983,-0.121549697323383,-0.5907740131251256
p864,0.6032956626353193,0.8690110475732435,0.7776341015212882,1.9394903396017666,1.1568802772415303,1.7144195938227569,0.5609344989426521
p866,0.498212141474798,0.06706846722053861,0.7120665216494135,1.0985620994803535,0.7557219427086841,0.7980362879516252,0.7031546721980249
p869,0.6032956626353193,-0.291767441507476,-0.0012199710943825437,-0.33992535888033704,-0.34209045106904645,-0.2428155471181062,-0.10279584226531746
p870,0.498212141474798,-0.5520312926963111,-0.07385005683232748,0.819737600046443,0.6663101005066931,0.7629607439886259,0.7904108634939533
p872,0.498212141474798,0.5422562918837048,0.3116112118601855,1.1355731834548888,0.6796534400157999,0.8574233102432238,1.0522353733680312
p873,0.9986924646930083,0.18252267462342786,-7.8414206447122545,-7.53818853362278,-5.35892407620504,-6.803284002317835,-2.714528174935584
p874,0.9986924646930083,0.12770850947591228,-1.7645379649349398,-2.760582651634144,-1.765662646860143,-1.6804422538646469,-0.8592213028650821
p875,0.9986924646930083,2.808657009538667,4.094176919168575,3.0430088570553915,1.429666021409053,3.073512841537708,0.128134997634211
p876,0.6032956626353193,-0.10884507118966624,-1.559029962739034,-2.224708592220936,-1.3540306931635595,-2.1989509185296403,-0.2863796681770836
p878,0.6032956626353193,1.9593141010380286,0.6627552441999391,2.039904528458834,1.0982793183149981,1.3393277935393715,0.3082539900212211
p879,0.498212141474798,0.6538009861517988,0.625597884356516,1.6792804816247464,1.103321658190747,1.4493634421357888,0.8320255676375261
p880,0.498212141474798,0.06706846722053683,0.25906143402858106,0.883535451471383,0.5469636104579463,0.6016177394824227,0.8245871678159418
p881,0.498212141474798,0.021341409569073377,-1.1774620726171925,-1.559074717339902,-1.6782329569545762,-1.158944333227938,-0.7752014745146525
p883,0.6032956626353193,0.8976380985463672,0.8647144341799997,2.2333486078494875,1.3691750970919785,1.9368290951223273,1.2474441739776925
p884,0.6032956626353193,-0.0066006229823596385,-1.8667931689798714,-1.7143827168574124,-1.1573539387148417,-1.5584624514858376,-0.49559938260529535
p885,0.5713555776579842,-0.15810000030102955,-0.4885372832759298,-0.7019531513260922,-0.6311916499110861,-1.1446329672622797,-0.44860533239684663
p888,0.6032956626353193,0.1933926603022389,1.3689006732227487,1.5832580227899986,0.6969198578309064,1.4114753531632083,0.06114123299139251
p889,0.9986924646930083,1.4514928256696482,3.021984892849309,3.091416846266717,1.8034866201777553,2.5399371811828426,0.7284085811368897
p890,1.0380760932484694,1.2483967956056503,0.20567262738329894,0.5425187841204939,0.21537999523624007,0.2944833153651552,0.030114221767176375
p891,0.5713555776579842,0.4330482563429072,0.27079554126692074,1.590031948155722,1.0291140019153224,1.114762770429637,0.6605600831266738
p892,0.498212141474798,0.8141231261813662,1.4467290561606578,2.4657375559708816,1.67011661446577,1.97237560058248,1.2900576076272863
p893,0.6032956626353193,2.161014545332076,0.9114551227577294,2.492530140052838,1.2063478502877685,1.6889596588010685,0.31358312445620307
p894,0.5713555776579842,0.06836782725128643,0.37827180964697327,1.1992199099294285,0.6180377701757751,1.159140232370395,-0.13523083903661792
p895,0.9986924646930083,0.27107915600543464,1.6134685135248397,1.931616342054213,0.9608442164499479,1.529508846231515,0.018367939783749065
p896,1.0380760932484694,0.13772255031724612,0.7928513425106054,1.3427021470314362,0.811204774890891,1.0872384544156346,-0.012296081141091264
p897,0.6032956626353193,-0.07885686297714223,-0.571903355294543,-0.02982748483786002,-0.20827782650508625,-0.35487215042928516,-0.31796532455130944
p898,0.9986924646930083,0.12770850947591228,-2.4467164477892354,-3.8273253134013183,-2.324270759144696,-2.9357140731916087,-1.3889336650124804
p899,0.5713555776579842,-0.15810000030102955,-0.41409315351952536,-0.4272539835560365,-0.48377841584217357,-0.5916075084795376,-0.9513352670715882
p900,0.9986924646930083,0.12770850947591228,-0.3238260954505705,-0.3016190525341017,-0.11886309857208366,-0.015224957159312491,-0.08086109976297529
p901,0.5713555776579842,0.23970468781129206,0.6518806900886531,1.708133401551016,1.041894878969881,1.0944574626362922,0.778107498530968
p902,0.5713555776579842,0.5251722606609972,0.5089161280736931,1.207203821278774,0.693131541476413,0.7741414790914672,0.4149492993150776
p903,0.6032956626353193,0.1933926603022389,0.5201652220821469,0.8058017618488631,0.31790850531458736,0.670952757268178,0.3555144161499033
p904,0.498212141474798,0.06706846722053683,0.41201995416687964,1.3370790565681134,1.1978332455105654,0.9472898869536865,1.2235985685112603
p905,0.498212141474798,0.06706846722053683,-0.1545277016482718,0.4883022215364636,0.3697834417574922,0.041377026287854446,0.8914483166773337
p906,0.6032956626353193,0.8190064947969375,-0.12048028392788801,0.7346845700916991,0.2186406615688809,0.5237160202450453,-0.36440447301595214
p909,0.5713555776579842,0.0,0.8000496249013356,1.6352030995970526,1.2528665805499828,1.0508393264807712,0.688432010648695
p910,1.0380760932484694,-0.45763465279187443,0.28817072519659526,0.9261339396590627,0.21125681426000714,0.6043412667784444,-0.3969396255415578
p911,0.498212141474798,0.9888947199340343,1.3834590663365134,2.720669366978948,1.8547961434872255,2.336370310264154,1.165375350555248
p912,0.5713555776579842,-0.17007277034700508,0.1493588648383497,1.2223365985674755,0.8813982183399844,0.6150092858187184,0.6938565761269508
p913,1.0380760932484694,1.9784833693916113,1.5669754808334577,2.6363773205904732,1.4699172985021611,2.2532361234269915,0.4062281453487895
p915,0.6032956626353193,1.8273142629362038,0.7287292862681323,2.270654174911512,1.3044760148755212,1.69047129530725,0.9126808504939561
p916,0.9986924646930083,-0.7102521338946772,-4.727685989308986,-2.9987079616333987,-2.117012734863628,-2.748197150461176,-1.1332570130372304
p917,0.498212141474798,0.021341409569073377,-0.018225547438882828,0.49660626465188745,0.10728020325346788,0.6020929881194529,-0.021704830273231224
p918,0.5713555776579842,0.1769803853715981,0.5050196331005381,1.6704232659194458,1.170378746515723,1.5118780380934422,0.15363333305670857
p919,0.9986924646930083,2.192985592852242,4.269213884790929,4.651723302657264,2.4346202370557553,3.1971367569118474,0.7482467955615775
p920,0.498212141474798,0.021341409569073377,-0.7273971905721606,-1.036371018659091,-1.328478068667154,-0.22043197036012135,-0.8878026592086012
p921,1.0380760932484694,0.8159660311659422,0.9937923166186948,2.0700861755834925,1.5331657648057375,1.2058679408409074,0.9189003522770172
p922,0.6032956626353193,-0.20130235829600807,0.4133314185147636,0.15824132771159938,0.20791094783265684,0.2785537665288225,0.21479210955538264
p923,1.0380760932484694,2.0716996673086463,2.641821111467223,3.22476460682869,1.5203746531434397,3.0286976736635585,0.5875887363948138
p924,0.5713555776579842,0.0,-0.7080114647034623,-1.044617762737103,-1.0501454922685158,-1.2117443679831388,-0.6047545372706651
p925,1.0380760932484694,0.31388709575080753,1.1171378949191446,1.8846712690316063,1.1769871249072903,1.3821985106226564,0.3773448034704394
p926,1.0380760932484694,-0.02609243176044629,-0.18857615296620622,0.8640995330790495,0.7077708932318632,0.45089760498706466,0.09722149285617121
p927,0.6032956626353193,0.08008937798014948,-1.2120729330590887,-1.862048842719952,-1.0850897640341612,-1.7094208671562394,-0.42226175526774057
p928,0.9986924646930083,1.4514928256696482,2.0614345969485353,2.1334889791284875,1.0934451309056983,1.9161205998818196,0.37159956120604853
p929,0.9986924646930083,2.1929855928522475,3.9066493487979406,3.1240114989827727,1.9765539761127813,2.723475316165352,0.7030243459320964
p932,0.9986924646930083,0.12770850947591228,-3.439691107531594,-3.32454904173062,-1.2117822773179778,-1.9647187094484146,-0.5773916202095037
p933,0.6032956626353193,-0.12281742307110832,-0.6586157567346156,-1.530641597746537,-1.0870778432006174,-1.1220680052958105,-1.0680562802279088
p934,0.498212141474798,0.9056485253700153,0.49823858355452444,1.2203767417154157,0.7103981701549138,1.1741173959754831,0.8105126943827177
p935,0.6032956626353193,1.915207765709562,0.9127731034609567,1.6832618771427454,1.0776045624400241,1.4794726143853403,0.6098271035668361
p937,0.5713555776579842,0.0,-0.6762985863460695,-0.8696262408341442,-0.9195632763153085,-1.028879930797973,-0.656632941835479
p938,0.5713555776579842,0.0,-1.180693906301686,-1.0708535402897894,-0.8549587879871712,-1.3355783399224275,-0.8026794943232947
p940,0.498212141474798,0.5422562918837048,0.39395719110618366,0.8515741354673309,0.3947354450820132,0.5340631992082594,0.8747773332977431
p941,0.5713555776579842,0.11223191844389824,0.737709707341244,1.9130123968992727,1.2025822298485762,1.8280723051158534,0.3428398142682134
p942,0.9986924646930083,0.5437806908144935,-2.409898676689842,-2.5432926378631944,-1.6324081921944877,-1.3235833699682402,-1.0446757610929378
p944,0.9986924646930083,0.6976263969656618,2.807807195106518,2.6332583151511852,1.2794818392169933,1.9289729891043392,0.8515802176900404
p945,1.0380760932484694,0.0710290486807903,-0.02201258114680016,0.3122676709166906,0.12827082082138447,0.43249085718359137,-0.2564136805433428
p947,0.5713555776579842,-0.06685275780506217,-1.6122872916282471,-2.209550810778798,-2.0708797153639695,-2.1318759635192195,-1.5824720866000206
p949,0.498212141474798,-0.2094325801650232,0.018459261459282672,0.37407366247399254,0.11090128226737175,0.5955132015292486,0.5896775894038679
p950,0.5713555776579842,0.08515018922164153,-0.026951199414041227,1.2605490539985718,0.9552545545630036,0.840588597467059,0.37336258936373135
p953,0.498212141474798,0.06706846722053683,0.2814579403182993,-0.33898661301417554,-0.6146226986694974,-0.06310239587925898,-0.21738742183729975
p954,0.6032956626353193,1.1697324795285198,0.6331115341891529,2.664884267876266,1.2658332949815372,1.8268857232701363,0.7000732678315504
p955,0.5713555776579842,-0.15810000030102955,-0.05311972525831443,0.40681194795816666,0.22973314457236016,0.06138201947454183,0.018191746785882756
p956,0.9986924646930083,-0.037434852838728716,-2.0303059730785655,-2.3057586956287874,-1.2708527376730387,-1.9152408858610253,-0.6374488992745668
p957,0.498212141474798,0.5879833495351683,0.29024054427380186,1.0989685440831414,0.790812990963746,0.6471387930469527,1.0468029557844059
p958,0.5713555776579842,0.0,0.3205001223020325,1.2810565073568563,0.7283809117583304,0.3454333741532216,0.39794708962484826
p959,0.6032956626353193,1.0675043521333922,0.13397525852708903,0.969219454796878,0.5045828961216583,0.8646250070168593,0.31378857257649173
p960,0.6032956626353193,0.13548736574139753,0.9381939941733055,2.3575715513901017,1.5309524571888184,2.1990856946375894,0.6278993605497654
p961,0.5713555776579842,0.4330482563429072,0.6721036666923474,1.8881943889975104,1.1719605580804735,1.3676986012453163,0.5811969726361745
p962,0.9986924646930083,0.6546760526564572,-1.3653889425365708,-1.1448213165330983,-0.3031815681243747,-0.9057819225929583,-0.11330007807311127
p963,0.498212141474798,0.6618708375071982,0.6332682478516354,1.4981369907378306,0.8147965257007872,1.250456532206454,0.7471973063927955
p964,0.9986924646930083,2.054790580834677,2.009945407303519,2.496171395922455,1.316529197477227,1.9250681288521294,0.6720763579497504
p966,1.0380760932484694,0.18939587041218786,0.10966624665318747,1.3625425909775903,1.2202765088286538,0.5356618586291682,0.5807803108847782
p967,0.6032956626353193,0.08630406589270478,1.8998482136437964,1.4899997901672282,0.7685745475486752,1.8503999729414238,-0.12015222439967488
p968,0.498212141474798,0.06706846722053683,0.48240387261817474,0.6979974508985244,0.29268582980068136,0.5456540271756085,0.5676685703788706
p969,1.0380760932484694,1.929728299198592,0.9825992541217285,1.6967012197176472,0.8558368206038368,1.7452195673082547,0.21938748901614602
p970,1.0380760932484694,0.1377225503172479,0.832080801523924,2.3920372032071864,1.6069941667748044,1.7450922421186563,0.5142809222755069
p971,0.5713555776579842,0.0,0.2690734482132271,0.8201157782261705,0.6166276341868008,0.8234183158041971,-0.10836359446127197
p972,0.5713555776579842,0.06836782725128643,0.2205827286707578,1.3236801820404438,0.9901498611289783,0.3218093554054473,0.73686800852564
p974,0.9986924646930083,2.652008118500042,5.417869108176529,5.206725676357461,2.908095150197393,4.524699420985263,1.0308602639812356
p975,0.5713555776579842,0.12408513415116929,0.2876264658118757,0.7937406876250154,0.2633705115678387,0.30441007658163854,0.29818694710387206
p976,0.498212141474798,0.06706846722053683,1.0355312068974722,1.520208134666259,0.9380728527720592,1.2428158135801235,0.8527576584768379
p977,1.0380760932484694,0.8790461616470369,1.167728577869564,2.108152041647776,1.4479807144382746,1.6054683312526787,0.6411656929562337
p978,0.498212141474798,0.06706846722053683,0.6674141478922149,1.3714522966157696,0.9361222448714783,1.3220981361363369,0.9113125416969048
p980,1.0380760932484694,0.05073482508226057,-0.31610955058229173,1.0313089264433657,0.9109598142726051,0.7772128817366986,0.23163292653202205
p981,0.5713555776579842,0.0,-0.8720148395868872,-0.3766192962820941,-0.4253245065070432,-0.9414159255554452,-0.2720272586977721
p983,0.6032956626353193,0.10549915752887529,-0.22223216163474646,-0.1763171213731669,-0.4202506562040714,-0.3740349125206484,-0.41539484278466254
p984,0.5713555776579842,0.0683678272512882,0.46387616726583225,1.321281303037651,0.7408764622875985,0.7369361206911731,0.5814021113914496
p985,1.0380760932484694,1.083401345276247,0.5410184893577004,0.8968648368612993,0.5921633094423595,0.611913812605063,0.00010579620352935137
p986,0.498212141474798,0.5879833495351683,0.11565154976611858,0.9626478797921929,0.5219971220800463,0.925332983577118,0.8090810873570202
p987,0.6032956626353193,0.1162922741052288,1.3376979801372748,1.92454460812912,0.9675801568423406,1.7021343872152401,-0.0392162667165632
p990,0.6032956626353193,-0.0066006229823596385,-0.29231824277853136,0.2394348995555623,0.09234009965720216,-0.3616516999327973,-0.1686650898096982
p991,0.6032956626353193,0.1933926603022389,0.20443966236284616,0.7271232808799438,0.14043448431365543,0.3217915205780193,0.027137287232775975
p992,0.6032956626353193,1.270206703877803,1.4731848690269498,1.938059281360182,0.9367482802013707,1.9978453600214818,0.38866329555162693
p993,0.5713555776579842,0.0,-0.2809623918101174,0.3328072132153227,0.020874738167666607,0.39693642657744377,-0.09788594279674356
p996,0.5713555776579842,0.0,0.6849636640398415,1.069400437030529,0.6987981976283444,0.45968799186479203,0.17798456330880796
p997,0.9986924646930083,-0.037434852838728716,-0.29327116648862983,-0.8649258838450259,-0.06025175774424363,-1.5288653275274138,-0.1384343925899536
p999,0.498212141474798,0.06706846722053861,0.10304421109060691,0.3937529002577226,0.10993378905220832,0.4219223286745926,0.5377679671951832
p1000,1.0380760932484694,0.26221377565586756,1.5501233704568111,2.628850800036754,1.9158672449052432,2.163626111613255,0.6359765224017497
p1002,0.498212141474798,0.06706846722053506,0.4882108091186357,1.068696320447276,0.669007452322461,0.6356679511530205,0.9205850621380964
p1003,1.0380760932484694,0.18939587041218786,0.5230428145390853,1.8311714286892187,1.2174537546285427,1.269635211941722,0.48983013556371624
p1004,1.0380760932484694,0.1980832396433989,0.9851224296217325,0.6129093329478194,-0.22480958966728104,0.4091540345908149,-0.5313124979817889
p1006,0.5713555776579842,0.0,-1.8724760964322318,-2.277274138223169,-1.5864781022796601,-2.4132569865663274,-0.6460880359060823
p1007,0.6032956626353193,0.19339266030224067,0.13510024064214754,0.5564860404769403,0.24921361189651686,0.20660422180704074,0.04464400715104766
p1009,0.6032956626353193,1.3581002066511658,1.0945231040884131,1.6863913186723198,1.0115150032664384,1.9383601520487381,0.5610641510982077
p1010,0.498212141474798,0.021341409569073377,0.7125876442029639,0.28200667403612234,-0.2512440667080192,0.23737485095013777,0.30152995517780745
p1014,0.5713555776579842,0.01888038507056855,-0.783698434357559,-1.139369123629484,-1.2981863656968675,-1.0761435971380666,-1.0673315745378797
p1015,0.498212141474798,0.7025784319132757,0.920601756368459,2.2650119796677077,1.6305990987872487,2.1085082599742337,1.263816830949743
p1016,0.5713555776579842,0.0921240043180962,-0.001723558725837293,0.6575421774731414,0.4556345553578022,0.3653970547814176,0.1454153899076438
p1017,0.6032956626353193,1.4639369232820627,1.090321393453947,2.767254645338335,1.5842000810258436,2.257112654064118,0.9998324490264059
p1018,0.498212141474798,0.6161956537538344,0.7901989544643921,0.4350067996661544,0.2979153113259874,0.33932634043372367,0.45595080034150115
p1019,0.9986924646930083,0.3970969323275071,1.2655765516137691,2.2487706420695717,1.6152423623985563,1.804382797488611,0.9841537515691545
p1020,0.498212141474798,0.021341409569073377,0.39689316564436616,1.0764346179267341,0.5379976218923681,1.2528043329464795,0.8769568160318233
p1022,0.9986924646930083,-0.1421037033306014,-3.497139613505242,-3.2563352359024362,-2.1588208933516135,-2.103311664249361,-1.37510745409352
p1024,0.9986924646930083,-0.037434852838728716,-0.7495039326423072,-1.9469515275463651,-0.9519758722967352,-0.896426003779487,-1.0365855004064475
p1025,1.0380760932484694,0.03205244941608676,-0.16045912608425006,0.7583903842945264,0.6472038336496662,0.12695401686473196,0.33628519277875846
p1026,0.9986924646930083,-0.23354950671515518,-4.209277561004738,-3.2854482421162388,-2.223299393130432,-3.4507572343751276,-1.628860373881972
p1027,1.0380760932484694,0.15041927114748255,-0.025835462985368096,0.9304181082971029,0.40335584803659863,0.5544175671655263,-0.05930582507061288
p1028,0.6032956626353193,0.5687355851910292,1.6860233448948367,2.680251144062402,1.7627745982430276,2.838165306810686,0.8250675193793668
p1029,1.0380760932484694,0.06343154591249878,-0.7349785145771754,-1.4075999394592582,-1.023554406505803,-1.5542636274369643,-0.420618610918412
p1030,1.0380760932484694,-0.08772563278042966,0.6267937853013272,0.37708128801543994,-0.101239836471118,0.6411683135925773,-0.45350212611259266
p1032,1.0380760932484694,0.02062859250642113,1.3574647650904055,1.8547290679939232,0.9901874853392078,1.5372118873495384,0.3399071100077773
p1034,0.498212141474798,0.021341409569073377,-0.2415363828525514,-0.4810964201268837,-0.7876940044576337,-0.3067857309391973,-0.2557757646155778
p1036,0.5713555776579842,0.0,-1.526489425316706,-1.7992542312301472,-1.4810502104822723,-1.8359300403960923,-1.2095494895644556
p1037,0.9986924646930083,-0.037434852838728716,-0.04453927447937467,0.3259826790573489,0.28343419878455617,-0.05744658345516618,-0.3237629474185777
p1038,0.5713555776579842,0.1769803853715981,-1.1214497554601213,-1.5288718332359836,-1.4019522372628992,-1.5395421874392037,-0.7718986792874585
p1040,0.498212141474798,0.021341409569073377,0.36559270008283207,0.7780687492205012,0.2459283384655886,0.6011343705803407,0.457797731042918
p1041,0.9986924646930083,1.2948439346310252,0.7416307500863795,0.41794536831805906,0.16744491353979746,0.048716306792960906,0.25478288382374004
p1042,0.9986924646930083,0.12770850947591228,1.5111318075685833,2.3737460517860787,1.5878423706639189,1.8876704156356499,0.49562974784963565
p1043,0.9986924646930083,2.5166220161765223,5.624053184970757,6.9050830432623,3.863544730361654,5.024117266599383,1.3909174923947925
p1045,0.6032956626353193,-0.200422582718236,-1.1775186683031578,-4.496531367537795,-3.104196575680901,-3.4001560141775635,-1.3150744895455428
p1046,0.9986924646930083,-0.037434852838728716,-2.3807742617510623,-1.736316292665356,-0.5822962968121151,-1.3106982283061477,0.35192445471869505
p1047,0.5713555776579842,0.0,0.18434588408307917,0.809538057591748,0.48434123739960905,0.5228062788059578,-0.17324854086277952
p1048,0.6032956626353193,-0.38422472861381785,-1.7905201467126854,-2.264051335448272,-1.665058617300191,-2.52975323491261,-0.6029798270912519
p1049,0.9986924646930083,1.161471690612494,5.411626835749582,5.2901959107091185,2.304446849446299,3.725538124225666,0.6965732899715249
p1050,1.0380760932484694,1.2606569924069104,1.7003393828992035,2.9375494471595416,1.914066766078838,2.3210551418330754,0.4739107830581144
p1051,0.5713555776579842,0.12317596735081615,0.6143315134440392,1.2153623288838884,0.8513031350497153,0.5123254287852747,0.256491436427968
p1052,0.5713555776579842,0.0,0.12992235287798692,0.21518383538723818,-0.2709874931444584,-0.048447267717477455,-0.6202443619640565
p1053,1.0380760932484694,0.05073482508226057,0.5914160129122781,1.495275712160169,0.9397400896250576,1.4239847664868381,0.1330703372772284
p1055,0.5713555776579842,0.0,-0.3533956929033035,0.15268260378934478,-0.04870801402883029,-0.037525012863324964,-0.2565315864059876
p1056,0.498212141474798,-0.6192592630860894,-0.9840211095891096,-1.4772012474779217,-1.5898906825400616,-1.2433616087440822,-0.5288813022226169
p1057,0.498212141474798,-0.5520312926963111,-0.5335829025058771,-0.1111562120438867,-0.16695541376192963,-0.003824127695432833,0.24799358063398635
p1059,1.0380760932484694,1.4204702779161735,1.6138984791904427,2.765507924052242,1.885223688590762,2.4647692046002154,0.8157311654121759
p1060,0.9986924646930083,1.0260855882889803,3.5642961571670124,5.2956874927149595,2.40531359241607,3.569067875233067,0.7051987742978838
p1061,0.498212141474798,0.5879833495351692,0.41704098231661213,1.0765593325897544,0.7180402219598934,0.9509526850203267,0.9309862644371627
p1062,0.498212141474798,0.06706846722053683,0.14296013822621667,0.77382703415224,0.3108856962377603,0.8080384379166943,0.15560206273942967
p1064,0.5713555776579842,0.15351801647292973,0.6150795572882011,1.144020673042863,0.8493639102686812,0.859673704469592,0.33910700933405913
p1065,0.6032956626353193,-0.006600622982361415,-0.3851947531774229,0.09469924468655333,0.011068585647005857,-0.006044291583373551,0.09641720804549792
p1068,0.498212141474798,0.5695681426445365,0.9241167904284886,1.824228820367729,1.285030052880214,1.3253724367727793,1.0102833670805076
p1070,0.6032956626353193,-0.291767441507476,-0.6451661994954936,2.2250763979189006,1.0550266774142008,2.5415262238148437,0.2889469641868434
p1071,0.6032956626353193,1.1119823272649043,0.25200742388234865,1.1144579407502584,0.5240436116595526,0.7112791916645478,0.2715160224072761
p1072,1.0380760932484694,1.6757788327638767,2.2501456690640964,3.8622588479003293,2.179839827581408,3.5463782864637436,0.4357032866551034
p1074,0.6032956626353193,0.5179418622617167,0.08070510089228122,0.5956364078452847,0.1638923797453064,0.13207431191733682,0.5324752027455482
p1075,0.498212141474798,-0.5520312926963129,-0.7020381656747219,-0.9946466008790038,-0.9216620905644048,-0.6212998447880322,-0.24918396318896718
p1078,0.9986924646930083,0.5437806908144935,-0.5209443331534267,-0.9098600343842261,-0.4955115256422008,-0.8505690117065631,-0.18555589197201527
p1079,0.9986924646930083,2.4642124608682625,4.965160980865354,5.724496849357166,3.493793956904889,4.82193880339372,1.0999478399276548
p1080,0.9986924646930083,-0.20723222055326573,0.40332181571828407,2.061719808025731,0.9128542733329534,1.5872579433233769,0.14871012334720213
p1081,0.6032956626353193,-0.31087981321738667,-1.0865292794760073,-4.337615378815972,-3.2436415020084013,-3.419153301560431,-1.4521950009794011
p1082,0.498212141474798,0.5879833495351638,0.023209180103615168,0.8385533166355428,0.49949883567880454,0.3944573782945159,0.9943439545190991
p1083,0.6032956626353193,2.21340220531407,1.137587734521464,2.3816850950341024,1.2927957103542813,2.3346568474723504,0.42625366810844767
p1084,0.6032956626353193,-0.0929941470312734,-0.4967841355866849,-0.4934619000900542,-0.1775988236231752,-0.27346450393016036,-0.13583091236845135
p1085,0.9986924646930083,-0.14210370333060318,-2.39954799812158,-2.526010307916536,-2.4920613172660278,-2.342663351918988,-2.161243964223109
p1086,0.9986924646930083,0.4362225183200721,2.123279033696445,2.2757397862708646,1.6780727757572382,2.2693988372701703,0.4430470724671931
p1087,0.6032956626353193,-0.4191880244821231,-1.0874340943118312,-1.174619166774658,-0.8141053053708056,-1.3466225505998044,-0.3291084127972628
p1088,0.6032956626353193,1.5874234194813095,1.4238014884712644,2.3743472273213007,1.4316740823917653,1.9176649934539225,0.4400069373908462
p1089,1.0380760932484694,0.025580888334495455,0.35907565779722717,1.552139422190534,0.7843379234422321,1.3079858152220352,-0.15476262284142628
p1090,0.498212141474798,0.0213414095690716,0.36601503713674255,1.2618752863108507,0.5426956924070336,1.0191644873976655,0.20095332705827396
p1091,1.0380760932484694,0.10240814517720231,-1.4435576264626278,-0.8375459538326817,-0.7879311320222706,-0.9004806509441534,-0.48101552419956306
p1092,0.498212141474798,0.06706846722053683,0.47988158303373574,0.9131839522711377,0.5453410209638747,1.1912029429296938,0.5749865618766457
p1094,0.5713555776579842,-0.06710581431726226,0.6168168418031676,0.5960719022335427,0.185730774772082,0.6353627584611973,-0.6699197073821228
p1095,0.5713555776579842,0.0,0.6101268992420135,0.5930169904883154,0.2447050288469077,0.22679636539210665,-0.305472706508505
p1096,0.6032956626353193,0.412105145630818,0.05194021145884342,0.8129510576878161,0.4480328358026011,0.5933317557498292,0.29863716675241214
p1097,0.5713555776579842,-0.06685275780506217,-1.0954040381320809,-1.249595866369371,-1.0884585793624941,-1.4026008776174475,-0.989018707346899
p1098,1.0380760932484694,0.34597003289800377,0.997606208551689,1.5924400247606987,0.8481395367697343,0.7513734099800806,0.07568742070638201
p1099,0.6032956626353193,0.19339266030224067,0.029567034203784814,0.3121425542248186,0.0885525379288285,0.4945228011060598,-0.2928125270697617
p1101,0.9986924646930083,0.27107915600543286,-0.8919758563097986,-0.34254360212539237,-0.06564482787544568,0.163554121586181,-0.6354714365897944
p1103,0.6032956626353193,-0.10884507118966624,-1.2179923153880559,-0.7156836102533553,-0.603222803641581,-0.9766530243328391,-0.03741342237735701
p1104,0.6032956626353193,0.19339266030223712,0.26406757669420955,1.082620555205363,0.25195816209143806,0.8593871716668307,0.1924696326915054
p1105,0.498212141474798,-0.8977831639283078,-0.00858662994762227,0.022802158927377802,-0.3271275628012426,0.1074229245054828,-0.08463797253826044
p1106,0.498212141474798,0.021341409569073377,0.1564377716480454,-0.051114411454447506,-0.43686389770171613,0.25896762623886194,-0.30715460104628534
p1107,1.0380760932484694,-0.02609243176044629,-0.13714526968336038,0.6606495822216165,0.5104451488903382,0.4210158122092887,0.11617055289209866
p1109,0.9986924646930083,-0.23354950671515695,2.7069352586938624,3.1846224033179347,1.5679216106633085,2.018083643687718,0.5518975733996729
p1110,0.5713555776579842,0.10080997675258985,0.7981750718281404,1.7548217664193155,1.1833779161946882,1.1880807663810784,0.4985652850218454
p1113,0.9986924646930083,-0.037434852838728716,-2.258443290863358,-2.9927550338711266,-1.5207176640237354,-2.537507434693871,-0.855937756790313
p1114,1.0380760932484694,1.3610375875505083,2.449651530241036,4.261122430791891,2.565530718517622,3.579597862707009,0.560109962681608
p1115,0.498212141474798,-0.5520312926963111,-0.8236065184908057,0.11112214663435432,0.17385069338229436,-0.4802120579354157,0.8894723502965132
p1116,0.5713555776579842,0.0,-0.47397720639606433,0.13081870665128675,-0.03904171599544204,-0.38907095305423633,-0.050291103789273706
p1117,0.5713555776579842,0.0683678272512882,-0.36238541318130046,0.2734096686074924,0.1592750372477314,-0.060110775071345185,0.3437294261364592
p1118,0.5713555776579842,0.1521931875257625,0.4134722713553156,1.591684222548383,1.1497287117671593,0.972507219706637,0.8056655837984152
p1121,0.9986924646930083,0.4037472336325081,0.795997499223903,1.946767258654318,0.9948352829735869,0.9348511565651165,1.1539590921005125
p1122,0.6032956626353193,-0.10884507118966624,-1.015322394861169,-0.918515100365509,-0.7447145415691265,-1.2354414502074922,-0.24052668563819068
p1123,0.5713555776579842,0.12317596735081615,1.6694394971983968,2.7923892864418374,1.945527165160959,2.2326235121324753,0.6167324215187762
p1124,1.0380760932484694,0.003178165030561786,-0.6504997591140196,-0.4028399774142186,-0.28304884843400246,-0.6541979104664242,-0.2442460804031601
p1125,1.0380760932484694,0.023150642400148413,-1.306596427617789,-1.099404618501035,-0.7375908586165609,-1.5962025393130945,-0.29119769579824073
p1128,0.5713555776579842,0.0,-1.5811985377161886,-2.227912136574573,-2.0052153336324463,-2.5739381917922826,-0.9734829003772614
p1130,1.0380760932484694,0.18939587041218786,1.5501579291177645,2.1801724984410544,1.2152409181302983,1.9094569645921975,0.2396812682372751
p1131,0.5713555776579842,0.23540788579471617,1.0827273004983748,2.4930474495633828,1.788129995302763,2.011320793802575,0.5953530590007254
p1133,0.9986924646930083,0.4362225183200721,2.4228031558788476,2.306012601055163,1.1251589155130692,1.7057451261030767,0.21705167217995935
p1135,0.9986924646930083,0.12770850947590873,-0.6808156486716435,-0.6217624442650919,-0.223865202768063,-0.4791784456254008,0.06302612810896058
p1137,0.9986924646930083,-0.14210370333060496,-0.5921935073753151,-1.2132781554971674,-1.5550058819271309,-0.8475764785786485,-1.7714200416965245
p1138,0.5713555776579842,0.15351801647293062,0.1650104959221359,1.5054076838501764,1.1873815436050388,1.1603703482158796,0.5710412904173232
p1139,0.498212141474798,0.8975786740146248,0.8270191551632369,1.5955687065544673,0.8064300672106217,1.357394993808207,0.6469810265662357
p1140,0.5713555776579842,0.10080997675258807,0.9622788624694234,2.1637496982592683,1.4443844551983271,0.9426601247798291,0.8692973257181453
p1141,0.498212141474798,-0.5520312926963111,-0.6339490592762669,0.02616012519212796,-0.08825917821469481,-0.22134759992123693,0.2897546465316214
p1142,0.498212141474798,-0.5520312926963111,-0.6400107524232688,-0.48917250968438597,-0.508902657459833,-0.4618822779080813,0.026216470094082567
p1143,0.498212141474798,0.6161956537538389,0.8222663925154716,1.0484016952151154,0.6402702448952398,0.7420753697647968,0.7378532593834599
p1145,1.0380760932484694,0.06089529347453926,-0.2687673037249141,-0.04490904782015126,0.2205085573485822,0.02532378529882151,0.22472601026384886
p1146,0.5713555776579842,0.01888038507056855,-1.243132536774084,-2.0174320884612067,-1.9682238487496397,-1.7702315587341209,-1.6652084763596253
p1147,0.9986924646930083,-0.23354950671515695,-1.2766196099990381,-0.7738222794792454,-0.7223855738683777,-1.2105735225967482,-0.6665071637339608
p1149,0.6032956626353193,-0.10884507118966624,-0.47148576780380935,-0.28387287247381376,-0.19623250316128688,-0.3978078765080321,-0.11564717371319233
p1150,0.6032956626353193,-0.200422582718236,0.23058375610872694,0.8284047238178132,0.5344451723852672,0.6836867024281663,0.7064358990310513
p1151,0.5713555776579842,0.0,0.28385895360993096,1.2347573266200043,0.7045372617456671,1.0364911403695483,0.0014082587798789348
p1152,0.498212141474798,0.021341409569073377,0.24560576518862653,0.1400916092733675,-0.13498526223659885,0.12774599823826044,0.3599918559222477
p1153,0.5713555776579842,0.06836782725128643,0.7536419660549498,2.4842188878374767,1.8675193700368524,1.774897296937007,0.7737973270308771
p1154,0.9986924646930083,0.23860387131786887,1.566700667293083,1.934115375527203,0.9734573109082436,1.1401732823686261,0.19316984992372177
p1155,0.5713555776579842,0.0,-0.43052996527098664,-0.30829954017464245,-0.4353608062496946,-0.7931786977601808,0.1127260035456672
p1156,0.6032956626353193,1.0927872356287303,1.4219028159763738,1.5758672285505737,1.0464731471231163,1.6167640833162107,0.6744370519225367
p1157,0.9986924646930083,0.2710791560054311,-0.26571486726100346,1.1079715507112722,1.010185924248969,0.7775312279170612,0.5483374354151422
p1160,1.0380760932484694,0.05073482508226235,-0.5572889540098682,1.2311911893853167,1.1874316067519326,0.21007836386664913,0.4855822117834041
p1161,0.5713555776579842,-0.15810000030102955,-0.4718397018164069,-0.4571466816909189,-0.5055129797075326,-0.6935095439580216,-0.9224822846948832
p1162,1.0380760932484694,0.1377225503172479,0.08332097548417039,0.6967907299499558,0.7485005073403664,0.352745292574391,0.3767277302461327
p1164,0.5713555776579842,0.10080997675258807,0.40531381358701424,1.5116745370144735,1.0447475183659996,0.3466794682473072,0.992052343298937
p1165,0.9986924646930083,-0.14210370333060496,-0.372263601891623,-0.6333471983358846,-0.6833493859234326,-0.27625406037435163,-0.7043231436196304
p1167,0.5713555776579842,0.1769803853715981,0.3490812276309754,0.9466503762558618,0.723736051823416,0.9221072292905345,-0.2439545232054563
p1168,0.9986924646930083,0.27107915600543286,4.192723311359984,4.137624967898211,2.2561693407596377,2.9343709856207036,0.7235402592912443
p1169,0.498212141474798,0.6995280438032632,0.3780429353913348,1.2075261508292792,1.0151053792292013,0.9154397377851597,1.0437360416029797
p1170,0.9986924646930083,-0.037434852838728716,-0.09304210337147367,-0.5761915122844067,-0.26142776900243647,-0.5263324196100919,-0.4781046958026529
p1171,1.0380760932484694,-0.06506903102514805,0.08708605243278988,0.6739554925503743,0.39906628785796017,1.0511051071314266,-0.2548134132190025
p1172,0.6032956626353193,0.2956371085095455,1.0048220483397436,1.8680503934563155,0.9242347376672255,1.38644773373905,0.574558877679161
p1174,0.498212141474798,0.5422562918837048,0.5107204046187785,1.3397886787642819,0.6882459616581356,0.8946673482799913,0.6750599369635548
p1175,0.9986924646930083,2.0462961095586634,3.24217826682367,3.3667698166161633,2.0202891636430467,3.086422241440545,0.5787112885808572
p1176,0.9986924646930083,2.192985592852245,1.326614494292686,3.147781001416809,2.1978993948982732,2.406113687002587,0.9113467954626309
p1178,0.6032956626353193,-0.200537487810573,-0.025110993387178482,0.7869219573606372,0.5255656739415195,0.6162403987478366,0.02576440580176964
p1180,0.498212141474798,0.5879833495351683,0.5253035016796357,1.2719371860945505,0.9804406206244061,0.9961632939340372,1.0791394976200968
p1181,1.0380760932484694,1.5017718921900531,2.505968080418433,4.419553690764116,2.687215845191422,4.38704115549057,0.7897488070499659
p1183,1.0380760932484694,1.4766179554422862,1.5520314164355131,3.435264653043662,2.080087478392613,3.305165469105648,0.5939570298138968
p1184,1.0380760932484694,0.02191869420983572,-0.25636592280361725,0.15802349592259124,0.14743108511920427,-0.2705938777641552,0.03235464327704918
p1185,0.498212141474798,0.06706846722053594,-0.1836380191220659,-0.5112684963422882,-0.8418955274300421,-0.04278618418912289,-0.38247029413541966
p1186,0.498212141474798,0.06706846722053683,0.5429195508208338,1.6629110676993397,1.1276134378282914,1.266897192856665,1.0662517442201676
p1187,1.0380760932484694,0.09874595105254436,-0.18550573773172374,0.6696847240470248,0.5349259363712097,-0.03502909468556159,0.17348233639092392
p1188,0.6032956626353193,-0.0066006229823596385,-0.8487209118149703,0.30241937171727273,0.15551143031518197,0.1999134294701077,-0.031326801517753466
p1191,0.9986924646930083,1.760911417501525,3.7315083842341865,3.0035169366442402,1.5264703625586131,2.6476520027640644,0.5530596776090793
p1192,0.498212141474798,0.22603897095796022,0.6533039523949657,1.6369153248378023,1.2819590357335544,1.0730697571743812,0.9518970211100548
p1194,0.498212141474798,0.021341409569073377,-1.6592147655947809,-4.272910799031811,-3.852470013557308,-3.0847768960683077,-1.3286027293485887
p1195,1.0380760932484694,0.18939587041218786,-0.49910070024944986,1.0227276688041238,0.7955991790296912,0.3277443743544327,0.11977632903710145
p1197,0.5713555776579842,0.4330482563429072,0.6753959582028379,1.8423919248860707,1.2320715651567944,1.2960076850659776,0.9003348692156532
p1198,0.9986924646930083,0.6871513373440123,4.704257241741684,4.279915169996169,2.9262744482043708,3.2904169336199507,1.3647583673438906
p1199,0.9986924646930083,0.8358214089832323,3.1668017655450527,2.795603956886519,1.4184910130731145,2.093530637180852,0.3448383338059493
p1200,0.5713555776579842,0.06836782725128998,-0.22726668632799374,0.5013569269415153,0.33269558141577193,0.07426440808915821,0.0033302644309483043
p1203,0.9986924646930083,-0.037434852838728716,0.741621431632332,1.2012294137147683,0.7311783793285542,0.5101073502554161,-0.007279679005176121
p1204,0.5713555776579842,0.0,-0.5369051736934463,-0.2839844007951179,-0.3416121029480154,-0.3630830555982879,-0.6651079358160494
p1205,0.9986924646930083,0.6546760526564608,1.7268549658398626,1.8172943713062555,1.154798826603972,1.5029559074423622,0.670325616909679
p1208,1.0380760932484694,1.1700070730472696,2.3041831830764776,2.9343143252050172,1.8164056584960133,2.4102424028725,0.7356496987940542
p1210,0.5713555776579842,0.0,-0.6499546597972294,-0.9169523191572202,-0.9752942958010951,-1.5914713348700185,-0.7361626957339347
p1212,0.498212141474798,-0.6853256772942888,-0.6333104492801684,-1.4734257329019615,-1.235161543224164,-0.8583882891275318,-0.2589941481451543
p1213,0.9986924646930083,0.12770850947591406,-0.19154383177216516,0.594865109316548,0.6276075184455641,0.6239739269933426,0.14014723941622265
p1214,1.0380760932484694,0.112568613569481,0.7998027582644163,0.6579944680680165,-0.1742922227545708,1.0741861292423733,-0.4367163256742934
p1215,0.6032956626353193,0.19339266030223712,0.4803562210864758,1.0213376144883843,0.3907358987256046,0.946513541509266,0.034589205783380095
p1217,0.9986924646930083,-0.037434852838728716,-1.122692773458276,-2.712490451416828,-1.4660726332184275,-2.6783136265430145,-0.7029824980566186
p1218,0.5713555776579842,0.45344997863685066,0.9811956331185172,2.7004424744798214,1.9050059387411402,2.288194283216348,0.9259204854870182
p1219,0.498212141474798,-0.7644887793303283,0.2557249141460751,-0.24570525060850734,-0.49248968364741613,0.36485664650258165,-0.42806162654822977
p1220,0.5713555776579842,0.08666525866786401,0.6933298055641632,2.024820048871324,1.4842080225695267,1.7991141133392292,0.8002463026762587
p1221,0.6032956626353193,0.8976380985463734,1.2163068695621106,2.120528804626308,1.3376980366021953,2.078931007063767,0.6221988239864711
p1226,0.9986924646930083,0.5493829611094556,4.341631441571902,5.413368698712938,2.834389221232325,3.903381797382844,1.103037245050123
p1227,0.5713555776579842,0.0,-0.4362325260862203,-0.0249207929184867,-0.16455377826590123,-0.49918430479346465,-0.4404582103437811
p1228,1.0380760932484694,0.8163218663807204,0.5363134260762985,2.2675609988721286,1.9138689147357266,1.5866911297841972,1.118010091741887
p1229,0.9986924646930083,0.18252267462342786,1.3027793933042577,1.3721534827554127,0.3073835616505009,0.9976734704283409,-0.4269409536447668
p1232,1.0380760932484694,-0.0650690310251516,0.41508879443901137,1.0385436545417208,0.3672025288360292,0.746630819289192,-0.27269504713721027
p1234,0.498212141474798,0.5184092801170586,1.3597026185677876,1.9744822939365485,1.4011048122552037,2.035551473080281,0.6962516754142225
p1235,0.6032956626353193,0.19339266030223712,0.22300174921017657,0.8898206553048582,0.4276547076221946,0.6054524506346532,0.02009857047709218
p1236,0.6032956626353193,-0.10884507118966624,-0.7440711536554048,-0.6793462096814922,-0.4957574102243013,-0.8605347650874158,-0.07318385733615251
p1237,0.5713555776579842,-0.22120678444418118,-0.5785841748720717,-0.3017555900523289,-0.47217680409584367,-0.42481799527013,-0.36596508960917795
p1238,0.6032956626353193,0.8976380985463717,0.6306513227878412,1.7121774044378735,0.7693103627627018,1.3648546227657448,0.8815219217596004
p1240,0.498212141474798,0.06706846722053683,0.33578007635269813,0.7526447787603374,0.32523293496793987,0.29256776193189504,0.5979949791470425
p1242,0.5713555776579842,0.2601064101052355,0.8450586398268953,2.177835711592521,1.5698636262853405,1.8455266991630903,0.7549079398647862
p1243,0.6032956626353193,1.3824894176099853,0.3335646402849992,2.3168578030133324,1.3357226590856115,1.414842500162563,1.1768936485806414
p1246,1.0380760932484694,0.9372825883884861,0.46524667488930405,1.158312317214841,0.7414452968505837,1.1161272207120665,0.34464125364282516
p1247,0.6032956626353193,0.1933926603022389,0.5326046329595258,1.0049999214506007,0.44276818572562204,0.9591948118558402,0.12691622866952024
p1248,0.6032956626353193,1.4737885605744072,0.6177344423583122,0.42332548142852733,-0.03181199735184925,0.4402443032820199,0.17244951087883287
p1249,0.5713555776579842,0.06836782725128643,0.18014220195824038,1.359612333430475,1.1648386309121446,1.0735738197027553,0.19504062988225712
p1250,0.6032956626353193,-0.13856115869140062,-0.6172907214485566,-1.062509828234094,-0.6845462044364873,-0.5234712051190016,-0.36223328706886093
p1251,0.498212141474798,0.06706846722053683,0.8811806178918822,1.3570172303195762,0.8713668286288556,1.3203850408479856,0.8255762804083755
p1252,0.6032956626353193,-0.200422582718236,-0.9562709797301956,-1.158936762857855,-0.8367526263470972,-0.9287308152959812,-0.3011947114939044
p1254,1.0380760932484694,1.2891582757439526,1.055951165647416,1.0386073165255387,0.2549959184022732,0.8092245149593442,-0.09375234600516968
p1255,1.0380760932484694,-0.013395710930208082,-1.4858287883229604,-3.3540105696666647,-2.79452629014575,-2.5819060656888815,-0.7900221201299953
p1256,0.5713555776579842,0.01888038507056855,0.203342645538525,0.2108470236544644,-0.24055419328764566,0.14697250748183963,-0.7811984281742514
p1258,0.5713555776579842,0.0,-0.7832175682188751,-1.2460234643604509,-1.310000818290501,-1.440498809972478,-0.707988821720333
p1259,1.0380760932484694,1.1944474191050052,0.7911891889472571,1.6166359022308916,0.9895418533891231,1.7645042698372158,0.5205087962397901
p1262,0.5713555776579842,0.15351801647292973,0.7759930699932021,1.8602906461257052,1.3396889253826993,1.286327410032542,0.2243170168330444
p1264,0.498212141474798,0.021341409569073377,-0.9153280815039011,-1.02677564557829,-1.1015620397605046,-0.7408006557169027,-0.16181681877812437
p1265,0.6032956626353193,0.1354873657413993,0.518839228300827,1.9440049665600563,0.9167669850623136,1.4711915574755632,0.17617273224720975
p1266,0.498212141474798,0.021341409569073377,0.014411006932887105,-0.009178095688463506,-0.4527224525895112,0.3013268438662616,-0.4223189409354582
p1267,0.9986924646930083,-0.23354950671515695,-2.9894252297370336,-3.284620986060493,-2.284205049727922,-3.2029185294686187,-1.0582565409522235
p1268,0.6032956626353193,0.1933926603022389,0.8496710458919026,4.3349224765944685,2.4727200483957334,4.4653288426575815,0.7731090396646998
p1269,0.6032956626353193,1.8534773844071308,1.1627519211564135,2.445129751848371,1.4440442827119633,2.404154783103641,0.6324179462251873
p1270,1.0380760932484694,1.4104797313684125,1.3096428383220307,2.0180068308422054,1.1185671013914233,2.3299217556959144,0.1648008365159317
p1272,1.0380760932484694,0.6905836382621802,0.06273655670171152,0.8876048170530902,0.7497503561358292,0.83365499031012,0.5228935691189118
p1273,0.6032956626353193,-0.07885686297714223,-0.9505867184653116,-0.11745460690274856,-0.0014512154693357426,-0.19892128749603571,-0.02660393076652312
p1274,1.0380760932484694,0.06343154591249878,0.013390038561494677,0.6428850331597541,0.2592539556446262,0.20757678350224495,-0.2042744538902923
p1276,0.498212141474798,-0.5520312926963111,-0.8125650552400465,-0.35519819306459355,-0.5442941538521049,-0.2566309125379453,0.05976857608269981
p1278,0.498212141474798,-0.5520312926963111,-1.1541955505352615,-1.2363215262689513,-1.3082117672480296,-1.1245730624181232,-0.5624904739963039
p1279,0.6032956626353193,0.1933926603022389,0.19244915937884954,1.4018993386248764,0.6586057814853463,1.2262097453686422,0.06555169508170877
p1280,0.5713555776579842,0.0,-0.5898693364333276,-0.25480939504862676,-0.252147461177659,-0.7360944016205199,-0.2061556627043135
p1281,1.0380760932484694,1.3985650477252483,2.0113526198773855,4.257964133002366,2.9032519247337945,4.030793914058954,1.3505310219411086
p1283,0.5713555776579842,0.0909941859837673,-0.3463600096089614,0.08252806329958717,-0.1766377124953319,-0.10492303043858411,-0.17240132200611136
p1284,0.5713555776579842,0.0,-0.787980081253016,-0.39400710451642007,-0.39629931948858316,-0.6915639202779097,-0.5803448355273186
p1286,1.0380760932484694,-0.3768646101871358,-0.373938719676266,-0.05689713700401455,-0.2271344033063598,0.22408744359320554,-0.4120280161775334
p1287,1.0380760932484694,-0.45763465279187443,-0.9080177121779354,-1.657838495878564,-1.3172321863836185,-1.3417081256150456,-0.5793342943799953
p1288,1.0380760932484694,-0.3768646101871358,0.29255840781186215,0.4369867437201521,-0.2523220369001974,-0.18039457098686984,-0.38963067098877424
p1289,0.6032956626353193,1.0675043521333931,0.2295108610461778,1.0266085747358598,0.4606464700315254,0.85530676102249,0.7063693502697257
p1290,0.6032956626353193,-0.07885686297714223,0.2060967224474286,0.622602186868086,0.29493200787916174,0.6073131974849126,-0.14120767207509033
p1292,0.9986924646930083,0.0006829624298241299,-1.6896929733600672,-0.6826423646983905,-0.23911179301092844,-0.6734931787511621,0.09370459642912365
p1293,0.5713555776579842,0.5181984455645541,0.15797858308718027,1.2905887803934561,0.9557788009914847,0.8561923598163372,0.43476461166229363
p1294,0.6032956626353193,1.7168676237805744,1.6993658234077706,3.517328674365505,2.1632673543226595,3.27154945686476,0.7588692368090406
p1295,0.6032956626353193,1.755058022941422,1.5491938084422987,3.6859168622044374,2.0701956595265223,2.8237139896708836,1.1030058214007994
p1296,0.6032956626353193,-0.10884507118966624,-1.3421439689532093,-1.0743097257067231,-0.869117100866523,-1.854717374538453,-0.017288212949754467
p1297,0.5713555776579842,0.0,-0.6922789608391788,-0.07893021849679216,-0.11424340911871428,-0.40520254901410857,-0.45443368077290636
p1299,0.498212141474798,0.8742996375559251,0.5241057659628918,0.7622829908774418,0.3051965185386115,0.8611759244541515,0.4675595252370055
p1300,0.9986924646930083,2.211439471873291,3.2428296469889233,4.104517911187111,1.847927942309937,2.982394750867861,0.7775195702545883
p1301,1.0380760932484694,0.112568613569481,0.14587776762419757,0.24806694853596023,0.002639135855879382,0.07269508544874159,-0.22036144721234407
p1302,0.6032956626353193,1.283152086920314,2.3587558022909008,2.43782069747716,1.2239190127547583,2.410207362665352,0.1233941494836941
p1303,1.0380760932484694,0.06089529347453926,0.3521952708231577,0.584669959297727,0.2972490554556034,0.23246435916588692,-0.014118202454319828
p1305,0.6032956626353193,0.41210514563081446,0.13839916838091426,1.1993417206394015,0.4968594744180313,0.7819253293393336,0.43804036206468666
p1306,0.9986924646930083,0.1277085094759114,2.1905168638466836,3.0009748896917148,1.7207204859711602,2.1319731392451255,0.6894402288388832
p1308,0.498212141474798,0.021341409569073377,-0.32437164385626005,-0.18509529336140695,-0.34776445108543247,-0.007805695214593955,0.33820099238871926
p1309,0.6032956626353193,0.011980411589057383,0.32626175274939584,0.9622878689623662,0.6553693733430943,0.9087778604910057,0.725568397393431
p1310,0.5713555776579842,0.06836782725128465,0.7157364389343552,1.4932411309405764,1.0603274480537763,0.8655359751080461,0.6482804143210927
p1311,0.5713555776579842,0.2397046878112974,0.5219601930068336,1.189281120958054,0.9126403143509061,0.7485303324900283,0.6873021589105637
p1312,1.0380760932484694,0.06089529347453926,-0.5707660819924332,-0.25812268090236135,-0.34015027583245705,0.08338241326160845,-0.4074613774426137
p1314,1.0380760932484694,-0.38080739594916757,-2.837727729877278,-5.390705986192141,-4.038684806208028,-5.842658580525615,-1.3552074053410337
p1316,0.6032956626353193,0.19339266030223712,-0.028318260050976818,-1.004754220025357,-1.2308808691106308,-0.9554745058401508,-0.8071633469350541
p1317,1.0380760932484694,0.9033672439687352,0.8169996590533639,1.3480688451003857,1.0187499962466136,0.8224212885407645,0.5907313461062866
p1318,0.9986924646930083,-0.037434852838728716,-0.098141068561997,-1.1479277527868974,-0.872737978494086,-1.399817487034209,-0.3149881501067906
p1319,0.9986924646930083,0.4362225183200721,1.2778344687263523,2.209247482526697,1.4900838458108812,2.166405836333918,0.5210766741858315
p1320,0.498212141474798,0.06706846722053683,0.6071756388374965,1.2539902624780015,0.8386683877206045,1.0878030872834636,0.6721576205254269
p1321,0.6032956626353193,1.656294646255673,0.863420089606862,1.5750784825411612,0.8391142956946016,1.3266272428987254,0.28316166587847036
p1323,0.6032956626353193,-0.20018992997890628,-0.6580928755313771,-0.7602054443867221,-0.7736120522449401,-0.6868538553141155,-0.5398004865119024
p1324,0.6032956626353193,0.19339266030224067,1.1823369747220234,2.078904093262083,1.1648301710541642,1.782539904350861,0.16886056345413003
p1325,0.9986924646930083,1.7609114175015366,5.2287665178590625,5.8069446439737415,3.190008294415244,4.529761996626605,0.7524481389562574
p1326,0.9986924646930083,-0.037434852838728716,-2.5650709459900707,-0.8108722777918752,0.2923926602834957,-0.534188635223292,0.4228203977151974
p1327,1.0380760932484694,0.09874595105254258,0.7923144584931912,1.9640571573923138,1.65074996193241,1.2670472585735024,1.096238767022017
p1328,0.5713555776579842,0.0,-0.5861272150446375,-0.4014275174684858,-0.3860318135133071,-0.9587505489365659,-0.3183423256529956
p1329,0.9986924646930083,2.1929855928522493,5.412939626161943,6.098007109472375,3.428608981756768,4.689452738155768,1.2795492365003032
p1330,0.498212141474798,0.06706846722053683,0.3094269687471023,-0.19736542659027023,-0.2914074306492857,-0.2964189259763698,0.3370975475324478
p1331,0.498212141474798,0.06706846722053683,0.11282663888997035,0.22089743599947964,0.053424453319083146,0.33454278848422814,0.32679736191087727
p1332,0.9986924646930083,0.1277085094759105,-1.533513368440083,-0.6768616329031755,-0.7592538068664488,-0.6540120282806287,-0.8341988558123301
p1334,1.0380760932484694,1.8429104958081215,1.4966659876927313,2.3524905780457708,1.1353035681875903,2.1517148270821664,0.09842140800290267
p1336,0.9986924646930083,0.34705398473261795,1.6256713473006101,2.5219479700336485,1.4709976809062972,1.8075656484409537,0.762309953008895
p1337,0.6032956626353193,-0.10884507118966624,-0.4840283446323106,-0.42242798509671453,-0.31809192932520824,-0.08533846218987945,-0.32805483335762275
p1338,0.9986924646930083,2.351478653861892,8.086768869825338,8.69212008270369,4.933589796559422,6.757619983116312,1.8644883630438525
p1339,0.6032956626353193,-0.10884507118966624,-1.0944622834102145,-0.6469876187445294,-0.44255397401462715,-0.6625006109633791,0.10495321067563346
p1340,0.6032956626353193,1.1006819693575318,-0.07389170445461168,0.6264095447027823,0.16428218537802491,0.07524086575777494,0.6484706077714559
p1342,0.498212141474798,0.7734155317752922,0.5359643169321746,0.9240506495532261,0.5807648618506658,0.6471218590050395,0.5995189122912574
p1343,1.0380760932484694,0.1377225503172479,1.8346245504324248,2.9132759195348883,1.7328658674402853,2.564921305612954,0.4800841387438748
p1346,1.0380760932484694,0.13772255031724612,1.2378956676848922,1.6566393687236622,0.7045860972273232,1.715850849255325,-0.1540885787896702
p1347,0.6032956626353193,-0.20018992997890628,0.6587309067670599,1.6017368179116571,1.0054676634718376,1.6457825013697696,-0.018816067668026903
p1348,0.5713555776579842,-0.03401486614986027,0.3649031645718779,0.8371676822090155,0.39829939342920295,0.4555034509155007,-0.06935258351317941
p1349,1.0380760932484694,0.7426437873769558,0.8899630752335117,1.4605668979304463,1.0127343580517685,1.4546238705427739,0.34335266987870483
p1350,0.6032956626353193,-0.2944776799533724,-0.2157133838396028,0.6287407482858498,0.41605958297649154,0.6939093700542938,0.37257374838049806
p1351,0.498212141474798,0.06706846722053683,0.12315553266614998,0.3997556752046087,-0.011996236576555547,0.6091345514658637,0.29252070202971225
p1352,1.0380760932484694,0.1980832396433989,0.514896575775877,0.5611062670930207,0.33670480846503337,0.2286183272341734,-0.019508080912713055
p1353,0.9986924646930083,0.27107915600543464,1.6122061150258826,1.8387979575955224,1.2028994718332409,1.315463059142627,0.9507363618093088
p1354,0.6032956626353193,2.1590891791768243,1.076456340757284,1.9525816153564513,1.0104205579830743,1.4190269454850883,0.4697714230543024
p1357,0.498212141474798,0.021341409569073377,-0.4275188501999416,-0.2546590653600308,-0.49478552282699956,-0.025853780325171882,0.12246586624365641
p1359,0.498212141474798,0.8742996375559251,0.6359952717688699,1.018565110496345,0.399234159236536,0.9484753095746785,0.5955293041254297
p1360,0.9986924646930083,0.0006829624298241299,-4.739100950293889,-4.346392586172682,-1.9393281192926306,-3.807042171846687,-0.5446975314697102
p1363,0.9986924646930083,1.1297005723163842,1.0707224707089171,2.6798241866112056,1.7534481038877399,2.0591563186780446,0.8055797800514313
p1364,0.498212141474798,0.06706846722053683,0.15629458163947874,-0.016605258863140127,-0.3721534122245416,0.0378704271345362,-0.37145462250770755
p1366,0.498212141474798,-0.6192592630860894,-1.4262312719108774,-4.0693796094922785,-3.766212430864996,-2.683278746556069,-1.269114646039661
p1368,0.498212141474798,-0.7644887793303283,-0.7426273051690178,-0.12825985808182205,-0.4210571525517966,-0.04026390636392296,-0.11246739383138227
p1370,0.5713555776579842,0.1769803853715981,-1.9455272922344928,-1.8988106167164405,-1.553852685130955,-2.3405261233245067,-1.2909745282708336
p1371,0.5713555776579842,0.0,-0.6167139846497456,-0.4761387456495909,-0.5320067098051451,-0.8466752600330248,-0.6329292252902405
p1372,0.498212141474798,0.9323860355127156,1.143934078882852,1.6668499625576239,1.1393726498556798,1.9267058804346497,1.016753214067851
p1373,0.6032956626353193,0.9758290376076815,0.7847059984082971,1.3394829109488953,0.7528762834964574,1.0510731629927497,0.39004859247215684
p1374,0.5713555776579842,0.05571730689988286,-1.2431795549182478,-0.8617011327584452,-0.7229547185797547,-0.9911900417048117,-0.4611739696176098
p1375,0.9986924646930083,0.12770850947591228,-0.977473255703055,0.023367969211180895,0.2274576145794699,-0.08297648109962019,0.3253318767304343
p1376,0.9986924646930083,-0.037434852838728716,-1.7983345062929406,-1.4353666512418042,-0.3595301968731762,-0.8597774603050056,-0.6231149750321503
p1378,0.9986924646930083,2.305719399858625,4.823805917874253,4.8349101460737325,2.7833844006106334,3.711740864339632,0.8819344947515955
p1379,0.498212141474798,0.06706846722053683,0.13916029111538286,0.4148622708188453,0.11729028504226147,0.19340037233091434,0.4714853227403637
p1383,0.498212141474798,0.021341409569073377,-0.3108316356746723,0.10821602143949294,-0.057872753716381176,-0.11969045909102788,0.13995326007324493
p1384,0.6032956626353193,0.08630406589270478,0.11065440349939948,0.16945803131305504,0.02022754897388468,0.26080190319459257,-0.12203820163292178
p1385,0.498212141474798,0.7860339797465308,0.6684356554156423,1.8095773888386084,1.2395585289376014,1.5923745999260266,1.035415112963129
p1386,1.0380760932484694,0.112568613569481,1.6435011023703865,2.8792639775777857,1.6643492743564765,2.333569180875828,0.4747605065925029
p1387,0.9986924646930083,-0.037434852838728716,1.6392667875424838,1.2782991393221539,0.37749826448319634,0.9833562423562149,-0.08743826858106907
p1388,0.6032956626353193,1.3824894176099871,0.3434608342725962,1.5350135045054487,0.9079467669700343,0.9034327736590795,0.8783742294416008
p1389,0.498212141474798,0.6995280438032632,0.41524337014198665,1.297083865917321,0.7924428208652339,0.8324736426284267,0.677008688994027
p1390,1.0380760932484694,0.112568613569481,1.0397021179964963,1.5917518916408935,0.8972747428533112,1.0589894806013986,0.1074912455298822
p1391,0.498212141474798,0.021341409569073377,-0.09914081843799316,-0.4969842413732186,-0.9569509324906367,-0.7105805651217367,-0.19128466822514412
p1392,1.0380760932484694,1.5753504424759175,0.5089717838789856,1.837614457747193,1.035062789316695,1.755688029144947,0.09836021529059913
p1395,1.0380760932484694,-0.006955590175691029,0.3928352693317976,1.2639054801985514,0.756476258506116,0.9735233273473619,0.040024815679274184
p1397,1.0380760932484694,1.5751383668564802,1.6054116980825572,2.3347328682433877,1.428209920047497,1.970425552853166,0.5016520809355711
p1399,0.6032956626353193,-0.33007490485355895,-0.007043386330652268,-0.6129178661336006,-0.4972538679497722,-0.028527949506609918,-0.6852462373851136
p1400,0.498212141474798,-0.7644887793303301,-1.0326482211452213,-1.5269134457932942,-1.6659458014955861,-1.1101648982903125,-0.664154394060068
p1401,0.5713555776579842,0.0,-0.7590084285065881,-0.015056143272944356,0.04653116836875776,-0.5140807103439933,0.2910280801972398
p1402,1.0380760932484694,1.5751383668564616,2.1539870555457874,3.41602197465147,2.075815080175201,2.5409917628080505,0.6467955538552523
p1403,0.6032956626353193,1.3581002066511632,0.6759902774360125,2.1259874444819298,1.1724918356393152,1.890601585448636,0.39696069796639577
p1404,1.0380760932484694,-0.23661573012245718,-0.8543522969855921,-1.2400776002665355,-1.2012160487765158,-1.5692849103551274,-0.5288155365937239
p1405,0.5713555776579842,0.0,-2.7530429737981805,-3.0266353679725855,-2.3951440269995223,-3.001455662592932,-1.5115402314259896
p1406,0.6032956626353193,-0.20130235829600807,-0.7308113921135941,-0.6004488071162013,-0.47953426288731715,-0.6304813508302918,-0.45959378388600847
p1407,1.0380760932484694,0.18939587041218786,-0.3779252161114197,0.8189851309881868,0.6546971754702438,0.5486874705500278,0.029627892368921493
p1408,0.5713555776579842,0.06836782725128732,0.264455925531097,0.7688866884022846,0.35413287541932015,0.15691600497249114,0.21957561120428615
p1409,0.5713555776579842,0.4166850731828884,1.0207954572704807,2.190467143989645,1.534060617241988,1.7994399377085177,0.42065348564219285
p1410,0.498212141474798,-0.7644887793303283,-1.8398975097627073,-2.8785926216625857,-2.3787484633500364,-2.504133170453144,-0.7547818306569898
p1412,0.6032956626353193,1.463936923282061,0.9369213101423988,2.0658566985069875,1.0482528348170101,1.5845493432668598,0.3901960818077228
p1413,0.5713555776579842,0.0,-0.8539877500663557,-0.9249977989378124,-0.8624335454053267,-1.1216401028383152,-0.6354132796302938
p1414,0.9986924646930083,-0.14210370333060318,-4.909950780039381,-5.694770821976516,-4.306644309732629,-4.568452744181684,-2.579382362017501
p1416,0.5713555776579842,-0.2661830750223082,-0.9528050825172887,-1.373295811221953,-1.325970389036852,-1.7716424183548538,-0.8865286358599125
p1417,1.0380760932484694,0.11256861356948189,0.7900500191740036,1.9875082844159726,1.3409971046678038,2.3172405793575397,0.24921743619011494
p1420,1.0380760932484694,1.706167771985001,1.71610848431739,3.375958148355174,2.134882440961698,2.80758676950864,0.7909360315412357
p1421,0.498212141474798,0.0213414095690716,0.028341774950884968,1.45911153904605,0.8783986462336482,0.8561328839003433,0.8917296621608966
p1422,0.5713555776579842,0.6100286417145124,1.099062039709315,2.1961434727989557,1.6275934178664662,1.9130636241831158,0.63219130442471
p1423,0.9986924646930083,0.8675925272793403,3.4751813753296936,5.091442642330456,2.4512473274666813,3.627844264644079,0.8186328948125112
p1424,0.5713555776579842,0.23970468781129206,1.1211352340171938,1.9707279807480174,1.3286919637171013,1.0739123972612565,0.44005120550196786
p1425,0.5713555776579842,0.12408513415117106,0.3130788213729421,1.0192116743581596,0.6446996884089893,0.8060911865309276,0.07214816411636349
p1426,0.9986924646930083,0.3786373284998561,-3.0335499736398575,-1.7348702874329458,-0.3533461970362285,-1.3504921883005583,-0.12464769848664581
p1427,1.0380760932484694,0.17661638835537552,-1.4496789542832502,-1.5416281659969915,-0.9204304270854924,-1.5151145481538664,-0.26039935175471207
p1428,0.6032956626353193,0.9820879791217241,1.0587830135258276,0.9533869850171637,0.31300355456204665,0.6788770875274506,0.5871451498915157
p1430,0.498212141474798,0.021341409569073377,-0.6193105060328339,-0.10306567855208315,-0.25448095287147093,-0.4422536887868445,0.2024349611364613
p1431,0.6032956626353193,-0.09534083555980644,-1.2372704840531519,-1.7084953119184865,-1.046830790654017,-1.75874871122952,-0.06774981441995287
p1432,1.0380760932484694,0.09874595105254258,0.4845079122989535,0.9213923362426453,0.7159823619190231,0.5696330733868258,0.3234296351510455
p1433,0.9986924646930083,0.0006829624298241299,2.176106290009928,3.869981880061198,2.2154699022188336,2.839650326371166,0.6442937935839392
p1434,1.0380760932484694,-0.010898375937722804,0.6041057151509257,-1.362645926823531,-1.4995520006167817,-2.4461816091345923,-0.7225594173108938
p1436,1.0380760932484694,0.23705983890810245,1.6609598780508659,2.2170461092813447,1.0759841122168772,1.0896930297727758,0.2678975392278389
p1438,0.5713555776579842,0.45344997863685066,1.9157933568434924,4.163907351551233,3.173864176552917,3.286799296108805,1.2324486043987175
p1440,0.498212141474798,0.5879833495351683,0.4178526892223591,1.2257952760013582,0.9470042291992158,0.8130036771780231,1.2581464518513457
p1441,0.498212141474798,0.5879833495351683,0.665202655889372,0.8939958815454216,0.4180730514034783,1.0568963220760763,0.8075293271460637
p1443,0.5713555776579842,-0.31245402694014857,-0.46782334125255076,-1.8509320950188222,-1.9982827400733203,-1.8783098425020188,-1.629515058807936
p1444,0.498212141474798,-0.5520312926963094,0.5538433662802422,0.10093045233263975,-0.14964839051749595,0.2866955757780293,0.09833865358920235
p1445,0.9986924646930083,1.1594578323075115,3.467678652435543,3.3756684152874854,1.9736066134407197,2.874300301813031,1.0219292008201943
p1446,0.6032956626353193,0.2956371085095437,0.6398292174698295,1.3846373690336902,0.8399996844719915,1.1224991910548672,0.5250332549898538
p1447,1.0380760932484694,0.18939587041218608,1.6141969121858892,2.937280693373003,1.834893678480758,2.3623779281104045,0.7608732472419657
p1450,0.6032956626353193,-0.24364290584983017,-1.1801449883567656,-1.6932139697391422,-1.096231527300345,-1.3497612183892604,-0.7399639570186896
p1452,0.9986924646930083,0.12770850947591228,-4.236352949727246,-4.0513086323365854,-2.3209313677711743,-3.1847528089636237,-1.159973269083535
p1453,0.5713555776579842,0.41668507318289194,1.2119653127246686,2.217733354504949,1.560787240111903,1.9088169799489982,0.29462840579919813
p1454,1.0380760932484694,0.06089529347453926,-0.528111765079661,-0.0059045708986171785,-0.24990331670271715,-0.13789557982501188,-0.337116145231354
p1456,0.5713555776579842,0.0683678272512882,0.1677680546708018,1.3970201804181717,1.0741654019225118,1.03037494829017,0.6190804461637462
p1458,0.5713555776579842,-0.08598619938783258,1.213001914962197,1.7029062696337507,1.130696821446578,1.4433464496136963,0.012746593786454596
p1459,0.6032956626353193,1.3581002066511658,2.196595734967934,3.840446374341429,2.2225254719075487,3.432401879895935,0.8840554350230843
p1462,1.0380760932484694,0.112568613569481,0.3459098246530061,1.5032953595187775,0.7709586564437038,1.1612417365451013,0.03295726449908365
p1463,1.0380760932484694,0.3546835718291721,0.494923275354596,0.8516250456375152,0.600300779775715,0.45537443307797365,0.264748069075349
p1464,0.5713555776579842,-0.15810000030102955,0.027459619549574654,-0.0013393071661641498,-0.277458654961165,-0.1159203801213187,-0.5272698958967403
p1465,0.6032956626353193,0.10549915752887351,0.23108484781469407,0.1076412352517625,-0.27558612817222694,0.003693423221644676,-0.469861008645438
p1467,0.5713555776579842,0.2083261565724559,-0.0067945272364031695,2.0627606011153885,1.6722636756493643,1.516484215056212,1.0306339955058625
p1468,0.5713555776579842,0.0,0.14981962982542996,0.7105241930764212,0.385794836213379,0.44159583311818135,-0.21220847261391285
p1469,0.6032956626353193,0.19339266030224067,-0.1773625477709988,0.48155651435144375,0.04308774350236377,0.45855388154703247,-0.35854775216321677
p1471,0.5713555776579842,-0.18103288580066668,-0.18495811831735764,-0.9496833797714079,-1.2002632268045308,-1.1351491095815143,-1.4198542221162018
p1473,0.9986924646930083,0.12770850947591228,-0.6205833960204181,-0.38713111297819147,0.5069309870201668,0.030530670875835608,0.5463855010013212
p1474,0.5713555776579842,-0.015718743707888727,0.3121057859100347,1.111642403383407,0.6707557983730312,0.6000068283676722,0.313750335136632
p1475,0.5713555776579842,0.0,-0.3803356453258786,-0.006502623719451317,-0.15200291811141192,-0.34842620108148736,-0.562017778405405
p1476,1.0380760932484694,-0.013395710930208082,-1.0815912279257258,-0.3028005730883725,-0.13678066240606324,-1.0109454099637003,-0.07408158557154465
p1477,0.498212141474798,0.06706846722053683,0.14716262940618385,0.3224751832096025,0.04068204422166452,0.2502135514783801,0.49133912728502693
p1478,0.5713555776579842,0.0683678272512882,-0.0738273596682788,0.523533799994276,0.31839481328735575,-0.2576182597049096,0.07511034052524401
p1480,0.5713555776579842,0.0,0.17200297407654475,0.6108241989676384,0.1466638304318178,-0.12077237927620751,-0.47213627518834933
p1482,0.9986924646930083,-0.037434852838728716,-0.849734666301261,-0.8160752061244702,-0.8181894459275513,-0.26770241305718045,-1.180211440754288
p1483,0.5713555776579842,-0.28190181873019604,0.06821567264018391,0.5479402022274337,0.2138627065516508,-0.4880654838702063,0.5293194277030704
p1484,0.6032956626353193,-0.10884507118966624,-0.5852436605492386,-0.549167348725897,-0.44631060995540606,-0.4793272303105674,-0.2516049592870697
p1485,0.9986924646930083,0.8358214089832323,3.9756225594504038,4.40533522276278,2.681087864565931,3.285388671920911,1.3299145516366675
p1486,0.5713555776579842,-0.15810000030102955,-1.3038591843138754,-2.3320890310180626,-2.4215934980692824,-2.522530786057755,-1.8166954081652182
p1487,1.0380760932484694,0.112568613569481,0.8565366652342945,1.2357900112747964,0.5055158473398993,0.6689114687479648,0.07252474732394099
p1488,1.0380760932484694,0.112568613569481,0.8377818590629431,1.6650469188430796,1.2219331575615286,1.095828156089342,0.4611815132596462
p1489,0.5713555776579842,0.4330482563429072,0.5476921604734741,1.389754151394335,0.9038206722366195,0.9634361611129304,0.23578671786145833
p1492,0.9986924646930083,-0.23354950671515518,0.8397511133211211,1.2873071056323089,0.8759771431816855,1.053422795131341,0.16451507777813035
p1493,0.5713555776579842,0.0683678272512882,0.49370007077548017,0.8462800843125202,0.48723969060594086,0.3284923583063065,0.13195001862837508
p1495,0.498212141474798,0.047749911108123655,-0.4056364854348473,-0.13241944051922272,-0.0993592646144088,-0.36099222570380246,0.8496793047132822
p1496,0.5713555776579842,0.4330482563429072,1.0452181781015266,1.5842123269626882,0.9466260777485072,0.9855647787903156,0.4395764925102146
p1498,1.0380760932484694,-0.026092431760444512,-0.23639003183079943,0.0842114426409093,0.0411387379375292,0.2393735329141276,-0.3129626452544141
p1499,1.0380760932484694,-0.2341921954753552,-1.9498885685380785,-1.6890781102446852,-1.2327765684889593,-1.791536745700499,-0.6205246822307675
p1500,0.498212141474798,0.5879833495351665,0.8903352842575138,2.219249941780582,1.6211918352851131,1.7836540829776975,1.4102960942305423
p1501,0.5713555776579842,0.0,-1.4125757532345737,-1.627591228220301,-1.306390847189746,-1.6835677969255272,-0.9646178607038269
p1503,0.6032956626353193,0.2956371085095455,1.2087401260963837,1.9893340501645844,1.082521072960916,1.8955056959713366,0.23340116951628964
p1504,1.0380760932484694,0.3138870957508093,1.368278811785336,2.813348027293548,2.0063000715009713,1.7704888801716665,0.935243250480184
p1505,0.6032956626353193,-0.0015894368806588233,0.3674552975644989,-0.6568875725226655,-0.6016704734914331,-0.6550521880161562,-0.4370385296646102
p1506,0.9986924646930083,0.4362225183200721,1.507118034343625,1.8652900430174268,1.1120161376539461,1.6899463500095555,0.1608161292954815
p1507,1.0380760932484694,1.472143598011125,1.7007434490249889,3.489900886764155,2.238152797685894,2.7717898065373867,0.9389057165210879
p1508,0.5713555776579842,0.0,-0.5683799129943985,-0.31353695725302866,-0.27843057078760086,-0.6009926918590128,-0.3949398100965382
p1509,0.9986924646930083,-0.037434852838728716,0.09996551871827108,-0.3689751785963683,0.15647812875373623,-0.16566869668882211,-0.2951318439298962
p1510,0.6032956626353193,0.2233808685147629,0.21285805815044867,1.8288739331822144,1.0377461014406513,1.358774006806533,0.46684254424381244
p1511,0.498212141474798,0.5422562918837048,-0.4011860623402459,-0.209110221497128,-0.34432571672820605,-0.3742350470740065,0.7005228303967961
p1515,0.9986924646930083,0.12770850947591583,-2.935719240006021,-2.4125170726079173,-1.5014326334485584,-2.4715285908354274,-0.09435361488720595
p1516,0.5713555776579842,0.2453482126228863,-0.252167619118314,0.3909148783372063,0.06493418209675067,-0.15265755516007193,-0.03157556225419533
p1517,0.498212141474798,0.06706846722053683,-0.1900947875365553,0.2832832451510282,0.2778636921578748,-0.39939949784289625,0.49069464060861456
p1518,0.9986924646930083,-0.037434852838728716,0.4924761936040216,0.6313008522643301,0.40386946241927446,0.4211417232391471,-0.12497589614347326
p1519,0.5713555776579842,0.17000109557104892,0.4864182148329377,1.356528196228351,0.9233715384320857,0.621790524253631,0.7413742440501281
p1520,0.498212141474798,0.7025784319132766,1.1213365624878655,1.9371488255381633,1.3282186846566455,1.8476540480352281,1.1016047857460656
p1522,0.5713555776579842,0.4166850731828893,0.40121564345760063,1.9302783069227696,1.387090422160795,1.4274514335420958,0.5576397683484355
p1523,0.6032956626353193,2.246982681950188,0.29787949927918866,1.255764288870084,0.5600447425516433,0.8117967690625126,0.09825767195859392
p1524,0.5713555776579842,-0.01571874370788784,0.7842142769238016,1.828850632684676,1.2188818330028788,1.063941971288955,1.0845462132464654
p1527,1.0380760932484694,0.02191869420983572,-0.988052705131981,-1.1447795553133684,-0.6893835102519883,-1.5109322467424042,-0.3367566632581678
p1528,1.0380760932484694,1.1722053740727425,1.2811086661899207,2.311624235859883,1.5134336020766888,1.2860406427052113,0.6359692267168224
p1529,0.498212141474798,0.06706846722053683,0.6678818298122646,1.1653221815273844,0.9430215499035592,0.8266494306601329,1.2781577701074642
p1530,0.6032956626353193,1.465702362392519,0.7446577243764025,2.0489298028119425,1.3158656606083354,1.7860859293405262,1.0129950248438924
p1531,0.6032956626353193,1.3581002066511605,0.765675907542704,1.2614219190422842,0.6419709845875866,0.7265482033668711,0.475523907291727
p1533,0.6032956626353193,0.6077470517489587,0.8718658385504572,2.508803795132337,1.366255450333634,1.7922997209853113,0.6841073400698523
p1534,1.0380760932484694,0.13772255031724612,0.07165223222586192,0.32087852497699365,0.42914384859213595,0.36884839702753963,0.30233745694181735
p1536,0.6032956626353193,0.5012055273976905,0.09486974867063225,1.0627167199699472,0.8577901402808525,1.002114352640926,0.9164484856802275
p1537,1.0380760932484694,1.5753504424759166,1.3460599616520792,3.0232976964194087,2.1113016434042864,2.4889100027272777,0.9636988986478361
p1538,0.9986924646930083,1.754261116196516,4.232725313661069,4.794783693220722,2.9110522670503673,3.9853229907669436,1.250410921936794
p1539,0.6032956626353193,-0.09534083555980644,-1.4140824673899175,-2.3856286438979026,-1.5732794457784056,-1.9927024648152165,-0.49933676723764364
p1540,0.9986924646930083,0.12770850947591406,2.006893682717866,2.1793494156484656,1.6629564867113849,2.253135674291361,0.6862519490523837
p1541,1.0380760932484694,-0.053676614442558446,-2.155013771223027,-1.804459232067917,-0.9531530641531303,-2.0530244382531695,-0.2646228482218067
p1543,0.5713555776579842,0.1769803853715981,-1.7343497209031948,-1.4696906385264425,-1.3427349015274797,-1.3053638916164199,-1.2397329326189706
p1544,0.6032956626353193,1.3620902025021238,1.45161256482241,2.700891614509719,1.4108488759653801,2.3184068721938176,0.5294722763443005
p1545,0.498212141474798,0.06706846722053683,0.21345096906625116,0.5639150150713598,0.4549951275988386,-0.019604149106149327,0.7794339664225305
p1548,1.0380760932484694,1.627354219225782,2.02504202020806,4.061806413522696,2.7294017114448876,3.4103752661649556,1.2811092057347917
p1549,0.5713555776579842,0.0,0.2617429181794435,0.2904830713197415,0.06025361978339591,0.07955878555857297,-0.4023568611460604
p1551,0.6032956626353193,-0.10884507118966624,0.3966621281359348,0.8416447391217029,0.472463231427079,0.7794367383748546,0.43477148827603607
p1553,0.5713555776579842,0.1769803853715981,0.5645194173470696,0.6382520770383657,0.3276467970702098,0.5630922003255514,-0.5206188968478056
p1554,0.5713555776579842,-0.15810000030102955,-0.5208729226088611,-1.799770732035187,-1.6654673225721877,-1.8149319877287058,-1.3933485165650907
p1555,0.498212141474798,0.021341409569073377,0.33167717349235737,0.9713213282020147,0.6156709427635395,0.4390404257168973,0.8259124818990529
p1557,1.0380760932484694,1.3933720560119252,2.072591927288874,3.455973943355559,1.8734031350976816,3.188490900616419,0.24606599989753342
p1562,0.498212141474798,0.22603897095796022,0.2295373120278441,0.8595795988727859,0.7448995972068158,0.5197937036375009,0.687888779746137
p1563,0.9986924646930083,-0.037434852838728716,-1.2518710845682648,0.6809611648940793,1.0617164172805744,0.24214876037716615,0.7938005212463821
p1566,0.498212141474798,0.06706846722053683,0.37842874948528227,0.7668961516069863,0.6284119440441538,0.4457001783709264,1.14727564961742
p1567,0.6032956626353193,-0.3352204173783999,-2.7487793662300373,-6.500276140619095,-4.483782287125075,-5.193897712882228,-1.6909407931114568
p1568,0.5713555776579842,0.0,-1.766063351071196,-1.6487647409539867,-1.4507701697031459,-2.616347433834394,-1.0201758595277344
p1569,0.9986924646930083,2.516622016176524,4.794673084944214,5.375387399128241,3.18450593066218,4.253233557826849,1.6273686602894282
p1572,1.0380760932484694,0.02558088833449368,-1.1286575971945716,-0.4556787462212113,-0.2220440341711325,-0.6357788834116005,-0.17858323074315052
p1573,0.5713555776579842,0.23970468781129206,0.6787576522857339,1.6228366499805742,0.8996629686545947,0.7286475014850835,0.674950768089035
p1574,0.498212141474798,0.06706846722053683,0.16755413546340492,0.3744477677595151,0.060825512973411044,0.4888666010429157,0.1759204279224793
p1575,0.498212141474798,0.06706846722053683,1.173725699524054,1.5111865567255225,1.0419616792701778,0.9997814921985333,0.7733824847379918
p1576,0.5713555776579842,0.0683678272512882,0.4579785448141145,0.9519691483292091,0.3058565712903186,0.5668797376563163,-0.191469835428709
p1577,0.498212141474798,0.06706846722053683,-0.27824900821414467,0.3611207966004096,0.027265481580247053,0.5380494136411086,0.14315441251197036
p1578,1.0380760932484694,0.09874595105254436,0.9294605337516177,1.5005698902303213,1.0020295906521643,0.97551651256248,0.5616919760328063
p1579,0.9986924646930083,-0.14210370333060496,-1.1001903853847352,-1.589613211700605,-0.6506607418312819,-1.0256906559846848,-0.9695864792590925
p1581,0.9986924646930083,1.1297005723163842,0.7680430805163958,0.46264208899572246,0.3698044353617398,0.5809377992489334,0.3427598880833944
p1582,1.0380760932484694,0.14799956465152775,0.3751802337147705,0.29761504952162465,0.3403756180896157,-0.3393625917388632,0.36078317047756414
p1583,1.0380760932484694,1.5753504424759175,1.7050204338874408,2.9212482405613858,1.7099317673964678,2.567780675938697,0.4089646344510349
p1585,1.0380760932484694,0.07359201430477835,-0.20790867954024073,1.1185914927187264,1.1664690450268809,0.5110799195502184,0.7291579915353683
p1586,0.9986924646930083,0.7631261660712028,2.569362556371374,1.592344285139489,0.5623009851542438,1.3105936056805088,0.17985849039859936
p1587,0.6032956626353193,-0.5107655360106929,0.08673357267490012,0.03343955675128507,0.08627040760418389,0.5394446749758023,-0.034412351267617325
p1588,0.9986924646930083,0.43622251832008097,1.5469449566312026,2.5170243860379644,1.2437785005631632,2.1030431714870916,0.5515061454712864
p1589,0.9986924646930083,-0.23354950671515518,-2.392135748061408,-2.556857252944547,-1.2319492397943854,-1.823377931794501,-0.46524232561293566
p1590,0.6032956626353193,0.08630406589270478,1.2249534225980518,0.5153585715783674,0.057976316217026036,0.4786800088744887,-0.30575259160778145
p1592,0.498212141474798,0.06706846722053683,0.8094977434774293,1.5164776849424326,1.0439063444094352,1.3598966428892214,0.6591073626073509
p1593,0.9986924646930083,-0.037434852838728716,-0.540169988954359,0.46036466264813913,0.42208293121971346,0.2972601925154932,-0.2714257943918881
p1594,0.498212141474798,0.9858443318240191,1.2045960116998486,1.4182212437927446,0.7101431054112224,1.4880136066549747,0.7273767463086767
p1595,0.498212141474798,-0.4068017764520704,0.006429712224372608,0.039650992447941236,-0.04130174093688091,0.10199825766457282,0.17199006029205854
p1596,0.9986924646930083,1.1614716906124904,1.689536055857328,3.3415037711870355,1.8636385557824235,2.3819656168761845,0.8230554304694078
p1598,0.6032956626353193,-0.07885686297714223,0.18219719138597945,1.8806619001343854,1.216175263624161,0.9123330268518592,0.5247891398286288
p1599,0.498212141474798,0.6161956537538344,0.6365571072759639,1.130390344378187,0.8967417179789627,0.9271399661537905,0.8387382489207305
p1600,0.5713555776579842,0.0,-0.3974630857416983,-0.12963845786829298,-0.3358699056258407,-0.47815114973625183,-0.2797913125940852
p1601,0.498212141474798,-0.07613819556704371,-0.6843849934938913,-1.2632527211818996,-1.2068212116864405,-1.5617211501962593,0.16442874567609067
p1602,0.9986924646930083,0.0006829624298241299,3.8266825509346782,4.096903983148095,2.1602958951096687,2.8709978269903096,0.9940689506394378
p1606,0.6032956626353193,0.19339266030224067,0.1724969889189758,0.44729256914794957,0.0359612284132253,0.32377121021336513,0.043242545769755836
p1607,1.0380760932484694,0.9066159505255822,0.1852999133653057,1.7310356798558484,1.2130634704083167,1.074056430439237,0.26002948570139495
p1608,0.6032956626353193,0.2233808685147629,1.0372680852945972,2.2167533280029446,1.206892572796701,1.5697481971865082,0.5159274857108773
p1609,0.6032956626353193,-0.200422582718236,-0.002313421565363072,0.20159625136699538,0.08175248916358735,0.220518105299558,0.40050107692147563
p1610,0.498212141474798,0.6995280438032623,0.8691496380395822,1.477313673948039,1.0521163524256965,1.4007451925064842,0.8928035040789002
p1611,0.6032956626353193,2.231345419171607,1.0185991756470525,1.6968753819625744,0.9421786358298538,1.249453539561056,0.3998021207338578
p1612,0.5713555776579842,-0.15810000030102955,0.5001574044730663,0.6254003642553692,0.24729417507282125,0.059474845979685026,-0.2206393814960368
p1615,0.5713555776579842,-0.08598619938783081,0.5644968140739408,1.029008460772533,0.5217063296638543,1.1943591256083816,-0.1766768849381215
p1616,0.6032956626353193,-0.10884507118966624,-0.3350351833373466,0.992820112804916,0.5218969801615652,0.33338990858124656,0.4568907306008292
p1617,0.9986924646930083,2.3514786538618777,4.316568650148299,4.205873508475941,2.3759776356331153,2.880550675442522,1.4002692878814784
p1618,0.5713555776579842,0.08724821232185676,0.10532519985207323,1.0444707254082313,0.701194933485745,0.5458521885412719,0.3969160781739536
p1619,0.6032956626353193,-0.0051006442579115685,-1.098832751917131,-1.4813444361317039,-1.3753070955303592,-1.6102440714846145,-0.8114944602164016
p1620,0.6032956626353193,0.2956371085095473,0.9458346657974772,1.724356149904643,1.0074743281595555,1.654964363496036,-0.032528365072636234
p1621,0.6032956626353193,0.20774360573618367,-0.2565497630965261,-1.033287249316107,-0.7489105842323474,-1.1561314559600904,-0.35441789008297064
p1622,1.0380760932484694,0.112568613569481,-1.1098301340335262,-1.3766688141718721,-0.778518634309957,-1.4918349881496011,-0.13686510789783668
p1623,0.6032956626353193,-0.10884507118966624,-0.8069850019441152,-0.8641050674473074,-0.6250486345571409,-0.8113006328278831,-0.38400287782483566
p1624,0.9986924646930083,2.652008118500042,0.9686725780598291,0.7205479597639812,0.13924651983833086,0.7948208105080474,0.1404711479047478
p1625,0.5713555776579842,0.1769803853715981,0.40143274980738397,0.3535784174609492,-0.04114315238421684,0.2323422205084552,-0.3496896806147909
p1626,0.9986924646930083,0.43622251832007564,4.948555038536224,0.5336296212624662,-0.008809907068181633,0.9884124909733164,-0.5551237501999031
p1627,0.5713555776579842,0.01888038507056855,-0.26621365809108255,-0.0704493038874856,-0.354699150143489,-0.3391703400294587,-0.49227174791883854
p1628,0.9986924646930083,1.5957680551868725,5.485564404399535,5.772690372149361,3.133347462425171,4.437242307031399,1.2757000106762364
p1631,1.0380760932484694,0.22323717639116403,0.5518881260343775,0.8950461367299176,0.5158896331562272,0.5454145144122565,0.2350853589625732
p1632,0.498212141474798,0.06706846722053506,0.3557932905919383,1.1513929299483263,0.8124534272793547,0.8239038867467208,0.7272563110366335
p1634,0.6032956626353193,-0.200422582718236,-2.209457870592857,-4.529443315181066,-3.236712563808691,-3.776216134396187,-1.3947112201671708
p1636,0.5713555776579842,0.11012762756653682,-0.03866777076938277,0.47685322347841264,0.3181766058191305,0.3897033502602657,-0.30248528971249655
p1637,0.9986924646930083,0.835821408983235,1.1547440109710951,2.0605588185357653,1.0603527457670432,1.1610070332406068,0.3468164162502667
p1638,0.498212141474798,0.06706846722053683,-0.1683834374442661,-0.20133506715713845,-0.43945896588792793,-0.15946600439031794,-0.030553407494434026
p1639,1.0380760932484694,0.9824256770884849,2.299962379014799,4.274304123317959,2.744810593695624,3.1877238570773265,1.0322716760850987
p1640,0.498212141474798,0.9056485253700233,0.792097899755678,0.6510438011852071,0.10383756291637414,0.6093662131994317,0.46996533684978026
p1641,0.6032956626353193,-0.10884507118966624,-1.6997431074131004,-1.9015611787236562,-1.4894003657821757,-1.838382696172006,-0.6100688829910776
p1642,0.9986924646930083,0.23860387131786887,0.8377093934512274,1.3566050934334704,0.8942272408079475,0.648073276308097,0.5907834481911802
p1643,0.9986924646930083,1.7609114175015268,1.4722671554731939,1.5988296658329713,0.7920425778395987,0.9866548221874357,0.23556659314276907
p1644,0.498212141474798,0.06706846722053683,1.1648878789172148,0.8199845842499762,0.4644269730151387,0.5721743391361795,0.35648260759233175
p1645,1.0380760932484694,1.6002923036042365,2.334645293780344,3.8844677095167524,2.2970639281525065,3.141028210638282,0.8256707482196024
p1646,0.9986924646930083,0.12770850947591228,1.7479404271151626,0.580159795493757,-0.5746188845337766,0.09725202911597308,-0.5197502028399548
p1647,1.0380760932484694,-0.13091418889422357,-0.509979444474018,0.06442406784655863,-0.02975990697895914,-0.16004359201009533,-0.2651426556385985
p1648,0.9986924646930083,0.1277085094759105,-1.3149763934687684,-2.0185249140768975,-1.0373519420643946,-0.846425106921345,-0.8150050597376772
p1649,0.9986924646930083,0.12770850947591228,-0.9638820244443487,0.46932745298113787,0.3440032029615123,-0.06160076980478568,0.21375826268427822
p1650,0.9986924646930083,1.0863333960528205,0.6081692361485462,2.7389156442968163,2.039249538774462,2.798641130423515,0.9691664611903423
p1651,0.6032956626353193,1.915207765709562,1.5091808249929741,2.748279403916059,1.6720757135102708,2.550278977566071,0.8316135932211566
p1652,0.5713555776579842,0.0,-1.0253606525141326,-0.5708367900820548,-0.480996927379096,-0.8874325583493484,-0.43156243514473935
p1653,1.0380760932484694,1.5501965057281524,0.2975504135405522,1.3134427228317094,0.7583325268277537,1.0634843707289594,0.27317127093343707
p1655,0.6032956626353193,-0.10884507118966624,-0.24795292384241385,0.6774952859106239,0.4742816760196912,0.6693888088793829,0.35747524627990757
p1656,0.9986924646930083,0.4362225183200721,4.222162198696626,4.2995883703045825,2.0700215196833334,3.2774094550317616,0.4830534731765681
p1657,0.5713555776579842,0.3519366062551841,0.9682845576658128,2.4235704037353214,1.6818793123136013,2.0950216431955626,0.5228595225447616
p1659,1.0380760932484694,1.1738489009423372,0.28557037451922795,0.7198153273800848,0.6601438202913503,0.7039550396469593,0.3762075649355108
p1660,0.5713555776579842,0.24534821262288453,-0.7570293137032529,0.028236114479894825,0.03694108519773953,-0.6593052950636511,-0.18976055444217188
p1661,0.5713555776579842,0.1769803853715981,-0.28140748781047087,0.3675879049918519,0.1573339473052789,-0.08068462221867032,-0.19761540353811213
p1662,0.5713555776579842,-0.2661830750223082,-0.16536744768066924,-1.491823738242082,-1.6369956065300557,-1.760578680148438,-1.0283372550811052
p1663,1.0380760932484694,0.13772255031724612,1.1914368267301763,3.3608158683473084,2.4364561124350694,2.9774034032102583,1.019259215531335
p1666,1.0380760932484694,0.13772255031724612,0.5306770725097287,2.026908272170793,1.2286041935050411,1.9756624092623258,0.3685742843852644
p1667,0.5713555776579842,0.0683678272512882,0.94379032878396,1.5043249220141042,0.8569008653483108,0.8920897501323507,0.26584618370669943
p1668,1.0380760932484694,1.0271156305714468,1.0609231709731972,2.239707782933031,1.3192979714341284,1.2370976070779793,0.40845366258224836
p1669,0.5713555776579842,0.1769803853715981,-0.01730621466627902,1.3619751598744303,0.9049819361390665,0.8912647924111704,0.19690059852170272
p1670,0.6032956626353193,-0.49067939399147065,-1.2263491141548641,-0.7223363040184438,-0.6458029432070995,-1.1742831697171117,-0.00038994330190433857
p1671,0.6032956626353193,0.19339266030223978,0.14616660794290404,-1.4920762835326176,-1.515505720709273,-0.9722380856934774,-0.8719900619039027
p1672,0.6032956626353193,-0.200422582718236,-2.10915950125913,-3.1966252339074677,-2.4718412906456217,-3.013039748144448,-1.1231835835734927
p1674,1.0380760932484694,-0.015825956864555124,-1.2537946706951182,-1.4823301220183671,-0.7149053681866031,-2.208704939691888,-0.23241942908270374
p1675,0.5713555776579842,-0.09712165029301012,0.2477215872946772,0.6201880170106453,0.050428249967699845,0.5736755143758451,0.04481618726793535
p1676,0.5713555776579842,0.0,-0.4549333181647164,0.25903922456599027,0.2733077146894384,-0.3003796503671353,-0.01513125080853861
p1678,0.5713555776579842,0.1769803853715981,-0.7563468577272161,-0.8922033581478799,-0.9317128758263031,-1.6674986767243165,-1.0852257659908933
p1680,0.9986924646930083,0.1277085094759105,-2.9762325224117774,-2.3829256638434404,-0.9457022990037837,-1.9422858167924186,-0.0333730638550076
p1681,0.6032956626353193,0.09848112417606991,0.4431103102841387,0.6238079920498197,0.41919333426399774,0.46395630103089314,0.6563875586127601
p1682,0.5713555776579842,0.0,0.1613909747476967,0.8375440059547883,0.5106168231249447,0.6346954411412375,-0.1342046012586504
p1683,1.0380760932484694,-0.24055851588448895,-2.020288922783477,-3.194643252350507,-2.5023799206552355,-3.6244437575801345,-1.0795463883279321
p1684,0.6032956626353193,0.7693712080755386,-0.3265307126459387,-1.236704428452421,-1.0325020919025036,-1.3379142736644354,-0.48291401920967303
p1685,1.0380760932484694,1.1774415630943036,1.4215256051223264,2.1013122749029267,1.4596173118259301,1.2710913731001101,0.8948219230306229
p1686,0.6032956626353193,0.8062932397571227,0.15084594606352475,1.332081019873297,0.7943587983424448,1.0985897535157427,0.4938880110045645
p1687,0.498212141474798,0.06706846722053683,0.9943667579213535,1.2915817226590627,0.9113442278260251,0.7944631077089501,0.898521426426429
p1688,0.9986924646930083,-0.037434852838728716,-0.006880838255687749,-1.9613122808808194,-1.2845888688437541,-1.3049449469114123,-1.182225057804441
p1689,0.9986924646930083,0.8358214089832403,-0.6901531197529227,0.8736019488168268,0.8811040869430986,0.21782176312281787,1.1491193509656075
p1690,0.6032956626353193,-0.10884507118966624,-1.6091733986110341,-1.8340645050987463,-1.4441794137180632,-1.8866041179931012,-0.8761185697526752
p1691,0.5713555776579842,0.08724821232185498,0.5762994481011479,1.286538937559318,0.6134754912882527,0.920540583211011,-0.15610407703520401
p1693,1.0380760932484694,-0.04097989361232024,-2.1155845092789924,-2.3201818653683364,-1.5965390728757467,-2.303090300756322,-0.6545294346530177
p1694,1.0380760932484694,1.472143598011117,1.2354180609211323,2.520113748476662,1.5950451336758018,2.519620169110407,0.5160627983076456
p1695,0.9986924646930083,0.09212876581437612,1.815788792010963,1.854418667584137,0.7589710291322244,1.4016325810940047,0.2348604133463983
p1696,1.0380760932484694,0.112568613569481,-0.61376190441338,-0.7933157248856821,-0.3516442942849376,-0.611690279441605,-0.037198139486307014
p1697,0.498212141474798,0.06706846722053683,0.4880457786662724,0.07785511259284883,-0.4934479188987532,0.4714077271253382,-0.3281750870801208
p1698,0.5713555776579842,0.24534821262288453,0.644892900235476,1.8918894315067003,1.3021810028784093,1.3653000201568037,0.3595303155670937
p1699,1.0380760932484694,0.05073482508226057,0.514092141561223,1.3497167864719157,0.5958345936319079,1.3293141139975475,-0.20716367841893124
p1700,0.5713555776579842,0.0,0.3477215891830827,1.104298535875394,0.6823786976503037,0.748067262117088,0.025281214843497324
p1701,0.9986924646930083,0.12770850947591406,-3.4024039359008604,-2.5873478190693184,-1.2831692179690215,-1.913064877214444,-0.8699942403713461
p1702,1.0380760932484694,0.023150642400148413,-2.8240292201495745,-3.1751538854669175,-2.1775818734921253,-2.4560105121127647,-1.0228464984232808
p1703,0.498212141474798,-0.09747960513611709,-1.462713529279588,-1.0658713216150908,-0.8445616837418959,-1.2668878827891206,0.3339735479173793
p1707,0.498212141474798,-0.7644887793303301,-1.487367714186849,-2.853301975725465,-2.8774564644635405,-1.8646805850978976,-1.2090723267803174
p1708,0.6032956626353193,0.2956371085095455,0.8605417949387402,2.6351331309489456,1.5573717283325543,2.2643590685248736,0.5949743022873601
p1709,0.9986924646930083,-0.037434852838728716,-1.3279611612843105,0.7742072310539588,1.3233948129342559,0.49274570171688803,0.9613889844625216
p1710,1.0380760932484694,0.18939587041218964,0.893399672985721,2.0703896112575566,1.1428709217125728,1.5310856129985413,0.23358203268697153
p1711,0.6032956626353193,-0.23013867021997036,-2.0576278816342644,-4.498766814303972,-3.06474952369212,-3.0873578885942807,-1.6304979321537516
p1712,0.6032956626353193,-0.10884507118966624,-0.8698599140503465,-1.0319735037483098,-0.8658685713096317,-1.5046069384925596,-0.19126936366789593
p1714,1.0380760932484694,0.18688286325126846,-2.3575921005145304,-1.2985072502797914,-0.5396675912836886,-1.842017552500001,-0.0969033036334519
p1715,0.9986924646930083,1.1594578323075115,5.944289777721693,4.617724617572474,2.708529493631817,3.8468233316345595,1.2510495453998622
p1716,0.498212141474798,0.021341409569073377,0.7391159806992658,1.0482124109282314,0.4828283169778846,0.9441642494596114,0.48963783159384455
p1717,0.9986924646930083,-0.037434852838728716,0.8373314243247467,1.5702441363915036,0.9418044979753935,1.6967987386503958,-0.03603324890922721
p1718,1.0380760932484694,-0.45763465279187443,-1.603249022594694,-4.407098109675156,-3.6520364928496387,-4.3918132924027145,-1.2017910625752908
p1719,0.5713555776579842,0.0,-0.6557121624582418,-0.1963823521492709,-0.18466464294410717,-0.7742665558371774,-0.23775783531468875
p1720,0.498212141474798,0.021341409569073377,-1.0176324184651975,-0.7369412766953762,-0.8669001332697304,-0.772967931153961,-0.304898256611704
p1722,1.0380760932484694,0.09745584934912799,-0.3408419306980015,0.07971795583424046,0.2317793506725772,-0.8568942538611244,0.2127973750330021
p1723,0.9986924646930083,0.0006829624298241299,0.28307651336478123,1.2199445007448957,0.4707836563586538,0.5800307864251336,-0.24672455950879701
p1724,0.6032956626353193,1.8628201057275708,1.0497090700831002,2.247712210430435,1.2282729723371317,1.716135377096716,0.4586778075395497
p1727,0.6032956626353193,0.2956371085095455,0.5176386631974488,1.7205579072259694,0.9837702607600997,1.4194832269780588,-0.005880149698716863
p1728,0.498212141474798,0.06706846722053683,-0.23405171940330405,0.10047690834832801,0.215502203416701,-0.3259809579680623,1.0576518532250692
p1729,0.5713555776579842,0.05571730689988108,-0.023577236927621925,0.3905959024258628,0.12103112771524333,0.6757455105929583,-0.36414277943779183
p1733,0.9986924646930083,-0.037434852838728716,-1.6071138169428192,-2.6405276300945646,-1.3220295500104418,-1.6559268855425735,-0.44646939600843716
p1735,0.5713555776579842,0.6100286417145142,1.2653136773586748,2.462963032009844,1.7895190984415967,2.2869844108824675,0.30111226907613897
p1736,0.9986924646930083,1.2863494633550072,5.049390220122014,3.470820247308046,1.7297098093455983,2.768485448265646,0.6130086033389368
p1737,0.5713555776579842,0.0683678272512882,-0.04027536939047849,0.8103138552480925,0.3709774715721035,0.1452109189229436,0.789748081168705
p1738,1.0380760932484694,0.706321704175668,0.9930555970298425,1.4254221083232779,0.9913366314396677,0.5570979836681698,0.649037538107704
p1739,0.498212141474798,0.06706846722053683,0.22505945983966313,0.1522517972244835,-0.1714749339305643,0.2112918788437469,0.31404808339147827
p1740,0.498212141474798,0.6618708375071982,-0.006629196486278133,0.4829761549688252,0.08757820147509124,0.4489727136688946,0.5011335624471833
p1741,0.6032956626353193,0.897638098546361,-0.18360235701029914,0.525523716453451,0.25808625829164394,0.8082256111240109,0.24223615293740508
p1742,0.6032956626353193,-0.20130235829600807,-1.8847613850066125,-1.4013142445617401,-0.6702663107550804,-1.3343399256490382,-0.030803480665476002
p1743,0.6032956626353193,0.4121051456308171,0.6206196660630514,1.6538177760578259,0.8732173760104572,1.768434858572336,0.44574585373742437
p1744,0.5713555776579842,0.0,-0.5686836709684968,0.6092917415557502,0.4232259126968017,0.09713883839752478,0.5395520900314796
p1746,0.498212141474798,0.1505240150537901,0.5996863968810136,1.0470705715455617,0.5152063068212089,0.8292809585483505,0.5618329397591459
p1747,0.9986924646930083,-0.037434852838728716,0.34594248544441975,-0.6924760170054399,-0.6540844247932261,-0.4368029289420311,-0.6896852294380604
p1748,0.498212141474798,-0.7644887793303319,0.4343336991439646,-0.8056450659837222,-0.8783672544483936,0.050243733672238944,-0.3650239980569694
p1749,0.5713555776579842,0.1535180164729315,0.7146613790015888,2.0388370933300957,1.5583492906322411,1.8395995359181878,0.4974983071285397
p1751,0.498212141474798,0.06706846722053683,-0.2035836829226234,-0.48830175725596436,-0.5757079681097135,-0.5059729215143489,0.07425302046521409
p1752,0.498212141474798,0.021341409569073377,-0.619022062379134,-1.256341381784758,-1.5569068232208063,-0.9467583101722419,-0.5359949362800869
p1753,1.0380760932484694,0.13772255031724434,0.2910598504902282,1.8779844265452117,1.2955978351370008,1.053576261680369,0.5483357302379623
p1754,0.498212141474798,-0.30993709177013606,-1.2752460207603225,-1.022272025625588,-1.0061983141256527,-0.6684291673101423,-0.2425738822727812
p1755,0.5713555776579842,-0.011135450905179312,-0.8010138626429164,-1.9180603059169654,-2.0046714660110383,-1.8790097145280262,-1.6519416311616073
p1756,0.5713555776579842,0.1769803853715981,0.46729415965073606,1.4500952039968134,1.038737147396511,1.4911209975977524,-0.22067819703237745
p1757,0.5713555776579842,-0.19781524777102,0.42347258866831083,0.8998120670498887,0.5447093728848204,0.21897837661517622,-0.014327844319854677
p1758,0.498212141474798,0.06706846722053506,-0.6574870291496939,-2.59000604701634,-2.5144599014269304,-1.6058172840643676,-1.271977044182517
p1759,0.6032956626353193,0.19339266030223712,0.2907984328384945,1.0492791840230722,0.45884063323874286,0.8976999249313475,0.06552994898269127
p1760,0.6032956626353193,1.8429515257147822,0.8352239649207327,2.229728576302639,1.1496223358079662,2.0185380290900197,0.7305425201504097
p1761,1.0380760932484694,1.3358836508027379,2.255059920012764,3.650848485893098,2.0766347429496346,3.2028368979040613,0.5875238760545454
p1762,1.0380760932484694,0.09874595105254436,-0.04343993082977349,1.5611106777886479,1.3494156871536584,1.2820567722610208,0.7305878084403084
p1763,0.9986924646930083,0.12770850947591406,2.6933591975800297,2.9215411737812578,1.8364496654747837,2.365945112647948,0.8248027107496654
p1764,0.6032956626353193,2.4915265244969245,1.4668822646060162,2.380032759900196,1.1272892551998335,2.0480821026147105,0.4108827359452816
p1766,0.498212141474798,0.19625107270525355,0.6118645767996185,0.63755571712377,0.04408153193716774,0.6086301175563708,0.2943948145547388
p1768,1.0380760932484694,-0.45763465279188864,-0.903324418814643,-1.4136549260065547,-1.0955050146434193,-1.80527607491786,-0.49348492035080405
p1769,0.6032956626353193,-0.002998453545801638,-0.19151118336709594,-0.6617131302804298,-0.3671603467924436,-0.39585381492507615,-0.4123116722447744
p1771,0.5713555776579842,-0.2661830750223082,-0.3196731628477938,-0.5315269113765091,-0.6128610732109143,-0.9827657120985535,-0.11505221606125993
p1773,0.5713555776579842,0.11012762756653593,-0.16796707775824515,-0.0163521990647435,-0.3000147353691062,-0.26506789638122075,-0.5508720777243905
p1774,0.6032956626353193,1.2702067038777978,1.361327912521439,2.312528685976973,1.3093959442403835,1.8856633569591046,0.7452458547018495
p1777,0.9986924646930083,-0.23354950671515518,-0.9167768229289965,-0.6031315110299328,-0.5710324613007661,-0.7255218077488136,-0.705158751475329
p1778,0.498212141474798,0.06706846722053683,-0.4103627859082781,-0.22783603817901887,-0.12391169441597805,-0.3624550714110997,0.22586691488307764
p1779,1.0380760932484694,1.649053731983674,1.5468579640566347,2.643713928835481,1.5064882169952643,2.3471496093698185,0.4789864312358727
p1780,0.5713555776579842,0.5181984455645487,-0.05205051708619557,0.8612540067851469,0.7035934420889707,0.7502688980693922,0.09618066870559794
p1781,1.0380760932484694,0.06089529347453926,0.6516188400654723,1.14045996291283,0.6549820444851502,1.1903119528759372,0.09229210189382009
p1782,0.5713555776579842,0.0,-0.09452228156210829,-0.4092042900162174,-0.4108667953866401,-0.509283732857792,-0.06874878317983502
p1783,0.498212141474798,-0.5520312926963094,-1.7213517586823137,-1.2275196258162266,-1.1167780149355802,-1.3355291479997098,0.050221345382567506
p1784,0.9986924646930083,0.4362225183200721,0.8800932879306291,0.28918789585034144,-0.428444335670091,0.7780814207048545,-0.7946745189897353
p1786,0.9986924646930083,-0.037434852838728716,-0.867430806491619,0.08483445337877515,0.12916371770056712,-0.1819640149942322,0.22690784158223565
p1788,1.0380760932484694,0.112568613569481,-0.2562323758648368,0.5437293668060746,0.22163986409005787,0.6501071846571217,-0.19744918851650972
p1789,0.5713555776579842,0.0,0.2749693263014201,0.7944380015335429,0.6552208981527536,0.48725925581198204,0.1322950627206705
p1790,1.0380760932484694,-0.006955590175691029,-0.3015097534519846,-0.2959080925837654,-0.40698653009599894,-0.4711122176365137,-0.3063418620261942
p1792,0.9986924646930083,0.12770850947591406,-1.6367153571715924,-2.106125725552717,-1.3484550891077127,-1.2237315241907045,-0.9357726265739128
p1793,0.6032956626353193,-0.5107655360106929,-1.5793091936732413,-4.720578189578535,-3.1947509915202996,-3.598689203325652,-1.307991520584178
p1794,0.6032956626353193,-0.10884507118966624,-0.8906754526228458,-0.2061717599052073,-0.2709781867768907,-0.7246606856903641,0.21191577963710806
p1795,0.6032956626353193,-0.10884507118966624,-1.8004414125706578,-2.4528634000754117,-2.158615217853016,-2.400068314072588,-1.2242974287607868
p1796,0.6032956626353193,1.9191977615605254,1.448026660605418,3.6441984259800826,1.9615780930148567,2.890742865168458,1.035327457138326
p1797,1.0380760932484694,1.2819791544307613,1.4708696529840424,2.366363083674054,1.5459359611756764,2.040810586602043,0.6338881624082049
p1799,0.6032956626353193,0.8762512624908201,0.6836282873345461,0.39108550487929117,0.06913269973176794,0.6356137470530858,0.03494667504602589
p1800,0.6032956626353193,0.5677121941155123,1.184039982207688,1.771355125583771,1.1556672810813937,2.0122976892240216,0.6293487557506996
p1801,1.0380760932484694,0.12270236877573382,-0.4384308127483312,0.04159620287733157,-0.12802060646667346,-0.026905870585582026,-0.2858397955304728
p1803,0.6032956626353193,0.2956371085095455,-0.6600772023076846,-0.44553170702854517,-0.6149373031424611,-0.3622884224097695,-0.830787409218896
p1804,0.6032956626353193,1.9487882423456817,1.4045726791164235,3.788147726993878,2.34743078056354,3.3257929018595065,0.8680604382984427
p1805,1.0380760932484694,0.13772255031724612,0.2772232340195355,1.5697439699034934,1.1912685761749464,1.5595849160846078,0.5386672937669186
p1808,0.6032956626353193,0.2233808685147629,0.954872364554701,2.8401491817630937,1.6858323482463322,2.239791106979956,1.0564954792300885
p1809,0.9986924646930083,2.054790580834691,4.13763363529311,4.882093849763914,2.429814238472798,3.4671269113558534,0.6783743474403465
p1810,0.9986924646930083,1.294843934631027,2.8989292458115825,2.8616072068769998,1.8736224031308693,2.474318090806755,0.6085197417267949
p1811,0.5713555776579842,0.0683678272512882,0.7266028227262602,0.7167371494358395,0.1809901187174672,0.4263357537217468,-0.519174590487971
p1812,0.6032956626353193,-0.10884507118966624,-1.4639170818381189,-1.7243776551443364,-0.9452488109591302,-1.6787670748213932,-0.09998397349910881
p1813,0.6032956626353193,-0.20018992997890628,-0.679516156875815,-0.46010500693996037,-0.26498543182068246,-0.5108368449592351,0.14844563519461929
p1814,0.498212141474798,0.3435403138794175,1.099374428910929,2.5089986492341625,1.821428954842909,1.5864334083739302,1.5399602195695703
p1815,0.9986924646930083,0.1277085094759105,0.7740310574622296,0.2809050140802275,-0.16083851080637668,0.25763628059848603,-0.35160113465815535
p1816,0.5713555776579842,-0.15810000030102955,-0.28748496593534156,-0.7187099232239846,-0.6921895657639274,-1.0318060846647927,-0.6212323030984699
p1817,0.498212141474798,0.06706846722053683,0.9057824031709671,1.404569038693284,0.999232930085022,1.1683488993365276,0.5563513705980991
p1818,0.9986924646930083,0.27107915600543286,-0.22076149298499637,0.20680326331920484,0.49723820351511583,0.29994637282952974,0.007410659289410759
p1819,0.6032956626353193,-0.005100644257909792,0.5633546747465701,0.32464796138272767,0.42446354660921626,0.7640437488048645,0.34802960385598425
p1820,0.9986924646930083,-0.037434852838728716,-0.15251234592773955,0.9107962905413209,1.0790425749159365,0.5501635797092748,0.08790442830009937
p1821,0.9986924646930083,-0.037434852838728716,0.8149531940502808,0.7095455388419833,0.695881890961997,0.5588141635086061,0.04125267675737376
p1822,0.498212141474798,-0.6853256772942871,-0.7822168905450635,-1.5067462875702216,-1.4874868882368908,-0.8996868571534757,-0.41266720353704756
p1823,0.6032956626353193,-0.0066006229823596385,-2.405207618247635,-2.593621252423005,-1.8505177797328158,-2.8474453694049426,-0.8197707441389515
p1825,0.5713555776579842,0.1769803853715981,-0.2496863101000404,0.25799182926927394,-0.005007799539038793,-0.25533477376133773,-0.1610719989990539
p1826,1.0380760932484694,0.02558088833449368,-0.37903331683329,0.8575253719994013,0.19638420741213125,1.0330227251606874,-0.3356464432486579
p1827,0.5713555776579842,0.5452801747868037,1.6977264360751843,3.0288125555382583,2.0820441610937515,2.4561570824482533,0.8623768132548726
p1828,1.0380760932484694,0.06089529347453926,-0.6824869302238508,0.28291721215741794,0.4064751668142063,0.0817689585428516,0.23188244570711447
p1831,0.5713555776579842,0.0,0.49358004354514584,0.9937082927976864,0.5264846247080088,1.0278804845771214,-0.483871368910199
p1832,0.5713555776579842,0.01888038507056855,-0.2734737780029093,-0.4398686371913709,-0.7307560527147883,-0.3855211205490957,-0.7796091077677101
p1834,0.5713555776579842,0.0,-1.2673634150607107,-1.269624948997997,-1.1027691239205193,-1.349333087340215,-0.5099620437089829
p1838,0.498212141474798,0.8141231261813697,1.0449197085311877,2.267132249298697,1.678854996226622,1.7371655456978696,1.3804746645196477
p1839,0.6032956626353193,0.4123377983701513,0.200772338650534,2.5548889958624033,1.564501679417212,2.052159822914314,1.2115920171757537
p1843,0.6032956626353193,-0.0066006229823596385,0.21528987051624782,0.895362077455006,0.4568535467447976,1.014035161702877,0.42914634208380065
p1844,0.498212141474798,0.31084615508335833,0.3115198363215068,1.0819598365054364,0.5083132161982837,0.8726463143554192,0.6917820473490721
p1845,0.9986924646930083,0.4362225183200721,1.1017245485230145,1.853986482499835,1.1077570797238983,1.6483920919696744,0.08379135640653956
p1848,0.6032956626353193,0.1354873657413993,-0.11177453934869774,0.7366658129407158,0.41105929535404023,0.1816349578914766,-0.17493642948369903
p1849,1.0380760932484694,1.6147749783657668,2.1013565328048234,2.548099304613345,1.4182485229423762,2.20702473279689,0.5066549934479845
p1850,1.0380760932484694,1.5505269623830777,1.4383461766450338,2.4691831805671836,1.6072138276966508,1.612899427302494,0.8291125342638157
p1851,1.0380760932484694,0.8114272229056718,1.2305990271085534,2.03951310669465,1.428399337225203,0.9575966581226372,0.8967860315360827
p1852,0.5713555776579842,0.0,0.032034016980363234,0.3136181035315807,0.18799823442266822,-0.2907071777244634,0.14301038121512377
p1853,0.498212141474798,0.021341409569073377,-0.37741532839553926,-0.3336806466792914,-0.6448064380495866,-0.45580740081119314,0.04354919530116419
p1855,0.6032956626353193,0.9016280943973207,-0.313107312589187,1.2960825999673142,0.6307800144794437,0.8698569767664712,0.24265723758945157
p1856,0.6032956626353193,0.2233808685147629,1.1942789602710082,2.7391003930752023,1.6081234640940816,2.4267749928063003,0.6271951732400787
p1857,1.0380760932484694,0.032052449416088535,-0.5144328318827345,-0.35420223540705553,-0.2960346232366493,-0.19939941092724656,-0.23940609690070325
p1859,0.9986924646930083,-0.037434852838728716,0.3491119504488349,-1.4238895180545406,-0.7878426681664458,-0.9688621483748171,-1.1136360114486532
p1861,0.6032956626353193,1.358100206651157,1.1002763739463717,2.428495311864909,1.3947383527605124,1.9456785360517013,1.045266972149184
p1862,1.0380760932484694,0.9901850473592084,0.7552000403483596,1.9813672055820706,1.6008710849423655,1.3806843242264102,0.7345425396357044
p1863,1.0380760932484694,0.07359201430477746,-0.03954387541245907,0.5215732149397804,0.19576924941498663,0.5280648198548481,-0.10446543780451911
p1864,0.498212141474798,0.08042828388641432,0.2988926091893642,0.8750952367565527,0.6715158859001382,0.885017001002615,0.9569408205708214
p1865,0.6032956626353193,-0.41796840762692256,0.9307680469808357,-0.39222263228833354,-0.4895153388703086,-0.008460881347084281,-0.6328281218637528
p1866,0.498212141474798,-0.7644887793303283,-0.33558538859659137,-0.020731669750419623,-0.31842102435269376,0.2844776901666306,0.21578479115454918
p1867,0.498212141474798,0.9858443318240191,0.6404058136237829,1.4459770445577738,0.7929808090240937,1.5757112775820974,0.39115948574850634
p1868,0.9986924646930083,0.3786373284998561,0.40977467346873375,1.5237185621746914,1.2719789350520276,1.0873895646342375,0.21116782117897515
p1869,1.0380760932484694,0.06089529347453926,-0.21200370797074264,0.5441510610422741,0.6726620333269049,0.32124597855824355,0.47298450440723094
p1870,0.6032956626353193,0.1933926603022389,0.187729220698877,0.7991016982525607,0.3976476216313543,0.5111717930306804,0.08268353460720412
p1871,0.9986924646930083,2.3581289551668814,4.249243432055318,4.620992463234381,2.6740297719069552,3.5011309088726668,1.1989004366486107
p1872,0.498212141474798,-0.8977831639283078,-2.071108574113792,-2.2070738588668353,-2.09918833176823,-1.945137005657918,-0.5189332926245971
p1873,0.498212141474798,0.5879833495351665,0.24872958158092118,1.0970109293390156,0.6478660907691602,0.8236685932810293,0.648582880132599
p1874,0.5713555776579842,0.15351801647292973,0.6789010461192504,1.254372138533078,0.9774872382775375,0.9029840880057658,0.2774594229505105
p1876,0.9986924646930083,0.08502578351649603,2.921551248780146,1.8522143992306503,1.6376998112320087,1.6441500339296713,0.27868613333361836
p1878,0.9986924646930083,0.12770850947591406,1.8708383074319705,1.084612319193646,0.0449554980933935,1.166616164725399,-0.7371853856519675
p1879,0.5713555776579842,0.11012762756653593,-0.036882551036175215,0.14751140010630598,-0.20050830443960188,-0.03843622643809372,-0.374518672442683
p1881,0.6032956626353193,0.2233808685147629,0.9538119381144678,1.8208344399538385,0.983338446477595,1.3656407907251167,0.22854017271176552
p1882,0.5713555776579842,-0.0980308170933668,0.4540937093471289,0.9285204205639699,0.6228411479740914,0.7464964286868782,-0.21854184470586802
p1883,1.0380760932484694,0.10240814517720231,-0.8096381307615239,0.7744855033192369,0.11723654047021431,0.8937595141431707,-0.4446528098068061
p1884,0.9986924646930083,0.532483034651019,0.2241081730992569,0.9202069672528868,0.7642243207057403,0.8671469996090526,0.43691367642536605
p1885,1.0380760932484694,-0.02609243176044629,0.36648963930958267,1.055748915032937,0.4999288256373195,0.9858342071708569,-0.03212558361252782
p1886,0.498212141474798,0.9714661619866547,0.8453209643844968,1.483612418610025,0.9120163149092841,1.6890859259908337,0.8402764301513201
p1887,0.6032956626353193,-0.10884507118966624,-1.4330327795369175,-1.969972376729192,-1.3998390622187238,-1.6960468415280703,-0.6769868775429941
p1889,0.9986924646930083,0.12770850947591228,-3.246374964740072,-2.4883478719216576,-1.320158251536804,-1.8369357343997197,-0.6077760578630276
p1890,0.498212141474798,0.06706846722053683,0.2292165789223013,0.6011818271244165,0.2839897448808743,0.4060568222263836,0.3475323261695973
p1893,1.0380760932484694,-0.3768646101871358,-2.71031007408191,-1.7807504849036389,-1.2573366915054134,-1.7475698026113795,-0.6890162319321469
p1894,0.498212141474798,0.021341409569073377,-1.0768661395588168,-1.1009906236343676,-1.1990183106486707,-1.0086781694166798,-0.15718126701656487
p1895,0.5713555776579842,0.2453482126228863,0.382809749140522,1.3288815596674324,0.8580212122121156,0.9383846884551221,0.20415870202625364
p1897,0.498212141474798,0.06706846722053506,0.2932627763799296,1.1226782234220565,0.7517542301962776,0.8319405072965538,0.8279248946370661
p1898,0.9986924646930083,0.40374723363251164,0.581088427197967,1.7747244477341384,0.9187379074027864,1.137477350844403,0.6816725677931572
p1900,1.0380760932484694,0.02191869420983572,0.6745542017587365,0.056064660988470516,-0.08457580505429718,-0.23444907989282848,0.0398436937440394
p1902,0.9986924646930083,0.27107915600543464,3.7665655549667463,3.2883481577336378,2.0230136641429097,2.4665767405004333,0.8503051758355635
p1903,0.498212141474798,0.8141231261813724,1.4082115298393596,2.3418817213187513,1.7581798449982022,2.107889875206966,1.292087087642651
p1906,0.9986924646930083,-0.23354950671515518,-0.31751563368386115,-0.7753608254049872,-0.4167241184807282,-0.2011797652408197,-0.5526598305659967
p1908,0.498212141474798,0.06706846722053683,0.3520297678087303,-0.22549557039870138,-0.5360855642941744,-0.24105899623474042,-0.15182023994001526
p1909,1.0380760932484694,0.06343154591249878,-0.47574630937784335,0.5660431669296093,0.6909352091868373,0.13514020743584465,0.4421439620952796
p1910,0.498212141474798,0.7734155317752922,0.7943143975959845,1.8006098011384073,1.3284001715695581,1.7175682514441732,1.092260185666909
p1912,0.498212141474798,0.06706846722053683,0.29627368121021114,0.5431975502150349,0.21678710022846873,0.47861196608349105,0.3539763669235487
p1914,1.0380760932484694,0.02558088833449723,-0.8218176041240071,-2.1464302083778097,-1.5847238991319066,-1.5099165875018432,-0.3444005066233764
p1915,0.9986924646930083,0.5437806908145042,1.1353130009404175,1.2670713898364259,1.0364747251252406,0.8910077663330246,0.49281338192496627
p1916,0.9986924646930083,-0.23354950671515518,3.3054759475759363,3.012113451610448,1.5316048147412031,2.2537236622772223,0.14486048167158394
p1917,1.0380760932484694,-0.1687648464722269,-0.9114822513283212,-1.0100541967987038,-0.8065866593491418,-0.7894254706217358,-0.46596991368315877
p1918,0.5713555776579842,0.0,-1.866247044640227,-2.133805804785564,-1.8347806414953565,-2.437639205002807,-1.0312429051839587
p1920,0.6032956626353193,-0.07959709993951414,-0.10556278739114688,0.41628226585643935,0.02933631911137305,0.22820332024010337,-0.030909503752106104
p1922,1.0380760932484694,-0.07759187757417685,0.055018653811247376,0.932405931390203,0.5679264913172923,0.2266080235670932,0.037514373975756854
p1923,0.6032956626353193,1.762131362886568,1.682103552990311,3.027209640069385,1.5318518979538969,2.6409833387250585,0.5072576209414859
p1924,0.498212141474798,0.06706846722053683,1.1170300098730692,2.3521096679113644,1.5416963417046814,1.9531787906801252,0.9910095494766136
p1925,0.498212141474798,0.021341409569073377,-0.6523859876504989,-0.13454403690815786,-0.1780491964858249,-0.4797798472171389,0.28803637446552166
p1926,0.498212141474798,0.021341409569073377,-0.5395009708617557,-0.4069934943725475,-0.6465415360095506,-0.4022416919300213,-0.14014141669868607
p1927,0.9986924646930083,0.8358214089832323,-0.2864304853325219,0.5461351368965633,0.8133372698920873,0.6466890978059147,0.6708024420976866
p1928,0.9986924646930083,1.41038665133145,3.6926814088105013,4.567408556515492,2.978994650391294,3.6685694557584956,1.249617546675129
p1929,1.0380760932484694,-0.20774144573693043,-1.0447787673413522,-3.869849439206293,-3.2133406882449376,-3.078461524291949,-0.8351762300270451
p1930,0.498212141474798,0.06706846722053683,-0.05376938238991258,0.009442497661434901,-0.20020912402121788,0.06251653481182573,0.21278751092791737
p1934,0.6032956626353193,-0.18668569434904647,0.284457769255388,-0.24602426362720764,-0.33726050595464163,0.22006921797303486,-0.46870513195439933
p1935,0.5713555776579842,0.0683678272512882,0.6967475572117365,1.580378167113499,0.9632433427032512,0.8912987486421183,0.3760931677255481
p1937,0.6032956626353193,1.4547456576047644,0.5175597063855104,2.465253500283186,1.34896815835141,1.7717846284245928,0.7780285682406696
p1938,0.498212141474798,0.06706846722053506,0.5455555549917843,-0.19612784088923663,-0.4723969195703189,0.03905401620833926,0.010939861524018824
p1941,1.0380760932484694,1.6002923036042365,1.7264147890138073,2.8067571563331803,1.8005873509605794,2.1681175189797526,0.7220187624369618
p1942,0.498212141474798,0.021341409569073377,-0.28613073541679235,0.05807670017042821,-0.25949037428975896,0.15990596640774285,0.1574140393225747
p1943,0.5713555776579842,-0.03611288925007372,-2.284432593754964,-1.794951492501453,-1.4275030699617999,-1.8826602211880366,-0.7247304241412174
p1945,1.0380760932484694,0.3672805834717803,1.374427720160181,3.040336406840952,2.2303164702142766,1.84410448300268,1.1827612377055825
p1946,0.498212141474798,0.06706846722053683,0.7177678410425532,0.8759541373618405,0.40992012678004186,0.6380981694750465,0.5498543583410864
p1947,1.0380760932484694,-0.02609243176044629,0.3629009232688727,-0.003065310434688051,0.11298744876935563,0.08500834556845804,-0.14258427196365808
p1948,0.5713555776579842,0.0,0.15822534508616037,0.9037609588354534,0.4955180240212486,0.37884375357768474,0.35654186648095987
p1951,0.498212141474798,0.06706846722053683,-0.4389558135713294,-0.14438402263549555,-0.2794885839269436,-0.2988795453088428,0.21190828470767187
p1953,0.9986924646930083,0.12770850947590873,2.7152206059307016,2.887483447086234,2.092350288813901,2.5297418737711164,0.9670492314911883
p1954,1.0380760932484694,-0.015825956864555124,-2.5748746548665054,-1.498831736326908,-0.6697828080436419,-1.951586204332663,-0.2609385022899904
p1955,0.498212141474798,0.5422562918837048,-0.07198298843568196,0.6104126244183565,0.26536480195935985,0.3187935176263809,0.8033554330303243
p1956,1.0380760932484694,0.06089529347453926,0.13913532888474833,1.6028461764236934,1.293409430738458,1.2158845043116087,0.5859199592455493
p1957,0.5713555776579842,0.2453482126228863,0.8368103318824378,1.756993838257811,1.24352563964678,1.5396444343369484,0.666714467577739
p1958,0.6032956626353193,-0.10884507118966624,-0.433615442553382,0.25428919945194783,0.08165422628793143,-0.21749495705622118,0.43887942716438744
p1960,0.9986924646930083,0.40374723363251164,1.4942820114944766,3.0295572722829394,1.8487753339869362,2.2194115360343076,1.004642811896142
p1961,0.6032956626353193,0.19339266030223712,-0.11577650238336012,0.30187880724928395,-0.17593412693031496,-0.09293971430372211,-0.0031558871063044336
p1962,0.498212141474798,-0.7644887793303319,-0.14648167320024363,0.21483544258611847,-0.02499966646731866,0.5094757909802925,0.5859809646757927
p1963,0.6032956626353193,0.08630406589270478,0.6119515148700785,0.35331890562820034,-0.033992949407292805,0.48257459858263324,-0.22145575594093359
p1964,0.9986924646930083,-0.037434852838728716,0.26120737484934153,-0.15962229204133827,-0.1028712698892551,-0.11615754889153118,-0.8153622918340613
p1965,1.0380760932484694,1.3114769260867458,1.6492655408909354,2.3034937853200224,1.2035509284447428,2.144668997472952,0.478268718812922
p1966,1.0380760932484694,1.285227860987609,2.2429299026387524,3.9353524707856504,2.5277204127876853,3.3508315009100387,1.1615793009269009
p1967,0.9986924646930083,0.4362225183200801,2.5816397714011448,3.671554104992315,1.6512380465512098,1.9842398426015282,0.9253283498043068
p1968,0.9986924646930083,1.244826457062464,3.748973257106316,3.830541103736459,2.1606848500670286,3.1314582262894075,0.8288343201727972
p1969,0.9986924646930083,0.8358214089832323,3.005488780573037,4.51976122414438,2.9549423445860405,3.129112110087921,1.3071532721714094
p1970,0.498212141474798,0.06706846722053506,0.33272346649505913,-1.1093992382823834,-1.0687590126663031,-0.5805813327129192,-0.2786606551406514
p1972,0.9986924646930083,-0.037434852838728716,0.497626824073075,1.5157443255629572,1.2558047039914442,1.5024420802850114,0.6541741485507746
p1973,0.5713555776579842,0.0,-0.30230771427583747,0.058903781275802425,-0.1493361840491969,-0.5327103558984706,-0.21832509752944063
p1974,0.9986924646930083,1.026085588288983,2.067550280989141,4.192446703434142,2.5220303181159918,3.0537547460449272,1.3850083904598627
p1976,0.5713555776579842,-0.06685275780506217,-0.5855145710019407,-1.0731885704663815,-1.2894334021412786,-1.255395823073903,-1.1127344073475403
p1977,0.6032956626353193,0.12190129079289136,1.061122516426586,2.329033049579883,1.1562502990528902,2.036686143031623,0.0435366291552981
p1979,0.6032956626353193,-0.0037633240312366922,-0.1767589718651692,-0.5835748318759337,-0.3396122300664701,-0.38918532359135166,-0.2334650343059259
p1981,0.5713555776579842,-0.154354026639119,-0.396204052475575,-0.14536765404047558,-0.28696446035189044,-0.6945658356458045,-0.06264256821748404
p1982,1.0380760932484694,-0.38080739594916757,-0.6514390691103138,-0.6462644557958244,-0.6210198728951486,-1.3270267951851986,-0.39290675530454955
p1983,0.5713555776579842,0.25858507288185884,1.166399128818096,2.3107600997760853,1.4099945154152669,1.9204144598498645,0.26882029950565567
p1984,0.498212141474798,0.021341409569073377,0.0028311558296145733,0.9301815093529615,0.5595492179871921,1.1189207659259184,0.94066514883934
p1985,0.5713555776579842,0.05571730689988286,-1.062745884135488,-0.7697534274250515,-0.799519446328161,-0.8084841346006696,-0.8360196396471302
p1986,0.9986924646930083,1.1297005723163842,1.8328585536906932,2.236248827033063,1.6347992131682605,1.8378318773970004,0.9317903567660153
p1988,0.5713555776579842,0.24534821262288276,0.4348659237927315,1.5948919495061764,1.060068942471878,1.799661337662857,-0.19523078878193267
p1990,1.0380760932484694,0.9033672439687415,1.1039197761282082,2.1952578857731773,1.414891578104428,1.7195441089967383,0.5131080999012543
p1991,1.0380760932484694,1.4745109765622049,1.4119166188304888,3.1973282265561482,2.1220732416749537,2.099621410138707,0.8262139060503824
p1992,1.0380760932484694,1.2106317804219398,2.0614694714601036,3.278107299893319,2.1016450348530187,2.9109832686135024,1.16960467727192
p1993,0.6032956626353193,-0.0066006229823596385,-0.16298985129475518,1.1479742584871033,0.6628498589170619,0.40972035926246053,0.8757297996915892
p1995,0.9986924646930083,-0.1421037033306014,-3.4857548658170536,-3.6132502066849073,-2.6705471601567483,-3.247206615068949,-1.6430967706314874
p1996,1.0380760932484694,1.3588064112734681,1.4475191118431585,2.6714325528258778,2.1618784559184228,2.161858006302965,1.1735821390322592
p1997,0.498212141474798,0.021341409569073377,-0.11767687567014384,-0.21503557586367295,-0.5375319050851597,-0.04639569661598014,0.04377799159630236
p1998,1.0380760932484694,-0.012547367162827783,0.2523242001358845,0.25887628097571247,0.03188157413206594,0.09209627697008838,-0.22754575804417954
p1999,1.0380760932484694,0.7975658140287436,1.5010717981430073,3.5210512602223267,2.5272687094626036,2.5654349199674313,1.3411252855653277
p2001,0.6032956626353193,1.3581002066511676,1.0766764608709174,2.3854383560192933,1.6113228940226356,2.016067549368486,1.105327783049427
p2002,0.6032956626353193,-0.005100644257909792,0.3653952099472626,0.9157695966253003,0.44614233912618906,0.8060666419887856,0.10387390939036578
p2003,0.6032956626353193,-0.20018992997890628,-0.9660979551078235,-1.4266597762596145,-1.2397247382026737,-1.359192235134162,-0.9746132155851637
p2004,1.0380760932484694,1.2600739242398387,1.3745020498289282,2.420773637354211,1.525642962819639,1.5812830584641162,0.770602505312219
p2005,0.498212141474798,0.19625107270525355,0.9719992832949451,1.1588693375986716,0.684837135761893,1.4894466003409232,0.5953598564313811
p2006,0.9986924646930083,0.12770850947591228,-1.5535270176753144,0.4955002434497424,0.383796767322577,-0.1811116472494998,0.21234060684382605
p2007,0.9986924646930083,-0.037434852838728716,2.0203777452233513,1.3288152264491937,0.9827540723614958,0.8410914784697419,0.354226769902537
p2008,0.9986924646930083,0.8358214089832323,2.0526316806411185,1.9944918540990986,0.8261451673877229,1.0081775205070391,0.6237428032135188
p2009,0.498212141474798,0.021341409569073377,-0.27806997503953923,0.3174691775825086,0.06146761595228034,-0.05684347398073725,0.2330602006340765
p2011,1.0380760932484694,0.18939587041218786,1.0618924865787367,1.7932610661578205,1.1504759619359959,1.2839790066382943,0.3410605672273359
p2012,1.0380760932484694,-0.044774807426618324,-1.065397949675008,-0.8386009330647581,-0.3676921793623634,-0.9091344856229613,0.02437682753301118
p2014,0.498212141474798,1.0646190291074387,1.311959076617267,2.3846006123084216,1.56311588868721,1.9570558160542846,1.0954342163531603
p2015,0.498212141474798,0.021341409569073377,-0.06598670466220113,0.3995344251608173,-0.032200017296596134,0.09102484886419698,0.43462089105999446
p2016,1.0380760932484694,0.9166064970733405,1.6785573448993647,3.388254235836718,2.4349931977402433,2.5583026333503227,1.2693571460280904
p2017,0.498212141474798,-0.7644887793303301,-1.1309457288320726,-1.4337250806380961,-1.4226794325580054,-0.8534105554622533,-0.5380291831089483
p2019,1.0380760932484694,1.7941490674286804,1.586904848307988,2.782246260732841,1.5841650576689084,2.399680321426196,0.3189408294312095
p2022,0.498212141474798,0.06706846722053683,-0.08596664260664788,-0.05895987737586861,-0.22008623502611013,-0.15218380180296315,0.13749316283379365
p2023,0.6032956626353193,1.003474815177273,0.05087203577799926,1.0660302320921704,0.553252298313242,0.7478719502457407,0.4146415429963497
p2024,0.6032956626353193,-0.10884507118966624,-0.4514943441026169,-0.13259924782654353,-0.0763543823367051,-0.05093569367314049,0.09405750698873128
p2025,0.498212141474798,0.06706846722053683,0.34377500572776576,0.9014303183313741,0.6029181672611594,0.8255136504498171,0.6685233753220281
p2026,0.6032956626353193,0.2956371085095455,0.5244988929858483,0.7245736354796501,0.149624036200401,0.5434072288777475,-0.2954836443783275
p2028,1.0380760932484694,-0.45763465279187443,-0.5111066617054227,-1.149476137196975,-1.1116968633257887,-1.4565207645838631,-0.5077024384530215
p2029,1.0380760932484694,-0.006955590175691029,0.46390172311600963,0.5708225207939692,0.07341453489659255,0.45469616474056396,0.08858087464130548
p2030,1.0380760932484694,-0.38080739594916935,-1.856364428221232,-0.8217499650659223,-0.6632196283197227,-1.1372042586238535,-0.4427866996715242
p2031,1.0380760932484694,0.10240814517720231,-0.11185708480442713,0.6454148322771873,0.33860124597705377,0.14881333609643344,-0.0199302870440885
p2032,0.9986924646930083,-0.037434852838728716,-2.6932111308958664,-1.6784388138305335,-0.6488085853160234,-1.4914928725436338,-0.6393430942665415
p2033,0.5713555776579842,0.0683678272512882,0.658429429621604,1.7176073570429493,1.3297857460549374,0.9929482976869415,0.7472877988946038
p2034,0.498212141474798,0.06706846722053683,-0.17866013512422896,-0.6264005384937821,-0.5614152064914208,-0.5228417606971887,-0.039241955797429284
p2036,0.5713555776579842,0.05571730689988286,-0.9566648737465862,-0.5255893732764221,-0.7168833394940848,-0.7402854995294467,-0.3521032872931915
p2038,1.0380760932484694,0.13772255031724612,0.46242056831970935,1.6641037710111874,1.246897035543216,1.6616170992915158,0.3268088563157914
p2039,1.0380760932484694,0.02558088833449368,-1.3964384404180823,-0.8221640040068601,-0.9699080250022247,-0.7758796172701019,-0.5438157977318987
p2040,0.9986924646930083,0.12770850947591406,-1.412796784688446,0.8311967042130729,0.8599107541951626,0.5388042557306147,0.6805107262878671
p2041,0.9986924646930083,1.1018249964243232,4.27423600072717,3.017350347160927,1.2562568652651387,2.055387446041463,0.536982051378228
p2042,0.498212141474798,0.523841084993073,-0.2668553588342544,-0.027604240892450616,-0.5379425417046801,-0.39473658082477264,0.19835520271680807
p2045,1.0380760932484694,0.7992504973069225,0.16411916362322643,1.1831857408496074,1.2388562357073076,0.1855940404663401,1.0780995135506952
p2046,0.6032956626353193,2.154493926935272,0.8066562930447798,1.7928329211734237,1.1714596911835278,1.6588791240550762,0.5630012058537073
p2047,0.498212141474798,0.6841632250226439,0.8497400064120253,1.0763595612428851,0.47601706222015844,1.1065647988151386,0.35530654659212857
p2050,0.5713555776579842,0.06836782725128998,0.540447482760479,1.074375125692802,0.7500143061616078,0.9681068860498135,-0.2765897212097759
p2051,0.498212141474798,0.021341409569073377,0.1066300417203756,0.20516575847679208,0.02534234342819147,0.317614531669266,0.5467743362316977
p2052,0.6032956626353193,0.19339266030223712,-0.0936829239301602,-0.1254270944851359,-0.43438364451679423,-0.15176929526307364,-0.7766005752555571
p2053,1.0380760932484694,0.07359201430477746,0.6418707360765445,0.9258603353018563,0.4158017150768924,0.3757141076706154,0.20363747561139434
p2054,0.5713555776579842,0.45344997863685066,1.0413129118721205,2.8177812948875145,2.029932111381989,2.274385464538507,1.1512190004290943
p2055,0.498212141474798,0.06706846722053683,0.3865616617112835,1.142615941702687,0.8116484935151256,0.9364440718530931,0.9246648494670069
p2056,0.498212141474798,0.06706846722053683,0.5593601403430384,0.46370155504885435,0.07851846365283188,0.563729280404192,0.24770273159057155
p2057,1.0380760932484694,0.09874595105254436,0.2337983070629086,0.4552577785189742,0.17561029955091823,-0.19226119213663684,-0.12980412951968923
p2058,0.498212141474798,0.021341409569073377,0.24629909984605547,0.29753149516969474,-0.1135462206637779,0.2517575165247286,0.3296148219793249
p2059,1.0380760932484694,-0.45763465279187443,-2.3715724748030738,-5.403198078249363,-4.258795628662792,-4.988806016730248,-1.2218795792550505
p2060,0.498212141474798,0.5879833495351665,0.9983948908813645,2.1356247511872946,1.5034886171953485,1.3476460700903161,1.4786157988551771
p2061,0.6032956626353193,-0.3352204173783999,-3.01950299218681,-6.572684504644334,-4.566154759711909,-5.486805209160861,-1.7270198103972785
p2062,0.6032956626353193,0.10549915752887173,1.0944082112015856,0.25516440124671713,-0.136329407983808,0.11155902875944929,-0.3782771385681798
p2065,0.5713555776579842,0.0,-0.5654173404363192,-0.5833560751933593,-0.7087712303666469,-0.6203143543703216,-0.972840718341299
p2066,0.498212141474798,0.5879833495351683,0.45027190268985606,1.3566787172143693,1.0976191554771257,0.7411051149368388,1.1801305355077698
p2067,1.0380760932484694,-0.006955590175691029,0.09915306755560849,0.9934598809572799,0.7464222484960045,0.6487768674741994,0.28335190736019555
p2068,0.498212141474798,-0.40680177645207216,-0.8298196386710792,-1.1108997140425978,-1.193036260699507,-1.0461775646166687,0.02145869601351258
p2069,0.6032956626353193,-0.200422582718236,0.23887007868852805,-0.5002506298894525,-0.3923723423061175,-0.3236782757078936,0.11753015196930683
p2070,0.498212141474798,0.587983349535163,0.3835610109363987,1.340614422329479,0.8617021126803956,0.8993001298687147,0.9481227665468523
p2071,0.5713555776579842,0.32485487703292826,1.047630954096043,2.2269875405472046,1.5189102351884627,1.8488133232333874,0.3909894758647905
p2072,0.6032956626353193,-0.3855976468330411,-1.2300631648184517,-2.1753513286934414,-1.3738268139806677,-1.6872563809800663,-0.5358284713038639
p2073,0.9986924646930083,0.1277085094759105,-0.7958601950700661,0.09660048686771228,0.22423700688152554,0.1810973762174265,0.06246452635597777
p2074,0.9986924646930083,0.40374723363250986,2.915089017276494,3.450247595516814,1.590116877359531,1.8273950924945384,0.8965169702845444
p2075,0.6032956626353193,0.2956371085095455,0.7302889562838999,1.0496997767089309,0.4273385474279518,0.9270506861034777,-0.17035654728030458
p2077,0.9986924646930083,2.3581289551668903,4.230438253855281,5.2225512450541,2.8866142804130943,3.8810983930644247,1.0005821612923373
p2078,0.498212141474798,0.22603897095796022,0.7476891808520829,1.2511452557495075,0.8352731003740161,1.080018380031555,0.8278292489312022
p2080,0.5713555776579842,-0.019256668667509302,1.1092632569980925,2.23934933269729,1.4315709475871772,1.7232084985414946,0.9889539242676282
p2082,0.5713555776579842,0.0,0.7864463883877093,1.3716231976034077,0.9177802972604341,0.8196543479596522,-0.11614112711083635
p2083,0.5713555776579842,0.0,-1.8459635789864137,-1.9519345410268725,-1.599619823900156,-1.9873317714824987,-1.0018780037189803
p2084,0.6032956626353193,1.9487882423456817,1.5811635959320043,3.3460819483741737,1.8579126347647705,2.7736411449350347,0.8796778194407082
p2085,0.498212141474798,0.653800986151797,0.9951419017829917,1.293096968046993,0.6599398928346342,1.1943648226078223,0.6041353046419893
p2086,0.9986924646930083,0.8522946996586604,1.6566220953118709,1.4665346756999602,0.9164598944513637,1.125662178317654,0.07012439286315697
p2087,0.5713555776579842,0.40166972510407284,0.5910857566187886,1.8846587866306155,1.4586367494253583,1.6158440478894283,0.7322791915190905
p2088,0.9986924646930083,0.2710791560054311,1.39767207234752,2.775122762093927,1.6833645569548747,1.933417151670859,0.26293132706687494
p2089,0.5713555776579842,0.05571730689988286,-0.772326731408711,-0.38791251299862906,-0.4257536255899727,-0.35258168889655817,-0.2613218050981452
p2090,1.0380760932484694,0.124943068260432,-1.4724502473718672,-1.2632986604084158,-0.8689318380878146,-0.21895384411710994,-0.587058252875293
p2091,0.9986924646930083,0.43622251832007564,1.4449100727142596,2.144566147394342,1.1507037695580846,1.583679297115101,0.3427948357103787
p2092,1.0380760932484694,-0.45763465279187443,-2.6083909358312294,-3.0641513688919195,-1.903199787296534,-3.188695940827972,-0.7381992252385494
p2093,0.9986924646930083,-0.23354950671515518,-2.300969751190749,-1.5909793289607492,-0.8938607237154986,-1.3463238906296473,-0.34348952633864016
p2094,1.0380760932484694,0.20015924248419736,1.5602926111159654,1.8223825914247396,1.3775750150724295,0.8844325525433419,1.0006433373612342
p2096,0.5713555776579842,0.0015150694462278125,0.25833097738266453,0.24818654216263863,-0.1616281442744925,0.2202727671599851,-0.654701956674943
p2098,1.0380760932484694,1.0466230470370137,0.7714848263548912,1.8348872193630519,1.0234811087782534,1.76239368284926,0.05331627987241028
p2099,0.6032956626353193,0.9221024891809328,-0.07251550441103127,1.0467904973005124,0.5612108992202834,1.019623267630382,0.38481253648576974
p2100,0.5713555776579842,0.1638207699784111,1.1560069899427337,2.1508136775887685,1.2932176696033926,1.9497292167988525,0.2539460128020572
p2103,0.6032956626353193,-0.09794548177159967,0.1377915595584973,1.4013530772777156,0.9440903266666885,0.775071658824585,0.9316013846780944
p2104,0.9986924646930083,-0.14210370333060318,-3.917498156353995,-5.004859443952821,-3.4519765425406748,-4.174970367023483,-1.682629146123217
p2105,0.9986924646930083,-0.037434852838728716,0.08934673986180464,0.04780777550423443,0.3013888834272319,0.27800887377347505,0.24493671735282518
p2106,0.6032956626353193,0.5246524478324988,-1.1062978684292162,0.3570588708946538,0.32873262221966804,-0.010563590005443213,0.7203735747799254
p2107,0.6032956626353193,1.6562946462556756,0.9428778166221914,2.397489350947617,1.2520737319443085,2.062010287411905,0.4962220500688641
p2108,0.498212141474798,0.5879833495351683,0.767267978789409,1.8812634427651296,1.4485838926284944,1.1300281486798627,1.4013696917675844
p2109,0.5713555776579842,0.3391458946149104,1.3675836624514055,2.3193831460537675,1.7230385724915245,2.070996091262988,0.5021194693662085
p2111,0.9986924646930083,0.12770850947591228,0.08564528692231121,-0.5439184916809777,-0.44847994109063893,-0.19254416655519635,-0.35061784434595644
p2112,0.9986924646930083,0.2386038713178671,-0.9220524600554629,0.46468879878440517,0.6097383135912109,-0.14622839234182383,0.12447003096790255
p2113,0.5713555776579842,0.01888038507056855,-0.2432948755384139,-0.20317676703065923,-0.3910488046809408,-0.2435950467799938,-0.4243650275051021
p2114,0.9986924646930083,-0.037434852838728716,1.891224245925681,0.28583418654968396,0.4595784192289011,0.7151030359910551,-0.14948725789832018
p2115,0.6032956626353193,1.1180450729830538,0.22684588528370675,1.1573836050211737,0.5088171321072552,0.8551303321119956,0.27093713780467077
p2116,0.9986924646930083,2.9671500705483034,4.049647213984047,3.1412914591708594,1.8833677994999936,2.975303367091798,0.5732146751808784
p2117,0.9986924646930083,1.0009647712978769,1.8222059267176984,2.198825304154702,1.4038118706434135,1.93989064512651,0.7691679593217025
p2119,0.498212141474798,0.9858443318240191,0.6248071325850884,0.48150505565969415,0.0846809349365037,0.5743811954333629,0.37465436968412824
p2121,1.0380760932484694,1.4528047463775886,0.29796942726963316,1.7560156700174736,0.9540070470049276,1.940593909322958,0.05165114799406112
p2122,0.9986924646930083,0.43622251832007564,-1.1367834048969083,-0.8190623075320597,-0.21311525171226808,-0.5624934008479142,-0.291639182596132
p2125,0.498212141474798,0.5879833495351674,0.35528863210864436,1.3060112536062258,0.8806758015321383,0.7977856915869687,1.025124299914653
p2126,0.9986924646930083,0.43622251832007386,3.2641208909502755,2.5033449841044613,1.2262832438143914,2.017365539996676,0.3476896409261432
p2127,0.5713555776579842,0.24534821262288808,-0.0897207190722753,0.8399709216428803,0.4640367223577547,0.6137107345642547,0.02644664159743826
p2128,0.498212141474798,-0.5520312926963111,0.12765584206937852,0.8716335643073553,0.6354964609033378,0.3235847351509591,1.1838550889405681
p2129,0.498212141474798,0.6995280438032614,-0.17009897101754934,1.4987536957075294,0.6172489813530642,1.0025815191203749,0.5896702144966337
p2131,0.9986924646930083,0.12770850947591583,1.0364154283760882,1.3103344826862522,0.7233685606416564,1.0603046253260224,0.12462138085007979
p2132,0.9986924646930083,-0.23354950671515518,-1.6743809395809315,-0.7855459880850103,-0.6965627379283349,-0.3984050909343563,-0.2324239560554915
p2133,1.0380760932484694,0.35020921439799935,0.9525535121505104,1.6792209501922652,1.0314171001302983,0.9856019749214775,0.13167403027181734
p2135,0.9986924646930083,1.242126071956097,2.5105160669266695,1.765087643690815,0.7760601677293977,1.9870410836621595,0.20547970934174842
p2136,0.5713555776579842,0.42401709631508844,0.6871614467007348,1.6436264635961602,1.0302180055517058,1.1459405253035766,0.6464890549738165
p2137,0.6032956626353193,0.2233808685147629,0.5962344080124922,1.3867067542713358,0.752193103263328,1.1515083287857855,0.13966430813567676
p2138,0.5713555776579842,0.23970468781129473,1.4529759777285296,2.335651594762898,1.5537397088170406,1.6892330881037727,0.7992242019966138
p2139,1.0380760932484694,-0.38080739594916757,-0.10400248442782711,0.02582845812887502,-0.4445247045058136,-0.2357778966199059,-0.3811222037475659
p2143,1.0380760932484694,0.10240814517720231,-0.1762168135569624,1.2964228591155713,1.0113332482968573,1.1820286331562697,0.37661466950376266
p2144,0.5713555776579842,-0.15810000030102955,0.30434316360080693,0.6800279773822109,0.37637674618479894,0.1953783339391221,-0.33446595138867785
p2145,1.0380760932484694,1.0797129889023998,2.1568633459237017,2.7964966719222164,1.8113758907942135,1.8019419574467035,0.7901301925028097
p2146,0.6032956626353193,-0.4191880244821231,0.44785440862395376,0.9897645206557181,0.7048221966405488,1.0285494560231647,0.7656367191015967
p2147,0.6032956626353193,0.10065501132664778,-0.5653066186206495,-1.8907812798423673,-1.4564858005537649,-1.7396823447483754,-0.8341886303825987
p2148,0.9986924646930083,0.2710791560054311,1.0570962640583605,1.1138352790139217,0.6001971765739593,0.9121648095126211,-0.3695612321734192
p2149,1.0380760932484694,0.06089529347453926,-0.6595714340970247,-2.3587376407470897,-1.9524930451698066,-1.573307386344537,-0.46799595622021073
p2150,0.6032956626353193,1.842951525714783,2.1120823392615726,3.763153204424568,2.226199980809896,3.239893210564924,1.1242217593396457
p2151,0.5713555776579842,0.4240170963150902,1.6495764555484573,2.5921147772507878,1.6767565033422016,2.254610112696206,0.7085492185664357
p2152,0.5713555776579842,0.18059974569518644,0.9072456892708178,2.1532036819067004,1.4261968440508819,1.8598722066594837,0.5931690719250025
p2153,0.9986924646930083,0.12770850947591228,-0.9912549003628346,-0.6867685598493355,-0.6819855165932335,-0.7508849080366101,-0.06177703673943569
p2154,0.6032956626353193,-0.5105328832713631,-0.3721530990557351,-0.6605607588725042,-0.3186637288875547,-0.14864968091119396,-0.2529660841704846
p2155,0.5713555776579842,0.0,-0.6068496654462106,-1.0556533922613862,-0.9391023534964817,-1.4983294539450835,-0.27656545797685794
p2156,0.498212141474798,0.22603897095796022,0.14324115792115144,0.5922129187525305,0.323282975306121,0.6824852628849958,0.7582996177947585
p2157,1.0380760932484694,0.0987459510525408,0.37728372751771033,1.1536531291687993,0.8821212341672402,0.9659931717219137,0.3028916087904303
p2158,0.6032956626353193,-0.13779628820596557,-0.8716296569693434,-1.1638742161782214,-0.6533772382267958,-0.9079575774262687,-0.16307870982197947
p2160,0.498212141474798,-0.5520312926963111,-0.6571502909987004,-0.41543867963123615,-0.4402731120254492,-0.7206676286427065,0.32829492426893836
p2161,0.498212141474798,0.06706846722053683,0.17388507293428468,0.3975644402356301,0.08639586399524424,0.5739625546279574,0.17653694206298454
p2165,0.498212141474798,0.6995280438032632,1.2678342118857895,2.358887311034445,1.6539346901584258,1.8760270464067146,1.1558258260922845
p2167,0.498212141474798,0.6995280438032623,0.7579071077388324,1.723991931833489,1.3443119891491149,1.147303875561497,1.0672306716737232
p2168,0.9986924646930083,-0.23354950671515518,0.8201081275767432,1.1220341398017235,0.3416460469616547,0.553094668682711,-0.11843293817228684
p2170,0.498212141474798,-0.8977831639283078,-0.8075707906552392,-0.851914194028883,-0.9118318222918931,-1.1545403061150203,-0.3017795828776162
p2171,1.0380760932484694,1.0110035657360505,1.954519602984636,3.4557023069064887,2.023452924880439,2.961981625763628,0.48333260346151263
p2172,0.9986924646930083,2.1929855928522626,5.5116616916595245,5.017041449053284,2.794239251828115,3.738472938314512,1.3561118246682238
p2174,0.9986924646930083,1.595768055186885,4.114744168844663,5.021925776523649,2.913591729136769,3.9917365935363636,1.3851778580694578
p2175,1.0380760932484694,0.18939587041218786,0.6212044049273899,1.6741425834803896,1.239894413723564,1.2389928499261567,0.36796206393545283
p2176,0.498212141474798,0.06706846722053683,0.009128261625839684,-0.2305291532760383,-0.34856163452598515,-0.08241152653343076,-0.20784928595114138
p2177,0.5713555776579842,-0.15810000030102955,0.2873202874083898,-0.28663141529153424,-0.6580864190676967,-0.7191677065925952,-0.48380352565445506
p2178,0.9986924646930083,1.283664708617919,0.3369695582136645,2.182217547859955,1.1989504247132619,1.1666499518740152,0.11122946836315961
p2179,0.9986924646930083,1.760911417501533,2.1923395032067834,2.9459954224866216,1.443153961598456,2.0351716437482508,0.8216234397139512
p2181,1.0380760932484694,-0.3768646101871358,-1.9452697957821954,-4.461153424494332,-3.3409924611067057,-3.7066642224789983,-0.8568870527594559
p2182,0.498212141474798,0.021341409569073377,-0.09425943424197136,0.40340810133909555,0.12084196456020585,-0.02776863757972914,0.4313014573966214
p2183,0.498212141474798,0.06706846722053417,-0.20167015460593696,-0.09040708093188998,-0.3052333075605683,0.19713572623977932,-0.0658812798369155
p2184,0.9986924646930083,0.5622402946421579,-0.9354479862558449,-0.18880607106448866,0.2903231423022182,0.18818646931266003,0.5142912875455039
p2185,0.6032956626353193,-0.1121892386674439,0.1209281483346416,0.08351498460418627,0.041241579538855544,0.24893042796226522,-0.4146820835822709
p2186,1.0380760932484694,-0.3768646101871358,-1.0552245865035097,-1.1196317010972034,-0.8006351742002034,-1.183785361147669,-0.5179254088490381
p2187,1.0380760932484694,0.07359201430477835,0.1316075636029339,1.327909539528081,1.251198591336718,0.8341733922182467,0.5288563386604856
p2190,0.6032956626353193,-0.10884507118966624,0.2706294657558903,0.6586742756522375,0.3904892876101863,0.579908236430786,0.4701491496208501
p2191,1.0380760932484694,0.23705983890810245,1.4496258283999364,2.2046535080772562,1.1569709792794152,1.3038271506894075,0.24760104076142753
p2193,0.6032956626353193,1.270206703877812,1.0653440030161416,1.7205867873795193,0.9411003511389171,1.3812523922020634,0.5404633731721411
p2194,0.6032956626353193,-0.200422582718236,-2.23750155043421,-5.830585888834007,-4.201354768666692,-4.9476045612024775,-1.4031397887557073
p2195,1.0380760932484694,1.71318426799614,1.8233222183239715,2.4570826921333166,1.4842360729194857,2.202660152968081,0.8000137641752154
p2196,0.6032956626353193,-0.1121892386674439,0.5430210372741033,-0.19141949503466682,-0.1888064563806533,0.02459553373633766,-0.43757218522829966
p2197,0.6032956626353193,1.7358629313052454,2.888626815917193,4.4841897816038765,2.6501999988216163,4.152912429563369,1.2137165514377717
p2198,0.498212141474798,0.3435403138794193,0.7089622689486923,1.5722115869426978,0.8338780006815294,1.0711449635108365,0.733946299320289
p2199,0.9986924646930083,-0.037434852838728716,0.36660882295104,0.04674056428541207,0.3305290791731832,0.5079109047250063,-0.21070502397268065
p2200,0.498212141474798,0.6995280438032587,1.0373005668766542,1.320804118596004,0.9246779931813838,1.3873244643287823,0.7581068556914978
p2201,0.9986924646930083,0.69762639696566,2.324155710693626,2.3981320695291886,1.2877362456781258,1.6311474040434988,0.6484793556859927
p2202,0.5713555776579842,0.08535066117217305,0.6483379139724814,1.117021899695495,0.5939620782770401,0.9931859386351759,-0.21828397812357636
p2203,0.9986924646930083,-0.037434852838728716,1.5999021714347261,0.36969691752908795,0.45240356935635057,0.610239336385259,-0.14613541898719973
p2204,1.0380760932484694,0.16910164681365636,0.08608630627847447,0.7502029237115257,0.34653191449954684,0.2927122930469153,-0.15430473956563517
p2205,0.498212141474798,0.5422562918837093,0.4326120480737963,1.5900354948557716,1.0380701614854753,1.146268852153107,1.3006865380288684
p2206,0.498212141474798,0.021341409569073377,-0.43589308477175237,0.04820973841064213,-0.348938810488236,-0.06527239465070972,0.020357963771727938
p2208,0.6032956626353193,-0.200422582718236,-0.4017213012654022,-0.16948413942024199,-0.4023620325567756,-0.7274963278022302,-0.13289176168856365
p2209,0.5713555776579842,0.1769803853715981,0.6423258458415528,1.1217075311271192,0.756085750819377,0.7233225575424673,0.026752349397408892
p2210,0.5713555776579842,-0.15810000030102955,-1.311242448140355,-0.9777573311179075,-0.8975809227920108,-0.8945858268622836,-0.7204181894967654
p2211,0.5713555776579842,-0.15810000030102955,-1.3679748976087716,-1.7451866548201813,-1.4414696769670041,-1.7888555485528765,-0.9910786368006654
p2212,0.9986924646930083,0.2386038713178671,2.208339737105172,1.9257745561835824,1.628669964548739,1.678624375456218,0.5372510435498814
p2213,0.5713555776579842,0.0,0.4251907840792466,1.2675661387072503,0.8270301057233653,0.5583045278552109,0.22294921946986435
p2214,0.9986924646930083,1.5957680551868911,2.7398236887076273,2.831356869724276,1.5847933705614996,2.0810951531746267,0.6258395926134117
p2215,0.6032956626353193,1.3432176222900978,0.6348396324329766,0.09274116050343029,-0.3340513303870003,0.10874121743820014,-0.7357554410694966
p2216,0.498212141474798,0.5879833495351683,0.8580326204644884,1.617412907491856,1.1965658952291411,0.9866432077031639,1.3384030160225553
p2217,1.0380760932484694,0.13772255031724434,1.303204645752368,2.6157702788497255,1.8044848675139198,1.9918948469801832,0.5581092104539724
p2218,0.5713555776579842,0.0,-2.589500465705001,-3.476877244895218,-2.89521689200002,-3.625842236078662,-1.292646027560325
p2219,1.0380760932484694,0.15041927114748432,0.8580477663988226,1.5265592480903467,0.8557379764774219,0.8391569254666513,0.17665580662239933
p2221,0.6032956626353193,0.08630406589270478,1.0278350553629139,0.8600194615408399,0.37232254693146183,1.082067095871586,-0.11900420527806332
p2222,0.6032956626353193,0.19339266030223712,-0.3014152502196161,1.2333220035261658,0.5384417995134254,0.7512726442734514,0.10297812128703399
p2223,0.9986924646930083,2.486864756185401,3.648804602577819,3.852871218848131,2.245899253588336,3.017862584599281,0.9138664142610278
p2224,0.9986924646930083,0.12770850947591406,0.6134211979706752,0.21189355387139042,0.21038992800043627,0.42650831466127487,-0.2526464472584191
p2225,0.498212141474798,0.021341409569073377,-0.5644473130206205,-1.108817986225657,-1.1155398337004703,-0.834941503186075,-0.3855743289171798
p2226,1.0380760932484694,0.15041927114748432,-0.120224941652463,0.8178298902325143,0.47059187329827923,0.5224286692799598,-0.07706224263840866
p2227,0.5713555776579842,-0.14209794087113714,1.0033842228367593,1.4185834812982459,0.7977116116234348,1.3644017839153881,0.2935732330034728
p2228,1.0380760932484694,0.06343154591249878,-0.8067627173166141,-0.4304983921118879,-0.2933599099235822,-0.5441321364402745,-0.3436518471265586
p2230,0.498212141474798,0.021341409569073377,-0.6836445939645461,-2.155302636212468,-2.071031190514394,-1.5214834051431363,-0.7434807818020097
p2231,0.6032956626353193,0.35545350300889567,0.32864986429288834,0.744302401003625,0.4251982780066388,0.4369815956196145,0.1763420400861584
p2232,0.9986924646930083,1.1958955624267213,0.9717022266850854,2.2058970853505087,1.4055870129033277,1.7147741308507234,0.5004759969346999
p2233,0.9986924646930083,1.9029254630291366,2.2141911425016083,1.7515086345203335,0.8606060450706106,1.8093752290968745,0.025798021734907195
p2234,0.5713555776579842,0.0,-0.20095849956716272,0.47269911760913813,0.3452301719309731,0.10443321813101247,-0.082120418115192
p2235,0.5713555776579842,-0.15810000030102955,-0.5743927305426819,-0.6762802207167353,-0.9118538437371302,-1.565471033222739,-1.1489633665920689
p2236,0.5713555776579842,-0.154354026639119,-0.9225070531814143,-1.0692218968608302,-1.0005575131384876,-0.875845482289802,-0.6717902037216472
p2238,0.498212141474798,0.06706846722053861,-0.3441424740845864,-0.4098323987264997,-0.5389644408445564,-0.47646179361206403,0.4392984085971321
p2239,0.6032956626353193,1.541188614118763,0.7192629481921031,0.9457967559516169,0.3970938197237579,0.6508040322149278,0.00658072014268285
p2240,0.6032956626353193,0.1933926603022389,-0.0564379284848755,0.7266729466652834,0.3467511546131128,0.2764904479033324,0.2918570838222809
p2242,0.5713555776579842,0.364680429091619,0.5891561029437629,1.114229884508927,0.8610007657893217,0.908173815078686,0.261492263036164
p2243,0.498212141474798,0.653800986151805,0.6372322288795189,1.2965675879049687,0.6970456111519507,0.8049594607074049,0.9476283252407498
p2244,0.5713555776579842,0.0,-1.5816588455700948,-1.6558592696657677,-1.5868879467641086,-1.6830460974790606,-0.9139075691099467
p2245,0.6032956626353193,1.717666761045816,0.9974122619825847,1.636807294309138,0.9100065918602105,2.0116155191546,0.6090086631661311
p2246,0.498212141474798,0.5879833495351665,1.0192473747012318,1.5896605391745984,1.0665661995965139,1.346439962029003,1.1449990113982578
p2247,0.5713555776579842,0.0683678272512882,-0.02248689380394886,0.09484137070547005,-0.1984610946301451,-0.44814520253263945,-0.8581383212668516
p2248,0.9986924646930083,1.1614716906125002,3.221285115142021,3.9656184924077316,2.3405115480183802,3.2461821642362185,0.8374647267893689
p2250,0.5713555776579842,0.06836782725128998,0.4359362263944533,1.0923099788487158,0.6560401260535589,0.9344490788077868,0.17172428662155426
p2251,1.0380760932484694,0.18939587041218608,0.8397997723293837,1.4192901708045107,0.7701470291547845,1.18637050769514,0.08680058537243163
p2252,1.0380760932484694,0.13772255031724612,1.7192297632955302,3.0005520385982525,2.09904484397106,2.555495624119762,0.7488667242755476
p2255,0.498212141474798,0.6995280438032685,1.3711817900577206,2.715632957874709,1.9358985377155835,2.0014193035225194,1.3510053546663183
p2257,1.0380760932484694,-0.13091418889422357,-1.13368300032967,-1.1216963168268292,-0.8435295552336657,-1.0638157461949351,-0.48280909655559867
p2259,1.0380760932484694,0.9682798171682929,1.5791105193856136,3.3177049418104696,2.296701642897545,2.3276628286264187,0.9869076675689179
p2261,0.498212141474798,0.021341409569073377,-0.3352301349432665,-0.25148922047173317,-0.23711188040198256,-0.9106698790008663,0.6214160308064489
p2262,0.6032956626353193,-0.200422582718236,-1.0061903448977514,-0.9278760118485798,-0.7045958803475016,-1.0852386214062726,-0.28163353275203384
p2263,0.6032956626353193,2.2134022053140656,1.0269241231665251,2.3408728709702187,1.054257067174509,2.08206886228393,0.2691446960743935
p2268,1.0380760932484694,0.025580888334495455,-0.12592926696312645,0.29114727561244724,0.12427959627531338,-0.011707263893264597,0.04334199049350751
p2269,0.498212141474798,0.06706846722053683,-0.34043891816647687,-3.1124253297734943,-2.806672579359394,-2.2037563054371687,-1.1299921264883448
p2270,0.6032956626353193,-0.0037633240312366922,0.7370187136897748,0.7101127311082556,0.5234057137489335,1.0170119252726126,0.13545017638119283
p2271,1.0380760932484694,1.8068457882589204,1.8342537055006556,2.2172679296923543,1.1841371756839778,1.5626566436609708,0.3157591104876687
p2272,1.0380760932484694,1.7526060896065871,1.8082789965156927,3.641769651487647,2.295583660433551,2.5819150643983555,0.7793085826628765
p2273,0.498212141474798,0.6995280438032623,1.1731687190415485,2.065809213188791,1.4123694199137604,2.125754107473423,1.0379152593884555
p2274,0.9986924646930083,1.760911417501526,4.981980445638308,5.660116426646643,2.877129506465178,4.3041277666503746,1.36363725390623
p2275,0.9986924646930083,1.0260855882889812,3.0138063059501468,4.2025467913072845,2.5088309074921864,3.3412457169858385,1.1181747470301975
p2276,1.0380760932484694,0.011758225817557033,-1.1398184536544242,-0.16135981376471742,0.12678274613895002,-0.14912589866250214,-0.049250384743718456
p2277,0.9986924646930083,0.9943144699928776,3.599227389938859,3.4305302115722585,2.26492417620352,2.605470512837062,0.9065746388468057
p2278,0.498212141474798,0.06706846722053683,-0.929101654327404,-1.6694746695845089,-1.5545372526697951,-1.6050214822174205,-0.3044525917355898
p2279,0.5713555776579842,-0.19046691588919362,0.299424549045499,1.2697080417737951,0.9803915179115612,0.9048158348923867,0.7323755147066819
p2280,0.5713555776579842,-0.06685275780506217,-0.4237565579578533,-0.45044666710437054,-0.6757405426446261,-0.8354585148995238,-0.9655263113366939
p2282,1.0380760932484694,0.025580888334495455,-0.8019777739081242,0.8684315285358468,0.4022311226917915,1.1524301327737239,-0.3400308115429791
p2283,0.9986924646930083,2.2114394718733017,3.70373211561429,3.0815844726786397,1.9793913489592145,2.7770161167457483,0.5500074551257406
p2284,0.6032956626353193,-0.17020172176638226,0.16016314393873365,1.0780183254371511,0.5283195766340814,0.9994292560375309,-0.12689496185211802
p2285,0.498212141474798,0.587983349535171,0.728294812455248,1.6939160125809765,1.1925863117393658,1.174541783449317,1.154018444045418
p2286,0.498212141474798,0.021341409569073377,0.1826422262108789,-0.1340312827648409,-0.40351169143509574,0.025591407965153856,0.1235803436391052
p2287,0.5713555776579842,0.433048256342909,0.8753788503233846,1.6450249641416497,0.9237248746811697,1.1941447290378724,0.33279965737385986
p2290,0.5713555776579842,0.0,-0.4973407244972794,-0.6503223147264594,-0.72870601762273,-0.9431846628587522,-0.605531046219614
p2291,0.9986924646930083,0.43622251832007386,2.5533232092467557,2.6811714669592694,1.7031920536865766,2.4847966943283537,0.313176302374524
p2293,0.498212141474798,0.4317495951121231,0.5215256317820298,1.4084153606383498,0.6958577929156566,1.45885565441792,0.4995835511762472
p2296,0.6032956626353193,0.2956371085095455,-0.2135040630038958,0.7665796177879547,0.2897818597403093,0.6920270117856973,-0.3466481626920981
p2297,0.5713555776579842,-0.1023826934011467,-0.983611569176496,-0.2931050491669539,-0.43451500027682916,-0.3568535546666777,-0.12371795996002177
p2298,0.6032956626353193,-0.1121892386674439,-1.8054591114323308,-5.123888013316477,-3.673266231303362,-3.9669545036084286,-1.5226162801751535
p2302,1.0380760932484694,0.02191869420983661,-0.21765577920604606,0.9527725072873569,0.48895742090616107,1.0351585744734138,-0.11761445473195486
p2303,0.9986924646930083,-0.037434852838728716,-1.5556413270928147,-1.9777093500487837,-0.9003728695466576,-1.2569244721930466,-0.6050121462526299
p2304,0.9986924646930083,0.0006829624298241299,-1.826158165622095,-0.01584577704875667,-0.2049307709589986,-0.5905890232513104,-0.022801125543232104
p2305,0.498212141474798,0.021341409569073377,0.17529736326591028,0.02935410892949486,-0.28629480408548874,0.4000881712536671,0.29735459904974704
p2306,0.6032956626353193,0.19339266030223712,0.05421236198880841,0.46265851308266964,0.03827331294723274,0.3775268115619167,-0.17876449777859804
p2307,1.0380760932484694,1.3541474542540444,1.422954542880265,3.811557358667981,2.4854836014178816,3.366493859526946,0.9266390619156741
p2308,0.5713555776579842,0.0683678272512882,0.10836304860189827,0.8782521461208543,0.45910490405141313,0.3495391396724764,0.18862222922173544
p2309,0.9986924646930083,-0.037434852838728716,0.27904227440610896,-1.0001966878520179,-0.5189618065413782,-0.47678769422742173,-0.600540371033162
p2310,0.6032956626353193,-0.24364290584983017,-2.0041550781216486,-2.742463781019283,-1.7229080948689448,-2.2720219006864126,-0.698343356022475
p2311,0.498212141474798,0.06706846722053683,0.3515292386306914,1.213901939492747,0.8686861111276152,0.8993648557747604,1.170772431144428
p2312,0.9986924646930083,0.12770850947591583,-0.46172215801813543,-1.2850705076602225,-1.1637786577783187,-0.9632230612918845,-0.9351002829630009
p2313,1.0380760932484694,-0.010898375937722804,0.18478804823011963,-0.1509115984781788,-0.02736040670628337,-0.5816176854993673,0.061542172282274876
p2314,0.498212141474798,0.699528043803257,0.7856520853519005,0.9684845722954694,0.5567244517212775,0.9406383120029571,0.8970780102892615
p2315,0.498212141474798,0.8141231261813715,1.1619358579124786,2.210246973183321,1.6169387076075614,1.934198666867283,1.0764063152594936
p2316,0.6032956626353193,1.4547456576047733,0.5933411712117032,2.2600686256632914,1.3161768504358782,2.0035783076314626,0.8301841164666541
p2317,0.6032956626353193,0.8976380985463592,0.3841639200092981,1.5494254146371333,1.0298463769179447,1.4526684922386401,1.0735773142394098
p2318,1.0380760932484694,0.09874595105254258,0.9780934211550392,1.989482706121967,1.2166894977144527,1.5049781885551448,0.25288397128900364
p2319,1.0380760932484694,1.7570804470377528,2.2666648619482412,3.5885609810048567,2.046531925011782,3.3929223195542755,0.7904200964299353
p2320,1.0380760932484694,1.9936467595916154,2.722018046641285,3.7307031447379804,2.2484421622962403,3.520550010067161,0.9323659357994032
p2321,0.9986924646930083,0.12770850947591228,-1.1564772867185038,-2.186094252724889,-1.417834545700344,-1.7772943391852052,-0.9022092583469128
p2322,0.9986924646930083,0.1277085094759105,0.9869358247987474,0.6538541851478408,0.336697905693552,0.7781601781252161,0.15457726488449985
p2323,0.9986924646930083,2.8086570095386634,5.081076689507579,4.569055342910605,2.3746835521331913,3.79182118000319,0.6291169095005724
p2324,0.6032956626353193,-0.20130235829600807,-1.616294023586585,-1.7212628008763675,-0.7995950089602162,-1.3449980759485518,0.41206719307877115
p2327,0.5713555776579842,0.0683678272512882,-0.14475389330746147,0.11769268220518642,-0.08014201449058211,-0.6852761055118964,0.02409420459163769
p2328,0.6032956626353193,0.5819698965884061,-2.1275671655731276,-2.453448698019148,-1.8048915942949681,-2.582586169117298,-0.5444435010820818
p2329,0.498212141474798,0.06706846722053861,0.10079072015400392,-0.48099881632424646,-0.7206911443925228,-0.4318256411104084,0.15668323298910458
p2330,0.6032956626353193,1.1998758300382715,0.6467089533323396,1.7025783253543365,0.9965621115296337,1.4518629393157656,0.6204597497580373
p2331,0.498212141474798,-0.7644887793303301,-1.306028224694984,-1.5939872433094657,-1.5727630852099599,-0.7072685274309682,-0.7039847606915774
p2332,1.0380760932484694,-0.04097989361232024,-1.2611751945833376,-1.5825526479699534,-1.1429433812838021,-0.9589254413060482,-0.5829644028112639
p2333,1.0380760932484694,0.00689851266832342,-1.0354079160037841,-0.20760105374073468,-0.11293259622062823,-0.08500109738378248,-0.08001564561925889
p2336,1.0380760932484694,-0.04097989361232024,-1.6355695192305095,-1.9884102670828852,-1.467920187780396,-1.8765773325058897,-0.7203100292757565
p2337,0.9986924646930083,0.8358214089832323,4.411523072066699,3.4070956248472957,1.8555709902837787,2.521448403957331,0.6594872335728681
p2338,0.6032956626353193,0.1933926603022389,-0.048826335909907925,0.16767250338409412,-0.05533148116228365,0.017796409473650465,-0.23152747990281242
p2339,0.5713555776579842,-0.08973217304974135,-0.15686476660420645,0.840900817952819,0.3317723549285515,0.20356184523074078,0.6148492932484153
p2340,0.498212141474798,0.9323860355127156,1.2191952022107522,2.462444848526288,1.7374747370718746,1.9758469528827818,1.056021109306755
p2341,1.0380760932484694,0.112568613569481,0.8019777241107562,0.7737459436287766,0.421610119409246,0.8774754814267287,0.31332868176533957
p2342,0.498212141474798,0.06706846722053683,0.33735047806282736,0.9252561413227692,0.757020873804995,0.35885642835439613,0.7925086940645194
p2348,0.9986924646930083,0.2742709344479559,-0.3735777841550689,2.6621568982992563,1.731603430301584,1.7327632368588515,1.1927359495068313
p2349,0.498212141474798,0.699528043803264,1.333378016297667,2.7066586758328697,2.196649248741844,1.9236713065882023,1.444111231095075
p2350,1.0380760932484694,0.025580888334495455,-1.403756542723114,-0.9646991250127916,-0.8593905888013458,-0.7795086257153343,-0.43696790513804906
p2352,0.9986924646930083,0.5437806908144935,-0.7617834252533981,-0.6207401132214158,0.08826986782738733,-0.5528309669044474,0.3520801104280391
p2356,0.9986924646930083,0.12770850947591228,0.3092709976256156,0.20848908260090748,-0.016748596926031922,-0.34819779116009963,0.5474026993021575
p2357,0.9986924646930083,-0.1421037033306014,-1.4918399802144755,-1.5538120338911137,-1.7544098986376637,-1.9420590206141908,-1.827103476770091
p2358,0.6032956626353193,1.7529400972092688,0.9777011230445449,1.4538576166542803,0.9163753625425405,1.5138744239396107,0.3243867139604415
p2360,0.6032956626353193,-0.006600622982361415,0.004974078758317901,0.5651870635512454,0.23515642151100125,0.20913604469027314,-0.04557827132817671
p2361,0.9986924646930083,-0.23354950671515518,-2.684127273372283,-2.5772699489736466,-1.3570372159898159,-1.425154211246355,-0.812062055796444
p2362,1.0380760932484694,0.06987166666701583,1.1712397139945683,1.6097004426513473,0.9683998585033153,0.9907351865242551,0.45250193386793214
p2363,0.9986924646930083,0.12770850947591228,-2.1703985289907575,-0.003393381307259191,0.24024930116233484,-0.32370495264888943,0.5279730180753734
p2364,0.6032956626353193,0.19339266030224067,0.5685137763502972,1.5438871474948979,0.6622343534056805,1.0282876450317564,0.17437781550632359
p2366,0.5713555776579842,0.0,-0.5960104562223805,-1.0392251523609777,-1.116258192941136,-1.0173541817409657,-1.200381103825805
p2367,1.0380760932484694,-0.0650690310251516,-0.4911309426505781,-1.3633346132408848,-0.957617251475428,-0.9519339511963176,-0.437612090351033
p2368,1.0380760932484694,-0.02609243176044629,0.09623334934774519,0.19290809700739198,-0.14160211811395929,0.22565943738239813,-0.19840412543323005
p2370,0.9986924646930083,2.4868647561854056,5.845955809426826,5.875855605737664,3.0499347850706555,4.042356483368552,1.3025174161877668
p2371,0.6032956626353193,0.193392660302238,-0.03278952803248458,1.0001842463098076,0.4150015476967759,0.6007620091216157,0.015324964070183356
p2372,0.5713555776579842,0.0015150694462278125,0.08478920896596698,0.3619139892764557,0.003699785936970401,0.11865184942878104,-0.2396697597296722
p2373,0.5713555776579842,0.06836782725128643,-0.009794223569413063,0.3528320405676583,0.13131300604334242,-0.10207588715673313,-0.2693422424321614
p2374,0.9986924646930083,0.27107915600543286,3.502767791403919,3.161727910967624,1.4339907674803314,2.470158340584939,-0.19555391621243245
p2375,0.9986924646930083,-0.23354950671515695,-0.5446996913958806,-0.9706559561003073,-0.033614437418900356,-0.7313075712957838,-0.1873899153139469
p2381,0.9986924646930083,0.4362225183200721,1.9012123825114102,1.8680675282966566,1.0897929111007736,1.7854060943142578,0.033847952630392086
p2382,0.6032956626353193,-0.20018992997890628,0.20682459630724637,0.9290033357852239,0.5726817793783101,0.9196484287522398,0.44358128837333055
p2385,0.5713555776579842,-0.19781524777102,0.16677416035716242,1.0286431928270223,0.5525578328184377,0.3861485773363327,0.328965373699031
p2386,0.5713555776579842,0.5452801747868055,0.6644045212697023,1.9265823554502437,1.291963457621889,1.5374977708662556,0.7587095484291666
p2387,0.6032956626353193,0.27350775036197206,0.8979502021928898,2.1299500201955883,1.2982018821044992,1.705408271009392,0.7747761560532904
p2388,0.9986924646930083,0.12770850947591228,1.0631323072080168,-0.5340729516906525,-0.4823949645520008,-0.6450680487026387,-0.7021267498495831
p2390,0.9986924646930083,0.3908899000998174,-0.37579531077512307,2.8992623098076917,1.7501072317095834,1.8164412041453488,0.993547265616975
p2392,0.9986924646930083,1.2872540463427269,1.4033132026758857,3.6122741988276537,2.4317327653698317,3.0996399669938137,1.0623597131021238
p2393,0.498212141474798,0.06706846722053683,-0.42930321802255733,-0.80103120412036,-0.7668619885255719,-1.0478909502619302,0.05555306700913576
p2394,0.5713555776579842,-0.2661830750223082,-0.24878854439755926,-0.13307246686117402,-0.1764149667507497,-0.5102598962354331,-0.4785393335625283
p2396,1.0380760932484694,0.09874595105254436,1.056609090547731,1.4867673031028228,1.0546129971618903,0.6370421106158621,0.5813225285204329
p2397,0.6032956626353193,0.19339266030223712,1.208069136841635,1.9111688497714052,0.8765743012965903,1.227873594999972,0.33478540125106093
p2399,1.0380760932484694,0.18939587041218964,0.9865900174739579,1.6823337321279241,1.1499461032494422,1.1380182514895099,0.5897842641516196
p2400,0.6032956626353193,1.674237860113208,1.2760630436357019,1.8538148515497077,0.8863264679884897,1.4353173403624444,0.13733841664495472
p2401,0.6032956626353193,0.2956371085095455,1.10864090280697,1.9929351597349318,1.0714559057230058,1.7716121601141315,0.27164541387156405
p2402,0.9986924646930083,0.09212876581437612,-3.791144859715807,-4.32649736316421,-2.3094106177858023,-3.0936214593322795,-1.3687753953995685
p2403,0.9986924646930083,2.6435136472240224,5.141066630730441,4.524415456506384,2.3714015783067075,3.4567923567269196,0.7609604713488487
p2404,0.9986924646930083,-0.037434852838728716,-1.885266313126447,-2.081168676916519,-0.8911557880894313,-1.6344614518639213,-0.10341820769310495
p2405,0.498212141474798,0.021341409569073377,-1.1219353807102532,-1.2876718842512958,-1.3522672020758797,-1.0189794789371656,-0.5579439965324529
p2406,0.9986924646930083,0.40374723363250986,0.6186818435525225,2.270545225158564,1.4424467181366585,1.541785738142786,0.8700046809311388
p2409,1.0380760932484694,0.15041927114748432,0.692681912542179,2.0918132860520493,1.5774030262045915,1.064000878635083,0.7492111446393466
p2410,1.0380760932484694,0.07359201430477746,0.4364410209289691,1.1331334272765772,0.4856246867929285,0.8698924144234057,-0.21743212106009224
p2411,0.9986924646930083,-0.037434852838728716,0.057887464392340604,-1.0228294211930415,-0.7181711194371733,-0.6437284626071827,-0.8142593915438905
p2412,1.0380760932484694,1.7793224920700244,1.5313077047573618,2.5784559292269127,1.5611922297790986,2.5145097510340517,0.5440488573748237
p2413,0.5713555776579842,0.24534821262288808,0.8767731988506426,1.7688061011645806,1.1883804051275921,1.6941907573883959,-0.03866898814026776
p2415,0.9986924646930083,0.8675925272793314,1.2853216342195548,2.899506415057705,1.3352356127330443,2.1157565828537637,0.2627889173286224
p2416,0.5713555776579842,-0.154354026639119,-0.668177729802256,-0.24977983724342845,-0.34842193212385814,-0.6364429514596358,-0.2087652567255649
p2417,0.9986924646930083,0.4362225183200721,1.8565571486001176,3.3521992443466493,1.5347913067526244,2.490659223418723,0.530586377270005
p2419,0.5713555776579842,0.3065472141648815,0.5587126731246865,1.6590990793770553,1.1790480374323133,0.9042950224178432,0.5549039179988746
p2420,1.0380760932484694,-0.45763465279187443,-1.3339143792922368,-2.217865541233317,-1.587613284462265,-2.517169596439306,-0.715190378941772
p2421,0.498212141474798,0.7734155317752949,1.3669233710404196,2.1482886031695694,1.4044419910503214,1.9047097771141184,0.8030846362142849
p2423,0.5713555776579842,0.0,-0.4855271367554561,-0.42330353434920964,-0.5226461288496733,-1.2945731612013203,-0.15921350869421858
p2424,0.5713555776579842,-0.21046576812242535,-0.37243908185865493,0.14953768204762835,-0.010093065064357809,-0.10778361553265434,-0.04645960622431744
p2425,0.5713555776579842,0.0,0.06902598255611814,1.027579957610062,0.9227204043160775,0.4994946161117252,0.17094114914954694
p2426,0.498212141474798,-0.4068017764520704,-0.08934544390974253,-0.058419746315665044,-0.06902966557738671,-0.22778474316114966,0.17030852025796328
p2427,0.6032956626353193,-0.0066006229823596385,-1.884939342894338,-1.5264888096109914,-1.0565292359786833,-1.6697762317941227,-0.469787709824832
p2428,0.9986924646930083,0.8358214089832323,3.409074632581004,3.6797150914922017,2.5367202907776063,2.9037412867247254,1.1933136180346686
p2429,0.6032956626353193,2.2838707154494333,0.5987544241565175,0.6404497591028787,0.23016640795062934,0.5478522717573069,0.27656757883687
p2430,0.5713555776579842,0.4330482563429072,0.09832254117706718,1.3864020657434328,1.046650694170569,0.8121470036930946,0.8854814706675658
p2434,0.5713555776579842,0.05571730689988286,0.337602301637153,1.012927066197462,0.523635741248928,0.6306243158635372,0.28837497669247725
p2436,0.6032956626353193,-0.10884507118966624,-0.4535115278709494,-0.20331183358093785,-0.05269962782509252,-0.03993491767470153,-0.28077348845641126
p2437,0.498212141474798,0.021341409569073377,-1.1331911854530468,-1.312892385580446,-1.3125143704951365,-1.2555167117333808,-0.2922228340262851
p2438,0.5713555776579842,-0.2661830750223082,-0.8941856351869877,-0.6998213150397377,-0.6349150604078608,-0.9841520892116465,-0.1978087622452307
p2439,1.0380760932484694,1.7303553462575456,1.1803596365353943,2.059297889209005,1.2082911400556373,2.327180018370936,0.29339139830191385
p2440,0.498212141474798,1.0723502677672947,0.301780687017807,0.9340371444485649,0.27999648015876066,0.688633451681391,0.33812519598031976
p2441,1.0380760932484694,2.1612236449815967,1.6592806926259822,2.3935993331660095,1.3468080922377679,1.9917816230365557,0.34592802074561213
p2442,0.5713555776579842,0.0,-0.6718950248679896,-0.8860059423407851,-0.8767308114242485,-1.0549101295264964,-0.6159508809469827
p2444,1.0380760932484694,-0.3808073959491658,-0.9975856193554851,-1.9155674931445628,-1.4613071463907055,-2.61986243185699,-0.5457169407716229
p2445,0.6032956626353193,0.19339266030223712,0.7946074299006458,1.3616263594355238,0.40623134629302443,1.17370059022875,-0.34404321806104576
p2447,0.498212141474798,0.06706846722053683,-0.4923195029565246,-1.6828998704225282,-1.5138834071945901,-0.706845565499338,-0.554262075995716
p2448,0.5713555776579842,0.24534821262288453,0.4263878391994158,1.8069530629199535,1.3314683605833257,1.4789234104020335,0.4335694185858614
p2451,0.6032956626353193,-0.07885686297714223,-0.4521138219809391,-0.29000821337540994,-0.23679441072523288,-0.4644227540081241,-0.011607259569460737
p2452,0.6032956626353193,-0.07885686297714223,-0.2926348071104119,0.4680123358475846,0.28589085683506865,0.15066467222242608,0.1108164097528519
p2453,0.9986924646930083,0.12770850947591406,1.3655731001624893,0.7249858648653573,0.6917777126242561,1.112614797633824,0.29848430416670624
p2454,1.0380760932484694,-0.08772563278042966,-0.8267703257678694,-1.2522238446802403,-0.9825438198560748,-1.264988986160314,-0.6309449552054112
p2455,0.498212141474798,0.715036990150546,1.581383387133224,2.0464329362830664,1.3010081475646258,1.6939492949354746,0.7730472074235823
p2456,0.5713555776579842,-0.15810000030102955,-0.35875328657172467,-0.2208277273766912,-0.2621104730057631,-0.8535055955966365,0.07814921227643268
p2457,0.9986924646930083,0.8675925272793457,2.0786159472903174,2.922661665077079,1.4107478708445913,2.170701742121299,0.5102326818587901
p2458,0.6032956626353193,-0.11733475119228487,-2.0434562220432806,-5.8889576583965555,-4.087100244287207,-4.597966600845214,-1.680492216005927
p2459,1.0380760932484694,0.02062859250642113,0.6730243589403724,1.1209305342805975,0.7895100985588107,0.8936919743395377,0.32060222037038777
p2460,0.498212141474798,0.06706846722053683,0.6835323924011689,1.1635043235913232,0.7116192677724318,0.8169632019126052,0.6300730395402265
p2461,0.9986924646930083,0.12770850947591406,-1.1246566192370047,-0.2613169663035718,0.19162418820573035,0.3141454198867106,0.13133938644056897
p2462,1.0380760932484694,0.3772711300195404,1.2192440152806316,2.4942032491479824,1.747345692671157,1.6715018675606417,0.8722563861049313
p2463,0.6032956626353193,-0.0037633240312366922,-1.0460502574872095,-1.7109193029460668,-0.944497064557037,-1.4834422874882338,0.031121353013961794
p2464,1.0380760932484694,1.0418583674541502,1.8475797928708957,3.579973321264329,2.473853002808529,2.2962164233948155,0.8850953147474598
p2466,0.6032956626353193,1.915207765709571,1.3445763603085492,2.8945344188784468,1.6433743091191488,2.449597299411028,0.9418311229828653
p2470,0.5713555776579842,0.12317596735081615,0.1641172983105328,1.0106448217791206,0.6456456923475611,0.14618982450825418,0.5505180954854332
p2471,1.0380760932484694,0.112568613569481,0.5849673331956957,1.251218840121844,0.7127954965145604,1.6669278959144957,0.026534132303272173
p2473,0.6032956626353193,-0.004335773772474738,-0.05078108280220128,0.21726293097799615,0.24575452284233112,0.3236571402659055,0.26107463733903913
p2474,0.9986924646930083,2.3581289551668947,3.412312274081522,4.980303438561819,2.7292871688825056,3.618200729505598,1.1915898995621959
p2475,0.9986924646930083,0.12770850947591583,-1.6097595724288407,-1.6585795896656998,-1.249777130343324,-1.3487837674979652,-0.9467795867537401
p2476,0.498212141474798,0.021341409569073377,0.22825177410568287,0.06404567964647861,-0.22011640787147957,-0.09406462552597766,0.16638606452758609
p2477,1.0380760932484694,0.02558088833449723,-1.8275215304249315,-1.9081859115634665,-1.5018770087791853,-1.5634385264248536,-0.77566416271066
p2478,0.5713555776579842,0.433048256342909,1.161112339606687,2.564420528354702,1.7769232768364034,1.8025189825314685,0.7490196382597212
p2479,0.5713555776579842,0.0015150694462242598,0.8171405004762757,1.265414327777661,0.8056780642481793,1.0771453763195484,-0.25314897577219675
p2480,0.5713555776579842,-0.0892026896507101,-0.5077839674288409,-0.05960827905477872,-0.17778966651635825,-0.2914395209915219,-0.013097796172361953
p2481,1.0380760932484694,1.0547711277740799,1.7890674215798317,2.9491755292584707,1.8706631825674738,2.6589489126397385,0.5630003498806051
p2482,0.6032956626353193,0.5012055273976923,-0.2991582283920948,0.21654329059816924,0.41132144904165896,0.32015361132604564,0.46357729657871083
p2483,0.9986924646930083,-0.037434852838728716,-0.6144465753871806,-0.3738549833684689,0.14040835959449943,-0.03353010401658363,-0.20273667926804073
p2484,1.0380760932484694,0.18939587041218786,-0.27729022153561544,0.7535320640970817,0.346426471137643,1.2218835411880806,-0.10194410572904822
p2486,0.9986924646930083,2.3514786538618875,3.59861865204147,3.720515067341175,2.315394927831311,3.189765895892953,0.7354819049583519
p2487,0.6032956626353193,-0.291767441507476,-0.474082211471444,-0.39621913940057263,-0.45811543740144667,-0.09355070538619864,-0.3285907469014795
p2488,1.0380760932484694,0.13772255031724612,0.6195320757841749,1.2016587535013332,0.8125636252478803,0.48837622900512506,0.4656933031146302
p2489,0.498212141474798,0.5879833495351585,0.8156354386041418,0.8925171030479385,0.4860371086244213,1.1158393453198998,0.7937587096903531
p2493,0.498212141474798,0.3108461550833628,1.1416303656776137,1.829261672141,1.1955930894005844,1.780362934785051,0.7185869991020706
p2494,0.5713555776579842,-0.3022959642723819,0.32668591764131527,1.1870680531293112,0.831659289984247,0.7852213428154188,0.5278245345061379
p2495,0.5713555776579842,0.0,-0.05935305415517611,0.4311498094624368,0.3083271875058316,-0.17389693202754616,0.2777223100110433
p2496,0.9986924646930083,2.1929855928522457,4.713950012043201,5.822399715443473,3.2528220696963768,3.670665264338642,1.5193209917573087
p2497,1.0380760932484694,-0.38080739594916757,-2.2367056599813715,-3.660437930707876,-2.945284060261119,-4.522976324965063,-1.1609748028543105
p2498,0.6032956626353193,0.6261320255543694,-0.35530493483719106,0.6677757499899629,0.48113657595065273,0.278230971188486,0.6552884176568412
p2499,0.498212141474798,0.06706846722053683,0.007172274459952277,0.313351381811421,-0.05762457684443506,0.11837694307102009,0.040904971371011456
p2500,0.5713555776579842,-0.154354026639119,-0.03449384023101487,0.4306772775922235,0.34374503118266475,0.08669015015811068,-0.15028446066944845
p2501,0.6032956626353193,0.1933926603022389,1.0109094753202754,1.2381538423711798,0.41691400916705146,1.0541846144354596,0.0638416782976794
p2502,0.9986924646930083,-0.037434852838728716,0.7624520144940181,0.45337869396634267,0.8567066773939525,0.31229669789157344,0.31328668727131515
p2503,0.9986924646930083,2.6520081185000475,4.60775682242922,2.8511399072493386,1.5614239928016302,2.4890271596321942,0.3758584194667467
p2504,0.5713555776579842,-0.08598619938783258,-0.3134141375437576,0.2998931936647086,0.10612093578624163,-0.09901323418397076,0.14359913645834688
p2508,1.0380760932484694,1.3468917276303092,2.1913612024528693,3.894537474861083,2.653714912112608,2.9025123859122783,1.448453933643579
p2510,0.498212141474798,0.06706846722053683,-0.8248198289896038,-0.35847867078916495,-0.20948680161253735,-0.7673469300650091,0.5338392801780873
p2512,1.0380760932484694,-0.12978075595053618,-0.9918286507086087,-0.06349696765286961,0.24969250413852484,-0.8602946943257483,0.21218278072571373
p2513,0.9986924646930083,1.2948439346310252,-1.1595675567121564,-0.4615994937573017,0.2687922428039591,-0.14901289414362673,0.5741158052000159
p2514,1.0380760932484694,-0.38080739594916935,-2.4658753909835287,-5.21551215527057,-3.993455243449945,-5.351938430168941,-1.4634921754299004
p2515,0.498212141474798,-0.30993709177013784,-0.920212479051699,-1.7351384626498283,-1.6556368831543664,-1.0728050763512216,-0.985052721431483
p2516,0.9986924646930083,2.35147865386189,4.7706009656225365,4.776220191775308,2.812062672907449,3.795053599094067,1.2793397643475242
p2518,0.498212141474798,-0.4068017764520704,-1.0085516621605723,-0.7424514546411174,-0.4655365686212887,-1.116305583980597,0.3360808313804462
p2519,0.9986924646930083,-0.037434852838728716,-0.11766131180762152,2.1632745022119853,1.621846011011749,1.3942616486471033,1.2993539446695799
p2520,0.498212141474798,0.06706846722053683,0.007876723425173537,-0.17046295826670632,-0.3076736724909936,-0.1710199211892635,0.009425001028109392
p2521,0.5713555776579842,0.23970468781129384,1.3435594241835638,2.4220923043327023,1.7110561487704385,1.8814925901573343,0.7609627050065892
p2523,1.0380760932484694,0.0837257695110285,0.35819313881114745,0.8642309597262596,0.22706387434979636,0.6248545328463456,-0.23604481273667055
p2524,0.498212141474798,0.7469538532725819,0.7569915804828877,1.3845968675855933,0.9096140572070803,0.9604238192495811,1.3372112678924282
p2525,0.498212141474798,0.06706846722053683,0.4215212886867423,0.8059334371714701,0.28028070422585194,0.6840498934764179,0.373686497030258
p2526,0.498212141474798,0.5879833495351665,0.17763918733565376,1.5249518535258257,1.1443677704229382,1.14906388943733,1.0166854188130587
p2527,1.0380760932484694,-0.006955590175691029,0.9918408285802407,1.820157130288473,1.2212680798647297,1.2446934770435973,0.5027965372031176
p2528,1.0380760932484694,1.3219753458915111,0.5722548947797303,0.940465605398928,0.4506218630382178,0.950028532862833,-0.06950221880134677
p2529,0.5713555776579842,0.12408513415117195,0.09284045573414446,0.6628853323792275,0.2645206269209004,0.28274157310272585,0.3600450384008127
p2531,0.5713555776579842,0.0,-2.2744285213530215,-1.5449892678878918,-1.0986824569947384,-2.08658919570354,-0.17991296048557714
p2532,0.6032956626353193,-0.3352204173783999,-1.9751844005068477,-3.404386904885432,-2.1365187657752642,-2.952918973010988,-0.5799525612576577
p2536,0.6032956626353193,-0.10884507118966624,-0.3953682956312008,-0.046506598495369755,-0.02576911822966843,-0.19931769712104314,0.37008542395500754
p2537,0.6032956626353193,0.2233808685147629,0.30386315207287673,0.22380884994115913,-0.17723692511631173,-0.09471202882646085,-0.3304272071255756
p2538,0.6032956626353193,1.7621313628865654,1.235061682760339,1.6402094504726752,0.8032666432028077,1.600592523359111,-0.11016727085053546
p2539,0.498212141474798,-0.4068017764520704,-0.889071425945394,-0.631706095818402,-0.5149640089092975,-0.6687455724598323,0.38173978577812484
p2540,0.498212141474798,0.021341409569073377,-0.4611830948315596,-0.46264261528435635,-0.6114316971965181,-0.4979303235797053,0.06998793989600927
p2541,0.5713555776579842,-0.24408619968886036,0.2521423856562901,1.5657015822463545,1.0484009345290572,1.1346124892291194,0.38847270133734924
p2542,1.0380760932484694,0.13772255031724612,0.9048845908709353,1.916846982177987,1.3330439000301588,1.7055746196285595,0.40324424615480403
p2543,0.5713555776579842,0.08515018922164153,1.1929718944912064,2.2091593014369484,1.5977261983985664,1.7256042124769324,-0.11796209946991532
p2545,0.498212141474798,0.021341409569073377,-0.41120078241398694,-0.02937089378982538,-0.08329516580564233,-0.05489527244638287,0.8275184309287287
p2546,1.0380760932484694,1.4104797313684196,1.2505416374493574,2.4866185870411224,1.6670263476094178,2.516699329315854,0.3454825903461387
p2547,0.6032956626353193,1.1119823272649008,0.765424088528782,1.4449741603075101,0.7723014646154273,1.2701155696596111,0.42710419936189403
p2548,0.498212141474798,-0.8977831639283096,-1.0467707786556417,-1.338569012984241,-1.4560562624189997,-1.2294036101717514,-0.5973361399975534
p2549,1.0380760932484694,1.4204702779161718,1.6968031271403134,2.9155675086094037,1.7972517677511357,2.6386079341271698,0.6207675487986712
p2550,0.6032956626353193,1.887057861043246,1.5002724311265094,2.823046712344052,1.4489563282152251,2.4810175964583356,0.6327351435014066
p2551,0.498212141474798,-0.5520312926963111,0.8845368535470488,1.2372783417688948,0.853634197622809,1.0386109396815972,0.6590383741870554
p2552,0.5713555776579842,-0.15810000030102955,-2.5091352156513853,-3.0174009816270217,-2.452945986784177,-2.838474489852866,-1.3737564551898949
p2553,0.5713555776579842,-0.06685275780506217,-0.4866886633006704,-0.5913717758317687,-0.7463032303101853,-0.2537205222213109,-1.1236887455832907
p2554,0.6032956626353193,1.6039069862736746,0.9324468735221672,1.8916564153869488,1.0474818156276098,1.3935131063589112,0.4826527589907368
p2555,0.6032956626353193,1.3581002066511658,1.062029326879987,2.47369679048532,1.374114213025275,2.1145418325208953,0.5892652832964842
p2556,0.9986924646930083,0.11282151558763864,-0.0653094007088697,-0.4319279568503923,-0.529650542540567,-0.14036051783859416,-0.2253681123176623
p2557,0.5713555776579842,0.0,-0.563747771966078,0.007440298735270523,-0.012063761381092053,-0.19075838364662237,-0.4294491721967564
p2558,0.9986924646930083,1.5957680551868947,6.149742224404898,6.484277637421474,3.5196641258865666,5.127869782235801,0.9096151220195221
p2559,1.0380760932484694,1.5685061275032073,1.7796660313203727,2.8793671839097676,1.6072474954088367,2.801380556819273,0.3863099003377286
p2560,0.6032956626353193,1.9487882423456835,1.1615225016975437,2.658819739964583,1.3948656158569277,2.041181829599632,0.8293482739685771
p2561,1.0380760932484694,-0.1544191344168837,0.08597783250857738,-0.07934057746213963,-0.2757684639866552,-0.3940766302845782,-0.2904742755276146
p2564,1.0380760932484694,0.1377225503172479,0.9099967992330864,2.315460830516982,1.7843991957134901,1.786823006856242,0.756466946839268
p2565,0.6032956626353193,1.0638957628976202,1.4634831183286447,2.77253030478537,1.6040896521580634,2.302675858890445,0.6829231444095925
p2566,0.6032956626353193,1.7718991575559428,1.106087253737014,1.479212063689737,0.8839040644122624,1.551168169393535,0.5656648401946285
p2567,1.0380760932484694,-0.20660801279324126,-0.11758508455744021,0.20621885531439244,0.04329566062860857,0.41685679993123853,-0.28006341717129324
p2568,1.0380760932484694,0.1377225503172479,1.3853112481006313,2.089202935922545,1.1980991595831376,1.382904966529261,0.40082741736459226
p2569,1.0380760932484694,0.09874595105254258,0.6348274158529463,1.9598337544773843,1.1040881780891783,1.7741366241612846,0.16108412659174576
p2573,0.5713555776579842,0.0,-0.0033743331082902728,0.31409236505039456,0.15557185306542223,0.13386730198837235,-0.015240005632600528
p2575,0.9986924646930083,-0.23354950671515518,-0.44346044717000943,0.5051569290843759,0.606125801666435,0.6386424268590158,-0.23185740759255147
p2576,0.9986924646930083,0.5324830346510225,1.6453090031594053,2.8812302849092926,1.9989631545293167,1.9535832604922252,0.6045091410593706
p2577,0.6032956626353193,0.1933926603022389,1.0133260231690553,1.9283638934908651,0.9422414612310197,1.480649384855975,0.2646384097218544
p2578,0.5713555776579842,0.24534821262288808,0.2249307460450094,0.7935614451345507,0.41589526696241663,0.7245761356625507,-0.10618075625185952
p2580,0.9986924646930083,2.4868647561853994,1.6481465495138625,2.9628720249888443,1.6550851418973287,2.2036424937195043,0.7681303238707269
p2581,1.0380760932484694,0.1377225503172479,0.4884585916794588,1.2660692925471093,0.6084144130307025,1.2216404173966602,-0.25322158314577337
p2582,0.9986924646930083,-0.2335495067151534,-2.342681751435851,-2.8840639650367015,-1.8677698838669916,-2.20753743802243,-1.0294111115659152
p2584,0.6032956626353193,0.034007788019525975,0.14980374195937252,1.35506506089523,0.9037671154230881,0.9442619167557142,0.2956402051890965
p2585,0.6032956626353193,-0.3377362533819497,0.7558256958190412,1.2572224738394162,0.7172092793021783,1.2853032134292435,0.008852897749477506
p2587,0.9986924646930083,2.6520081185000386,4.474815760923466,4.594183924329773,1.809753786557434,2.6793881358911404,0.8214248280548713
p2588,0.6032956626353193,-0.200422582718236,-0.7794596961605951,-0.8065722063134104,-0.5655775150993629,-0.6246089225584075,0.11158634766297304
p2591,0.6032956626353193,-0.078856862977144,-0.030172541225772065,1.1659560354398888,0.6787273267704604,0.7514480452702961,0.30046373868763254
p2592,1.0380760932484694,0.05329779070624774,0.11484570197762345,0.48444411119453545,0.12028440246193695,0.4700429728183749,-0.19870635221743171
p2593,1.0380760932484694,-0.45763465279187443,-0.7623011270663067,-0.8311988391109792,-0.9992876041966929,-0.9238095535839457,-0.7614348835503986
p2596,0.9986924646930083,-0.23354950671515695,-2.514775041495523,-0.31371516634779384,-0.2498582766084373,-0.9204279788144069,-0.36540375142153003
p2597,0.498212141474798,0.021341409569073377,0.188057429027376,0.2681094517108832,-0.08741680590302342,0.5692207988930946,-0.23954333139826822
p2598,0.6032956626353193,1.3104895158500272,0.20884362537009338,0.5187687000333028,0.1774132480718952,0.36844426579697664,0.24500962614375688
p2601,0.498212141474798,0.8317610373979942,0.8998411293785757,1.3186738227652948,0.6654025147251996,1.3046365312349841,0.8770464511710792
p2602,0.6032956626353193,-0.09794548177159967,-0.4755076858172149,-0.161470339737383,-0.19776900570458533,-0.1367915436784431,-0.40214539741284483
p2603,0.5713555776579842,0.1769803853715981,-0.6648643682774242,0.06913539748611108,0.020948217881187614,-0.1842355753433241,-0.1714707507424098
p2604,1.0380760932484694,0.5541812639921009,1.9388510621912047,2.818219180717523,1.7150943389538404,1.9283746592364785,1.0276280522874455
p2605,1.0380760932484694,0.06089529347453926,0.23655383808880615,0.30637913004713113,0.2251211480327937,0.33302778365454755,0.010050659182830657
p2606,0.5713555776579842,0.12408513415117106,0.41202928349614787,1.1344173163076876,0.5421128073525878,1.313403462706344,-0.3128110037557139
p2607,0.498212141474798,0.021341409569073377,-0.1992213224556032,-0.15076739502645453,-0.5464460516087886,-0.29983566531669675,0.4241940698802953
p2608,1.0380760932484694,0.06089529347453926,0.6976580642748065,1.7071539520625678,1.2713749641969232,0.5690381165165129,0.741647900625523
p2609,0.498212141474798,0.021341409569073377,-0.08736341652267399,0.4949928983761793,0.2236947816839234,0.602184902122934,0.14438321015438227
p2610,0.6032956626353193,1.7799692666337137,0.5542929280264612,1.046457229677805,0.4467103298347338,1.1783179223393208,-0.06045380360411379
p2611,0.5713555776579842,0.27494825604187767,1.097376292640492,1.6325737109880079,1.1047704148574762,1.1853440570677567,0.7093023682015467
p2612,0.498212141474798,0.06706846722053861,0.005304772336549135,-0.12434540986316023,-0.40556344489557156,0.37536983164204507,-0.24111103026567626
p2613,0.9986924646930083,-0.18105764774551503,-0.34817703111006537,1.0505015141109781,0.8498992569065809,0.9537463304369256,0.16395030159575796
p2614,0.9986924646930083,0.2710791560054311,1.5925511298409578,2.984381931819385,2.1272580281845386,2.4075515290636216,0.6971722553652544
p2616,0.5713555776579842,-0.015718743707889615,0.47294180255759777,2.01004790563789,1.544228360653927,1.0704017271649109,0.7902371490226141
p2617,1.0380760932484694,0.06987166666701583,0.22340973841905942,0.8950432219294285,0.49827579896628377,0.6852778023055446,0.1705363096784005
p2618,0.498212141474798,0.7734155317752931,0.8923026172973696,1.5678653645636291,0.8901874462842136,1.3102858940252973,0.5945671223407221
p2622,1.0380760932484694,-0.24055851588448718,0.6870191440712414,0.6171690517775901,-0.11067689910652767,-0.21871144874749882,-0.298388737438275
p2623,0.5713555776579842,0.0683678272512882,1.006993993046656,1.8832431094063165,1.221919098495904,1.339458398904063,0.3258473094201868
p2626,0.6032956626353193,1.8587768138401728,0.09423721071115487,0.3775807650730289,-0.08794582484728142,-0.22766494261334363,-0.047743652675180215
p2629,0.5713555776579842,-0.154354026639119,-0.49418391999371813,0.013872601939303286,-0.1740738141069504,-0.2642227816774456,0.09890607307144705
p2632,0.498212141474798,0.021341409569073377,-0.30090182275390376,-0.4649902634157361,-0.6366451281858878,-0.5936029652564327,-0.08938867733724898
p2633,0.9986924646930083,0.12770850947591228,-0.8591650522104235,-0.41759904862270936,-0.21047645140024518,-0.7845802648272661,-0.4579334800263588
p2634,1.0380760932484694,-0.27245317066231856,-0.5929384040280006,0.01073926127086855,0.1275710553399909,-0.6383925279730116,-0.0061937185807448
p2635,0.9986924646930083,-0.037434852838728716,-1.4353003911606015,-0.7676179307966972,-0.22448961384404487,-1.5218093783727866,0.09513830235951382
p2636,0.5713555776579842,-0.07294981107938803,-1.392210293294454,-0.7691294291211914,-0.33806095388317087,-1.0656320831988546,-0.17555308665472857
p2637,0.9986924646930083,-0.037434852838728716,-3.893887183081869,-2.4799875356257264,-1.1091558314490908,-2.2836143737958463,-0.27153122824532083
p2638,0.5713555776579842,0.1769803853715981,0.13099344892649079,0.4689991445061075,0.0997528040860847,0.307536504851566,-0.15758765908777583
p2639,0.9986924646930083,0.23860387131787153,2.7340147260180245,2.3009477651849823,1.4126738082613606,1.9797513180229513,0.7392432229914423
p2640,0.9986924646930083,-0.23354950671515695,0.5309131823093782,1.1087638374535043,0.41955385247435784,0.8699214211149392,-0.21642962968718926
p2641,1.0380760932484694,0.1627937258384371,-1.5202267036371566,-1.0082792616295615,-0.16297046633685996,-1.3297340374567717,0.22355669030101488
p2642,0.5713555776579842,0.3374722169409843,0.96561353439062,2.0398951962325453,1.2909145414280587,1.6873620214447278,0.4352673339569897
p2643,0.498212141474798,0.587983349535179,0.6878458757002264,1.3312040560676985,1.0566014261853507,1.4299809615564887,1.167904529841513
p2644,0.5713555776579842,0.0,-1.5418060392821769,-1.9433913289861715,-1.6667749777080416,-2.066539594910779,-1.2090510318200725
p2645,0.9986924646930083,0.12770850947591939,-1.695188906906262,-1.683004406009104,-0.8068846119302909,-1.0456696259280873,-0.35329836983481755
p2646,0.9986924646930083,-0.037434852838728716,0.8326279994245205,1.1655250000246362,0.8121029207877204,1.2052518558176162,-0.002179187365006996
p2647,0.9986924646930083,0.12770850947591228,0.7063038107949264,1.4327668363813277,0.7327705914211444,0.9151227969595481,0.2245930103282081
p2648,0.9986924646930083,1.7542611161965258,3.8663731364535483,4.31877669578659,2.4153631355808103,3.1389993072767925,1.3512121661167562
p2649,0.498212141474798,0.06706846722053683,-0.9365338151684544,-1.3138757375328092,-1.2629670398470625,-1.0354228907821743,-0.3677650047022514
p2651,1.0380760932484694,1.2909555276232432,1.5650740849964464,2.7060427496581028,1.7151787744012021,2.041922128861428,0.6702712274323019
p2652,0.6032956626353193,0.08630406589270478,0.5571918287523854,-0.47683309450278855,-0.41959351385872357,0.09780850543847452,-0.42991319150540086
p2653,0.6032956626353193,-0.200422582718236,-1.4879102862185487,-4.199893893998608,-2.9836203703561326,-3.0322919255751972,-1.256640751976036
p2654,1.0380760932484694,0.581735865458894,0.456560575254608,2.13940309525804,1.3654853900360049,1.8164746511006775,0.20842976754379805
p2655,1.0380760932484694,0.17661638835537552,-0.8661406895843431,0.1810783522732573,0.55420722549439,-0.521489528753496,0.43193200235123186
p2656,0.5713555776579842,0.06836782725128998,0.4986951247493554,1.1016883335048702,0.5794676057879069,0.8299705812943543,0.1719465676924976
p2657,0.498212141474798,0.699528043803264,1.4013765374401643,2.3139829216161782,1.611573012437083,1.8178905036754,0.958306434908156
p2658,0.9986924646930083,0.09212876581437612,-0.26713217500364905,-0.29299319522656087,-0.6714196873093371,-0.46800986607236716,-1.1891659817666191
p2660,0.5713555776579842,0.06836782725128998,0.36650719396987164,1.0297299827515336,0.6089671880089376,1.0851831501148297,-0.2543816574776461
p2661,0.5713555776579842,0.6100286417145071,0.8446683696380397,2.258777940101359,1.619203312115332,2.0716041478731664,0.5821083789891102
p2663,0.9986924646930083,-0.037434852838728716,0.5782620638845515,-1.008487747133001,-1.3955400710188566,-0.30778862191011214,-1.2801746682040616
p2664,0.5713555776579842,-0.15810000030102955,-1.3651519203763662,-1.4913948265479424,-1.4303579694432529,-1.841207038236622,-1.0297607421346697
p2665,0.9986924646930083,0.0006829624298241299,-2.2133446753740103,-0.3576142713457725,0.328604068673903,-0.12830230476238358,0.3057211588280495
p2666,0.9986924646930083,1.1614716906124922,2.616236389976782,3.4889050154475028,1.7353623185353162,2.8996565069011684,0.3430554449700072
p2667,0.5713555776579842,-0.0892026896507101,-0.6092180167368149,-1.6992372697260387,-1.9421633516748213,-1.7688462633269129,-1.559091541669524
p2668,0.6032956626353193,-0.10808020070423119,-0.4937626222706104,0.6367026276608031,0.4454434770665625,0.028391311374571293,0.38254184805098035
p2669,0.498212141474798,0.06706846722053683,-0.05432494543983779,0.1413249506814344,-0.05405742139368619,0.09414664298480252,0.4163328108397
p2670,0.9986924646930083,-0.037434852838728716,1.4403730967070096,2.4268812047354995,1.5664688850339221,1.4168538060019062,0.6005129669835743
p2671,0.9986924646930083,1.1018249964243143,1.5391909248826883,3.7363862341330347,2.095049870566044,2.6191494094114196,0.9639535149303811
p2672,0.5713555776579842,-0.24408619968886036,0.32048125698232965,0.9997024674878787,0.43053873817138333,0.7888514257932447,0.10584879886348197
p2673,0.9986924646930083,2.1929855928522493,3.420368841188889,3.071519640619039,1.8809758213689358,2.607571622028589,0.8627954479628723
p2674,0.9986924646930083,0.1277085094759105,-0.3040470756669258,0.3627370573602464,0.5714179932792732,0.7805683964686578,-0.15487343183470514
p2675,0.5713555776579842,0.0,-0.9295604559692485,-1.2635337714149775,-1.067974876106339,-1.358730458399394,-0.5352289672972397
p2677,0.498212141474798,0.6995280438032623,0.3780122716904373,0.8145177027028148,0.467765753335558,0.41237382717662885,0.9928602425888347
p2678,1.0380760932484694,0.030762347712673943,-0.719473166374156,-0.15019341127370378,0.19459083887086148,-0.8203101984882788,0.1600495612987647
p2679,0.5713555776579842,-0.2661830750223082,-1.8446807013793016,-3.0707672211019865,-2.657423498090358,-3.506895829216485,-1.285541960331832
p2681,0.5713555776579842,0.0,0.018250361250007785,0.07592902167982585,-0.0077727036938132765,-0.4184048565956996,-0.1360576394560873
p2687,0.9986924646930083,1.354388623436364,2.974895620319656,3.8016976891249463,2.044755251682408,2.843338127769978,1.0129540301756883
p2688,0.9986924646930083,0.4362225183200774,3.8767274104720517,5.247735117934362,2.8581375722317253,3.7900059100385897,0.5756851730553656
p2689,0.9986924646930083,-0.037434852838728716,1.1957344809503496,1.1132353005132563,0.711664030026885,0.9605278822366216,0.062330325277971
p2690,1.0380760932484694,0.18939587041218786,1.0116313383577786,1.723536757777787,1.123863779687284,0.8558464112474549,0.33154145705669436
p2691,0.9986924646930083,1.5957680551868805,3.222238399776945,4.994271488621461,2.7414370857028842,3.277114503862353,1.4668473166344356
p2692,0.9986924646930083,0.43622251832007564,-0.011289585015928694,-1.1460155807931383,-0.5324926811312324,-0.38937578809184126,-0.6588035291568044
p2694,1.0380760932484694,1.2141282707805328,1.0275397809465687,1.7254644908954953,0.9386482893245758,1.5477715955221174,0.19354233354916417
p2695,0.9986924646930083,-0.037434852838728716,-0.12127911535499081,0.22521881539001143,0.639463569069429,-0.062476037667906326,0.35083917404979204
p2696,0.9986924646930083,-0.23354950671515695,-4.008748912326634,-3.6168894474328024,-1.8680771829729306,-2.6510539088668397,-0.945582816654742
p2697,0.5713555776579842,0.26233104654377115,0.34992380448615457,1.6524566542154469,1.1510969304327356,1.3779764331254392,0.48398625315842025
p2698,1.0380760932484694,1.641836893987315,2.8312826413411756,4.4163004648028545,2.69690924043767,4.129625461074007,1.139180347958634
p2699,1.0380760932484694,-0.005798208161914786,-0.6397752740991791,-0.301652159128281,-0.3474873107241242,-0.053432369194729046,-0.29336540596306193
p2700,0.9986924646930083,-0.037434852838728716,-3.2059305566494913,-3.517743446247299,-1.840133717645001,-1.7193914978887377,-1.1626720578616965
p2701,0.6032956626353193,0.2956371085095455,0.18691708279346386,0.7996915309877268,0.3152001506366876,0.5252315935369787,-0.30824681269215226
p2703,0.9986924646930083,0.12770850947591228,1.2540233570516985,2.5802348261113184,1.4793730565148193,1.6982178291539198,0.380433472253797
p2704,0.6032956626353193,0.08630406589270478,-0.5588860161416704,-4.1883260130379245,-3.072535579638945,-2.7709503814467173,-1.3319618754481706
p2705,0.6032956626353193,0.7571613988409371,0.4380261588059273,1.370973514880459,0.7434039051377322,1.279036746089629,0.09589514884036276
p2706,1.0380760932484694,0.30733149715398067,0.41348410760851273,1.2828100009598329,0.9525482019688262,0.7192451278823173,0.5107052805212557
p2707,1.0380760932484694,0.07359201430477746,0.5672088896260483,0.9685636874544293,0.4737185000211078,1.319302009584839,-0.30226529310255756
p2708,1.0380760932484694,-0.02609243176044629,-0.8172388743284493,-0.9754206822140361,-0.9848193515309382,-0.3441877540264757,-0.650099774585545
p2709,0.6032956626353193,-0.09534083555980644,-2.5808790639517287,-6.160011095383315,-4.419825245273769,-4.992295771499881,-1.4902599306138438
p2710,0.6032956626353193,-0.10884507118966624,-0.4422948094305994,0.9486331577187225,0.38249017132033536,0.43229986267538545,0.15086243955360423
p2711,0.9986924646930083,0.12770850947591406,-0.21247316651282766,-1.5080382924698759,-0.9753286309942556,-1.0742355522515261,-0.929402118127399
p2712,1.0380760932484694,1.3985650477252607,1.8362639462456727,3.373077450717594,2.241350461332668,2.826224237801405,0.8446259147802166
p2713,0.9986924646930083,0.1277085094759105,-3.0860714931960125,-5.829913886414063,-3.7770782992485286,-3.2563065705395875,-2.1977704846122013
p2714,1.0380760932484694,0.5999191245192765,1.8650272830757881,2.387828451410659,1.426171806853326,1.1769787976898036,0.6161750253258944
p2715,0.498212141474798,0.587983349535163,0.2147200064245478,0.8305484668701726,0.6027575804442005,0.3197119630175942,1.0686593516364304
p2716,0.498212141474798,0.021341409569073377,-1.4541628726330451,-1.0186613575135652,-0.9770084435054764,-1.2507833995393756,-0.18679532504991592
p2718,0.9986924646930083,1.595768055186884,3.9006333295906135,5.038703554146039,2.981889076400556,3.874806170654462,1.0676588889103424
p2719,0.498212141474798,0.06706846722053683,-1.3819426828417178,0.2683414310690735,-0.22507957533751982,-0.42879430428045046,0.6244520633629325
p2721,1.0380760932484694,0.3138870957508093,2.175794594006046,3.3957106837883275,2.1036812042427364,2.2152262872277366,0.7111316256265816
p2722,0.6032956626353193,1.6562946462556676,1.228557912490718,2.0804296779904954,0.9827436125082929,1.8366281214231879,0.14635505224866563
p2724,1.0380760932484694,0.13772255031724612,-0.02323704398636295,0.9405050092955776,0.5067570767824554,1.2149429916503167,0.07862325534820513
p2725,0.5713555776579842,0.0,-0.14875769251592885,0.4223808448024766,0.3667486764802744,0.09288131675477998,-0.10538709277027358
p2727,1.0380760932484694,0.18939587041218786,0.6123254010818293,1.6501450265890933,1.053201033810622,1.4902217783007763,0.22831178948954367
p2728,0.6032956626353193,-0.09534083555980644,-0.6834254425554409,-1.6874341223734575,-1.170262742951673,-1.1668839377757758,-0.5843160496744204
p2729,0.9986924646930083,0.8358214089832323,2.350562923845711,2.0011117378944006,1.5992786822317573,1.6232817512710738,0.7811612125992955
p2731,0.6032956626353193,1.2802824187262285,0.3857119830273472,0.7555460906380748,0.03519664001809247,0.39531520747119125,-0.2867746144207839
p2732,0.498212141474798,0.021341409569073377,-0.16575967475955977,-0.12092923821386758,-0.3495009013424801,-0.08142326698681551,-0.11017066043388013
p2735,0.9986924646930083,0.0006829624298241299,-4.878039936732856,-4.531267048600785,-2.5655480020537444,-3.5317749455132708,-1.007082316351669
p2737,1.0380760932484694,0.3138870957508093,0.8383449718522513,2.0439835447246737,1.1666272909266422,1.5033594924953846,0.20502922270392432
p2739,0.498212141474798,0.021341409569073377,-0.9942460435088627,-1.3171875821017873,-1.2157598317024454,-1.5289091904608607,-0.18855597235282318
p2740,0.9986924646930083,1.0009647712978733,2.6809064779178513,3.175871362372785,1.9975714935488056,2.078070013643139,0.922098402058884
p2741,0.5713555776579842,0.12408513415117106,0.8138277189829211,1.3867478612698763,0.8559647176965224,1.4340324450441633,0.06474354214353006
p2742,1.0380760932484694,-0.20660801279324303,-0.7769045317937682,-1.3091998761039303,-0.9042217475573544,-1.3918373079240736,-0.29633392150929616
p2744,1.0380760932484694,1.7009327695116419,1.9054797800647663,3.2566099350526905,1.8854999641113321,2.804315080071404,0.5483697400797691
p2746,0.5713555776579842,0.2691043896896943,-0.6888756207420883,-1.0533877951678097,-1.099269223776927,-1.1879654183191435,-0.9168885606294417
p2747,0.498212141474798,0.699528043803264,1.1587054583872494,1.7646628535361812,1.2636005283872433,1.2352207980568903,1.0612909966614907
p2748,0.9986924646930083,0.5437806908144971,-0.32443149431399654,-0.3434752449606343,-0.2215855036360802,-0.2733251456984501,-0.608105792853495
p2750,0.6032956626353193,-0.0066006229823596385,-0.9064564886143689,1.1555208637218968,0.6829487085009052,0.7273995262076904,0.8806879330308561
p2752,0.9986924646930083,0.12770850947591228,1.0943426294027212,1.0500111009019544,0.7050300261406048,0.6613242938289758,0.30177721414344205
p2757,0.498212141474798,0.021341409569073377,-0.29737412688947984,0.021360437769938845,-0.09641414922855185,-0.516890447263431,0.4426746067618268
p2758,0.6032956626353193,-0.10884507118966624,-0.8095915770238822,-0.4808784840013509,-0.5459896203566134,-0.5833460022687893,-0.4013936661784392
p2759,0.5713555776579842,0.0683678272512882,-0.0554895944328031,0.4863074348745041,0.08042206739004781,-0.4540528892491148,0.43167296541647104
p2760,0.498212141474798,-0.4228486872115944,-0.4574531420672603,-0.6919020002818395,-0.8858278815231664,-0.3297876804815862,-0.3452685403843585
p2761,0.6032956626353193,-0.07885686297714223,-0.3908075718634887,0.7946024537906002,0.37461433048529114,0.45528107338667595,0.2439519289566121
p2762,0.5713555776579842,0.0,-0.7531533602419334,-0.9953285507860536,-0.9657466896179565,-1.7062085088680858,-0.50993563459072
p2763,1.0380760932484694,0.06089529347453926,-0.3152914594000915,0.6044009847460661,0.6323037489064719,0.22655984025599446,0.6520881024335576
p2766,0.6032956626353193,2.053252462545924,1.2332946593370888,2.4525219420224307,1.5054496776110649,2.2887192741469775,0.36144382323887037
p2767,0.9986924646930083,0.0006829624298241299,0.888965732282541,1.226871851776142,0.26820367448349874,0.5944854763819146,-0.11360082526564241
p2768,1.0380760932484694,1.3217377908825414,1.850243110153027,3.465664813046918,2.3237267478220818,3.157878826097511,0.9994259818107221
p2769,0.498212141474798,0.021341409569073377,-0.6431354103837066,-0.5207708355702496,-0.567498364408862,-0.887281179673099,0.2769365410829021
p2771,0.9986924646930083,0.5037028757712427,0.21438779401962194,-0.2448010089203968,-0.2909804887948826,0.2727194497320812,-0.12936270423293017
p2777,0.498212141474798,0.5695681426445365,-0.0368574842894116,0.8321955580858305,0.55119408135082,0.6204079360700496,0.872751747833874
p2778,0.6032956626353193,1.3581002066511605,1.626724095795776,3.015589874441738,1.7660948578956432,2.786961398353722,0.8719415258421925
p2779,0.6032956626353193,1.4530384965953154,1.3760304497877875,3.464552809267021,2.0448404594157967,3.077796504576718,1.143124089599878
p2780,1.0380760932484694,0.18939587041218786,1.6481188671384643,2.9116736519988535,1.6128686983269713,2.135460915928261,0.3040576458485873
p2781,0.6032956626353193,0.2956371085095455,0.24351184181330332,0.8490623719481376,0.5079679443223561,0.6953299521919684,0.25183377141863694
p2783,0.5713555776579842,0.11012762756653593,0.35597635426396934,0.2402046807191751,-0.1981958044781697,0.3521260014110895,-0.5919291083047344
p2784,0.6032956626353193,-0.004335773772476514,0.27337982795028104,1.122564849554231,0.6998886075086556,0.6470691891061593,0.2845570061337934
p2785,0.5713555776579842,0.4330482563429072,0.611228511314053,1.6375703957130614,0.9507693580665855,1.4223246984716418,0.24849419795563854
p2786,1.0380760932484694,0.13772255031724612,0.5647691963311523,0.6739603165569505,0.41251985610198144,0.4077391852398679,-0.0014370071435898524
p2787,0.5713555776579842,0.4330482563429028,0.529862554711654,1.835878787518496,1.3582010159666722,1.0761107620445345,1.1856163620061944
p2788,1.0380760932484694,1.1354051220261105,1.726526310230188,2.9628634419368876,2.0255456652967623,2.104686633168448,0.8176455667174878
p2790,0.498212141474798,-0.6192592630860894,-0.5461386180558314,-1.2791723964194548,-1.4070394700205684,-0.884262182040997,-0.8068009948737718
p2791,0.9986924646930083,0.12770850947591228,-2.7411998506960824,-2.8929447951384706,-1.8077682091727825,-1.9386999665637519,-1.334291450125603
p2793,0.5713555776579842,-0.17007277034700685,0.7271784239096686,1.3153717738211994,0.858148064205881,0.9901597946499684,0.006620464956004213
p2794,1.0380760932484694,1.4104797313684116,2.074819124243067,3.2349684650206267,1.933345899030415,3.159877347996856,0.6692888499104104
p2795,0.498212141474798,0.6538009861517988,0.24340399762919418,0.3630867943915261,0.000227032262845428,-0.20428784229429747,0.6056199882945101
p2796,0.6032956626353193,0.1215092911130462,0.14872667367925985,1.115670671154548,0.7387422424868885,1.0524743884030163,0.2573855180667124
p2797,0.5713555776579842,0.0965131747360104,1.0461942249816154,1.83386069059863,1.1480097757350938,1.35890080623148,0.2543773899173569
p2799,0.9986924646930083,-0.037434852838728716,0.2333298604823657,-0.09284230150184636,0.23271109214827934,0.0907870719266689,-0.027008210342582828
p2800,1.0380760932484694,0.9166064970733432,1.630843649855799,3.1579608267783756,2.270768446569322,2.3082007577870076,1.0773205883809958
p2802,0.498212141474798,0.06706846722053683,0.07165842579279769,0.353505923874631,0.08728347332062852,0.10653209594450774,0.41627568485126076
p2803,0.498212141474798,0.6995280438032676,1.1491031348057419,1.6435634557560004,1.073616391064646,1.564027491597875,0.9522730008357847
p2804,0.5713555776579842,-0.05183163295795978,0.9671297407431858,2.3339950909997453,1.6783444276836301,1.8790393404379333,0.6460761431100561
p2806,1.0380760932484694,0.06089529347453926,-0.5289933448587067,-0.36308085871019835,-0.054435912214224835,-0.6305376439865122,0.06758134480362443
p2807,0.5713555776579842,0.024141428178705127,0.9134753053474345,1.7950417770468905,1.0393347928354855,1.8983423177043066,0.048232540443525096
p2808,1.0380760932484694,1.206071780596469,2.2224328040098325,3.4139797850630775,2.133425836889755,2.9254281433306772,0.7953922477967605
p2809,0.498212141474798,0.021341409569073377,0.023733506327742404,0.5584543544225296,0.2891498172085641,0.3859244029372164,0.4665234551220845
p2810,0.9986924646930083,1.0009647712978715,1.290236925495476,2.332389721475506,1.242545187005608,1.2955617610277683,0.8013085967163445
p2811,0.498212141474798,0.5879833495351683,1.0668658168874856,2.386285112478318,1.6257574067491571,2.033812131586474,1.4337210936449782
p2812,0.6032956626353193,0.9641447652641881,0.5748519741740079,0.9466672872710262,0.531214899872546,1.0247110796276686,0.5427909419206589
p2814,0.6032956626353193,0.9641447652641819,1.298167963089826,2.2860769695102974,1.3591487984332458,2.0674561056866154,0.9361520735915754
p2815,1.0380760932484694,0.07359201430477746,0.18732599475421274,0.11039602753669431,-0.18372238291003573,0.09102494896642987,-0.179276034577045
p2818,1.0380760932484694,1.807182603100264,1.560006126699438,2.7091227323046896,1.5966394612896868,2.554632530369294,0.7256708116673849
p2819,0.6032956626353193,-0.0066006229823596385,-0.739819584651837,0.05907974225745927,-0.08063608249081122,-0.33030992969729084,-0.036424491109340096
p2821,0.6032956626353193,1.498851992933231,-0.24987538318637803,0.9320428610150981,0.4178387272775288,0.336012206352239,0.41464205382399655
p2822,0.498212141474798,0.874299637555926,0.07919667686357812,0.5508541261229919,0.07354549572676133,0.29324235243003477,0.40816399128569003
p2827,0.5713555776579842,0.23970468781129206,0.6079669146489408,1.9467117806612275,1.406816246465408,1.0847844088331495,0.7960907951918159
p2829,0.5713555776579842,0.1769803853715981,1.4727446173349037,2.122361435172926,1.4161520649914834,1.9946784850196575,-0.09076398996101709
p2830,0.5713555776579842,0.4330482563429108,0.469493831722847,1.2808289607998329,0.7533190035601084,1.0064331561719138,0.35033230832401685
p2831,1.0380760932484694,1.6273542192257757,1.5981044470876515,3.6091223097547367,2.529362699345615,2.647550516742541,1.191439399469873
p2833,0.9986924646930083,2.774201136505477,3.8727462854124246,4.501356206101861,2.4458812936586893,3.640342664380066,1.0293192353447242
p2834,0.9986924646930083,0.4037472336325063,2.2189052832199128,1.9222187566180033,1.007017376561453,1.5629378693418237,0.7014157050217804
p2835,0.6032956626353193,2.2313454191716104,0.9296382010446198,1.608187654412756,0.7610845577081762,1.602096846680491,-0.022131341919758185
p2836,0.6032956626353193,-0.2791429814553883,-0.613532151391329,-1.4309229415446059,-1.1478471596985476,-1.099287328249764,-0.8353160796637145
p2838,1.0380760932484694,0.02558088833449368,-0.03098337084336933,1.2363441740353123,0.6046242837388682,0.7597213126991273,-0.27345986077828144
p2839,0.5713555776579842,0.17285193000623167,0.14464905506116033,1.1001841186144468,0.6931566687358901,0.3544302651949204,-0.05199913232473463
p2840,0.9986924646930083,0.12770850947591583,0.07736899273729136,-1.1947605963517267,-0.9744352425593169,-0.763066687045523,-0.8156669430206502
p2842,0.5713555776579842,-0.15810000030102955,-1.7200948052260738,-1.2618031007616146,-1.0537510527136529,-1.5943903125507173,-0.08059948439757036
p2843,0.6032956626353193,0.08630406589270478,-0.08686322836419613,-0.6598775444324299,-0.7562672982691204,-0.3515258048306647,-0.7025454638319744
p2844,1.0380760932484694,0.07482396249509016,-2.660436458066913,-1.4832001497903997,-0.8968927860521974,-1.9898905969701368,-0.4231002961689452
p2845,0.6032956626353193,0.669940321510639,0.7713069996157582,1.8736810784012692,0.8532135604832068,1.2929843303075956,0.9264758258747747
p2846,0.6032956626353193,-0.08047687551728266,-0.5813460583464725,-0.5571624020033221,-0.42074909561149465,-0.42803971891947873,-0.42826636255272454
p2848,0.5713555776579842,0.0,-0.5328057426106305,-0.26819766543071366,-0.4125457078945471,-0.4298749176461404,-0.42804721492120557
p2849,0.9986924646930083,0.12770850947590873,0.5542020664718947,-0.08634089966077296,0.13376024548979293,0.45882837607627347,-0.35158326866302936
p2850,0.9986924646930083,0.40374723363251164,2.753794721896342,2.6138746745544825,1.4227174070971744,1.969795781986103,0.8040782398768531
p2853,0.498212141474798,0.19625107270525355,0.7367628362724048,0.4973812360501715,0.07601500539297784,0.9393493135005493,0.024227466191826252
p2854,0.9986924646930083,-0.037434852838728716,-1.8019913215922898,-1.7687004567974265,-0.7338383324851637,-0.8836054784972182,-0.6802804677763952
p2855,1.0380760932484694,0.05073482508226057,-0.2653851913375167,0.08339921972857522,0.23564893934561465,-0.41691793088494733,0.05536619812203014
p2856,0.498212141474798,0.22603897095796022,0.6676518045909123,1.3940169046733697,0.7716751107073332,1.2902206352424563,0.5749351328096264
p2857,0.5713555776579842,0.23970468781129206,0.6840764554295458,1.7743940535425937,1.1688629064904286,0.9119657777619147,0.7754191070848488
p2858,0.9986924646930083,1.4457471073523624,1.5680419269091646,3.2942846457934705,2.097243832759904,1.9592853376300186,1.3689702139275566
p2861,0.498212141474798,0.06706846722053683,0.4614566483460045,0.9892009042838044,0.5994927395134162,0.7751952928955246,0.5132742183455843
p2863,1.0380760932484694,1.2458304170482508,1.010871663238376,1.5840173756832912,1.017677947324915,1.6087319589386158,0.4830607428904905
p2864,0.9986924646930083,-0.23354950671515518,-2.2072681797321234,-1.2278996424033521,-0.397828098920173,-0.5597606262072637,-0.6336140594097905
p2865,0.6032956626353193,0.12190129079289136,0.5934039268285574,1.8616959559010051,1.1083766753004596,1.6299601119738356,0.3322316192563992
p2866,0.5713555776579842,0.17698038537159988,0.45740250750483114,1.1496036438344333,0.5284712709018142,0.9047006252639783,-0.17246507994484261
p2867,0.498212141474798,-0.5520312926963111,-0.15785174486456377,0.11451639394416435,0.0707773248178848,0.2478089503602794,0.4103552532938295
p2868,0.5713555776579842,0.24534821262288808,-0.190669927856014,0.6569687091284309,0.3102925134072255,0.16784569889518566,-0.08569227729226903
p2869,0.6032956626353193,0.728109516681382,-1.4909334348179168,-2.0811237184595406,-1.4335755437998985,-1.4889286803384798,-0.589829848373137
p2870,0.6032956626353193,-0.0037633240312366922,-1.2896520255371762,-1.704578332231245,-1.0085826396664133,-1.5796750073058918,-0.3525014528448729
p2871,1.0380760932484694,0.112568613569481,0.4777549526449967,1.1337742411823886,0.6055268200826261,0.8239826575648797,0.23731611064496327
p2872,0.6032956626353193,-0.10884507118966624,-0.10810184086914809,-0.5416751517179503,-0.6163758618714218,-0.6575241128094289,-0.21211042282045334
p2873,0.9986924646930083,-0.23354950671515695,-0.3956715359209557,1.1476549663892275,0.9414697342603258,0.37549017678541996,0.250596266786685
p2874,0.6032956626353193,-0.09534083555980644,-0.6180052423690956,-1.9076456191342934,-1.6272739981520912,-1.7245364917445158,-1.2146679665833666
p2875,1.0380760932484694,0.09874595105254436,1.041811123056581,2.0227330989506433,1.48468996763327,1.0941496192286015,0.8760201923967372
p2876,0.498212141474798,0.021341409569073377,-0.11876212060974112,-0.9451141951944533,-1.1090609090855827,-0.12339236068220888,-0.19624439213389877
p2877,0.9986924646930083,1.0260855882889723,4.224067486430654,6.133550511102077,3.3502515884433084,4.539168070872962,1.0488233389398092
p2878,0.498212141474798,-0.09747960513611709,-1.3972533332719799,-1.3206450957765226,-1.1412110352119338,-0.9739761079097553,-0.0634654805714856
p2880,0.498212141474798,0.6618708375071982,1.0479789426762025,2.1368420057841115,1.4608829765882416,1.7515567688751519,1.1084265157271584
p2881,0.9986924646930083,0.12770850947591228,1.2373697715127214,-2.195708708045689,-1.6442915951256643,-0.7647884514131981,-0.9628915373954889
p2882,1.0380760932484694,-0.08772563278042966,0.5426733576925216,1.0096621658854863,0.4221326561897407,0.80806316023622,-0.045468526640364715
p2884,0.5713555776579842,0.1769803853715981,0.7784353924075482,1.496539977810901,1.0992991719129952,0.8535125814296732,0.3073753206904648
p2886,0.6032956626353193,-0.18033644069901555,-1.19820868021357,-1.1039783639132634,-0.7681376516442509,-1.2525925835735245,-0.4451715729691337
p2887,0.498212141474798,0.5879833495351683,0.9552779142952623,2.0668059805235943,1.4027949506628747,1.870086449389104,1.1786888023276259
p2889,0.6032956626353193,0.19339266030223712,-0.7645767937587653,-0.9623526997271759,-0.8009272218258139,-0.9961270309559074,-0.4949624365579943
p2890,0.6032956626353193,0.19339266030223712,-0.9805140613633228,-2.1778419372543008,-1.7883550825231664,-1.8973500305539521,-1.0038666978246198
p2891,0.498212141474798,0.5695681426445312,0.47029381048930574,1.3797428448478768,1.100229321585338,0.9289171083905028,1.1980107426327553
p2894,0.5713555776579842,-0.06685275780506217,-0.7167830697114415,-0.5307227963416421,-0.6160985800923089,-1.113382958043973,-0.6348892705256546
p2899,0.9986924646930083,1.1018249964243196,4.086929171767819,4.004731459135321,2.0084585556513477,3.0294826518207367,0.8909140371824424
p2902,1.0380760932484694,-0.05367661444256022,-2.2674584271848097,-2.712919743301457,-1.737929472076304,-2.4677393665327902,-0.7052809029777816
p2903,0.6032956626353193,1.3581002066511605,1.9343800503303363,3.359176503571838,2.0539524611450743,3.2690690493189307,0.7249797049400808
p2904,0.498212141474798,0.5879833495351736,0.5823072341650164,1.2600712018296836,0.8236727771144883,0.8971825461958476,1.1110377531004936
p2905,0.498212141474798,0.06706846722053683,-0.408804661518511,-0.6976082318427745,-0.7843151866128826,-0.5378910494134637,-0.30393822071465415
p2906,0.9986924646930083,-0.1421037033306014,-6.672951088914401,-6.9500617093331485,-4.728401596901216,-5.5318902069602425,-2.7454224137636256
p2909,0.6032956626353193,-0.10884507118966624,-0.09885186780793731,-0.17516903255586214,-0.16904054240276145,-0.07905082025982296,-0.03789220508838653
p2911,0.5713555776579842,0.0683678272512882,0.41450280523391037,1.013179207808602,0.7095576954575371,0.6606379823000582,0.33392165698422893
p2912,0.6032956626353193,1.3238515180253367,0.6647713919788742,0.1675978459409661,0.03314303660319157,0.5573274165229275,0.041655041163350504
p2913,0.5713555776579842,0.08724821232185676,-0.5542690611825982,0.4293920738364596,0.19606663952139375,-0.023826329390612633,-0.048753002707689674
p2914,0.5713555776579842,0.0683678272512882,-0.011117716036689984,0.6006466463355188,0.3512874146613257,0.01832146384515032,0.1599149697375637
p2916,0.6032956626353193,-0.200422582718236,-1.1831998188818709,-1.1279000383386355,-1.0250173326455612,-1.5281803407421952,-0.6481476732724758
p2917,0.9986924646930083,0.40374723363250986,0.792957582100474,2.623617304095072,1.5008864428524156,1.6239619889837882,1.175296017301628
p2918,0.5713555776579842,-0.06685275780506217,-0.8398267094947212,-0.31210402641792123,-0.2759745354400657,-0.41691515554766745,-0.7228883854688206
p2919,0.5713555776579842,0.06836782725128998,0.8820991119867028,1.5431927290376635,1.1075497368498537,1.146012558633685,0.4978912544803471
p2921,0.9986924646930083,0.12770850947591406,-2.0866448090747642,-3.24760746483849,-2.446904980133638,-2.6366907491723843,-1.3356696691098708
p2923,0.9986924646930083,-0.037434852838728716,-2.2370015746395033,-2.561630225187203,-1.1292908134032777,-1.3426329139062703,-0.753359322760268
p2924,1.0380760932484694,0.06089529347453926,0.9508240616315504,2.146666803456016,1.276620558757045,2.107361982952541,0.30810318566263994
p2926,0.9986924646930083,-0.037434852838728716,1.5795473700688945,3.25435621316531,2.142557195022491,2.4891772273909782,0.9334619817733145
p2927,0.9986924646930083,1.7542611161965271,1.234588725211239,3.755994447667293,2.533793602025272,2.755564659788231,1.2232993529273042
p2928,0.5713555776579842,0.0,-0.9952125604878219,-1.2495029181200494,-1.1702295879182845,-1.3678541448829575,-0.8161265030148979
p2930,0.498212141474798,0.021341409569073377,-0.2205498417945595,0.6099351275412179,0.32249651081494635,0.25054456747816733,0.8511661441536233
p2932,0.6032956626353193,0.10549915752887529,0.24208321374829467,0.31937810992012194,0.058255647779063835,0.43360154606069445,-0.1437836147437519
p2934,0.6032956626353193,-0.200422582718236,0.0849430777622846,0.17956265383700248,-0.11222748724922732,-0.0030560412958534067,-0.24630993035969873
p2936,0.9986924646930083,-0.23354950671515518,0.5606489599309157,0.7001732556142808,0.16442535643965073,0.48089479988963924,-0.27202385220432745
p2937,0.5713555776579842,0.15351801647292973,0.6526401239091868,1.2805652932560452,0.979864723212136,0.7607921674698969,0.4296527720027328
p2939,0.5713555776579842,0.0683678272512882,0.8288052987260421,1.7310841304100337,1.1546614024687674,0.6744584389611522,0.6387901856756368
p2940,0.6032956626353193,-0.10884507118966624,-0.4126627553402571,-0.39070310736158453,-0.08744625611435297,-0.31298789493064444,-0.03805031510634471
p2941,0.9986924646930083,2.2114394718733017,2.8528821719115367,2.2532835716724846,1.102161541077736,2.0370031061317992,0.231972012816696
p2942,1.0380760932484694,-0.34928042750502364,0.6497142869877344,0.9330592048971373,0.19888674657369432,0.2783506258229589,-0.3085577948540692
p2943,0.5713555776579842,0.0015150694462260361,0.3092596642493799,0.5845014528415938,0.13425281772369071,0.32062796733391574,-0.10718292135618945
p2946,0.498212141474798,0.021341409569073377,-0.1480239843583675,-0.27454490941251064,-0.3911862531948947,-0.19797770431634726,0.25047169259703317
p2947,0.9986924646930083,0.37863732849985254,0.288132238238326,-1.3288305684675619,-0.9983906710420917,-1.063381504154505,-0.7040148665619661
p2948,0.9986924646930083,-0.23354950671515695,-0.5802570194052805,2.1547997447144045,1.3305551649076883,1.0368967565834082,0.8485436904431864
p2949,1.0380760932484694,0.3772711300195386,1.3728677951352921,2.7167365418302185,1.9274768748125055,1.669724512735784,1.2016221366124284
p2950,0.498212141474798,0.44147140403500984,1.1769593846120099,1.8666208049325614,1.335176433075636,1.2962807905203364,0.8312648860912759
p2951,0.9986924646930083,0.23860387131787064,1.1507320580025198,2.1645123772547734,1.528661708283721,1.6575160297425597,0.24300585662462737
p2953,0.9986924646930083,0.12770850947591406,0.99599257068488,0.8730434592933514,0.5092672974036269,0.9227354525213447,0.03259697694420893
p2954,0.6032956626353193,-0.0037633240312366922,-0.43606903319752277,-2.160771620568913,-1.4255359607456624,-1.2265084742091843,-0.887494020503695
p2955,0.6032956626353193,-0.0066006229823596385,0.5219997587335659,1.9496675532139316,1.0599225120476463,1.5779920342871594,0.365589869080992
p2956,0.5713555776579842,0.08535066117217127,1.2012275278200129,2.4514826239176104,1.606860967504357,1.8335955217480049,0.9542943411735969
p2959,0.9986924646930083,2.1929855928522484,2.814992864154619,3.6643250843907547,2.3084878061452168,2.875006556104751,0.7903147126442143
p2961,0.6032956626353193,-0.10884507118966624,-0.13159527459240827,1.4486682724797344,0.7108375901360227,1.158699669122356,0.2577681580315776
p2963,0.9986924646930083,0.12770850947591228,0.1361561575928345,0.37949891123432355,0.1024336405735618,-0.010974182324554715,0.07705546715139633
p2964,0.6032956626353193,-0.2926472170852481,-0.5528986747283913,-0.039440742886460045,0.01944043486819358,-0.23565904708855606,0.11662019352879582
p2965,0.6032956626353193,1.3016692547817676,-0.006869805378956428,-0.23966972291652344,-0.3137485651110089,-0.21772211844317507,-0.26287815973130435
p2967,0.6032956626353193,0.0071362653868298764,1.0516021835457625,1.7303683327700325,1.0725240602775885,1.6438407488257767,0.3653675237129015
p2968,0.498212141474798,0.19625107270525355,0.7142540738108085,1.1590575610069134,0.6171295907715492,1.135224689024088,0.6408834485528576
p2969,0.6032956626353193,0.026555843088030606,0.4715707449361979,1.2200650119951821,0.5562967948655765,0.7665971886254637,0.7723410443025003
p2970,0.498212141474798,0.8880106141534014,0.9776450016656675,1.8002495738553217,1.218791166121603,1.480618236734567,0.9723684015768335
p2971,0.9986924646930083,-0.23354950671515518,-1.7611932937950598,-4.744729387213329,-2.777048084355404,-3.7955125500069444,-1.0430028007007532
p2973,0.498212141474798,0.06706846722053683,1.0612665782142567,1.775912333058507,1.1606384244073462,1.506535528569645,0.7220462351577783
p2975,0.498212141474798,0.021341409569073377,-0.06791146815300664,0.8316594611466183,0.6497387329505677,0.7119654494170491,0.521871009945734
p2976,0.498212141474798,0.06706846722053683,0.011069807200676962,0.22447010280713892,-0.11094217647424148,0.6973709429809893,-0.13635037706248454
p2979,0.498212141474798,0.5879833495351683,0.40632777884552596,0.7771151626928794,0.3072920022974279,0.5427804756634447,0.8901508625800503
p2980,0.9986924646930083,1.760911417501525,2.3505205964935776,2.396214746013258,1.1624672583437403,1.8149351231722064,0.3240132523481041
p2981,0.5713555776579842,-0.15810000030102955,-0.37735844941621366,-0.1361151393822595,-0.2867891638720836,-0.5547793139310855,-0.3081158760079763
p2982,0.9986924646930083,0.2386038713178671,1.0387044428977479,2.8501971372826644,1.9502351954272168,1.7425303257075897,1.4858465509533367
p2983,0.9986924646930083,2.3581289551668787,0.946047671206955,1.7195449631714839,1.3093463003015322,1.332935512946265,1.0903327336603805
p2986,0.9986924646930083,-0.037434852838728716,0.38136538189681346,-0.703161186975,-0.1287099662769714,0.2656289141943712,-0.4775752998865368
p2987,0.5713555776579842,0.06836782725128643,-0.862352213773903,-0.008006157620161103,-0.008148953354129684,-0.3421590574594081,0.15142202840323016
p2989,0.498212141474798,0.6618708375071982,0.29732598432690516,1.1466881249748544,0.6652698749885599,0.9674469789157347,0.6075121236161092
p2990,1.0380760932484694,0.1504192711474861,0.5418229442575608,1.0675399852039993,0.36268838884017096,1.0989847926499619,-0.23870106046047468
p2991,0.6032956626353193,0.567712194115515,0.71290474281491,1.585722441158977,0.9090562924470107,1.2931381974720417,0.698174505456965
p2992,1.0380760932484694,0.804450081081364,1.6960463720927397,2.955194284979094,1.9423755689443605,1.9545713904320992,0.7482505726534558
p2994,0.5713555776579842,0.0,-1.4551570115358174,-1.4988461885249513,-1.6146639310948934,-2.2973273981676603,-0.6055503307847978
p2995,0.6032956626353193,1.4639369232820627,1.9300924262019556,2.8977915812776036,1.5684173760421947,2.6862866631914595,0.7401223609720127
p2996,1.0380760932484694,0.112568613569481,1.1551453198799653,1.749748825302962,1.0795539707213173,1.6322669031638832,0.3997334370027481
p2997,0.6032956626353193,1.4639369232820627,1.644441481025627,2.495693859845125,1.3880437492015636,2.390366576760777,0.39549529869017874
p2998,0.498212141474798,0.5879833495351745,1.4697266495986803,3.075578245494328,2.181675810519488,2.433525232142148,1.4193779374723139
p2999,0.9986924646930083,-0.037434852838728716,0.747489610864239,-1.3426976818212157,-1.0175575345965604,-0.7061341787086138,-0.917568337391188
p3000,0.498212141474798,0.7025784319132748,0.8728583992310472,1.899842809547949,1.3278544126636398,1.4865055108159502,1.190622128178271
p3001,0.5713555776579842,0.0,-0.08067556330334824,0.6543309631309788,0.2951885915646361,0.12340381458851377,0.09599422582495087
p3002,0.498212141474798,0.5879833495351665,1.2245476841126894,2.4175154115224946,1.5873654570236972,1.8566276330893048,1.2125472888116544
p3003,0.6032956626353193,1.0041527389519782,1.1325340887456594,1.324115525583048,0.6860706165950631,1.0313112480078255,0.39556140525876415
p3004,0.9986924646930083,1.5957680551868902,1.3396224128586756,2.6853731722383753,1.5304987345778152,1.7872715056206716,0.9044036362877463
p3005,1.0380760932484694,1.3369011810825437,0.6219076295520978,2.2532294869738694,1.4841385666349105,1.9659875540435008,0.6888174520804959
p3007,0.5713555776579842,0.23970468781129384,1.2759069389076831,1.7651035612335086,1.063754757869875,1.1501625866227174,0.519673854202777
p3009,0.498212141474798,0.06706846722053861,0.56507386140796,0.7396017281007179,0.28656059008320156,0.5872775237468688,0.37450750042349235
p3010,0.9986924646930083,0.8198194149710929,-1.2510303217319425,-0.6452162057795624,-0.4719078402250897,-0.5882484276149732,0.019962896961903454
p3012,0.498212141474798,0.18166354959864606,0.5017586530158855,1.1855004962393876,0.7415640146093356,0.7881281850843278,0.7644428254019271
p3013,1.0380760932484694,0.02191869420983572,0.37970875992458986,0.17568945921281887,0.17460602854835283,0.013059089716792815,0.21770488138527888
p3014,0.498212141474798,0.06706846722053683,0.394757358019417,0.9979490696941071,0.7228166256325999,0.8700134816875571,0.6837334961135184
p3016,1.0380760932484694,0.32013714683453465,0.108628917721461,2.003449508469943,1.5434860020056942,1.4453788869669073,0.5208634879534983
p3017,0.6032956626353193,1.0034748151772632,0.13617925440300205,0.9362293592659012,0.42132476702297084,0.7117056226582485,0.3972522632230824
p3018,0.9986924646930083,-0.022564586735875025,-0.8496838115738345,0.5275231994245576,0.5957763349104822,0.36802398733009445,0.8130495758257634
p3020,0.5713555776579842,0.0,1.0386234852460916,2.280119967201549,1.5948464443725061,1.5786822770464062,0.907599386524554
p3021,0.9986924646930083,-0.23354950671515695,6.932344905569991,1.2726060411832205,0.044399827847655504,0.43103424734097556,-0.6125027991903549
p3022,1.0380760932484694,0.9349537648400545,1.2866019491063572,2.0639623470054795,1.1047970196663588,1.7329052869505683,0.17742797662111265
p3023,1.0380760932484694,-0.026092431760444512,-0.48505501514091165,-0.6257215208093339,-0.6005912196818644,-0.8409999971865016,-0.3639210034290681
p3024,0.498212141474798,0.7734155317753038,0.6392130033844072,0.554172656481023,0.2449284619404341,0.9283622643138392,0.471230222213217
p3026,0.5713555776579842,0.0683678272512882,-0.005917518846382919,0.3163696376409515,0.11186242471751018,-0.5108333432421016,0.21399366434537193
p3028,0.6032956626353193,1.0027198457047968,0.18377868445936052,0.022770980281122122,0.0066688416867590194,0.02366284924059675,0.2209885301664034
p3029,0.6032956626353193,0.1933926603022389,0.18961427019850063,0.5653679161230882,0.24092089732764574,0.5841930411543371,0.15616880718511084
p3031,0.5713555776579842,0.23970468781129206,0.7028983581418036,1.5231096158835187,0.9584063318816292,0.7234349350570654,0.8997500185217167
p3033,0.9986924646930083,-0.657760274925046,-0.6687701632489969,2.771722875064783,1.6222076774762089,1.4310788498663944,1.2540845103575506
p3034,1.0380760932484694,0.9106326825183544,1.1147258387066419,1.8434452848219398,1.2443713922149553,1.1780317704764012,0.5672809202587921
p3035,0.5713555776579842,0.33218690016513364,1.3441879165831114,3.09566572712781,2.148901410521536,2.554307223075755,1.1530221184406724
p3036,0.6032956626353193,0.9554491831003027,-0.06685275078654129,0.09624379160883945,-0.13478588415592851,0.05177491404754869,-0.533164756729759
p3037,1.0380760932484694,0.112568613569481,0.33748047644761314,0.9437218425777172,0.5838847395357687,0.8859510979006313,0.08344881603435894
p3038,0.9986924646930083,1.9194044785111606,5.891013478715104,7.249607315283715,4.043506819125714,5.254224890456512,1.6057935875595213
p3039,0.498212141474798,0.06706846722053861,0.736320245047482,1.0364076537339377,0.510105889323354,0.8941590999640474,0.31986919144418735
p3040,0.498212141474798,-0.5520312926963111,-1.1754908604412648,-1.3593987138934447,-0.9534111689280462,-1.4969791230743814,0.08848839744268666
p3041,0.498212141474798,-0.8977831639283078,0.05644104750194501,0.13421899172199192,-0.056271538406664046,-0.03616480668181926,0.31276749430766415
p3042,0.5713555776579842,-0.15810000030102955,-1.537062974922554,-1.7237241331040394,-1.477363136358816,-2.065097399142604,-0.4189546167963627
p3043,0.498212141474798,0.07907011233693062,0.1719022768051115,0.575982491004829,0.09344871813435163,1.0100719561632852,0.18100355795091438
p3045,0.9986924646930083,1.7542611161965214,3.704956328029489,5.386335953645318,3.153878194938253,3.7992314349707765,1.6153490553713654
p3047,1.0380760932484694,-0.0650690310251516,-1.2993873371759026,-0.2699997436333006,0.001485625689273684,-0.6174116260688973,-0.12187997277861129
p3054,1.0380760932484694,-0.01089837593772458,-0.7617509210658024,-1.186704584659021,-0.8586495218742414,-1.4218468221810974,-0.4359117963027366
p3055,0.498212141474798,0.06706846722053506,0.377905328418354,0.2653982820189009,0.1338093391412094,0.4664848813351151,0.519681764326636
p3056,0.6032956626353193,0.2956371085095455,0.9196179740808965,1.493520390085631,0.7906815984617354,1.479158185139889,-0.13696865032357586
p3057,0.498212141474798,0.7734155317752922,1.3909401158734767,1.5560433686754358,0.877076118104956,1.4484860806315185,1.0490924895879346
p3058,0.6032956626353193,1.1465460722840906,1.2146520449964058,3.9541144622963422,2.421251938297721,3.1670121817135533,1.0904460527098419
p3059,0.6032956626353193,-0.200422582718236,-0.5029047493421288,-0.7426907151504885,-0.3135466254787578,-0.9415499221550219,0.3768471293658191
p3060,0.498212141474798,1.01719321963812,1.0066626625283153,1.2088574112633008,0.5277120230681773,1.0105472018631185,0.4228097094020207
p3061,0.5713555776579842,-0.15810000030102955,-1.5542243083249616,-2.9771949294551936,-2.7445862331737576,-2.7483444727878164,-1.4345889541777446
p3062,0.6032956626353193,0.12190129079289136,0.5025472517091334,1.5225895355496228,0.9502177975438215,1.396089409479106,0.04073718764508705
p3063,0.5713555776579842,-0.08598619938783081,0.2758454599978766,0.2753874643452301,-0.04718236106227147,-0.13153556388210855,-0.3512203623928034
p3064,0.5713555776579842,0.21788281614319782,1.0437867596427228,1.9371143096033998,1.2448280497721098,1.8064952246875736,0.37645812196184636
p3065,0.498212141474798,0.5879833495351683,1.3463422545288584,2.380596392792446,1.498229929617139,2.442673438740551,1.0010571154261072
p3067,0.498212141474798,0.06706846722053683,-0.06213126251658174,1.0647742744016817,0.9535104843258511,0.5443042185257697,1.108711501057499
p3068,0.498212141474798,0.7025784319132775,1.3185843627183438,2.8683719664467437,2.0534331612836967,2.4031627486539286,1.2375323311622566
p3069,0.9986924646930083,2.2132836418443187,4.726514631553138,4.593577011094104,2.386910620234291,3.5720188815177263,0.9671986355154623
p3070,1.0380760932484694,0.023150642400148413,-2.2403799657243013,-2.4586720047715502,-1.78133961459609,-2.247798398951271,-0.8562747449995474
p3072,0.5713555776579842,-0.08973217304974135,0.1799122477950501,0.46188123600830505,0.19355292318486927,0.12079566508485813,-0.3342011520844981
p3074,0.6032956626353193,1.915207765709562,1.70174604039339,3.405756790713591,2.130205455584404,3.2397657565306055,1.255289232491437
p3075,0.6032956626353193,0.09848112417607169,0.33527526284325404,0.9316689974712008,0.5182977921115499,0.442248803358737,0.2757714326814469
p3076,0.498212141474798,0.06706846722053683,0.7835855382998833,0.3992265208011387,0.10350564128569378,0.11714118030657372,0.8659840155779932
p3077,0.498212141474798,0.021341409569073377,-0.31841166255973263,0.14948362579211577,-0.11126644156319215,0.30639700294228983,0.0611872846831627
p3081,0.498212141474798,0.523841084993073,0.4275350458098881,0.8328333108433992,0.2750511356008595,0.8161230358811715,0.4991405331648675
p3082,0.6032956626353193,-0.11710209845295516,-2.4806361769746736,-2.3777711196893296,-1.8215472976124463,-2.8449783940211786,-0.49564113611364746
p3084,0.498212141474798,0.021341409569073377,0.5030297922709117,0.7992350559843516,0.2758637349829199,0.917178375145361,0.3739523956679722
p3085,1.0380760932484694,0.9598381188981104,2.114941756234158,3.1660823257078223,1.8307230386583186,2.3983520178460243,0.4241626902819391
p3086,0.6032956626353193,-0.005100644257909792,-0.02306546746707916,0.09368062383020592,0.11107359857591129,-0.07491396311044834,0.24119525000885567
p3089,1.0380760932484694,1.0418583674541502,1.5020344432112331,2.687511528799236,1.9520730206029078,1.895112935671283,0.9830970341545235
p3090,0.498212141474798,0.6995280438032623,1.3622101975353083,1.5990201522424818,1.0073327662802412,1.5035254335639026,1.1432113174857577
p3092,0.5713555776579842,0.0,-0.40679805399295965,0.15736636561883244,-0.021602464041388825,-0.19501507530866233,-0.2754055345244293
p3093,1.0380760932484694,0.1504192711474861,0.016706348116127145,0.5027249888019768,0.0538846175545048,0.7210421309811255,-0.49639584084662225
p3094,0.9986924646930083,-0.037434852838728716,1.0007340188269271,0.6605482965278111,0.21961556846712982,0.1886154751258743,0.10122701099028397
p3095,0.498212141474798,0.5879833495351718,0.8379299703808698,2.4011412587946315,1.7600540591406566,1.7875587859189053,1.1535568874127113
p3096,0.9986924646930083,1.760911417501525,4.229583045932433,4.171988330397068,2.1812215708238583,2.963051200146446,0.8104142767154858
p3097,0.6032956626353193,-0.09534083555980644,-0.10758254728549765,-0.4359719801400874,-0.3639876434937396,-0.48618716216795316,-0.29582904225137163
p3098,0.5713555776579842,0.0,-0.7711668382929453,-0.2363870410559562,-0.20923781046232692,-0.8002373236443913,0.08117974020415986
p3099,0.9986924646930083,1.760911417501525,3.9232770067074485,5.450801776167431,3.1097063895961723,4.048222893721817,1.1782771638293887
p3100,0.9986924646930083,-0.23354950671515518,-2.7857214889639996,0.14237517589957593,0.48632877677545316,0.09385516917227033,0.463301669498291
p3101,0.9986924646930083,1.4170369526364546,2.327491483883372,3.7150009243230553,2.1914002075168937,2.640806424983565,0.7913790969623218
p3102,0.498212141474798,0.7025784319132713,1.1416575908649236,1.8443585224915693,1.297825214943434,1.5421049123762596,1.2565298594330834
p3103,1.0380760932484694,-0.45763465279187443,-2.9306188844546615,-5.406054833431361,-4.133250619489052,-4.715737230157007,-0.9129707338101412
p3104,0.9986924646930083,-0.23354950671515518,-0.17654734685334716,1.4629165123408172,0.7586594495443302,0.6097064281296043,-0.02134395416918977
p3105,0.498212141474798,-0.4374362103182001,-0.1633832067359453,0.6929618290048459,0.45440745986805575,0.40715477298071184,1.043259384329259
p3106,0.5713555776579842,-0.2661830750223082,-0.2141622098072542,0.14113518126414748,-0.1953307933014256,-0.7850607081028996,-0.18579939529230494
p3107,0.6032956626353193,0.657375438539427,-1.1643567595281272,-2.527027393837119,-1.657093228378646,-2.0259441242289857,-0.717857158193306
p3109,0.9986924646930083,0.12770850947591228,2.0368031460810876,0.898981589183671,0.22973441005791606,0.7675563579594302,-0.07661201027933906
p3110,0.498212141474798,0.021341409569073377,-0.31159000885230625,0.4354973695793555,0.02611130348911514,0.3190242580998083,0.4831259080289527
p3111,0.6032956626353193,-0.200422582718236,-1.934121263019076,-2.5069212251016406,-1.8021136755121054,-2.3130053376094675,-0.958024492087878
p3112,0.5713555776579842,0.06836782725128998,0.26912301011382134,0.8155055750884341,0.36520935362157064,-0.0708855037629473,0.37467963769084456
p3113,0.6032956626353193,-0.200422582718236,-0.23432153857126714,0.2576753952502616,0.17167361182792712,0.21384398237412522,0.053689016263600564
p3114,0.9986924646930083,0.4362225183200721,0.59243713442714,0.9216675055987013,0.498203333796164,1.00363028823426,0.10623568131325278
p3115,0.6032956626353193,2.5798727074064596,0.510964298168096,1.014872030591217,0.40223983120582385,0.8695113909666804,0.18843466409626508
p3116,0.9986924646930083,-0.23354950671515518,1.2710843686864095,0.779683851617271,0.1360298379244942,0.9891213416819673,-0.6348845287043154
p3118,0.498212141474798,0.021341409569073377,-0.3877145240910522,-1.1139767382159262,-1.3113650083372046,-0.945637163761563,-0.3837177244911203
p3120,0.5713555776579842,0.01888038507056855,0.043136808287064454,0.45497887631835376,0.09797541130511855,0.015408252256722071,-0.1689474144155323
p3121,0.5713555776579842,-0.15810000030102955,-0.2488822801166073,-0.6989389132043804,-1.0367071822078988,-0.7591370121114623,-1.0693426687314158
p3122,0.9986924646930083,2.213283641844326,5.756882330702528,6.790829554688846,3.6113670153589204,5.002245232369563,1.2433116680141882
p3123,0.498212141474798,-0.7644887793303301,-0.7464805171311486,-0.7596755323988991,-1.0003084238855693,-0.45731578566397885,-0.19624179586331536
p3124,1.0380760932484694,0.07482396249509016,-1.1141021540031506,-0.28135731783540563,0.20252254476460974,-0.6415646075589028,0.00934152753943529
p3127,0.9986924646930083,1.7542611161965311,3.5219166001005107,4.553739647739828,2.7062649301333,3.7641358371123737,1.0766647420295339
p3128,0.498212141474798,0.021341409569073377,-0.29107523470454133,-0.33033882321714403,-0.5484852743859234,-0.2462956904228379,0.008492854965387764
p3129,1.0380760932484694,0.14640991954845717,1.1385183242970047,1.6221337090354906,0.8648404340320126,1.2459070755052153,0.07875942593061502
p3130,0.5713555776579842,0.2453482126228863,0.49145463119578814,0.8359684949524315,0.31453902830721925,0.415618684469993,0.17462701648937795
p3131,0.6032956626353193,0.1933926603022389,0.7166282825422225,1.1553904555737708,0.49383193509227996,0.7534280163306023,0.57092550365652
p3132,0.9986924646930083,2.358128955166883,2.913934740260344,4.31734203266246,2.5021991441312497,2.9103589959859995,0.8663874536137222
p3133,1.0380760932484694,1.3217377908825476,1.171712314290982,2.778213653039265,1.9572369503208717,2.5259244691166747,0.8910486497198651
p3135,0.498212141474798,0.06706846722053683,0.00032567272183392504,-0.4421351428535456,-0.6022462648327898,-0.16576303820984156,0.012878890283930744
p3137,0.6032956626353193,-0.004335773772474738,-1.1677828701071569,-0.05682422410303767,-0.13488050605967217,-0.5448748968737651,-0.010979416844849155
p3138,0.6032956626353193,1.7529400972092706,-0.09583484599248493,0.0945239701300481,0.06568873481945003,0.01813565239967302,-0.001052362891396541
p3140,0.9986924646930083,0.40374723363251164,2.1380659821951262,2.698496239414045,1.2786046752971618,1.7374730069419648,0.8629992370756554
p3141,0.498212141474798,-0.3099370917701343,-1.7129965201621644,-3.834249158088117,-3.4920173328098136,-2.8190621965305316,-1.2879267291326162
p3142,0.6032956626353193,0.5179418622617149,0.1734466071979952,-0.40903901728135406,-0.37896371818569297,-0.2547788484659243,-0.27517061964439016
p3143,0.9986924646930083,-0.037434852838728716,1.5461481432190567,1.491323302743412,0.9712149053141571,1.1503669159782863,0.2458616678958343
p3144,0.6032956626353193,-0.10884507118966624,-0.10429739165010155,0.21117487403366098,0.08774211918755939,0.4003270764375394,-0.039665134793819945
p3145,0.5713555776579842,-0.08598619938783081,-0.22409768197816327,0.6066742747332595,0.45038263540465107,0.3636264148966286,0.42306582925678526
p3147,1.0380760932484694,-0.45763465279187443,-1.4864435248867096,-0.9513497236890818,-0.771218870660497,-1.114879228346927,-0.42033134617867773
p3149,0.6032956626353193,1.9152077657095603,0.6321398853078222,2.897099820470679,1.63886950970954,2.1963610865896435,0.8273359817392372
p3150,0.498212141474798,0.6995280438032623,1.2632012024933612,2.3858530345177877,1.7446283356955696,2.37595374757354,1.2367997476165637
p3152,0.6032956626353193,-0.200422582718236,-0.41774453816004176,-0.24566960242752067,-0.2663356234734898,0.0733686430693255,-0.2925230636237295
p3154,0.498212141474798,0.699528043803257,1.6759164844682584,2.556599655274709,1.778094650116056,2.375298326042121,1.1342221350178487
p3156,0.5713555776579842,-0.154354026639119,-0.10746569594278021,-0.21970131537774795,-0.4313424845594355,-0.14299309601487561,-0.5192333487406149
p3157,1.0380760932484694,0.13772255031724612,0.5840816835587006,1.9324513035178765,1.1800340111564787,1.6928465464196334,0.23178126235999308
p3158,0.498212141474798,0.8317610373979898,1.2533633425692603,2.2507089411337153,1.5099443469056446,1.7054419493832418,1.0694881929941715
p3161,0.5713555776579842,0.0,-1.5017018150189827,-2.032030082262562,-1.9178145338826422,-2.2597241938496726,-1.2160238483438768
p3162,0.498212141474798,-0.4228486872115944,0.10375308271405181,0.9980987317947368,0.6613072199136818,0.8124039263760559,0.9888288697834469
p3163,0.5713555776579842,0.2397046878112974,0.6654538456784334,1.6030215524981979,1.099000496636274,1.0583962521463988,0.5223784778998475
p3165,0.6032956626353193,-0.005100644257908016,0.39577083800315904,1.5128919997354164,0.8437295060306398,1.051795615417993,0.5400190198184411
p3167,0.498212141474798,0.5422562918837048,0.362424642826344,1.2794987942914988,0.7232955998497343,0.91693055156524,0.9566791753274213
p3168,0.9986924646930083,1.7609114175015268,5.861843793212334,4.793067378752216,2.539508162088707,3.9155192172616005,0.6770288479510906
p3169,0.498212141474798,0.021341409569073377,0.03824992252257786,0.33791086464316966,0.07021273029507852,-0.22052638341144243,0.5117830543036952
p3170,0.5713555776579842,0.0,-1.0569225841603753,-1.2805006017404805,-1.2518884883392396,-1.5545477690263998,-0.904408571115038
p3172,0.6032956626353193,-0.10884507118966624,-2.8495213047571095,-3.53866291421149,-2.162829048342849,-3.254634483830397,-0.21195028471951716
p3173,0.6032956626353193,-0.005100644257909792,0.6500833958170134,1.3243685858128817,0.6031750084099765,1.4668742772654573,-0.19297387429246093
p3174,0.5713555776579842,0.0683678272512882,0.3035896236377873,0.8674729935459662,0.30855735949084495,0.46196735495559393,-0.010317006039965548
p3175,0.498212141474798,0.021341409569073377,0.3992720240794654,-0.0021262696293948835,-0.4374931477629053,0.18819920383045555,-0.19793296946480865
p3176,0.6032956626353193,3.3165835806760073,1.7567008317376036,3.244562197243578,1.7467841170626166,2.8033036121579387,0.4543979072459319
p3177,0.6032956626353193,-0.10884507118966624,0.04475431956185538,0.5428372033040915,0.3031241410547897,0.533910305166502,0.461195540293744
p3178,0.9986924646930083,0.12770850947591406,2.0516859623568706,2.5356142385523794,1.494574345620106,1.8555475565379598,0.39894847955024026
p3179,0.5713555776579842,0.0015150694462278125,-0.08130178369850505,0.4525673541396129,0.13318346160879369,0.231479188627299,-0.3103596943564977
p3182,0.6032956626353193,0.041968619801583174,0.6939313504857623,1.85282829636408,1.0974047147671921,1.5451657628341389,0.22256315653998726
p3183,0.9986924646930083,0.8675925272793403,1.3625054002274224,2.1686794433133456,1.3551075526323346,1.7829731381186273,-0.031910889646962204
p3184,0.498212141474798,0.021341409569073377,0.14450580857246464,0.8058516030396252,0.43030040150874466,0.4673331940300355,0.8920876904907757
p3186,1.0380760932484694,-0.2353256284190426,-1.9111463524209427,-2.2290459230156445,-1.718599228682101,-2.0313706367537114,-0.7628128567012951
p3187,0.5713555776579842,0.0,-0.22506446140631375,0.01168162552179186,-0.08156690614587697,-0.6833108547422584,-0.47628898239550566
p3188,0.5713555776579842,0.2453482126228863,-0.08732535723537183,0.9842067699704351,0.7306492642480336,0.31401849175100216,0.5922378602092255
p3189,0.9986924646930083,0.12770850947591228,-2.5285644997462864,-2.156587904829268,-1.2510696061695135,-2.0383784794706257,-0.43962354279041094
p3192,0.5713555776579842,0.10080997675258807,1.0723684970514515,2.0498425185879974,1.3367867526352597,1.1626948408364937,0.370257521408357
p3193,0.9986924646930083,-0.1421037033306014,-3.14428040774151,-4.643418062139408,-3.948442998428301,-3.105600508760408,-2.241932910455759
p3194,1.0380760932484694,0.07359201430477746,0.9347936892422908,0.9464053657849811,0.39485797244292664,0.5288888142821979,-0.0197187429546819
p3195,0.6032956626353193,1.6562946462556685,1.9027119308712699,3.240735073532522,1.8141206611079033,3.001852178048836,0.5808515308979736
p3196,1.0380760932484694,0.0922743899709495,0.1671870581959478,1.1848288700963723,0.8343669974727775,0.9960502560981578,0.0687965879798611
p3197,1.0380760932484694,0.8159660311659431,0.7028571753423822,1.1786705550740812,1.1411534256442426,0.6868858961356629,0.8555441340775527
p3199,0.6032956626353193,-0.2928798698245778,-0.35190644346513444,-2.7702753839979453,-1.8975176966555931,-1.7978464153996896,-0.954582220267886
p3200,1.0380760932484694,-0.3768646101871358,-2.032388997678755,-2.649493329108718,-2.103787715277673,-2.0874716962838424,-0.7817032741324859
p3202,0.5713555776579842,0.0,0.48316732070360047,1.0907925063062045,0.662940987051907,0.7381535129044886,-0.11920403276207381
p3203,0.498212141474798,0.9858443318240191,0.8284200086179769,1.2666601379079558,0.6178030789001403,1.1493713680139177,0.6640309043255961
p3205,0.6032956626353193,1.1024194217845604,-0.42625971112238226,-0.2484465211095901,-0.2989154115323249,-0.21348687858069598,0.10862082718794674
p3207,0.9986924646930083,0.2386038713178671,2.1897953120873517,2.9033655681587933,1.9725926322127445,2.1362087137729873,1.0900562322609275
p3208,0.6032956626353193,0.08630406589270478,1.1457903388755515,0.7675443134333749,0.13526343637921542,1.1656414509846866,-0.7067440418933906
p3210,0.6032956626353193,-0.0037633240312366922,-0.5602961948055594,-0.4995149699548749,-0.4446243773365316,-0.274278551248794,-0.509796975459686
p3211,0.5713555776579842,0.2453482126228863,0.6864156287752863,1.7442045360939822,1.11954690086155,1.1380894941122857,0.45986332383530026
p3212,0.5713555776579842,0.0,-0.8691689328442127,-1.2739424881120989,-1.2118571479573632,-1.5387624316135542,-0.7186662873839449
p3213,0.6032956626353193,0.08630406589270478,0.9640630793474863,0.19647632712292307,-0.042913367783044,0.5690575299858414,-0.3006154031321433
p3214,0.6032956626353193,-0.13856115869140062,-1.717257499823127,-3.304243484924691,-2.185234123635267,-2.986409120052727,-0.8698143815673269
p3215,0.6032956626353193,0.8049297899004202,1.9043811020644288,3.2630331508733814,1.897935188725225,2.7431190421445604,0.8296613077948258
p3216,0.5713555776579842,0.0,0.19016285677018985,-0.16731302457641406,-0.4237854503337131,-0.5683740656017781,-0.5656842731129181
p3217,0.498212141474798,0.7734155317752922,1.2555858165197407,1.8419209942334431,1.208411972259573,1.731918684323123,0.9562323431814193
p3218,1.0380760932484694,-0.013395710930208082,-0.617517583267162,-0.09232557286345822,-0.09897925867000468,-0.4412829210033382,-0.13329835226150522
p3219,0.9986924646930083,-0.23354950671515518,0.30760671540410733,0.673925030837125,0.36558260081143856,0.4647878033162522,0.06575730555518078
p3220,0.9986924646930083,0.12770850947591228,1.9412892344063692,1.9026458067352485,1.591267567689893,1.7529637229205481,0.6834245136689656
p3222,0.5713555776579842,0.14784131121797905,-0.41297034766310503,-0.10098257948614753,-0.24102913596707604,-0.3322963933441,-0.32728270404377824
p3224,0.5713555776579842,0.23970468781129206,0.5580480959006842,1.430729748968104,0.9161578781878321,0.9425921406823788,0.009529251618266343
p3225,0.498212141474798,0.06706846722053861,0.8120999915845992,1.4997547592200946,1.0336061944357626,0.7421993531073758,1.2909538775955465
p3226,0.9986924646930083,-0.14210370333060318,-12.243295499154291,-14.301540998960679,-10.033437370650708,-10.762420216924394,-2.5291871822247813
p3227,1.0380760932484694,1.4104797313684099,1.3873789579778517,2.704171488002957,1.7359298521053392,1.743939059704076,0.749518068132625
p3229,1.0380760932484694,1.2483967956056503,0.8267007272228586,0.9532369889410894,0.4191097031612208,1.3464763639849575,-0.014182865223983043
p3230,0.498212141474798,0.06706846722053683,0.4117409452536087,0.49909383671382046,0.062133691366225666,0.6032886645423373,0.31627353740247344
p3231,1.0380760932484694,1.3631502461816876,0.5802458174615044,1.31380181337082,0.7800913207196263,1.0308282643661237,0.2357441936252691
p3233,1.0380760932484694,-0.006955590175691029,-1.0092451273017957,-0.57035868882646,-0.4891445792242326,-1.4716628944770416,-0.21236120425530025
p3234,0.6032956626353193,-0.07885686297714045,-1.609320710758782,-1.7589596686025775,-1.0530468675263387,-1.5955032047702322,-0.48033273979731916
p3235,0.9986924646930083,-0.23354950671515695,-2.0177706822851693,-2.1502657460911068,-1.8545025034490088,-2.198902176971425,-1.3262245860969095
p3236,0.9986924646930083,0.12770850947591228,-2.3519992818187934,-1.4921472372426585,-0.6733043479217721,-1.309930662398302,0.03376454440835808
p3237,1.0380760932484694,0.07359201430477746,-0.4911525880803822,-0.09622658000460604,0.2492748161870914,-0.9879726010179828,0.20123125635146621
p3238,0.6032956626353193,-0.10884507118966624,-0.17913765472368404,0.7710530527074632,0.4154709140331803,0.574639000230568,0.04231450759843014
p3239,0.6032956626353193,-0.20018992997890628,-0.08562804168750837,0.47514713267397846,0.25440167733828234,0.5484753543862436,0.21112090549176799
p3242,0.5713555776579842,0.0,-0.9850090310314616,-1.1352416605653965,-1.1512029371119972,-1.4189345037915782,-0.04973815177625518
p3243,0.498212141474798,-0.7644887793303301,-1.0899079776468454,-1.4408670294268675,-1.4876012323481516,-1.0733534100028863,-0.20795273663330605
p3244,1.0380760932484694,-0.45763465279187443,-1.5859068470171707,-3.7669545380708156,-3.3173361324483803,-4.366738358617681,-1.165809652575403
p3245,1.0380760932484694,0.1853865188131616,0.9465215261826483,2.2349120699158487,1.3627896558145272,2.1142746317416705,0.29488176424127666
p3246,0.9986924646930083,-0.2335495067151525,-1.5957043362736911,-0.48783060702858727,-0.34866831422561406,-0.4180492289876997,-0.17466926009777062
p3247,0.498212141474798,0.021341409569073377,-0.6737141969857863,-0.7282791158242032,-0.9557160700042016,-0.5801241986262586,-0.36207345267460234
p3248,0.6032956626353193,0.1933926603022389,0.8792913960283588,1.2989776977655874,0.6922578325985729,0.8048405734825892,0.14447763088695886
p3251,0.5713555776579842,0.0,-0.9658219801575143,-1.0280716989377867,-1.1070841015723707,-1.5488810492204879,-0.7069204379026175
p3252,1.0380760932484694,0.18939587041218608,0.7448558390847477,2.1220139298210663,1.4508637432659675,1.5218073949667361,0.5180214425301912
p3253,0.5713555776579842,-0.15810000030102955,0.08600069652383091,0.2695105360927678,0.21090165442991993,-0.1871905043737175,0.06485052615910725
p3254,0.6032956626353193,1.3568483288725375,1.6345565038948404,1.9533699429183176,1.329529702017554,1.9298397841531205,0.4986677780343154
p3255,0.9986924646930083,-0.23354950671515695,-1.3434397920442311,-0.9904356786728902,-0.6242445960548778,-1.043161225142045,-0.3058576558410344
p3256,1.0380760932484694,0.40978433182536556,0.2520631840647809,0.7131266384775717,0.565766491722249,0.44534055103211556,0.33735293824776313
p3258,0.6032956626353193,1.4639369232820743,1.3392161854102138,2.3882589333246402,1.0552660822961772,1.9157381194835876,0.34816855686554327
p3259,0.6032956626353193,-0.22298631044402306,0.2667515971316323,0.35699316217971505,0.2222668887020954,0.12784954130474352,0.19055505549515672
p3260,0.5713555776579842,0.0,0.28639153554698815,0.3745566964082574,0.12171204086413442,0.1285415333366459,-0.3274810907629657
p3262,0.9986924646930083,-0.23354950671515695,2.755581847567359,4.05406343424266,2.215615907641502,3.108884378738479,0.20937689939507287
p3264,0.498212141474798,0.06706846722053683,-0.25712371133692535,0.02695031312307966,-0.06992107082900603,0.2289905913871062,-0.17923991283061902
p3265,0.498212141474798,-0.07613819556704371,-0.4066278556744205,-0.3051181013609727,-0.20745551298048087,-0.3633209174173552,0.006057616666371501
p3266,0.6032956626353193,1.9487882423456835,1.2478930572285751,3.2706932955905854,1.8372876571702978,2.5391463205339453,1.055854812890983
p3267,0.9986924646930083,-0.14210370333060496,-4.2052437778694,-3.427673613799193,-2.216974299509985,-2.5641771303272405,-1.708078626777434
p3268,0.498212141474798,0.06706846722053683,-0.29952395156441014,-0.6285413471153154,-0.7955374506449466,-0.4966584762714758,-0.35127559361013283
p3269,1.0380760932484694,0.07359201430477835,0.8545067867329639,1.5330261590955152,0.98639428568451,1.107997979005823,0.2998675459809199
p3271,0.498212141474798,0.7285386463819554,-0.1155697106316218,1.0380343859947412,0.945539802478806,0.9658861912357035,1.2781251304409782
p3273,0.498212141474798,0.7025784319132775,0.9650000028186074,2.360149835937782,1.681203976304227,1.8744560768133773,1.1710740275839253
p3274,0.6032956626353193,-0.10884507118966624,-0.048136482900197564,-0.2809835248196615,-0.1961987721430224,-0.11063980464643458,-0.30622403778974494
p3275,0.498212141474798,0.6538009861517988,0.02883966888139966,0.5785977300269071,0.3206078088577258,-0.08007321107038429,0.9567879709023401
p3276,0.9986924646930083,-0.14210370333060318,-1.0919599216781233,-2.4228166060124616,-1.833919761967107,-2.1144395842373642,-1.6578068536087418
p3277,0.498212141474798,-0.5520312926963111,0.1661914964004918,0.920056867127912,0.8576895919276275,0.8321754575418407,0.9277750212729305
p3279,0.498212141474798,0.06706846722053683,-0.899615126291101,-0.9448631538470935,-0.9527536568140222,-0.8088987810795127,-0.06403704360518248
p3280,0.6032956626353193,1.1998758300382661,1.1974899871380877,2.7407258755307433,1.5388179048823798,2.071867036963956,1.0359554371495001
p3282,0.6032956626353193,0.19339266030223712,0.24277441020585933,1.532857010754543,0.7313449119702307,1.0934422773074908,0.11377900068167612
p3283,0.498212141474798,0.6995280438032623,0.878456666295774,1.5791705716761035,1.1575816674168957,1.2428482794508442,0.9922496326976127
p3284,1.0380760932484694,0.06343154591249878,-1.1692883285958295,-1.099216574228425,-0.581773339392158,-1.3620743236434025,-0.2567637794065103
p3285,0.9986924646930083,0.12770850947591228,1.4505496870503531,1.6536722954390943,0.9128368811702601,1.219768804442499,0.41028606690970726
p3287,0.5713555776579842,0.1769803853715981,0.9467997399105545,1.6740293928600765,1.1902519282111863,1.4155737669656774,0.600261519394909
p3288,0.498212141474798,0.06706846722053506,-0.2558792430429815,-0.09870061838762301,-0.33136289843918704,-0.29716668271169105,0.19599846346225291
p3289,0.498212141474798,0.021341409569073377,-0.17401675793730043,-0.08923643404818427,-0.27468602014134436,-0.2067524701282641,0.08779283195562293
p3290,0.498212141474798,0.07409127881916344,0.279421479585757,1.480951673767808,0.9493470457557023,1.3150783844219853,0.9451972800121009
p3292,0.6032956626353193,1.3581002066511623,1.937723750002574,3.898905934251661,2.2220669739140826,3.3324459023875916,1.1093814142262195
p3293,0.6032956626353193,1.3581002066511658,1.1748981918229298,2.939066294504223,1.5452610741893322,2.5196582145546214,0.6359135561014355
p3294,0.5713555776579842,0.0,-0.1369264869751401,1.0401482350186964,0.6897866953811546,0.2854872285097874,0.5701397208856438
p3295,0.6032956626353193,0.4121051456308127,0.7816517402264243,2.0521610096009004,1.220634345192211,1.8606052753674764,0.9158789629894475
p3296,0.498212141474798,0.021341409569073377,0.40645788990487297,0.6916158250961493,0.32833381465109596,0.08644110853292475,0.7457060929939026
p3298,0.6032956626353193,1.3581002066511605,0.8824350519904414,1.7701172770654243,0.948870852350284,1.3311191888915925,0.8463889807210929
p3299,0.498212141474798,-0.30993709177013606,-0.9938771405847575,-0.826452558619726,-0.6971786488963316,-0.6199277730723671,-0.09833181796283874
p3301,0.5713555776579842,0.0,-0.7874280666233027,0.46716742898201563,0.4225277242015526,-0.34764771149380025,0.1880781980007491
p3302,1.0380760932484694,0.9238622236970677,0.8063887311614852,2.0321269187307345,1.3286491954535558,1.3339814870597029,0.5176108294892519
p3303,0.9986924646930083,0.23860387131787064,-0.0943913176796034,0.9516395836674554,0.9255622462984292,0.8058901518462899,0.6471005452838554
p3304,0.5713555776579842,0.41668507318289016,1.2411068034659873,2.1490058725173102,1.4850415745334336,1.606855237573427,0.2283706852407068
p3306,0.5713555776579842,0.0,-0.2409135799954818,-0.30473541320631203,-0.42266862561754154,-0.5495064940164004,-0.2321283703052437
p3307,0.498212141474798,-0.09747960513611709,-0.9304384266486441,-0.5681597867908958,-0.22781691283687672,-0.7585278858589342,0.10392261449608498
p3308,0.5713555776579842,-0.08973217304974135,0.06107097006197293,0.5225105269311796,0.2978010904874967,0.23173695530999525,0.19217936633046762
p3309,0.5713555776579842,0.0015150694462242598,0.9993345074980375,1.7840305634888531,1.3503234581357375,1.4672389981159482,0.0738103034111024
p3310,1.0380760932484694,-0.006955590175691029,0.4156466477906058,0.6229017611251844,0.4452250129361851,-0.5394089726696201,0.3166494212675435
p3311,0.5713555776579842,0.0,0.1326037391110848,0.8449008028777922,0.6424253909389372,0.5096783634096828,0.12202559627764842
p3312,0.9986924646930083,0.3786373284998543,-2.1962020396458932,-3.379794424241905,-2.108503329965143,-2.8272370238016196,-1.204953121213462
p3315,1.0380760932484694,0.18939587041218786,1.213495119753956,2.205960349235414,1.5599420315632304,1.9437356599340734,0.6279935073858933
p3316,1.0380760932484694,1.260073924239835,1.680883797173042,3.167667490439525,2.014826383929595,2.2987338451802697,0.9514124865386648
p3317,0.9986924646930083,-0.23354950671515518,2.4192363263350964,0.9984266256059887,0.4878286715997744,0.9796768154730399,0.11676294211410365
p3318,0.498212141474798,0.06706846722053683,0.5687851990020665,0.913798257791937,0.4019198007201735,0.8264774113299793,0.13926920257114084
p3320,0.9986924646930083,-0.23354950671515518,-1.597822579751897,0.5559951496809317,0.23421777362990598,0.4683831818637302,-0.3700665099979492
p3321,0.6032956626353193,0.950744926808464,-0.32124573771219644,0.15021290870595794,0.128069852900208,0.08489902315299352,0.521724992484426
p3322,0.5713555776579842,0.12317596735081615,0.43500756658167816,1.076819638626993,0.7598104108598231,0.5425996473671435,0.6483966438546194
p3323,0.5713555776579842,0.0,-0.06965423704572338,0.11625327720892387,-0.15516108703019182,-0.28047489386570457,-0.5177829655341046
p3324,0.9986924646930083,1.0260855882889803,4.761972093575229,4.963594449204082,2.735827158107915,3.9037861091564525,0.7592122805107442
p3326,0.498212141474798,0.06706846722053861,0.8042065823906945,1.596925614033782,0.8798221941901025,1.7348746723616544,0.49363505529540497
p3327,0.498212141474798,0.06706846722053683,0.04205977757377255,-0.06291765693311469,-0.2947411112113165,0.029790977425479204,0.2244839105563301
p3328,1.0380760932484694,0.09874595105254436,-0.4149231731201475,0.4680261276385922,0.5754758210716512,0.15371555652047308,0.41493769704929484
p3329,0.498212141474798,0.6995280438032685,0.9636494579387591,1.6749860387077595,1.1282144857816383,1.4360027562275528,1.0803794706507972
p3330,0.9986924646930083,2.470862762173258,2.637717033511355,3.2574988785508165,1.485836605438513,2.1944139742349917,0.6670393368251784
p3332,1.0380760932484694,0.18939587041218786,1.828090311864333,3.2410873714638706,1.9933934192622478,2.3406772882741795,0.7187972266694427
p3333,0.498212141474798,0.06706846722053683,0.038212689866899296,1.1269013085911543,0.7695926303899845,0.7912320668105688,0.6983591487412166
p3335,0.498212141474798,0.06706846722053683,-0.032969632637712465,-0.4029902622175623,-0.5014623967347869,-0.34694720436871435,-0.17611226651396983
p3336,1.0380760932484694,1.3217377908825432,1.2544428539214358,2.93042380631186,1.893687154713504,2.861506085779514,0.49428933383084406
p3337,0.498212141474798,0.1505240150537901,0.2889890410290885,0.6406033439436349,0.19350870748227444,0.35297555290657584,0.5542933980841394
p3338,0.9986924646930083,0.0006829624298241299,-0.25749811257541744,0.419268953806727,0.2400082903311226,0.2140204161897623,-0.11766159712597002
p3339,0.9986924646930083,-0.1421037033306014,-2.589104512461131,-2.8790174965844684,-2.621616517429609,-2.8216380992627497,-2.1555338187552397
p3341,0.6032956626353193,0.09848112417606991,-1.0543334750411937,-2.2718581383780148,-1.5685129329165142,-1.7354210627990212,-0.973998560672598
p3342,0.9986924646930083,-0.23354950671515695,-3.0242781051953003,-1.101546609273926,-0.6980383096423558,-1.1143641163043339,-0.4433496733687665
p3343,0.9986924646930083,0.0006829624298241299,1.1077636063667757,-0.38845978269485115,-0.3662240749130151,0.13977922374748641,-0.9437232208553716
p3346,0.498212141474798,0.08347867199642511,0.2901336534698302,0.4754829755373467,0.18702593869192982,0.5348913362929728,0.6207620853299805
p3347,0.498212141474798,-0.2307739897340948,-1.376786282454546,-1.3414457879183088,-1.0754632424216726,-1.588248317683747,0.09636446464697279
p3349,0.498212141474798,0.5879833495351683,-0.18349033097113576,0.2544514686712256,0.28760248857268533,0.034277444582202,1.2860581721231306
p3352,1.0380760932484694,-0.026092431760444512,-1.1250816467982538,0.047036646521551595,0.088657703410845,-0.3799222997041931,-0.08539694919312346
p3354,0.5713555776579842,0.1008099767525863,0.8785990873004117,1.7456256683920548,1.0641501164509715,1.2893831306832941,0.2927902291287996
p3356,0.5713555776579842,0.23970468781129384,0.42038976632468916,1.3121454660303984,0.7225960070522186,0.6418950712461279,0.6295725504119432
p3357,1.0380760932484694,-0.08772563278042966,0.337186871828532,0.10417924561730207,-0.07566221766041081,-0.2427494443580892,0.047248038680002935
p3358,0.9986924646930083,-0.037434852838728716,-0.6167424125014271,-1.2311645574800014,-0.6367774561011607,-0.7105652047390164,-0.4619416090995916
p3359,1.0380760932484694,0.09745584934912621,0.9858819444443867,2.17460570949467,1.2330210901656038,1.2565610213891099,0.3438944428428954
p3360,1.0380760932484694,0.04587511193302696,0.7612208440388457,1.1566567850296654,0.32882761065749355,0.9068828050578845,-0.1254679796774436
p3361,0.6032956626353193,0.12190129079289136,-0.6690057255129798,-0.5016181940486981,-0.4768147197487712,-0.7400725063933207,-0.5051151238867959
p3362,0.9986924646930083,-0.037434852838728716,0.03440657502686051,0.7730192402796506,0.7421191368410509,0.7564162747180864,0.10034205807387231
p3365,1.0380760932484694,0.13772255031724612,0.2827776023277675,1.2871352697825034,0.98900468367038,1.2107799472675482,0.38262638709064056
p3366,1.0380760932484694,1.3198298120087664,0.6541047529733817,1.7943003009304013,1.3643564886075648,1.1006731728233254,0.4896698592013724
p3367,0.498212141474798,0.06706846722053683,0.5317241266832937,0.3818851247442305,0.17837109765635928,0.440452716812247,0.3379315710809596
p3369,0.6032956626353193,-0.18668569434904647,1.4707501113010775,0.2996651283293996,-0.01528026861968923,0.5230224623895099,-0.21004472571040012
p3370,0.6032956626353193,0.3890351423763381,0.5980935372707528,1.6171371412771927,0.8277674252837004,1.0794150129702929,0.5407347905259474
p3371,0.9986924646930083,-0.037434852838728716,1.3515224634834162,-1.6075191541099585,-0.5418578458963429,-0.761458298063897,-0.7013116040362899
p3372,1.0380760932484694,0.09745584934912799,0.436221338918493,1.1484098059320238,0.604486780757816,0.526996418762057,-0.12321210658794435
p3373,0.5713555776579842,0.0,1.4152229386039394,2.203102026406663,1.562931656017361,1.8490880270037653,0.30694210274733
p3376,0.6032956626353193,-0.0066006229823596385,-0.7172015534627398,-0.3409517234599382,-0.31880154712802256,-0.4535789780635992,-0.020717840005728405
p3377,0.498212141474798,0.06706846722053683,0.4978619257415744,-0.15981372122561022,-0.4101981299783288,0.3767885094081741,-0.48441329767674013
p3378,0.498212141474798,0.9858443318240306,0.6459125660608791,1.025552267192798,0.4705883677440924,1.35343431220496,0.10067191720508717
p3379,0.5713555776579842,0.0683678272512882,-0.015919834725467652,0.6703405625857652,0.31555902695358806,0.4182611106452836,-0.006970188262929611
p3380,0.6032956626353193,-0.18668569434904647,0.17421568220572325,-0.9288258093668134,-1.0359856794780593,-0.9399277211176582,-0.7606703310835758
p3382,0.6032956626353193,-0.200537487810573,-0.011012229194157896,0.225908937754075,0.25413490012081497,0.23901723586827095,0.3517017461770653
p3383,0.498212141474798,-0.6853256772942888,-0.8808883568055723,-0.9299133554008157,-1.165835551288425,-0.5738951526079281,-0.4176290811344465
p3384,0.9986924646930083,-0.2335495067151534,-3.374324114994865,-3.7142056450013,-2.365299991564185,-2.7681721289224996,-1.2968420692264502
p3385,1.0380760932484694,0.06343154591249878,-0.8464365373302503,-0.45747198176289894,-0.26275031147695493,-0.8839688823400975,-0.18640449091900635
p3386,0.9986924646930083,0.0006829624298241299,-2.2837880356443367,-1.3887006396215962,-0.7184161230579958,-0.7900430542017346,-0.27462162522058975
p3387,0.6032956626353193,1.656294646255665,1.6025652082169284,2.4668119775215027,1.3235218203321808,2.3084616655213246,0.41171980157168875
p3388,0.498212141474798,0.523841084993073,0.39167057955593343,0.9860663039587665,0.6949812921148548,0.5157317777406811,0.7178470920812856
p3389,0.9986924646930083,1.0260855882889803,1.7888283239950855,2.695323333760068,1.1689230052033182,2.0468803771372497,0.5223630266908277
p3390,0.5713555776579842,0.06836782725128998,0.3250986214076228,1.1909792541935926,0.7277051760769995,0.5040417656467715,0.5984267967288037
p3391,0.6032956626353193,-0.09534083555980644,-0.5184652822810136,-1.5204206606528607,-1.1976095539637825,-1.474302223124501,-0.6533607760032716
p3394,0.9986924646930083,1.3181205816511277,4.0382590344684335,4.405524598629144,2.396931153504547,3.069541460406129,0.687997372142358
p3396,0.5713555776579842,0.0,0.1257383297146326,0.43037200762495964,0.3927942183603007,-0.3555634996573884,0.18181025876607926
p3397,0.498212141474798,0.06706846722053683,0.035235832716052684,-0.19305931119391329,-0.6153026944506237,-0.07096602361779092,-0.570349167075408
p3400,0.498212141474798,-0.6853256772942888,-0.9845238653644568,-0.7041813150483112,-0.8160396298542323,-0.8054209355168456,0.003224044171874496
p3401,1.0380760932484694,0.9033672439687255,1.6529371682234597,2.643221798088196,1.6335207308333286,1.7685869636480482,0.6755710871560368
p3403,0.498212141474798,0.06706846722053683,0.26273418086573663,1.0084163871020617,0.6713611434002278,0.6072770424475038,0.7279109417960115
p3404,0.5713555776579842,0.0,-2.2164522943961877,-2.304987063624928,-1.9557866280996408,-2.4317341355282447,-1.3905221233992435
p3406,0.9986924646930083,-0.23354950671515695,0.434062351627162,3.224010751384569,2.21099103300823,2.448213328981252,0.9336779087763123
p3407,0.9986924646930083,2.048140279529676,2.178398692819041,2.149863480504024,1.6422105321443303,2.037373987888684,0.3762994737416179
p3408,0.9986924646930083,-0.23354950671515695,0.23980238941143384,0.5611916128552585,0.5639568920516242,0.7538567429327407,-0.2518922252972722
p3410,0.5713555776579842,-0.1023826934011467,-0.5679804174699346,-0.37820533905374054,-0.5942737981409139,-0.7940409108043787,-0.13942577380559307
p3411,0.6032956626353193,0.10549915752887529,0.8227804071540366,1.5098871227262052,0.643708202933509,1.0049084720371417,0.044360676948073774
p3412,0.9986924646930083,0.2710791560054311,1.6262383962111464,2.0993762508291693,1.1072736222007955,1.2969606435574175,0.5462511728782058
p3413,0.5713555776579842,0.0,-0.2971147875270237,-0.6857276355370308,-0.7311230637399178,-0.9258148164175987,-0.7420684128107222
p3414,0.498212141474798,0.08347867199642955,0.3294119431974156,0.8443236374545604,0.5697050025911068,0.6288404802907857,1.07629378784641
p3415,0.6032956626353193,0.19339266030223712,0.2270648591809632,0.24740385947214516,-0.24995044423493007,0.32625113705229913,-0.6265973509045164
p3416,1.0380760932484694,0.06089529347453926,0.3958042690829533,0.9322821998158934,0.35002277887355876,0.8903888179514958,0.06847118964843268
p3418,1.0380760932484694,0.13012504754895282,-0.2733518157499173,0.3464426896288768,0.2504266322852809,0.5253053886865572,-0.011730002487061242
p3420,1.0380760932484694,0.23705983890810245,1.0567810321417461,2.4976700906778238,1.4445049306989168,2.076961771128991,0.31530052275564024
p3421,0.498212141474798,0.06706846722053683,0.5311925662983938,0.3215284748774465,0.14534941176070834,0.396940998280498,0.2882847182841086
p3422,0.5713555776579842,0.12408513415116662,0.6336172587741409,0.9076471294779782,0.5075238898787521,1.1717201172970038,-0.27892824908129477
p3423,0.6032956626353193,0.6752808281689768,-0.051551955681434336,0.6901159798285247,0.5313812942874269,0.5433060706061055,0.5863396889178283
p3425,0.5713555776579842,0.0,-1.3543702169346314,-1.9243898479141037,-1.64574346419245,-2.0349879398360193,-1.2208647679274396
p3427,0.6032956626353193,1.1958325381508672,-0.6328110894900405,-0.058859187529712975,-0.18409580865672082,-0.05612673729734158,-0.16432469323010324
p3428,0.498212141474798,1.0723502677672894,0.6447136574909695,1.3260183059070558,0.6669402432836452,1.3139044294071611,0.4306738731141486
p3429,0.6032956626353193,-0.200422582718236,-0.37031182372717986,-0.055181229112881924,-0.17171497820024528,-0.10525878283847873,-0.26636777509693665
p3430,0.5713555776579842,0.12408513415116929,0.18978184048447844,0.7178544632365667,0.07794766996560037,0.0010617638250086103,-0.4805825612824499
p3431,0.5713555776579842,0.1769803853715981,0.6043874704298027,0.9617925208917113,0.5691363760908923,0.578906473012173,-0.2873326668028007
p3432,0.9986924646930083,0.4037472336325081,1.1484651218571553,2.779267654784273,1.2545164889642564,1.7358213047472906,0.9132958152316366
p3435,0.5713555776579842,0.0015150694462278125,-0.051601064872583535,0.5506238512307237,0.2517255665354492,0.37809358035766194,-0.4226590603011324
p3438,0.9986924646930083,1.2948439346310234,3.891381665252905,3.600087403904838,2.082217594239554,2.9787539124266074,0.9167133185066678
p3440,0.5713555776579842,0.6100286417145009,1.1421839921792483,2.120515497926652,1.4307221044513299,1.7535933101551935,0.20115159789414427
p3441,1.0380760932484694,0.06089529347453926,0.09665682532362041,0.744291738443041,0.7550553755367109,-0.11762647585063768,0.4301635788821372
p3443,0.498212141474798,0.6995280438032632,0.8738548674864255,1.8812647816722274,1.2065965654532107,1.5962232110662655,0.881211202267183
p3445,0.6032956626353193,-0.10884507118966624,0.09713154833104731,0.14665627854162028,-0.20915330966646978,-0.04509357105588435,-0.3409740205535563
p3446,1.0380760932484694,0.02558088833449368,-0.6219437000529844,0.3323384028944174,0.2500574358506693,-0.07900657400385225,-0.14690390038212087
p3449,1.0380760932484694,0.1377225503172479,0.21956974423818565,0.6319973826476193,0.14772257272464318,0.7689855081054966,-0.16365758037510147
p3451,0.5713555776579842,-0.020834862399421894,1.258804711869363,1.7979200347015636,1.0918481541193366,1.3111233157584044,0.10146745302995441
p3452,0.9986924646930083,-0.7102521338946843,-2.4234721807706894,-2.5924341195298175,-1.4703134068856132,-2.043440863925552,-0.9879099185834921
p3453,0.9986924646930083,-0.037434852838728716,-0.31234896975083615,-1.230011951614939,-0.11637630922572628,-0.49534586144248693,-0.3492916869363114
p3454,0.9986924646930083,0.43622251832007564,3.4522532878541234,3.3495411391962167,1.3537133657485638,2.3799636628868583,0.4406325871267214
p3455,1.0380760932484694,0.04587511193302696,-0.4439504205359448,0.3776431516253147,0.03377374286186763,0.31317431099200665,-0.3191289302045881
p3457,1.0380760932484694,0.032052449416088535,-0.597196514181972,0.6259874985446334,0.9865850742483065,-0.18766975249282258,0.7366820603348092
p3458,1.0380760932484694,0.02558088833449368,-0.8640678482153934,-2.771972198385231,-2.414092249292191,-2.1786093741966726,-0.693023876290134
p3460,0.5713555776579842,0.0683678272512882,0.6102215262304576,1.0488642780389672,0.5573396350437547,0.587023708802386,0.5385757157813025
p3461,0.498212141474798,0.06706846722053683,0.8505460188567522,1.018816681455354,0.5932965029119988,0.7951351609413619,0.4072984373431101
p3464,0.6032956626353193,0.19339266030223712,-0.24458944203474609,0.6522689505813704,0.2710750385617281,0.2549323630707929,0.1636708191521823
p3465,0.5713555776579842,0.23970468781129206,0.9556524223424994,2.4221179139534206,1.7640968110326123,1.5745853773600076,0.8957661568778548
p3466,0.9986924646930083,0.43622251832007386,3.600564960291221,3.932443744692277,2.0145292810611597,3.054335427121585,0.7572053762605648
p3468,1.0380760932484694,0.18939587041218786,1.1190515595740482,1.6152551370374932,0.7515992139761898,1.6252730624932674,0.026228611600876306
p3470,0.9986924646930083,0.0006829624298241299,0.5795075700609225,0.08106447054212429,-0.011667343404512476,0.20668545916037195,-0.4200617295662319
p3471,0.9986924646930083,0.1277085094759105,-1.4333321330258766,-1.6925182928935918,-0.9042972376189214,-0.9593311036150761,-0.9186138732817692
p3472,1.0380760932484694,1.614774978365772,2.789679167915626,4.125266208494665,2.3269699664097723,3.4921443861303305,0.7208964558965523
p3473,1.0380760932484694,0.112568613569481,-0.1350132600962084,1.0855762636810349,0.6062796484737611,1.1557295160652143,-0.03290306510796448
p3474,0.6032956626353193,-0.291767441507476,-0.39769613351329625,-0.44562084431413296,-0.46414111026206684,-0.33246424261147073,-0.4270911176384544
p3475,0.9986924646930083,1.7542611161965285,4.725164794004952,6.166703019486012,3.677474216483602,4.898245870079146,1.7467777664914284
p3476,1.0380760932484694,0.112568613569481,0.4088282159408081,1.615918593406628,0.7640915507201916,1.6171129212878976,-0.008315921419164596
p3477,1.0380760932484694,1.4368593189905052,0.9001767362335009,1.5461629416073377,0.946325371949462,1.5400184872056981,0.37975412486449045
p3478,1.0380760932484694,0.9166064970733458,1.0883716322273749,2.4398991741489837,1.8274000122358376,1.4542577620794206,1.1918303716768328
p3480,0.9986924646930083,1.45149282566965,0.6073900230157268,1.426455304859756,1.0332546632598267,1.2280696412358822,0.5960006841178469
p3481,1.0380760932484694,0.9285211807164959,1.7032208213878128,3.103033717176497,2.1287866919128273,2.215266256320046,0.8560383084868484
p3483,0.9986924646930083,0.12770850947591228,-0.8608452016526744,-2.4328172708821585,-1.1147041391111805,-1.7256110355942362,-0.5597996282770819
p3484,0.498212141474798,-0.6192592630860894,-1.1509276433852431,-1.45198002542947,-1.5554693538913407,-0.918882411791472,-0.8240623424266396
p3485,0.498212141474798,0.06706846722053683,0.38601709736433065,0.4872327433970456,0.22792537098385288,0.4443736625804513,0.4839414303369409
p3486,0.498212141474798,0.06706846722053683,1.0632538726199154,1.4869586222432383,0.8033870591752701,1.1154159110347948,0.5882257625674079
p3487,0.9986924646930083,0.2386038713178671,6.51298292941239,3.3492856678476706,1.4409292029877223,1.7556495378965757,0.5130012659429202
p3488,0.498212141474798,0.06706846722053861,0.22980107138946337,0.9533874914648751,0.6883934281625632,0.41421662354072486,0.9976023875826012
p3489,0.5713555776579842,0.17783287352601462,0.39811586957834066,1.9698706423996544,1.386096569944587,2.00495054200321,0.9203216847800721
p3490,0.5713555776579842,0.0683678272512882,0.2968496655280326,0.9528296721972609,0.44247564994561406,0.8133529063860824,0.19491928655949664
p3492,1.0380760932484694,0.15041927114748255,0.6125525336963555,1.5364865431115495,0.9320301142242639,1.327402852984816,0.32807610913416063
p3493,0.9986924646930083,0.5622402946421516,3.6411834079814973,4.112654907130807,1.7748744653007549,2.3643659629055156,0.9728976426280287
p3494,1.0380760932484694,1.169424004880197,0.4062360858136973,1.0521885591655178,0.9516214520582804,0.3573066265096937,0.838326356846272
p3495,0.6032956626353193,1.8429515257147813,0.3035195826574508,1.7558751624870708,0.9687131151427273,1.3211426204718988,0.6691962222305516
p3497,0.9986924646930083,0.12770850947591228,-2.7407999381329926,-1.6066535374261584,-0.5486400557646282,-1.2387956821072565,0.006467265973840952
p3498,0.5713555776579842,0.0683678272512882,0.006689096267500361,0.7017392881048847,0.5392305554277421,0.35383587542963413,-0.15660169827198445
p3499,0.5713555776579842,0.0,-0.6204933892441957,0.375171535315354,0.3107211828252898,0.06684047957280415,-0.0030839408367135945
p3500,1.0380760932484694,-0.02609243176044629,-2.1803348242071383,-1.4275446918488042,-0.5654469377039488,-1.5451104711269803,-0.3216827233519144
p3502,1.0380760932484694,1.4721435980111153,1.8878177545073367,3.375076036334566,2.2478233743452773,2.7570317429908564,0.936516135061062
p3503,0.9986924646930083,2.516622016176518,3.8550505245361597,4.009031710166067,2.309421840658963,3.0511723785051914,0.7532901818565758
p3504,0.9986924646930083,2.1929855928522457,5.891580867411018,6.310322806961686,3.4523057215475994,4.372399900535847,1.4142995612322
p3506,0.498212141474798,-0.6853256772942888,-0.6330921270631951,-2.4777884980326514,-2.056756397819749,-1.8948672033359264,-0.8982637243471014
p3507,0.6032956626353193,-0.20053748781057834,-1.3865966216907601,-0.8998055163879954,-0.5123520196929916,-1.0774682176118977,-0.32561075561676844
p3508,0.6032956626353193,-0.200422582718236,-0.6635227571428501,0.0044231529995866214,-0.23328246643120848,-0.1410052651952744,-0.13466434474718625
p3509,0.9986924646930083,1.4897747257598777,2.547631410874425,2.3815914093394452,1.4078212622083155,2.3482496080188464,0.0940246427617577
p3510,1.0380760932484694,-0.13091418889422357,-1.4441679392807938,-0.8199564568803677,-0.6031112414163962,-1.1273389922458743,-0.3090712409168752
p3512,0.5713555776579842,0.0,-1.3024546177761636,-1.1012495527923785,-0.9015793130077034,-1.5988386670201475,-0.33412381999406193
p3513,0.6032956626353193,0.08630406589270478,0.37463085429061316,-0.007264225801482893,-0.0807734278019257,0.27064473809593187,-0.2499990084334769
p3514,0.5713555776579842,0.06836782725128643,0.28820498555968044,0.597042232151551,0.14882814549846488,-0.06598860600564269,-0.400696151109468
p3515,1.0380760932484694,0.04587511193302696,0.056940778769089206,0.12311448701648287,0.07125776588776667,-0.4618916168053411,-0.030454049559127228
p3516,0.5713555776579842,-0.08973217304974135,0.31134271095278976,1.1866390719682072,0.8316853366820447,0.652423123327133,0.4878994582860816
p3517,0.5713555776579842,0.018880385070571215,-0.5573062443807082,-0.1673016492555972,-0.22808410089332692,-0.11672288383274051,-0.5094136947937198
p3519,0.6032956626353193,-0.200422582718236,-0.2273665577989039,0.11348836422995173,-0.146967693212061,0.07517104186479967,-0.3207084523119992
p3521,0.498212141474798,0.6618708375071982,1.2246965523726647,1.512396088662039,0.9269318633848351,1.5507864045677136,0.6767448646878975
p3522,1.0380760932484694,-0.45763465279187443,-2.202224900587849,-4.604508608126634,-3.4156898905521937,-5.363035952730614,-1.2003119127175115
p3524,0.6032956626353193,0.5452886647562263,1.5505250507192372,1.6041032259590327,1.0073317501211512,1.8100740705288325,0.2722359096945972
p3526,0.9986924646930083,1.754261116196516,4.328021838273911,5.777999525780094,3.1541714901346043,4.150341673949323,1.7457274758504457
p3527,1.0380760932484694,0.18939587041218786,0.3960923945470469,0.8808083672464573,0.4216947285310873,0.5795324925385104,0.006330437686788315
p3528,0.5713555776579842,-0.01571874370788784,0.7080649716060332,1.3776883823281816,0.815997063935002,0.2621588089117357,0.7219545857639762
p3530,1.0380760932484694,0.40188253449293576,1.3670749033211802,2.4423807422793278,1.6010351950991322,1.3724219922069936,0.6854437774391471
p3532,0.5713555776579842,0.06836782725128998,0.7399549196230879,1.7010146619022133,1.12257892473089,1.2794375785414507,0.13979301596578786
p3534,0.9986924646930083,0.8358214089832323,1.4384278575034095,0.9440829773948852,1.1033821430497408,1.0921914859870179,0.9571588658422563
p3535,0.498212141474798,0.29781325622795585,0.282046748801541,1.884825397308622,1.3233158185868317,0.9613325893609577,1.1574465907876768
p3536,1.0380760932484694,0.7460349209955055,2.0071714991964855,3.8345998454085795,2.343704369880835,3.064768854038865,0.9194164175773629
p3537,1.0380760932484694,0.07359201430477746,1.3571595219659685,1.5903977883164826,0.8844375140369475,1.3724545152172514,0.1570215736684588
p3538,1.0380760932484694,0.13772255031724523,0.8516644906939099,3.117167171799676,2.204990864241562,3.059363683452422,0.9233317743817917
p3540,0.9986924646930083,0.4362225183200721,0.4259132617014938,0.7114657677774391,0.14038078033817858,0.776970326904477,-0.5969008602133723
p3542,0.9986924646930083,0.6976263969656635,2.6867140564394987,3.629354789725191,1.9429412303975058,2.5950431737415056,0.6996509452729001
p3543,0.5713555776579842,0.15351801647292973,0.35456907535521154,1.1257552866151403,0.6987452139399026,0.8624063442322506,0.24029417363581373
p3545,0.9986924646930083,1.919404478511157,2.475267714524235,3.5235442173509943,2.0391528353130064,2.5360476535565026,0.9329749986974232
p3546,0.6032956626353193,0.10549915752887529,-0.5056937373035417,-0.22858180609096213,-0.39667657944114454,-0.4406431039398327,-0.2107599546022474
p3547,0.498212141474798,0.6995280438032623,1.0751483921427845,1.6401151336421451,1.115072165075707,1.4005478525669817,0.9533891208650296
p3548,0.9986924646930083,0.12770850947591228,-1.8320625518753832,-3.880635912070993,-2.7517153586016674,-1.9042681794645793,-1.5399194427111844
p3549,0.6032956626353193,0.2233808685147629,1.2825474681174942,2.7951843736557516,1.554402106292971,2.181836447530457,0.5535405525548551
p3550,0.5713555776579842,0.12408513415117106,0.10880516713575084,1.06981915971204,0.7529336263571482,0.8487656126366308,0.31194234274742705
p3551,0.6032956626353193,1.8429515257147813,0.8734976933676055,2.645307672972965,1.6424409335301002,2.1603704519716453,1.0901230055044486
p3554,1.0380760932484694,0.06343154591249878,-0.901047500294144,-0.8892504162583281,-0.5343096021411378,-1.030899073663483,-0.22894827343341007
p3556,0.498212141474798,0.06706846722053683,1.0638246628962786,1.5285010631999683,0.9888952524544323,1.4507253314613,1.1185466078398267
p3557,0.6032956626353193,0.964144765264181,1.6509064734584502,2.92144591920344,1.6987835809608958,2.717923263698149,0.9076576900445197
p3558,0.6032956626353193,-0.046676321326296843,-1.2626152247302205,-0.7826345621109705,-0.8638501159999903,-0.8249584704893258,-0.7943713407577153
p3559,0.9986924646930083,1.2948439346310332,3.195108037707122,3.6344326557274833,2.042937162548063,2.678040813416835,1.1577137695235766
p3560,0.6032956626353193,1.576897560788967,1.9526790221791703,3.706554970606213,2.2265018038306126,3.4633596312633994,0.7294417738481176
p3564,0.9986924646930083,-0.23354950671515518,-3.250371439895252,-3.0061057359479033,-2.5112772788272024,-3.0370382350360523,-1.000825535625257
p3565,0.5713555776579842,-0.01571874370788784,0.38834912495230967,0.9668518240211628,0.6869785355219188,0.15462647706311172,0.3077737159988594
p3567,0.498212141474798,0.021341409569073377,-0.5684124096673155,0.13829084793706614,-0.02009575179576603,-0.464561358132549,0.8423513060847831
p3568,1.0380760932484694,-0.06506903102514983,-0.8178472946802291,-0.6621727415292016,-0.40478197608526334,-0.7369314654655024,-0.21540477011921588
p3569,1.0380760932484694,1.69094222296388,2.242810998536422,3.6124248722570123,2.170130122724308,2.7280842746928715,0.7020664768365368
p3571,0.5713555776579842,0.1769803853715981,-0.05301242110455995,0.2826535362990129,0.02488591268581919,0.09449716525872517,-0.5423645201582534
p3572,0.498212141474798,0.06706846722053683,-0.33862699254434503,-0.3642247891264683,-0.5313966109465167,-0.27960952790760757,0.0333846710459742
p3573,1.0380760932484694,1.3510470410027517,2.2779203952284544,3.866591383483576,2.3743160955474503,3.3553188296152787,0.7946404740852717
p3574,0.5713555776579842,0.0,0.5005138338379727,1.0463930496413054,0.6829218729904052,0.4435962313827021,0.3307765024722489
p3576,0.5713555776579842,-0.1023826934011467,-0.9820681712102282,-1.6247671952770941,-1.494244563029555,-1.546750144765469,-0.9007311499847468
p3579,0.5713555776579842,0.23970468781129028,0.7626397848149349,1.2616067049623803,0.603525107625072,0.6500163358570433,0.29645781367849366
p3580,0.9986924646930083,-0.037434852838728716,-0.35129970118939724,0.14973264506706951,0.29418521184669755,-0.048231967465930614,0.7546592154996272
p3582,0.9986924646930083,-0.037434852838728716,-5.32514054107407,-4.223640352056261,-1.4968504714617588,-2.8240418064393817,-0.7105517361636338
p3583,0.5713555776579842,0.06836782725128643,-0.22270191709327491,0.42778326275459455,0.17549843146308017,0.25839768963920373,-0.06088886438515395
p3584,0.6032956626353193,-0.09534083555980644,-0.9776126392510438,-1.9788290035314777,-1.240389646699951,-1.1650929188061778,-0.40999727263832497
p3585,1.0380760932484694,-0.0020032943476149256,-1.1467157565581871,-2.9493760831278992,-2.2385261977409634,-1.7237986925972968,-0.7715629029028506
p3586,0.5713555776579842,-0.06685275780506217,-2.1151321538131445,-2.05523183184214,-1.7074772449024909,-2.529686390437434,-0.9832679324055942
p3588,0.498212141474798,0.9858443318240191,0.9641738112003271,0.8032037772126183,0.27791127192407694,1.1392308210374653,0.4686920616306409
p3591,1.0380760932484694,1.0096922724674293,0.6521283390876746,0.8894690870869688,0.27296395784159994,0.8455922609028533,-0.22338675480771464
p3593,0.498212141474798,0.06706846722053683,0.7418420141257958,1.3313831692201241,1.0476683334444592,1.106968166111624,0.4762797501897804
p3595,0.9986924646930083,1.0009647712978733,-0.034176438812865584,0.8013226087179708,0.6080622489829588,0.17419249350793664,0.7692052909316285
p3596,0.6032956626353193,-0.10884507118966624,0.18865428488823532,0.5438885769926777,0.285285591123586,0.30690159380446697,0.6302130574811624
p3598,1.0380760932484694,1.3436430210734667,-0.13320121444639987,1.1028672242788464,1.024491986160586,0.6802577947363279,0.6528175036177011
p3600,0.498212141474798,0.021341409569073377,0.5102411555257937,-0.18149201153835692,-0.5547546770028664,0.06839276703217506,-0.23874033459260957
p3601,0.9986924646930083,-0.2335495067151534,-4.047790990696159,-4.0343612241138676,-2.467932834054618,-2.8399770335729686,-1.4760049557472854
p3602,0.9986924646930083,-0.1421037033306014,-6.323249735366699,-6.387676762718508,-4.934980640695967,-5.578306803033644,-2.7658556831128287
p3606,1.0380760932484694,0.1377225503172479,1.035826898096559,1.5954319781026403,0.8592523806426322,1.0103649537880766,0.15229849898316594
p3609,0.5713555776579842,-0.15810000030102955,-0.9283230759595416,-0.6148798167266905,-0.5635779122074616,-1.009181921409872,-0.48383284772020296
p3610,1.0380760932484694,0.13772255031724612,0.6823982729587463,1.892411799126881,1.375375553491363,1.5990404755134935,0.6320118200254168
p3612,0.498212141474798,0.021341409569073377,0.15350510369207981,0.1645744320426481,-0.3273576106174236,0.199181716353948,-0.13460164951980502
p3614,0.498212141474798,0.021341409569073377,-0.4134775965598898,0.023943733044813176,-0.2845274019547171,0.4195029970312706,-0.03566252732615638
p3615,0.498212141474798,0.3435403138794211,0.4989747015423447,1.2527099026756727,0.7240523756336257,0.8208682723297455,0.7461371779738499
p3616,0.9986924646930083,0.12770850947591228,-3.528025723015478,-3.4757026562669937,-1.6137454128025004,-2.8962179870939115,0.03218916789668569
p3617,0.9986924646930083,-0.23354950671515518,-1.6037894533402515,0.4354307207202053,0.6261006085999713,0.6912205720124553,0.6047215527674812
p3618,1.0380760932484694,0.18939587041218786,1.0013096034658382,2.531892164012116,1.7219642177604033,1.9736725840389389,0.6010898167643006
p3619,1.0380760932484694,0.04587511193302696,-0.1929775343546538,0.034334045135088864,0.0725536548933795,0.0068869138323015555,0.0045321170211582995
p3620,0.9986924646930083,2.3581289551668876,4.599424607806439,4.307119947235359,2.250154868303688,3.349757483596359,0.7774728531906607
p3621,0.6032956626353193,2.1411459653192892,1.4130018507479072,3.133811341742928,1.6792855513631137,2.6609208237962108,0.4853136369146629
p3624,0.498212141474798,0.5879833495351674,0.9361540265683859,2.3950375415263214,1.8850867755977307,1.7791353448030702,1.5133056662717843
p3625,0.5713555776579842,-0.154354026639119,-0.45576656085158085,0.4957287556907405,0.513282325318061,0.3022025662266864,0.02883141582137938
p3627,0.498212141474798,-0.8977831639283078,-1.7711256871850374,-2.592913596194791,-2.454728984278286,-2.1221296153987983,-0.8888768430820466
p3628,0.9986924646930083,0.8542752880042865,1.437181378046973,1.2766785435156562,0.5970825440992404,1.1287697384591748,0.05559816021602337
p3629,0.498212141474798,-0.5520312926963111,-0.130521166160408,0.025855000513960613,0.01900994395908351,-0.07889443317853378,0.2913792681609113
p3630,0.9986924646930083,-0.23354950671515518,-3.575255243648683,-2.845587000370559,-1.2969038776544153,-1.7220567432730753,-1.3897577968690165
p3631,0.6032956626353193,1.3681759214995939,0.62481329246069,0.907537147687012,0.2448598502700899,0.5792540106007729,-0.05843580763377432
p3632,1.0380760932484694,0.06089529347453926,0.6073811593224221,1.015164353236108,0.29497654240605,1.5218033054108835,-0.22690828815786546
p3633,1.0380760932484694,0.13772255031724612,-0.9913255357679489,-0.03880397678516467,0.07088524307732702,0.0034272026122051935,-0.05980144081827987
p3635,0.6032956626353193,1.9228063507963018,1.358832324482842,1.753319100324067,0.8912970335244191,1.6017876788405445,-0.0007929482491029205
p3636,0.6032956626353193,1.3581002066511658,2.024160905612307,3.091768760543384,1.725243428592505,3.238277148577921,0.46069628449156497
p3637,1.0380760932484694,-0.013395710930209859,-1.0185823061746397,-2.444053523562287,-1.8876241139257526,-1.9556842667284071,-0.3834677982601722
p3638,0.498212141474798,0.06706846722053861,-0.4509976314193693,-0.1785944098201856,-0.35940707983746306,-0.2789726091418066,0.24214381562969223
p3639,0.6032956626353193,1.4639369232820627,1.0721273428733618,1.6517794050563175,0.9033694875382559,1.658693929248161,0.3968276728977145
p3640,1.0380760932484694,1.0986268237868826,1.227086304140113,2.733899370562143,1.8966584439599798,2.195262174595909,1.0202605494404668
p3641,1.0380760932484694,0.31560726337683676,1.265862275622979,2.950884177748142,2.3833614744024922,1.5563261816092342,1.4241514832070319
p3644,0.6032956626353193,0.25841819822487366,-0.21017316831028054,0.05552798178794238,0.3695455774691171,0.7788309739857388,0.29266146364755663
p3645,0.9986924646930083,0.6871513373440159,1.870227954339624,0.8572000242634069,0.41269069594083496,1.0256070996873359,-0.15508445479931865
p3646,1.0380760932484694,0.18939587041218786,0.34740852378573805,0.9276728359355321,0.3971151905581187,0.7314299760271954,-0.270155308371427
p3647,0.5713555776579842,0.08515018922164153,-0.716770400024707,-0.005956963493699008,-0.017018057269488573,-0.1430525631449903,-0.44433787422857485
p3648,0.5713555776579842,0.2786942297037882,0.009244746240348434,0.9664568082289318,0.6800479979213561,0.9084351996074533,0.3734621024736313
p3649,1.0380760932484694,1.7009327695116445,2.471131999981486,4.334965325690909,2.9226226842992156,3.743709981917872,1.3246269930729682
p3650,0.5713555776579842,0.1769803853715981,-0.9375898307086068,-0.2493842429756037,-0.2093016957920827,-0.542698491522469,-0.1786846933299202
p3653,0.6032956626353193,-0.200422582718236,-0.7060061636330577,-1.4183604522495037,-1.379701196218386,-1.0710060094467908,-0.9242002067883508
p3654,0.5713555776579842,-0.15810000030102955,-1.460065293177097,-2.0629616518080294,-1.9151017041181777,-2.35990325676739,-1.0158110893408399
p3655,0.6032956626353193,0.9641447652641855,1.639470855456449,3.2898419101828074,1.7658643640867135,2.6084208673566858,1.1977946201219467
p3656,0.5713555776579842,0.5181984455645523,1.2973063948775057,2.6985992218174397,1.9814062295653831,2.242869380568095,0.7693555451996001
p3657,0.6032956626353193,2.14114596531929,1.4241923902123226,3.067508576941048,1.7771394450273121,2.7441924942030624,0.5851949305729267
p3659,0.498212141474798,0.06706846722053683,-0.5139156666745777,0.029132779264819053,-0.12480850120233733,-0.22401501284325892,0.31678357735081875
p3660,0.6032956626353193,1.38248941760998,0.3176235624023658,1.717991031272844,1.1728645820348933,1.013415419484122,1.0102610810197614
p3661,0.6032956626353193,1.072195902118132,0.5307609125194475,0.661810193839741,0.4032030635661329,0.3980981629683053,0.7998929764533109
p3662,0.9986924646930083,1.7341927629897005,6.543830409844459,4.1249668512913376,1.9315972125968743,2.897428207584347,0.03459279705527951
p3663,1.0380760932484694,0.025580888334495455,-0.7138026609031112,0.08305103148397996,-0.12276324931444849,-0.2713133362501443,-0.28893728895164905
p3664,0.5713555776579842,0.48876556324280074,0.5440883756421488,1.5181334175061951,0.9271503081591026,1.4229975219893556,0.37670858707310373
p3665,0.9986924646930083,1.5957680551868876,1.3172489557180498,3.1192100306956387,1.9837130656362243,2.0159747731121884,1.0884173238328732
p3666,0.498212141474798,0.06706846722053506,-1.1120355913807227,-0.5543385358288044,-0.3895713069074061,-0.1877306826161575,-0.23278725654770938
p3667,1.0380760932484694,0.13772255031724612,1.3400295357680552,2.2368172984406316,1.3311113332538558,1.8764440910955997,0.3390339003841696
p3668,0.498212141474798,0.6995280438032623,1.6443159718666607,2.5098157872458677,1.901701466601783,1.9611466066780836,1.3722208437604948
p3669,0.5713555776579842,0.1769803853715981,0.3953297481431477,1.139338410982593,0.7389581358585753,1.2368337200991077,-0.2758576837475708
p3670,1.0380760932484694,0.18939587041218608,0.06756958855114092,0.5019898489216288,0.5353401913242745,0.17458576756477295,0.3273873629505797
p3671,0.6032956626353193,-0.291767441507476,-0.6179089621949032,-1.2035680227497711,-0.9875942656743479,-1.0200826419117524,-0.580361559997634
p3675,0.498212141474798,0.32512510698878394,0.9407027349438799,1.7209367706821121,1.20635198563253,1.1472361806460059,1.1151764117996699
p3676,1.0380760932484694,-0.10248911960689178,0.43301823592125466,1.168163054837561,0.9969307313114288,0.602913697274006,0.4713662036829991
p3679,0.6032956626353193,0.8135189737380273,0.15994027793182042,0.10990052241609255,-0.1487678552001756,0.346866720509431,-0.3221928807775303
p3681,0.6032956626353193,1.7812211444123456,2.0839054745294323,4.280155188719963,2.5482055190912805,3.8034469450960686,0.6659070707455061
p3682,0.5713555776579842,0.0,-0.7543750648317253,-1.0933915370827905,-1.1206676211720497,-1.549501752696514,-0.7391241671074269
p3683,1.0380760932484694,1.523801861602875,0.507784741409969,1.284422522998339,0.7299803142022058,1.718418221902316,0.2666904279164264
p3684,0.5713555776579842,0.01888038507056855,-1.1211577243678548,-1.6376007928492646,-1.509787420940899,-1.6323209530202993,-0.9057272123399827
p3685,0.498212141474798,0.6618708375072044,0.30929586238242024,0.6266125691483574,0.16571723700818242,0.4069735055540014,0.47972511911004645
p3687,1.0380760932484694,0.112568613569481,1.480082066491514,1.9259880524676423,1.049030925860168,1.8932995331550881,-0.013840838015337198
p3688,0.498212141474798,0.021341409569073377,-0.3314276175879627,0.11274355716655093,-0.10725249030951678,-0.3012741322771079,0.7235770898340039
p3689,0.6032956626353193,1.02256459670304,0.9016384689033625,1.7078719132002644,1.093016631166476,1.2959656892164677,0.71601108018492
p3691,0.9986924646930083,1.7542611161965374,4.544620968356663,4.975843738731102,3.0377500449836923,4.46009476962393,0.9485684851531424
p3692,0.9986924646930083,-0.23354950671515518,-2.410562830550635,-1.2331023300567376,-1.3147639114313439,-1.4541834106195872,-0.7180433573486074
p3693,0.6032956626353193,0.08630406589270478,-0.6964407300027098,-3.9658098207214145,-2.888048718596947,-2.6809369503068385,-1.1310382226254951
p3694,0.5713555776579842,0.15351801647292973,0.508005089125172,1.6848072568499173,1.430305783306365,1.4033142203538753,0.958867391134012
p3695,1.0380760932484694,0.1853865188131607,1.4293281866112757,2.6424863701675663,1.4554646572008134,2.5066137151404173,0.08861493606655024
p3696,0.5713555776579842,0.05571730689988286,-0.4893298539748887,0.36578768003129647,0.1684116447488247,0.23102048068588957,0.1295505617948507
p3699,0.498212141474798,-0.4068017764520704,-0.34501125553944156,0.4617424113386668,0.40177387983371404,0.09012067315042482,0.9464482679500552
p3700,1.0380760932484694,0.18939587041218786,0.7346023717040495,0.9049573681106893,0.789387700482282,0.5356759768397803,0.14726296603485878
p3701,1.0380760932484694,-0.3768646101871358,-1.3605134817822186,-2.030144668553766,-1.3002667660190148,-2.2719027869251507,-0.5758832920908645
p3702,0.5713555776579842,0.1769803853715981,-0.7845484888910619,-0.049685520498200075,-0.3494965848175822,-0.9999928211854147,-0.9061066330042262
p3703,0.6032956626353193,0.5012055273976914,-0.37365874100144403,0.4944413596656427,0.40072502904317153,0.1543257558095943,0.628409737144132
p3704,1.0380760932484694,0.13772255031724612,0.8075707234885492,1.7419565552692162,1.2617878818422663,1.0589735401213733,0.5602488339565053
p3705,0.498212141474798,0.021341409569073377,0.2881257518787024,0.4941924115083136,0.3015673116305667,0.1316818930909242,0.5044534869284423
p3707,1.0380760932484694,1.0463327248853265,1.416408643592316,2.8958317053750084,1.741227490464032,2.168982569407514,0.7935451133329998
p3708,0.498212141474798,0.021341409569073377,-0.28378215933601325,0.26610569335916334,-0.16757877394981818,0.09214008352456515,-0.047990429731815
p3709,0.6032956626353193,2.2469826819501906,1.0682748482369249,3.0477343382650854,1.6611643517447316,2.5251761672937647,0.5705812307071643
p3710,1.0380760932484694,1.4495560398207399,1.6075091689401066,2.6855613529960363,1.5322239191342728,2.3866792783111137,0.40476952101456476
p3711,0.498212141474798,0.06706846722053683,0.0436660540468079,-0.20399896641451687,-0.3800653474328319,-0.6297942439921531,0.30476532851608873
p3712,0.9986924646930083,1.0009647712978733,3.4680014371993977,4.05389911069079,2.3304903298821458,2.733706042196936,1.5496091848711142
p3714,0.9986924646930083,-0.037434852838728716,-0.008556411586770452,0.08350993824832897,0.3594070503550879,0.019897031859750336,0.09453362438540225
p3715,1.0380760932484694,0.15041927114748432,1.1835666800860416,2.301988260312191,1.4088235537031784,2.0510975137222953,0.34861907305610984
p3716,0.9986924646930083,-0.2335495067151534,-1.9200532058668145,-2.8332872396081115,-1.3627057779394098,-1.783509309986882,-1.0751201894994349
p3719,0.498212141474798,0.021341409569073377,-0.11669361311324522,-0.585731314650386,-0.8005304802580888,-0.5287980602070641,-0.2682212490979268
p3720,1.0380760932484694,0.060895293474540146,-0.021487838052934194,1.0491515193070788,1.062343666696601,0.6305546395641638,0.41287742446024644
p3722,0.5713555776579842,-0.011135450905179312,0.5240875609577991,1.059074778194865,0.5590997282025907,1.1842303583871614,-0.1838995175457736
p3725,0.5713555776579842,0.0683678272512882,-0.17566914910937292,0.6734222013543618,0.3123249223500847,0.07034930636286571,0.16455839700928543
p3726,0.5713555776579842,-0.15810000030102778,-0.2939127812115956,0.0243766279184785,-0.19436792439440181,-0.04094477252890724,-0.3882546979480761
p3727,0.5713555776579842,0.06836782725128998,-0.06436005530671096,0.5332351574071766,0.28642011745356466,0.14991471152134236,0.09044429687257427
p3729,0.5713555776579842,0.0,-0.9500241485244203,-1.2284773005450014,-1.1749826621139674,-1.520312527684183,-1.407124811070318
p3730,0.6032956626353193,0.19339266030223978,0.30624959700416987,0.967152056450526,0.5644374324229557,0.6463861911388076,0.2769530113628722
p3731,0.6032956626353193,-0.0066006229823596385,-0.18660405074586528,0.09732350400260104,-0.16997498496476154,0.17088462723926134,-0.234741381559898
p3732,0.498212141474798,0.06706846722053683,0.061017580748629285,-0.11244437589745937,-0.23109316920933404,-0.14634573447464744,0.046557903421993174
p3733,0.9986924646930083,-0.1810576477455168,-0.8416582611434134,0.5122527679453382,0.7647128393581286,0.5985687308768339,0.6029030317261377
p3734,0.6032956626353193,1.7621313628865671,1.2305825474087477,2.047483650423872,1.063818944178429,1.8933803862769119,0.4104691095812889
p3735,0.9986924646930083,-0.23354950671515518,-0.7950963384620895,-0.4528641767983269,-0.09900078496018228,-0.2251826392487839,-0.6279785641715865
p3736,0.9986924646930083,-0.23354950671515518,0.38895967546733345,0.6454136154292338,0.25662545234615847,0.5857915771446103,-0.42681936418370015
p3738,0.6032956626353193,-0.0066006229823596385,-0.860248486059108,-0.9296734653584102,-0.6706752541464007,-1.1442375487961647,-0.46516427015062334
p3740,0.9986924646930083,-0.037434852838728716,0.12052082729617553,-0.4982922477127262,-0.5178442943015343,-0.08920475371261172,-1.0986040703086264
p3741,0.498212141474798,0.5879833495351594,0.5630684596229436,1.1370529936955487,0.7290522993484496,0.8836130255434932,0.834137105297815
p3742,1.0380760932484694,1.041858367454152,0.7544534514266754,2.2681888640763854,1.6595723777068978,1.3012475080312933,0.7429253766682145
p3743,0.5713555776579842,0.23970468781129206,1.0771953313786469,1.455279185121287,0.8479969160797116,0.9356191697992852,0.444156664487128
p3744,0.498212141474798,-0.6853256772942888,-0.2026813601854478,0.029000266274358477,-0.04873714310939395,-0.19363546997678432,0.11778535296147652
p3745,0.6032956626353193,-0.2926472170852499,-0.10620873091636618,-0.3984614127395065,-0.4254436412922802,0.016002664366341623,-0.2469128963413425
p3748,0.498212141474798,0.021341409569073377,-0.309601756400145,-0.07343471704156657,-0.40606242259200304,-0.03757140337347298,0.04970871315624059
p3749,0.9986924646930083,0.8476249866992838,2.6628937112626625,1.9608634986080067,1.5550055438959034,2.2534173185437174,0.3164145720124427
p3750,1.0380760932484694,1.3588064112734672,1.8435828963370096,3.532885061624283,2.2758482423234283,2.931346993754753,1.1157364451148784
p3753,1.0380760932484694,1.2979245818178562,0.7366929042750083,2.224380822288886,1.580536704780569,1.3387287305110396,0.8973250371527826
p3754,0.498212141474798,0.2651190974319029,0.4434559020701858,1.5506510802560378,0.9139034529810368,1.1576461429622151,0.7867775164252162
p3755,0.498212141474798,-0.5520312926963111,-0.8798165685634629,-0.6233969031949407,-0.7150811060503881,-0.9682346878807824,0.47294540996511003
p3756,0.6032956626353193,1.3620902025021282,1.1962600887387858,3.0062774521612763,1.5790590347947637,2.400028574924217,0.581967861463955
p3757,0.6032956626353193,0.4121051456308109,1.0016791298196832,0.8239901758484043,0.4110445010296695,0.8498580273549181,0.3203203595051569
p3758,0.5713555776579842,0.29534997833581844,0.579018745873503,1.705996104777012,1.1631165374896724,1.182942083310021,0.4719179014779993
p3759,0.498212141474798,0.06706846722053683,-0.08407151089740061,0.5147244997871103,0.17686061816997195,0.46466708999926903,0.5380554031412021
p3760,0.6032956626353193,0.19339266030223712,0.2512303875602715,0.07013423979704603,-0.2626733914239634,0.047912312387925204,-0.1298697676404732
p3761,1.0380760932484694,0.06089529347453926,0.049345261315105304,0.8954449722923048,0.5617379337522015,0.9929628986501235,0.10735262000601686
p3762,0.498212141474798,0.021341409569073377,-0.7228873503931954,-1.3541996511982637,-1.2992870526203748,-1.3494747830855771,-0.2882195904422655
p3765,0.5713555776579842,0.27494825604187767,0.63331013112637,1.6195592349257104,1.0656572319212916,0.964683209995939,0.316134618786057
p3766,0.9986924646930083,-0.14210370333060496,-0.9412522244603494,-1.0484643192137177,-1.1164669413350587,-0.8041053643112278,-0.8953416853926157
p3768,0.498212141474798,0.6995280438032623,1.2322439483328207,1.8330973378233695,1.229837886976098,1.6677508421259206,1.1452005543034787
p3769,0.9986924646930083,0.23860387131787064,1.3044258010509253,2.6512686690255087,1.8082299356360636,1.723959662799114,1.0219574152269058
p3770,0.498212141474798,-0.4228486872115944,0.39283324371566763,0.42896509953001655,0.15388716499029392,0.8309252809916698,0.26538500063025694
p3771,0.6032956626353193,1.111982327264906,0.6336949850892584,1.4779383869013398,0.7155142763745294,1.0103269557466366,0.399282661685989
p3774,0.9986924646930083,1.8844715840080903,7.268509497475326,2.999813402714419,1.6665315975511206,2.1756815424090936,0.6362379154429716
p3776,1.0380760932484694,0.112568613569481,0.12174976569573204,0.7429363761031882,0.4471206535788827,0.4520835900213448,0.05851175455060442
p3777,1.0380760932484694,-0.20774144573693043,0.10406412913378382,-0.03738090718913689,-0.09896863025486502,-0.6022922166019455,-0.0025221028177977445
p3779,0.5713555776579842,0.43304825634290545,1.0327801791597953,2.405607855989335,1.707330997645909,1.9233961441871101,0.7533528904474203
p3780,0.6032956626353193,0.75327523182421,0.24449785695534487,-0.3701785563653881,-0.3690282718080753,0.2264524481286495,-0.3774233882954636
p3781,0.5713555776579842,-0.15810000030102955,-1.0038360317249637,-1.032276987450835,-0.981914246935961,-1.6649065293606293,-0.7185369454110493
p3782,0.5713555776579842,0.0,-0.25119880472625233,0.5276563988804912,0.3157294287579518,0.5176740135966095,-0.34417487078000875
p3783,0.5713555776579842,0.4330482563429072,0.6485163282168092,1.9591570402637546,1.1683263146413458,1.4071304569868717,0.9456243606731229
p3784,0.5713555776579842,0.06836782725128998,0.816225643412281,1.795724732481524,1.1633771486485855,1.4369350537003847,0.5470509376798862
p3785,0.6032956626353193,-0.154529786221266,-0.8655713038259982,-2.008819412959224,-1.3951856734503687,-1.222790124325782,-0.8961078869274921
p3786,1.0380760932484694,0.13772255031724612,-0.24788598350754576,0.23672397378504972,0.630367336104607,-0.805459630781808,0.813777266312405
p3787,0.9986924646930083,1.889647218520036,3.327009621885784,2.99260048381273,1.5187419154401574,1.944377358380898,0.16782349196811452
p3788,0.6032956626353193,-0.0066006229823596385,-0.42934502409683617,-0.1560439511433881,-0.09013842283235296,-0.08106722742703915,0.3069396508316249
p3790,1.0380760932484694,1.0826813963997957,1.102907376898255,1.8475622753223533,1.197925837550474,0.9403236945116225,0.49147205257487236
p3791,1.0380760932484694,-0.01089837593772458,1.0250734858699566,1.545548040163111,0.6243672636295021,1.1849010204674153,0.19818340286735925
p3792,1.0380760932484694,-0.45763465279187443,-1.7516523912159752,-4.600883297434714,-3.6173132393817187,-3.757338726420921,-1.1278366584450925
p3793,0.498212141474798,0.06706846722053772,-0.14361322187798287,-0.148518472872596,-0.36491054635954706,-0.09572578909796975,0.03573724718293114
p3794,0.5713555776579842,0.43304825634290633,0.864299956057355,1.9332817493008378,1.3847756254364705,1.5980421680746897,0.9853689388060847
p3795,0.6032956626353193,0.2956371085095455,1.3069726943202493,1.9402963968388292,0.6987583103888388,1.7048363993165012,-0.024431764424546643
p3796,0.6032956626353193,-0.0037633240312366922,-1.0773885308442246,-2.4450661019472033,-1.5225978026746458,-1.6929316468866538,-0.6002770552163792
p3797,0.498212141474798,0.021341409569073377,-0.980134826420656,-0.7816652366058845,-0.8672088292415814,-1.0527734246235512,0.1032171128565409
p3798,0.9986924646930083,-0.037434852838728716,1.3708874431688045,1.7939916072095676,1.2994511723665636,1.3767275392241727,0.288980048167522
p3799,0.498212141474798,0.06909132067719703,-0.4406895952442422,0.3919990932916009,0.14602814029569627,0.18307282385998863,0.8168973295303514
p3800,0.6032956626353193,0.10549915752887529,0.8734409212922429,1.3065929508188263,0.6339738305255858,0.9903690461016359,0.19143596593446155
p3801,0.498212141474798,0.06706846722053594,0.444712013044148,1.4197259487611493,0.9433843499717254,0.951796866956472,0.6684862708944141
p3802,0.5713555776579842,0.364680429091619,0.3067835448293419,1.480357004749916,1.3110790748325658,1.0801712947501694,0.4880835514100941
p3803,0.9986924646930083,0.6976263969656635,2.308092337901387,1.9317872549974247,1.0831321106408627,1.603930475204547,0.18872347233283193
p3804,1.0380760932484694,0.13772255031724612,0.7617446457074664,0.8630089916943013,0.5639868465324639,0.42278989056691285,0.21947363054331603
p3806,1.0380760932484694,-0.45763465279187443,-0.7893811398842239,-2.7140353094082617,-2.329183898872648,-3.0281993333241517,-1.1066129660927633
p3808,1.0380760932484694,0.8194710442196627,1.4336288126103511,2.898731832493599,1.8252928323614785,2.5616782393608446,0.4670579899564089
p3809,0.6032956626353193,1.7621313628865662,2.3148655895487273,4.097910631351345,2.2408120439338086,3.456889664037998,0.5710234977414572
p3810,0.6032956626353193,1.199875830038276,0.8631689027617764,2.112791877749644,1.0984160328768893,1.6758638890762938,0.6763286871007903
p3813,0.498212141474798,0.9433057316660882,1.6447404476641712,2.7107083959273854,1.815199895587452,2.2167957869618196,1.2015078509722432
p3814,0.6032956626353193,1.3581002066511667,0.857323900815814,2.3541099418585807,1.3696749505038448,1.8362075245538931,0.6014737207414367
p3816,0.498212141474798,0.021341409569073377,-1.4282401249979948,-1.9523545502172532,-1.6723426178761502,-1.587656262334757,-0.4495435822418088
p3818,0.9986924646930083,0.12770850947591228,2.385707709009404,3.4703517696225656,1.9550697620757864,2.2290243569433708,0.8093497203939837
p3819,0.5713555776579842,0.0683678272512882,0.5751903892533932,0.7819419717462839,0.3403069032691709,0.4838776191072923,-0.09757889485903348
p3821,1.0380760932484694,0.9708461957256826,1.0898107407278488,1.5957134436460012,1.0063080735537842,1.042431945212102,0.6201979221222214
p3826,0.5713555776579842,-0.15810000030102955,-0.8972288686350787,-0.618644856203928,-0.5883785566150588,-0.9702124648781981,-0.550922272378136
p3827,0.498212141474798,0.5879833495351692,-0.21272571479107683,0.39601971139783315,0.22024969887420343,-0.08783441370299006,0.9573676566559737
p3830,0.9986924646930083,0.27107915600543286,2.2300327192538063,2.188446357062552,1.2228663006506202,1.981899490342193,0.09237734483575366
p3832,0.498212141474798,-0.5520312926963111,0.056833083877080526,0.12343774140567099,-0.1489215325398066,0.0744941580594744,0.1905972109829932
p3833,0.498212141474798,0.06706846722053506,0.24462261491017756,0.6649184388707294,0.39167688819842544,0.7009785785569451,0.4420915484643313
p3834,0.9986924646930083,0.8358214089832323,3.7626776555347288,2.8342560067311786,1.8702271228152578,1.6861539521234534,1.0190043939271902
p3835,0.498212141474798,0.6995280438032623,1.4777556709414519,2.2250797128407287,1.626296722758207,1.9518361583242108,1.334372379956525
p3836,1.0380760932484694,-0.0663591327285662,-1.0775751038458594,-3.2709887488937968,-2.4127556133721577,-2.4319235341598726,-0.6171380367459882
p3837,0.5713555776579842,-0.24408619968886036,0.6897026214294382,0.8721141838789388,0.35773393933510644,0.7666204733905243,0.1530975243440338
p3838,0.5713555776579842,0.4887655632427901,0.9516857913887726,1.980394632339532,1.2700139080254575,1.799690264966741,0.3207462007315307
p3840,1.0380760932484694,-0.026092431760448065,-0.7948588505466017,-0.633807818467857,-0.5745643347447573,-0.8163132876721835,-0.34933156675019106
p3841,0.498212141474798,0.699528043803264,1.1906497788851915,1.8764041762501158,1.3716835192629624,1.4049987616651252,1.173118203052546
p3842,1.0380760932484694,0.06089529347453837,1.2853647131375325,2.3790633504714944,1.6778229469185817,1.8462486674932517,0.6884923189902619
p3843,0.9986924646930083,2.8105011795096893,5.447318857715956,5.004415569543495,2.5486574219118054,3.8420223862490817,0.9814227590677422
p3844,0.6032956626353193,-0.20018992997890628,1.011804679524749,1.55095191486601,0.9955266208557874,1.367236245806879,0.48019474300865284
p3847,0.9986924646930083,0.0006829624298241299,-1.3378674714846142,-0.8644075963040262,-0.6737216325912466,-0.6156745227301991,-0.6695579926592696
p3848,0.498212141474798,0.021341409569073377,-0.4196569695880239,0.8162579241991559,0.5463164371199962,0.08086665704716128,1.081985997883958
p3849,1.0380760932484694,0.18939587041218786,0.6978416395159126,1.6196301934742316,1.1203939086674577,1.0536537232711154,0.44786817921190547
p3850,0.498212141474798,-0.5520312926963111,-0.3077704892429818,-0.5150674904216483,-0.45009598966706127,0.024328753675970538,-0.01899426755335476
p3851,1.0380760932484694,0.07359201430477746,1.0355207828810293,1.762302793725293,0.8897742268652535,1.847079370928756,0.05809503591359011
p3852,1.0380760932484694,0.112568613569481,0.12130676212683866,0.8492627502778178,0.705653241223791,0.11106306496305962,0.38478828947174293
p3856,0.498212141474798,-0.5520312926963111,-2.523783902914575,-0.681633418915824,-1.1979637939886916,-1.0943405579613674,-0.021827391818026953
p3857,0.9986924646930083,-0.037434852838728716,3.526066100008567,3.6769272881325668,2.3829436793381533,2.813299122020349,0.977339495361953
p3859,1.0380760932484694,0.063431545912497,-2.2215649450072643,-1.3393768167552325,-1.0789809426987826,-1.4971377093250822,-0.5939583160571082
p3860,1.0380760932484694,1.4907638153624845,2.6915047037315407,3.91725316538614,2.0003482995739397,3.5720780111917594,0.07533907916586458
p3866,0.6032956626353193,1.0225645967030381,-0.4270002808143456,0.6731573701711896,0.480700535953352,0.09608739618987161,0.9681077144442138
p3867,0.9986924646930083,0.2386038713178671,-1.783705625368647,1.2160759374830727,1.1893055664309182,0.40394546730803815,1.3992011278792376
p3868,0.6032956626353193,-0.09794548177159967,1.3275040911955216,1.86763499456171,1.1188913988688651,1.6247190050757303,0.36286126046538847
p3869,0.498212141474798,0.5879833495351683,0.22741384415679455,0.9252509580508594,0.7076173966857888,0.644096380589779,1.033548372296858
p3871,1.0380760932484694,0.025580888334495455,-0.3999062586704589,-0.914810925122516,-0.7055929982610407,-1.0981451237534179,-0.26685269105139753
p3872,0.5713555776579842,-0.08973217304974312,1.0425839363411988,1.2006159428322078,0.6471436341292318,0.8826560469407579,-0.19241372030479909
p3873,0.9986924646930083,0.5324830346510225,1.5155207008515141,2.6970325221078317,1.5661662167882713,1.7948884475851714,1.3634646159879154
p3875,1.0380760932484694,0.06089529347453926,-0.08639053668321672,-0.38190401340200175,-0.20368508545346586,0.12873255822867136,-0.1325672929756312
p3876,0.6032956626353193,-0.01202035129452561,-1.3245951170243533,-2.717810584725524,-1.709275354530727,-1.8069713921219352,-0.835945933830498
p3877,0.5713555776579842,0.16216550924331052,0.27923400583338953,0.8024531277843625,0.600031129726986,0.36448587377434394,0.49348297669297736
p3878,0.6032956626353193,-0.291767441507476,-0.17295908029356433,-0.20423466693807968,-0.297625205247666,-0.287382081357122,-0.14257681443755388
p3879,0.9986924646930083,-0.14210370333060496,-8.19016027191579,-6.8175101568209495,-4.326605466471616,-5.452448336620143,-2.494405357148473
p3880,0.5713555776579842,0.27494825604187767,1.114664677093801,1.6100015745403764,0.9300867696571207,1.1921711469763114,0.2308833494340643
p3882,0.6032956626353193,0.394637192178938,-0.4789066342387347,-0.5085806275769094,-0.42996374138683047,-0.3362033543238259,-0.5455907538303819
p3883,0.6032956626353193,-0.07885686297714223,-0.06522330461969972,0.709726169997032,0.44276559114670216,0.4714057795624927,0.24483463711343667
p3884,0.498212141474798,0.5879833495351683,1.2018488363975752,2.2380579202174733,1.6478745590318375,2.149878770341969,1.2812379478721567
p3885,0.498212141474798,0.021341409569073377,-0.3877431104073956,-0.16074858870562792,-0.34640694794026367,0.11991704672332065,0.31876368035828406
p3886,0.498212141474798,0.5879833495351683,1.142313324710491,2.1363990513517583,1.546037248471022,2.009530081285942,1.2366516517641806
p3887,1.0380760932484694,-0.45763465279187443,-1.6004421678138652,-3.0988897364839927,-2.2684807343907645,-3.3836705512090677,-0.9539582199951191
p3888,0.6032956626353193,1.0699814818950841,1.3918247507068315,1.4111828258630073,0.5690192652455177,1.4693731791935398,-0.02922074596889246
p3890,0.498212141474798,0.8317610373979951,0.6251835782807031,1.6876910272281402,1.1311940976309476,1.5575165775800877,1.301951841253011
p3892,0.9986924646930083,0.43622251832007386,2.67836755746446,3.3218857943840563,1.6035341091732294,2.4273251665304367,0.24898207094164349
p3893,0.6032956626353193,0.5171868927892405,-0.1572019970049734,-0.9068908806895617,-0.47748145990095003,-0.6049868224692068,0.28995668150622755
p3895,0.5713555776579842,-0.15283895719289298,0.20014182494992028,0.589454290592248,0.2731631043499513,0.451043916925879,-0.16138945270375693
p3896,0.498212141474798,0.7025784319132775,0.688727425876495,1.7888136507785222,1.3036958569614057,1.561104360170123,1.2110308878276097
p3897,0.498212141474798,0.5422562918836995,0.6958472897322618,1.923037979842559,1.2589807087601836,1.3556860338828636,1.2659184238069638
p3898,0.9986924646930083,-0.23354950671515518,-1.1502595069742547,-1.0226487015541132,-0.8373641431312472,-0.8747129228493579,-0.6589644602320455
p3899,0.5713555776579842,0.43304825634291433,0.649050170416297,2.3055637982422104,1.8382464782567334,1.814350689363277,0.839758580636234
p3900,1.0380760932484694,-0.06635913272856442,-0.38239953225677503,0.31052327820341785,0.08019163138866936,0.12448579342675348,-0.31263684199040576
p3901,0.5713555776579842,-0.06685275780506394,-0.47824165488576575,0.2025591950958962,0.0525008503588143,-0.17116318492732166,-0.1159853439855354
p3902,0.9986924646930083,0.12770850947591228,-1.0675526658424648,-0.04689647258360108,0.007002886399568031,-0.4374984464798094,0.2598846171401714
p3904,0.6032956626353193,1.3581002066511587,0.5033052415552373,0.9916966523462234,0.5589773803483511,0.8143264595528786,0.19974565065152738
p3905,0.9986924646930083,0.8414179544715878,2.922744893505959,2.83272946485003,1.1036982516602487,1.8908357613248463,0.23160679802986373
p3906,0.6032956626353193,-0.01225300403385532,-0.6865762322302444,-1.3999436654385489,-0.9459384003619598,-1.0496930913924025,-0.5605778921840727
p3907,1.0380760932484694,0.8843715464422148,1.8520885404787464,2.895737260503366,1.9116655909413365,2.425077739337308,0.8193192676602443
p3908,1.0380760932484694,0.06089529347453926,0.9623801411547834,1.3351328437168355,0.7822783144607535,1.1115468219987519,0.12589415761542
p3909,0.9986924646930083,-0.03743485283872694,-2.900189947308446,-0.14365781615975648,1.0015005728473336,-0.2726365292158738,0.6656321842204438
p3910,0.5713555776579842,0.15351801647292085,0.041952633785555804,1.5337658533992369,1.1069581554496706,1.2264064128177,0.37577024477681853
p3911,0.9986924646930083,-0.14210370333060318,0.26217249790204633,0.69449813611844,0.4186449930556119,0.8848023165318288,-0.38174808262459337
p3912,1.0380760932484694,1.8290878332911813,0.5963021425554604,1.1591298804739065,0.5632390530403095,0.8816143772545676,0.16107459789736467
p3913,0.9986924646930083,0.12770850947591317,-2.2010100732238236,-0.20189485148284636,0.20023801874996588,-0.5069271205436482,0.7702783957544543
p3914,1.0380760932484694,-0.45763465279187443,-2.923914914702614,-3.5126807353675344,-2.43579305207505,-3.5716917251632574,-0.786897331629886
p3915,0.6032956626353193,0.12190129079289136,0.7484497234414871,2.648389600756734,1.709237014582456,2.3892415613683236,0.4108758007589923
p3916,0.5713555776579842,0.0,-0.3433819232835713,-0.30306802827270496,-0.3562544078687158,-0.6282199798105481,-0.15109858112334784
p3917,0.6032956626353193,1.4530384965953136,1.3355636748533826,2.6283390826983997,1.5506488857556187,2.308123985142714,0.7976993037620996
p3918,0.5713555776579842,0.01888038507056855,-0.8823076208952578,-0.6646766396169281,-0.7474441669524581,-1.1852463528943813,-0.9955836737250792
p3919,0.6032956626353193,1.3581002066511711,1.667331735771838,2.8318960666446733,1.5867126319018066,2.303473677266405,1.2703962859546536
p3920,0.5713555776579842,-0.07294981107938803,-0.8681534375620554,-0.656986382726187,-0.5335255698376824,-0.632770554542261,-0.8504961424770698
p3921,0.6032956626353193,-0.10884507118966624,-1.104455497983496,-1.2913891294229503,-0.9952194053269712,-1.4999303720516015,-0.46771632579269884
p3922,0.498212141474798,0.4414714040350116,0.47360310950966955,0.9021153691926815,0.582989870894439,0.7127615015570534,0.7851261868813868
p3923,0.498212141474798,0.06706846722053506,0.4119503878815607,1.01577657918758,0.7420176350161809,0.8545320243433059,1.1992191863041661
p3924,0.498212141474798,0.06706846722053861,0.6381671433310672,0.3776880995364495,0.060994270645212345,0.29940465196743715,0.23327257241405164
p3925,0.9986924646930083,0.4362225183200721,2.0100390026130235,2.5211346859492654,1.2162393911351055,2.0509142828435647,0.025725431561726353
p3927,0.9986924646930083,-0.23354950671515518,-5.284222430942685,-3.5265097287687714,-1.6860061210057324,-3.123636755640385,-0.8675067824960738
p3930,0.6032956626353193,-0.0037633240312366922,-0.940589973176623,-1.9886145451062516,-1.1579655863623939,-1.709433427654068,-0.05975539047681444
p3931,1.0380760932484694,0.04587511193302696,0.5277234738526282,1.4822490327979074,0.7485353506484003,1.18644766492455,-0.061770481754050977
p3932,0.6032956626353193,-0.07885686297714223,-0.7837523852847781,-0.08101996881379514,-0.2474040539392428,-0.40703110981099905,-0.07694963535913502
p3933,0.5713555776579842,0.01888038507056855,-0.30156011926668924,-0.21543490758499262,-0.5265649004240249,-0.2996282402663284,-0.6478834317223985
p3936,0.5713555776579842,-0.15810000030102955,-1.2265226140848462,-1.6434089837563637,-1.6215465208777757,-1.7375084432091243,-1.0660321042876308
p3937,0.6032956626353193,-0.10884507118966624,-1.1345853329019437,-0.5427873625113209,-0.5969667503558826,-0.9211818218234109,-0.023927646123116375
p3938,1.0380760932484694,1.6270237625708592,1.2442418999213594,2.3965085667563772,1.3729652033508926,2.051423347605269,0.2353889418275088
p3941,0.6032956626353193,2.381591306892429,0.9922942331442544,2.466822358749937,1.3097465182161883,2.0319234717163255,0.940181633495099
p3942,1.0380760932484694,0.7570144010090232,1.0201212237019899,1.3447662623739414,0.7423302733524373,0.4736296899477565,0.34487719628311275
p3943,0.9986924646930083,-0.4992672139154015,1.8849414378113796,3.5121424317216405,1.9027253502151216,1.913206473345023,1.548499926892985
p3944,0.6032956626353193,-0.10884507118966624,-1.4857522747337981,-2.411870752023902,-1.6882905322193376,-2.4097634934137058,-0.4939238659093981
p3945,0.498212141474798,0.06706846722053683,-0.4278661646519364,-0.8860299228276096,-0.8153196886439109,-0.6217304534665318,-0.056691896022364574
p3946,0.6032956626353193,-0.025757239663715126,-1.819404356759735,-2.1656891913194762,-1.1927532516492036,-1.8821261743864182,-0.24779645334008116
p3947,0.5713555776579842,0.03225493800121271,0.014319824186706853,0.7860163796191615,0.6462358350551951,0.38138639030726684,0.6372608429849542
p3948,1.0380760932484694,-0.026092431760444512,-0.5198871190654035,0.5040384863378029,0.40282556659743723,0.6372710222835042,0.0814080277161171
p3950,0.498212141474798,0.06706846722053683,0.14667323951661615,0.6811423230706612,0.349698354137567,0.8913780529832638,0.577493978109068
p3951,0.498212141474798,0.021341409569073377,0.13391121037210318,0.6930904541265344,0.35869847476833805,0.3419542569048959,0.7583780321189053
p3952,0.498212141474798,0.06706846722053683,-0.6196627325158612,-3.14755239949049,-2.8680912043484095,-2.007557470152108,-1.2032410945341407
p3953,0.9986924646930083,-0.037434852838728716,-0.6047679907143717,0.37722796827470617,0.6063288606843624,0.028762281930329148,0.02856741391830475
p3954,0.6032956626353193,-0.10884507118966624,-1.0229492180583808,-0.7627741222002531,-0.4070754914104412,-0.9297594910798084,0.23055039956337708
p3955,0.9986924646930083,0.43622251832007564,1.1246024301600013,1.1118034669168961,0.7991135334804564,1.3020207534297263,-0.10442792097615694
p3957,1.0380760932484694,0.9349537648400563,1.3478421203763187,1.9433689905886586,0.8539346197094608,1.4388999118608705,0.12551759941673346
p3958,0.498212141474798,0.021341409569073377,-0.11065010697289068,-0.3461073137759436,-0.48664237240164815,-0.4888725288329267,0.03230490512800799
p3959,0.498212141474798,0.021341409569073377,-0.3304118338545159,-2.1311882570569045,-2.0902634109904876,-1.4373964945526563,-0.9227207700400761
p3961,0.498212141474798,0.021341409569073377,0.04269482789577772,-0.25866919028170665,-0.6014992985113203,-0.0540623074460555,-0.3211598119877763
p3962,1.0380760932484694,0.13772255031724612,1.3310146946290935,1.3628134753940575,0.7106899154825844,1.0933408704038978,0.037751770442449484
p3963,0.5713555776579842,0.06836782725128643,0.39302845460428415,0.8411721918086781,0.39683958410628717,0.4792531823969386,-0.596999478833796
p3964,0.498212141474798,0.021341409569073377,0.04680578047802442,0.2778753685883689,-0.013381837209283265,0.44560473933641914,-0.008588597700455836
p3966,1.0380760932484694,1.1199112751711873,0.8947768214298488,1.4900110721166824,0.9071444154674028,1.196206890961168,0.3338131714767254
p3967,0.498212141474798,0.18031191330649676,0.6278726416149585,1.2183394289389518,0.6204289411911044,0.98416910112478,0.6993356400262307
p3968,0.5713555776579842,0.19383660595415808,1.12428871538585,2.224920862310923,1.3958682663376654,1.6662906148607972,0.5887512657836034
p3972,0.9986924646930083,-0.037434852838728716,1.3651660206495997,3.2744052192445423,1.8527847120026508,1.748304672157302,1.2998741872056296
p3973,1.0380760932484694,1.4766179554422916,1.146213517466867,2.7765362866143812,1.7123977679928162,2.61921619194925,0.44629677101931087
p3974,0.5713555776579842,0.20832615657245768,0.5548759073392855,1.421056460158713,1.0204701456966059,0.88491774351876,0.4773408150448759
p3975,1.0380760932484694,0.23705983890810245,1.3117970715608926,2.192863464551504,1.2526790343447487,1.9902799203239194,0.3668714060364149
p3976,0.6032956626353193,1.7268400385869231,0.017513340488900297,2.564088663637947,1.2801888916908604,1.2268786081481289,1.131132356417778
p3977,0.498212141474798,0.6538009861517988,0.4906754376360585,1.2997769505492038,0.7083957289499914,1.0589493469951794,0.4709106694056491
p3978,0.9986924646930083,2.0429646450177295,2.385737575299536,3.3557867512296813,2.336747887461154,2.637125655205762,1.1538880023205849
p3979,0.5713555776579842,0.1769803853715981,-0.19576266767979789,0.07781151680558918,-0.0651636753446227,-0.19432086016028313,-0.44303614357169785
p3980,0.9986924646930083,0.27107915600543464,0.021230453716505338,-0.1068845550185501,-0.1364986263357152,0.19629295542040148,-0.7776506457171752
p3981,0.498212141474798,0.021341409569073377,-0.403504400445966,0.7101118847965906,0.7850272024013916,-0.06275420211776539,1.1895531384943983
p3982,1.0380760932484694,1.2150481537889446,0.7380666834428773,1.0795851143440944,0.6869192642608977,0.7992391891164026,0.3809255015692443
p3983,0.5713555776579842,0.0683678272512882,0.4254288352371898,1.5096450484341795,1.1097087482704042,1.0212853488831335,0.3596925930266863
p3984,0.9986924646930083,0.4362225183200721,3.382762174229864,2.525396069558609,0.9856838477986671,1.9675371409961087,0.2898799239714247
p3985,1.0380760932484694,-0.0650690310251516,-1.9480403188047077,-1.9437149496501958,-1.4565435593879479,-1.414313156431056,-0.593057035146078
p3986,0.5713555776579842,-0.06685275780506217,-0.16952268305405305,-0.18435977049108132,-0.3401261680368443,-0.2666851126909806,-0.7709693123647465
p3987,0.498212141474798,0.18031191330649676,0.29392722422823603,1.058284940846518,0.5464855276936016,0.7462061865489822,0.9687083369364089
p3988,1.0380760932484694,0.02558088833449368,0.0041550920000155145,0.6971884237064518,0.26598391909369246,0.7275519451366143,-0.24078296875034155
p3989,1.0380760932484694,-0.15849837157633573,-0.23883078535086177,0.6762936373485057,0.6934380743845423,-0.2779080666812863,0.23379225737137865
p3990,0.9986924646930083,0.27107915600543286,3.908814664985359,2.894409985874894,1.3886631844190074,2.667463314983336,0.06658709078055836
p3991,0.498212141474798,0.06706846722053683,-0.021633841236715412,0.32787090634635235,0.10365422293177746,0.48737703024051543,0.35820246650599863
p3992,0.9986924646930083,1.000964771297875,2.794132588265656,2.2988481074374465,1.1548682650549627,1.8360287985254384,0.8040983830641277
p3993,0.5713555776579842,-0.08973217304973957,-0.20233009029082183,0.6272207950176807,0.3918604193387166,0.09419460193928242,0.11569410522013612
p3994,0.9986924646930083,-0.2335495067151534,-0.9356972826081655,-0.7854003100144743,-0.6421257345928669,-0.4665720599451143,-0.6608658302264274
p3997,1.0380760932484694,0.02191869420983572,-0.5123597615545883,-0.5630270942016464,-0.5331651212297595,-0.4822331061363725,-0.24827963438372613
p3998,0.5713555776579842,0.06836782725128643,0.1979689340617785,1.3805978552849203,1.0757420932463306,0.8232600458797242,0.38836809771754943
p3999,0.6032956626353193,-0.0066006229823596385,-0.06714049034399672,0.2345559113295011,-0.08167195264630656,-0.01732432731876271,-0.1768383157943898
p4000,0.6032956626353193,0.1933926603022389,0.9871079272090473,1.8795615069604759,0.9128900394393947,1.5753783286731369,0.24197447325249932
p4002,0.9986924646930083,0.43622251832007564,1.7708092371511412,2.359699484191931,1.2927561072080012,1.98553456487135,0.25550341680913746
p4003,1.0380760932484694,0.02191869420983572,0.0828253317281682,1.1589435319669361,1.3614510657757588,0.457767869775609,0.9410542037641125
p4004,0.498212141474798,0.06706846722053683,0.8168106134895083,1.7166770919003433,1.4281136353447619,1.2535930925039553,1.142413213471471
p4006,0.6032956626353193,0.0833158420864546,-1.0083030522662693,-1.168502591071377,-0.8548331511799592,-0.7952204976861399,-0.7771689578007184
p4007,0.498212141474798,0.06706846722053683,0.6728748171744492,0.4184168624786098,-0.006026327919084307,0.7603829814897508,-0.1034967417974677
p4008,0.498212141474798,0.06706846722053683,-0.38809580869451743,-0.29583544525755157,-0.4193063041836131,-0.18699978821577584,0.07206874769305216
p4009,0.498212141474798,0.06706846722053683,-0.6185319440849906,-1.9001521285583691,-1.8413206499656374,-1.3578296519248234,-0.6253284962911447
p4011,1.0380760932484694,0.9949497269420746,0.1711647040413009,0.9874839622835069,0.778515890182901,1.00978053219362,0.3832491835760763
p4012,1.0380760932484694,0.18939587041218786,0.7793990464752909,1.9944701271920176,1.277100329299755,1.4656519530821568,0.3676723115911251
p4013,0.6032956626353193,0.19339266030223712,0.9869903743698405,1.382408782026271,0.5555303639642962,1.1993574446914066,-0.11251743452172391
p4014,0.9986924646930083,2.3514786538618893,2.877638068799909,4.362755762384202,2.692538003978591,3.3051177852131524,1.3403329152867318
p4015,0.5713555776579842,0.0,-0.49104355254508825,-0.24180847278133766,-0.33125274677757127,-0.7583341555857938,-0.6049645629280604
p4016,0.5713555776579842,0.0,-1.0883844795328397,-1.1130338613325852,-0.7034608304153052,-1.6949844232360842,-0.6078859588255892
p4017,0.9986924646930083,-0.49926721391539886,0.09169441545385482,2.5331467113202497,1.7439981571195475,1.4110821255585697,1.0881737969618346
p4018,0.6032956626353193,2.521067979545389,0.38390124654024405,1.8078605771675105,1.1219073028240272,1.2972870778008283,1.1652992727016827
p4019,0.6032956626353193,-0.24364290584983017,-2.267374088902484,-2.665180753985207,-1.884899868896617,-2.2015301323737133,-0.7478131898338223
p4020,1.0380760932484694,-0.006955590175691029,0.04932829946078954,0.2710487572739828,0.44595323003172377,-0.44454117044380936,0.43950279271047243
p4021,0.6032956626353193,-0.3352204173783999,-3.4349057771097193,-4.4022260606645816,-2.988711160482193,-3.954944816485661,-1.2008771028725338
p4022,1.0380760932484694,0.09745584934912799,-0.12873393256786336,1.3058883217107677,0.8370778083433765,0.7134580626128568,-0.09263303429184333
p4024,0.5713555776579842,0.0,-1.4399770299521997,-0.7047764647712575,-0.48184257513170564,-0.8533779072876139,-0.28243400571131616
p4026,0.6032956626353193,2.2469826819501897,2.494273362074736,4.740066054602969,2.532561224866746,3.778796714205752,0.8185172194554688
p4027,0.5713555776579842,0.4330482563429072,0.8399515103729343,2.2357705169645294,1.5010538648705298,1.4446557853665645,1.2159025069841078
p4028,0.9986924646930083,0.12770850947591228,0.7860531604721288,0.8365369524568079,0.45536082546746015,0.47214362093750506,0.23078459024895714
p4029,0.6032956626353193,1.069981481895085,1.0643407144922303,2.816701634324418,1.2388688151461562,2.0316110246315726,0.3284735797131493
p4032,0.5713555776579842,0.0,1.3785146481299417,1.5442275567632309,0.9170990354001705,1.1627561101254844,0.19053236641345173
p4034,0.498212141474798,0.021341409569073377,0.32380665474242143,0.5803844895019634,0.13203603549469023,0.7700393754017429,0.0859145184788499
p4035,0.9986924646930083,0.7357609838197705,0.6914781689657161,1.2486700233265275,1.1026111047819496,1.2960278734667936,0.41733754650394594
p4037,1.0380760932484694,0.00689851266832342,0.4109311265335034,0.7132705412729266,0.029978649477760855,0.6539660670311203,-0.18457045206162626
p4038,0.6032956626353193,-0.11733475119228487,-2.813066603964076,-2.82395903366102,-1.9933950790595605,-2.942066051839387,-0.8379952155013619
p4039,1.0380760932484694,1.3901233494550747,2.7951390820256092,4.420563896094605,2.379631218418309,4.110056881305206,0.362628262216278
p4040,0.5713555776579842,-0.08598619938782903,0.44001875432777915,0.83426154673346,0.4148161555263242,0.8100953418495543,-0.04519389471990465
p4041,0.6032956626353193,0.19339266030224067,0.07491705780439872,0.6007792604957394,0.22821193298113063,0.41664519152501506,-0.024974516243831957
p4044,0.498212141474798,0.021341409569073377,-1.5614673311231506,-1.2201042683031378,-1.2340932652704077,-1.2202973999088174,0.02652714131361833
p4045,0.498212141474798,0.06706846722053683,0.6838480812629779,1.1931884529808297,0.7121166957227754,1.1967815608648562,0.5480711199077195
p4047,0.6032956626353193,0.19339266030224067,1.0382377329583257,1.3040743009259188,0.5193261322063011,0.9704748699568666,0.08803694478062951
p4049,0.9986924646930083,0.12770850947591228,-1.8047234266091312,-0.38725427261477663,-0.23623277653561336,-0.6331085653319898,-0.027149355253888174
p4050,0.6032956626353193,0.1354873657413993,-0.0312929432304454,0.7123561684202971,0.3517935518861157,0.37145567583776135,0.26687949451640236
p4051,1.0380760932484694,0.02062859250642113,-0.46534885485476707,-0.3687123176761935,-0.1849482083801688,-0.37209029893403733,0.14255266222515495
p4052,1.0380760932484694,0.2811605475698329,0.7196560061166526,1.5005122053941644,1.3105519204403653,0.2743198462978106,0.8332240246971114
p4053,0.5713555776579842,0.30778218402275215,0.5761740795444297,1.9883465225688728,1.3895546555382492,1.5778954210218152,1.132095877891354
p4057,0.5713555776579842,-0.154354026639119,-0.4570739308112639,-0.7142277264952754,-0.6233636707263763,-0.8495340962698575,-0.4909939436582018
p4061,0.498212141474798,0.6618708375071982,0.5124826270883194,1.1552994538933097,0.6947801523626607,0.9697586475202822,0.6168161536749128
p4062,0.5713555776579842,0.0,-0.931664322312967,-0.6808182410277239,-0.713004232375279,-0.9712939750017483,-0.5514732385712406
p4063,1.0380760932484694,0.9901850473592075,0.6797749921825638,1.6836353961021908,1.5164594345736249,1.2529274917131636,1.0318118161019285
p4064,0.498212141474798,0.021341409569073377,-0.7521004362341674,-0.48540051897149605,-0.6924136477937388,-0.14405337397137458,-0.031662170765251574
p4065,0.5713555776579842,0.05571730689988286,-0.15895427239197524,0.6411816686484797,0.16216667044045419,0.14033796487863617,0.39399463213177555
p4066,1.0380760932484694,1.1199112751711873,0.9468785439175456,1.7718764975768866,0.7414980856303535,1.859941935738746,-0.16242591566755316
p4067,1.0380760932484694,0.09874595105254258,0.7138683284293919,1.5936239174829117,1.1689159983461659,0.8579671440777039,0.4611981654987769
p4069,0.498212141474798,-0.5520312926963111,-0.978294926248223,-1.3113962036429794,-1.0633301919364262,-1.3136184120282575,-0.07547610875534616
p4070,0.5713555776579842,0.0,0.29791805125084814,1.0748608048194503,0.6548889738536596,0.59844550104346,-0.11521404217683262
p4071,1.0380760932484694,-0.20774144573693043,-1.0197501473210426,-0.7366423455353137,-0.5046983662571807,-1.6024378864907716,-0.1152846479019285
p4072,0.5713555776579842,0.0,-0.49517520898615075,-0.253995056826102,-0.402592867607294,-0.8645762714530388,-0.3409969474689074
p4073,1.0380760932484694,1.324173646916984,0.5218454481536607,0.41419177974159593,0.06382751836086586,0.8111498209129593,-0.044903293225596386
p4075,0.5713555776579842,0.05240875684810575,0.943719370122464,1.4424255762918756,0.8584380453284459,0.8201866133428476,0.20106830340875348
p4076,1.0380760932484694,1.9784833693916033,2.457975115341166,3.4367711057564003,2.011296174618423,3.469322340981646,0.8734554084539354
p4078,0.5713555776579842,0.01888038507056855,-0.050342798418638424,0.4329520668546437,0.05043517277289161,0.16135650912470623,-0.1592172339157294
p4079,0.9986924646930083,1.5957680551868876,3.8967594647081265,5.660025535417512,3.183876518865132,3.917183728357102,1.2043098568038566
p4080,1.0380760932484694,0.9901850473592084,1.7069477007455074,3.222751939870703,2.29304078447555,2.360241476719983,1.0268924331466565
p4081,0.498212141474798,0.06706846722053683,0.11258877803410527,0.8371128873433974,0.5678779697320653,0.17184485327472587,0.8961589967573573
p4082,0.498212141474798,0.9858443318240191,0.7241493621808672,1.0316824876973196,0.3807815427606308,0.9513049418455553,0.28382122582601
p4083,0.5713555776579842,-0.15810000030102955,-2.0397028225253866,-4.164598250779446,-3.844754970478235,-3.9783972903892537,-2.1145906804258594
p4085,0.5713555776579842,0.0683678272512882,0.8307513765235299,1.3374264472914996,0.944061064480969,0.8228815082225679,0.43154330260349205
p4086,0.5713555776579842,0.0,-2.7071218514481625,-3.0450944957412522,-2.580507415845553,-3.7135928164352454,-1.3573311369244063
p4089,0.9986924646930083,0.12770850947591228,1.1139689603475524,2.1993078480408834,1.4289512356380856,1.7089788443719112,0.5618707369625522
p4093,0.6032956626353193,0.1933926603022389,0.8115488969034708,1.0832397573313257,0.32220849649504874,0.9514087111018124,-0.12341502613772093
p4094,0.9986924646930083,-0.1421037033306014,-6.729178942633261,-7.846744404350737,-6.06843265826229,-6.681238819992783,-2.723836096496285
p4096,0.6032956626353193,-0.2944776799533777,0.6492194931545381,1.0110108007462353,0.6930089327599877,1.083964550714576,0.14539674999605623
p4097,0.498212141474798,0.6995280438032623,0.7716298695777581,1.405885882929687,0.9893428369320041,1.152279795248459,0.8785107757710477
p4098,0.9986924646930083,0.854275288004283,2.97773268894319,2.9139908030937014,1.5445829722914293,2.4940179686292026,0.47792564671664195
p4099,0.6032956626353193,1.3450393768442392,1.2365016246238305,2.779452662601982,1.7729998148269883,2.3013544054772987,0.8779555332679809
p4101,0.5713555776579842,-0.07294981107938803,-0.08629451667292187,1.0699382238471886,0.6795988070092689,0.8242155639960059,0.10861873009575262
p4102,0.5713555776579842,-0.15810000030102955,-0.8681075449755884,-1.9582387542660535,-1.9863024116295092,-2.1283911662194726,-1.5686008441889516
p4103,0.9986924646930083,0.14724538740187043,0.9779173321736252,1.4682867021137855,0.819166864650195,0.9186859962999663,0.3760918741771988
p4104,0.498212141474798,0.5879833495351683,0.12505210055684302,1.1159462435413738,0.6527194347505405,0.6242714446022057,0.9401851699853054
p4105,0.9986924646930083,2.8086570095386634,3.7645746717205064,3.5070160380095725,2.039091519248521,2.9718699024463255,0.9369084420001403
p4106,0.498212141474798,0.021341409569073377,0.3876161613550231,1.1822684856644334,0.6502934398814479,0.892410638166298,0.7735996452524763
p4107,0.9986924646930083,1.4514928256696482,3.3470789796360965,3.2982340193723783,2.03774043961619,3.0574176369695985,0.713112327685355
p4108,0.9986924646930083,0.714014439477971,0.7534801687832644,0.8282689202913043,0.6302696985309034,1.237558104954465,-0.2965512834658899
p4109,0.498212141474798,-0.6853256772942888,-0.3559152696847665,0.5229846236417909,0.2594924936350838,0.38521138916069453,0.7265657995977879
p4111,0.498212141474798,0.06706846722053683,0.36795207204776226,-1.4436978205218929,-1.4754577631195684,-0.4486212117427976,-0.542356781646923
p4112,1.0380760932484694,-0.07364909181214507,-1.2734696807910861,-1.1539671481075273,-0.7465578637899131,-1.1310072470998889,-0.3067624968634579
p4113,0.9986924646930083,0.12770850947591228,-0.09648801487403347,-0.38438076061965687,-0.24976348058745734,-0.44491815326231043,-0.2910433550014435
p4114,0.498212141474798,0.06706846722053506,-0.16655942355658304,0.3087836864483233,0.06448358111026571,0.095473198518566,0.36137914367145285
p4116,0.5713555776579842,0.0,-0.16273466591853314,-0.0007511338530256095,-0.2846141003562936,-0.5024753857681372,-0.5128002937328286
p4117,0.9986924646930083,0.12770850947591228,-0.13358569007527166,-2.0550592250410453,-0.9127862983541449,-1.5233400947090239,-0.4113847992501434
p4120,0.6032956626353193,0.1009353731958953,-0.9572574483590959,-0.3123384189716705,-0.4685194022695929,-0.4517228770137331,-0.1913854752296693
p4121,0.5713555776579842,0.24534821262288453,-0.4868626424272193,0.07713241794991488,0.15802474467781347,-0.3705281585871184,0.18319879666221794
p4122,1.0380760932484694,-0.06506903102514983,-0.5985077695443444,-0.4818100250405375,-0.5516387087993864,-0.4970104698558262,-0.4019814293807613
p4123,0.9986924646930083,0.12770850947591228,-1.36905742432549,-1.433352646678693,-0.4327403531528894,-0.6355724958971375,-0.05372211296914742
p4124,0.6032956626353193,0.9641447652641908,1.469046203939036,3.338318745675437,1.7458003438666885,2.92307629728909,0.7329480767453775
p4126,0.9986924646930083,-0.037434852838728716,-0.16777169809827264,0.758039237348572,0.4115379713503877,0.01985426130649226,0.1588971433835198
p4128,0.9986924646930083,0.12770850947591228,0.9535886736588992,-1.0774360008171602,-1.172029390309623,-0.911303172845979,-0.553940474864083
p4130,0.498212141474798,0.06706846722053683,0.27143832290303216,0.5775796526190169,0.3440000560039311,0.4986941163997984,0.8529016246345833
p4131,0.9986924646930083,1.2863494633550054,2.7042902915834457,2.379502536783109,1.6717436685710196,2.5173878017766906,0.7271051443024401
p4132,1.0380760932484694,0.025580888334495455,-0.8679015837540458,0.2274961200959691,0.03972367128587462,-0.10262890033995697,-0.2854082948064729
p4133,0.9986924646930083,1.760911417501525,4.002963706039034,5.526406798605799,2.77340207435457,3.3475768539360735,1.3889871929728521
p4134,0.9986924646930083,-0.037434852838728716,1.1252170671653658,0.4996914816441306,0.5380779563673562,0.4610439976926627,0.34268483553847773
p4135,0.498212141474798,0.06706846722053683,0.20201051705594786,0.030762457167847646,-0.20499526310629607,0.02533724723255598,0.27803133670397706
p4136,0.6032956626353193,1.7569833890966677,0.758212223397468,1.6342311140182726,0.8815875331713133,1.31353493113635,0.5113240839273363
p4137,0.5713555776579842,0.18337124681406358,-0.10967356939747219,0.5625819543066246,0.23832157085112238,0.019606678812251116,0.12383850174746414
p4140,0.498212141474798,0.06706846722053683,0.7063785226512422,1.0225232786574812,0.5450541726133284,0.8327632533236584,0.5559935627158108
p4141,0.498212141474798,0.06706846722053683,-0.546016552152718,-1.151840887884004,-1.0618553064729959,-1.0241321787189537,-0.26833691174540775
p4143,0.9986924646930083,0.4362225183200721,2.9162508894363164,1.7982938469076974,0.6359390784595272,1.6033794029126125,-0.05099423698309735
p4144,1.0380760932484694,0.22323717639116225,0.9771298334783545,1.7671274733635398,1.4341330256426303,0.594374396471239,0.7833229575759866
p4146,0.9986924646930083,-0.2335495067151534,-0.9747947125199659,-1.2793687561365648,-1.2517923255141175,-1.8015429024922516,-0.46480451274941004
p4147,0.5713555776579842,-0.15810000030102955,0.2457506516616892,0.138556331497535,-0.05033184762696652,-0.06337527843661248,-0.44913921670168655
p4148,1.0380760932484694,0.00689851266832342,-0.3383192215237951,0.19510935098768978,-0.2580134349886385,0.0744838994342556,-0.34480283509589427
p4149,0.9986924646930083,1.45149282566965,2.4690080193264805,0.9209956859839213,0.19514164482036583,1.0324378820284479,-0.06641595717379545
p4150,0.5713555776579842,0.0,0.31534463708602267,0.169031435255956,-0.04804592175491862,-0.3863101975146953,0.022775432788799677
p4151,0.5713555776579842,0.41668507318289194,1.1726230911896849,2.198890363824882,1.468972963741162,1.7152374129907006,0.41204210218271875
p4152,0.9986924646930083,0.8542752880042865,1.9061541971830902,1.0249562391508027,0.45245042045031775,1.557088799860697,-0.29340293835458375
p4157,0.5713555776579842,-0.15810000030102955,-0.7254951571396919,-1.0085372961370045,-0.9002910663035071,-1.1079700210469319,-0.7640976526239385
p4160,0.9986924646930083,-0.23354950671515695,-5.551805852831713,-4.198377881913988,-1.9778995478204915,-3.069139341824542,-0.7301221058618186
p4161,1.0380760932484694,1.803933896543418,0.3967761096973952,0.8986226470746577,0.22921961342552583,1.073208906281729,-0.08238884690148751
p4162,0.9986924646930083,2.0481402795296786,4.154048474928541,4.159404688374543,2.3850963898498923,3.3493501531432814,0.8207256989276033
p4163,0.498212141474798,0.4550850081475133,0.20634950504790872,0.8400294806603268,0.6381136088288356,0.2825988191462789,0.7237843091398641
p4164,0.498212141474798,1.01719321963812,1.4395789146010554,2.2030918791203753,1.3635567022776165,1.7214209416452269,0.8771219653316038
p4166,0.9986924646930083,-0.6188063305101288,-1.0483478331367966,-1.8657102698737233,-0.9505376007930747,-1.2264641050298692,-0.48632685253693175
p4167,0.6032956626353193,-0.20018992997890628,-0.4893156109095482,-0.010062046332839136,-0.12133595655954049,-0.3012276374017508,-0.1609740214235451
p4168,1.0380760932484694,1.42047027791617,1.4855059082541047,3.233439531748385,2.0892774404480208,2.9502178833806916,0.8006322595524207
p4169,0.498212141474798,0.9730936299187949,1.5897472785278541,2.30841779944007,1.6717370884563687,1.8060586555552085,1.2016311875107597
p4170,0.498212141474798,0.8208413412446216,0.7790900780252823,1.1270711842096115,0.5274532340503297,0.9505573287807476,0.6367265824105743
p4171,0.6032956626353193,1.1304660247185812,1.0152253425184519,2.0158535468395504,1.075491213500312,1.6090516911691986,0.39129763583094146
p4172,0.6032956626353193,1.1041148282557849,0.6886082024883002,1.8913554177126228,1.080084308187394,1.6104604512141494,0.4011202646634402
p4173,0.6032956626353193,0.026555843088031494,0.2822985274910863,1.9856558360443974,1.0477859345917762,1.511420644545105,1.031305303747251
p4175,1.0380760932484694,0.04587511193302696,0.43327905239694076,0.841729862145092,0.0979883444359747,0.9657590173593322,-0.31006627768328343
p4179,0.5713555776579842,0.23970468781129384,1.2115653523676357,2.6813338544258603,1.9472489471893006,2.058916791155138,0.40529639997221345
p4180,0.6032956626353193,2.8317322616123946,1.5944137102206835,2.807289389253488,1.3562498163236962,2.514294095420932,0.3416622774575817
p4182,0.498212141474798,-0.7644887793303301,-0.961454620343444,-0.8805586317268528,-0.8783311947014896,-1.023934669990528,-0.1878370874412667
p4185,0.9986924646930083,-0.037434852838728716,1.5729741812929836,2.2672970955310303,1.8105760992527489,1.8811158815026978,0.7341009704424977
p4188,0.5713555776579842,0.4330482563429108,0.8731506136598739,1.600867383244169,0.9600537176228006,1.3990563070474613,0.12806686249651733
p4189,0.6032956626353193,0.8976380985463637,0.07936584252489709,1.2089385329535756,0.6201512166568028,0.9774241889269002,0.5205313108928475
p4190,0.9986924646930083,0.4362225183200721,2.3801615307111046,2.4429161187984754,1.271634756818761,1.8033016363087033,0.674867491591927
p4191,0.5713555776579842,0.06836782725128643,-0.4723519993568228,0.8620915699004454,0.6453091442941736,0.666399747367438,0.25413648606506634
p4192,0.9986924646930083,0.6871513373440168,2.9447979832839213,3.2543663813484267,1.7404116902885503,1.9317702656370699,0.5525305037929567
p4194,0.5713555776579842,0.0683678272512882,0.11268307074969819,1.0471398622055643,0.6322431961935064,0.4391272378934784,0.2324602781823497
p4196,0.498212141474798,0.021341409569073377,-0.6749375404473668,-0.35201132808552915,-0.42450526466253385,-0.5430488928112025,-0.0117376662850468
p4197,0.5713555776579842,0.022626358732477314,0.42706285700599267,1.1193067223564401,0.7240490618259445,1.1693233919105455,0.06365260558421326
p4198,1.0380760932484694,0.9901850473591995,1.3671721472407885,2.4412748272607487,1.7583860383620122,1.7502441961715012,0.898631338903968
p4199,0.498212141474798,0.021341409569073377,0.6173907628177577,1.3263254787841987,0.83283559317919,0.8175710366815745,0.7864923424866479
p4201,0.5713555776579842,0.0,-0.06576977335976508,0.8963321915236306,0.7597872756095606,0.31347365940942823,0.13303318473226966
p4202,0.6032956626353193,-0.008135489544500274,-0.9831008280520557,-1.6397178498678058,-1.1311874556794084,-0.7531266254665385,-0.8265486854420416
p4203,0.6032956626353193,-0.2727937278053556,-0.8269644125759257,-1.2638178707753023,-0.7062294860780465,-0.9971233693065367,-0.3511334178899581
p4205,0.5713555776579842,0.12408513415117106,0.4992526305680016,1.5923973417927262,1.0128342284484304,1.0662935968971279,0.5114234838505869
p4206,0.6032956626353193,1.395133202034474,1.2630470521750894,1.6420117262110494,0.8543746715259908,1.4888346670241106,0.33119132795753714
p4208,0.5713555776579842,0.3603516321856617,0.6393216960175163,0.8110718675008184,0.40100375857702025,0.7051605915072408,-0.2695632922124691
p4209,0.6032956626353193,-0.02424273327574511,-0.5886521774290223,-0.6052719383740743,-0.5752826472451602,-1.0256250203467614,0.10276444560738263
p4210,0.5713555776579842,0.0,-0.8769255764893149,-0.04925962890508517,0.08867522992714294,-0.468200481955691,-0.16139285932027292
p4211,0.9986924646930083,1.1297005723163842,2.2751769174546315,2.8511398163098827,1.7133310508617132,2.0823692439092665,0.4462887052007325
p4212,0.9986924646930083,0.43622251832007564,2.9009703788340087,4.086705214176514,2.2022422536230644,3.010909376754714,0.5735921052586725
p4213,0.498212141474798,-0.5520312926963111,-1.0474891239209185,-1.2635522234356507,-1.2338803227048851,-1.375773626422728,0.03364828383735485
p4214,0.498212141474798,0.6995280438032623,1.325507761660587,1.9323272578517159,1.3122217863829508,1.9437687519793312,0.9825077830525935
p4215,0.9986924646930083,-0.037434852838728716,-2.97445618197856,-3.399141971935501,-1.8459665383007207,-2.2937550450133672,-1.2897599788485898
p4216,0.5713555776579842,0.2453482126228863,0.40746346723605065,1.2074566704912797,0.6790339514176025,1.0112906250085518,0.0557581551579176
p4217,0.5713555776579842,0.0,-0.8804055261258021,0.06370062245983688,0.17437882540294342,-0.4331229545572577,-0.11006793086059297
p4218,1.0380760932484694,1.8529010423558834,1.0050025483067433,1.4921773791068917,0.6928644841774341,1.7386541878763158,-0.047224209529273864
p4219,1.0380760932484694,1.807182603100264,1.5689864046325113,2.955289649116599,1.4858242559292802,2.65097604965687,0.3151553551927506
p4220,0.9986924646930083,-0.037434852838728716,-2.144243533139351,-3.366322180676735,-2.0165470145350635,-2.0046131251693415,-1.3219861187463628
p4222,0.6032956626353193,-0.07885686297714223,0.9467844997057657,1.7182765252606722,1.0717783332947843,1.3426883183531388,0.4113493665811472
p4223,0.498212141474798,0.06706846722053683,0.7419983326541431,1.68145651081285,1.1438840214190362,1.4876960979550335,0.7112202512717349
p4224,1.0380760932484694,0.1980832396433989,0.28721982404729296,0.9087882329692346,0.2529863046081884,0.6382077899607048,-0.20264762664059077
p4225,0.5713555776579842,-0.08973217304973957,0.9037373851344856,1.1534210414472987,0.67612802611057,1.3820590155657757,-0.14868181361119426
p4226,0.6032956626353193,0.567712194115515,0.8852050356654022,2.1411124090249603,1.2143839464811583,2.029086163119325,0.7656262305270687
p4227,0.9986924646930083,1.319964751622134,4.7260912235114,6.056440363313286,3.2578435478212726,4.407487339124438,1.1180188809079397
p4229,0.6032956626353193,0.29563710850954905,1.3730774243016644,2.561808885599402,1.343591739546541,2.493109382439495,0.3637446420580126
p4231,0.498212141474798,-0.09747960513611709,-1.3327537794023314,-1.1686604684050999,-1.008845850366191,-1.2545759930933715,0.27253714964913733
p4232,0.5713555776579842,0.0,-0.8127431030021182,-0.5937617540626414,-0.5456356492894634,-0.8916389253069218,-0.43516373755718263
p4234,0.5713555776579842,-0.06685275780506217,-0.10192757599818414,0.48251542995638685,0.2603878845038539,0.36930890951372886,-0.1549508332773506
p4235,0.5713555776579842,0.18337124681406358,-2.004071203722445,-1.6974143500495218,-1.334003953142036,-2.0133473634619974,-0.5896274423198058
p4236,0.9986924646930083,2.192985592852244,2.9857917121790996,3.685832075352327,2.5206183011764383,3.0205811022503966,1.326085091543474
p4237,0.9986924646930083,0.4362225183200721,-0.2910965439046205,-0.8551122459253216,-0.5418363768892388,-0.12552657509987253,-0.23566212909265616
p4238,0.498212141474798,0.06706846722053506,-0.10223448738565288,-1.345681304552782,-1.4508363075414086,-0.5689447643836163,-1.0466404873213495
p4239,1.0380760932484694,0.1504192711474861,0.5293227784405357,0.9903825253050628,0.4143988309781003,0.954839085898344,-0.19826208003927448
p4242,0.9986924646930083,-0.23354950671515518,-3.0499558505643165,-1.9488553311691792,-1.2606829673373765,-1.7900776665371532,-0.66340918486733
p4243,0.5713555776579842,0.05571730689988286,-0.7285157965388436,-0.3673954600852385,-0.5719002480872362,-1.000788238092663,-0.18111730664080916
p4246,0.5713555776579842,0.15841953558140087,-0.7858307916935008,0.4299970614908705,0.48769669525585524,-0.1646883637900263,0.5129605791679364
p4247,1.0380760932484694,0.13772255031724612,0.2525837704707943,0.3446051385635991,0.2063858141500693,0.6954176195919186,-0.22115610925776075
p4249,1.0380760932484694,1.9717415294006848,2.2940553996640327,3.812236830634082,2.3192770130199922,3.2845712664824585,1.0092478293382996
p4251,0.498212141474798,0.021341409569073377,-0.023965278043323934,0.3266116503398975,-0.06986017413109002,0.281633730480481,0.43980335518431346
p4252,1.0380760932484694,-0.2353256284190426,-0.8938354743894212,-0.943357818707476,-0.7863041767291015,-0.8494407328190079,-0.5310772025198904
p4253,1.0380760932484694,1.5159177521102478,2.523051670070611,4.442419566157278,2.5808639322508844,4.105152167514113,0.6092757612530395
p4254,0.9986924646930083,1.2518935903218154,2.9996159689987643,2.5516386662208173,2.022739863850838,2.6294829307464624,0.8285885707979563
p4257,0.5713555776579842,0.05571730689988286,-0.1781575160959452,0.43062512150867027,0.1571983711935389,0.5100374388475681,-0.0680378609149539
p4258,0.5713555776579842,-0.154354026639119,0.8656975503675639,0.743651539388303,0.3970717955882739,0.6562059530845925,-0.30304869492201014
p4261,0.9986924646930083,0.2710791560054311,-1.0628920603722118,-0.4596704877182419,0.007063067023566183,0.26821290858412805,-0.3065951928059256
p4262,0.9986924646930083,2.3581289551668956,4.339066932238568,4.537318580976427,2.4273910821602893,3.466217865147549,0.9379865108716725
p4265,0.5713555776579842,0.11012762756653593,1.043065073898946,1.4937108834802455,0.7203472214867677,1.2746225016684558,-0.03913936379611016
p4266,0.6032956626353193,0.8634989762767109,0.13790848067164418,-0.8225333237653596,-0.6461454738327418,-0.30506174568335537,-0.5601518102169987
p4268,0.9986924646930083,-0.23354950671515518,2.6194802440692406,2.286271950560517,0.4089938881148898,1.5050424960493305,-0.44478919087261914
p4270,0.9986924646930083,-0.23354950671515518,-4.236887226110156,-3.2820568750178154,-1.5550937579678106,-2.3945401962305097,-0.599704244830594
p4272,0.5713555776579842,0.08160468751026073,0.4909743212132529,0.9452422087271831,0.4892764388784803,0.46361403528099254,-0.05617219046116517
p4273,0.9986924646930083,-0.037434852838728716,1.5242129927711154,-0.6686150943991139,-0.6608342228277956,-0.28674895859530725,-0.7601292794015837
p4274,0.498212141474798,0.021341409569073377,0.3177034163903585,0.5848128257548448,0.07509836679440596,0.40362986936280465,0.05390252298098552
p4276,0.5713555776579842,0.0,-0.9460950725762274,-0.6795268422768677,-0.7378347165940504,-0.6911591238937166,-0.5369444588439514
p4277,0.6032956626353193,2.5740372611960334,0.7784796493271742,0.7906377101513091,0.3412397900203022,0.7854628720930024,0.04608741355365531
p4278,1.0380760932484694,-0.3808073959491649,-1.2131658821485498,-0.8084224861455347,-0.7930278940920954,-0.6479275659428008,-0.8698145334908975
p4279,0.5713555776579842,0.4330482563429072,1.1869126768635176,2.3705773951552915,1.6209158074707701,1.8688772996396086,0.7077345024623796
p4280,0.5713555776579842,-0.15810000030102955,-0.7098707834426676,-1.425023881824398,-1.2733430410577047,-1.4983524333238323,-1.1793873052547958
p4281,1.0380760932484694,0.928521180716503,1.8748940219424775,2.9762294490838226,1.978766497935567,2.223526295305082,0.7964277262129364
p4282,0.5713555776579842,0.41668507318289016,0.9400753438251623,1.6658093764347084,1.113074245397513,1.5166198645198612,0.3914800003373031
p4283,0.5713555776579842,0.1769803853715981,-0.10788971391566982,-0.24419139202548745,-0.3774655262084374,-0.07602444590838384,-0.7073591473468515
p4285,0.5713555776579842,-0.15810000030102955,-0.14371535752441034,0.019210398868170664,-0.21351713978718406,-0.5496235023944921,-0.725860948213839
p4288,1.0380760932484694,0.06089529347453926,0.21494732516512016,0.7201094896690243,0.2360573138033486,0.379870811265953,-0.038569950756384586
p4289,0.6032956626353193,2.159089179176826,1.136756637235644,1.8630208479898085,0.9587968465481256,1.625790279685088,0.26976443302033815
p4290,0.9986924646930083,0.12770850947591228,-3.1070474558604406,-4.667912014237833,-3.1749087183805953,-3.6970449396759255,-1.182682295265998
p4292,0.6032956626353193,-0.09534083555980644,-1.224984193107776,-2.63285332933318,-1.608502716900116,-1.9699490573643224,-0.512529157604181
p4293,0.498212141474798,0.587983349535171,1.1056414711812845,2.092896519437972,1.4189778096273762,1.3416002313906765,1.3426131083478676
p4294,0.6032956626353193,1.1998758300382724,0.8424994815159561,1.6520568231274242,1.0192437397023772,1.4928138591224303,0.7692085268542641
p4295,0.9986924646930083,-0.037434852838728716,1.556655447452533,0.9585020348471466,0.8561437883415363,1.2543008385012724,0.4103452678572914
p4299,0.6032956626353193,0.09848112417606991,0.28921349979725974,0.7306680276876303,0.43441011178318256,0.7995634498763189,0.09122222433106231
p4302,0.9986924646930083,1.9194044785111597,6.292119631588479,6.774645692362181,3.543885640653225,4.79136985102151,1.3962382468350363
p4303,1.0380760932484694,0.3809100474398406,0.20304309318614777,1.4367912209552391,1.1406937260392145,0.8195765391225636,0.34296980758013973
p4304,0.9986924646930083,-0.18105764774551325,-1.7988269373548906,-0.3328793054031075,-0.20145177830654892,-1.119842902905039,0.36472319206254333
p4305,0.5713555776579842,0.12317596735081526,-0.14130426902636373,0.8994142919126656,0.6157920596316115,0.0240729228494459,0.22318387857700017
p4306,0.6032956626353193,-0.0066006229823596385,-0.03700877457792906,1.358238420403817,0.7983111582295142,1.1366418547741934,0.3343179088466055
p4307,0.498212141474798,0.8742996375559251,1.0216890920515258,1.9286594226537712,1.1098608009928062,1.8748410374765188,0.6332211014550424
p4308,0.5713555776579842,0.0,-0.4182339894176117,-0.14561357892142524,-0.1880480535474553,-0.5710158467849519,0.018288515399023098
p4309,0.498212141474798,0.06706846722053683,0.4018887739523702,1.2100119328188015,0.5775415062358609,0.8818618859952105,0.4682966043604413
p4312,1.0380760932484694,0.32519770471193254,1.244814748605263,1.3973776762112986,0.7334932307992927,0.5266354834606992,0.23882895253540148
p4313,1.0380760932484694,0.011758225817557033,-1.0900732516604954,-1.0032637778922555,-0.512914748649969,-1.3600226236314228,-0.2533572500002599
p4314,0.6032956626353193,0.09848112417606991,-1.5961432377539193,-2.05394621353822,-1.2725372876399283,-1.886890218150763,-0.39462668659332323
p4315,0.5713555776579842,0.0683678272512882,0.480709460821501,0.8206216491203322,0.26551564956246443,0.23700678413772283,0.03975697127930289
p4316,0.6032956626353193,0.01198041158905383,0.24186881683311157,1.0149090917929144,0.30123816689406807,0.8020912567927796,-0.12353199810270965
p4317,0.9986924646930083,-0.2335495067151534,-4.4949256983343275,-3.475240165178068,-2.074339185803635,-2.7363441629554965,-1.3911850326259287
p4318,0.9986924646930083,0.8131691136660972,-0.5640015527590485,0.4165865002156651,1.4325183630395073,0.714973028129814,1.2964987951079774
p4319,1.0380760932484694,-0.08772563278043055,0.6105076382304082,1.0740655012705493,0.8484486383335434,0.8072117028377561,0.4536141207226283
p4321,1.0380760932484694,0.112568613569481,-0.02798005560719119,0.9055611567107068,0.5253487680750613,0.706524471454225,0.10606210059242116
p4324,0.6032956626353193,0.08255097160102132,-0.7852888418337027,-2.3262093966665116,-1.681532606450243,-1.9666478766200752,-1.1058377253691685
p4325,1.0380760932484694,1.2946758752609977,1.8826011682822212,3.06106668769663,1.7716455380249156,2.059573014109723,0.7311870997008132
p4326,1.0380760932484694,0.6592495946410324,1.3030412968652563,1.5759437140633925,0.7089410241595185,1.11782457756884,-0.029635250771272936
p4327,0.498212141474798,0.06706846722053683,0.40516923538961436,-0.0877924504338492,-0.5122936084066227,0.37385975216955997,-0.5847427483212151
p4328,0.9986924646930083,-0.037434852838728716,0.19494076384719428,0.09450548139857717,0.4891032994578901,-0.564395519906269,0.28698414041726394
p4330,0.9986924646930083,0.12770850947591228,1.9024640303228555,1.5526826806255989,0.47240990272478434,0.6525623146684574,-0.01079977346105565
p4331,0.5713555776579842,0.0683678272512882,0.2351913209502765,0.6855151320233217,0.3909897387885649,0.4123188108943858,-0.005469059462354764
p4332,0.498212141474798,0.021341409569073377,-0.16421510273103124,-0.027686621950130164,-0.40385309435224,-0.22192884669939722,-0.28452427516921297
p4333,0.6032956626353193,-0.07885686297714223,0.14601931267751844,0.9340264736952868,0.6431164838855215,0.42757380787917404,0.41575004130474724
p4334,1.0380760932484694,0.06089529347453837,0.7850260739814381,0.8844583943479716,0.49047945080798633,1.1197278198375922,0.0660923593083993
p4336,0.498212141474798,0.06706846722053683,1.1169622717547227,1.643528637219615,0.8990951413976689,1.6118579379741829,0.513564468844379
p4337,0.498212141474798,0.06706846722053683,0.7519600852036596,1.0735848831193713,0.6169957701233175,0.8193543181463825,0.5135594495432869
p4338,1.0380760932484694,0.9412179015467448,-0.08892749929202459,1.6779637356418073,1.4472467518415093,1.3642363453315456,0.7931800561436901
p4339,0.498212141474798,0.6140555118849367,1.040533829018326,2.120694985587222,1.5753484224367877,1.538620648929579,1.2537228722418128
p4342,0.6032956626353193,1.9976266186307345,-0.06642787773386871,-2.6181285603307005,-2.1294826902816553,-2.080673744961365,-1.2930798537290933
p4343,0.6032956626353193,0.46361023150991265,-0.2854244654495268,-0.0941104264953857,-0.34829787492998965,-0.5257892110933122,-0.0492673520213085
p4344,0.498212141474798,0.06706846722053683,-0.2087929018658503,0.04035850947118369,-0.14115365296709398,0.08839749062376467,0.32334960663961
p4345,0.5713555776579842,0.0,-0.3172913333347953,0.1312840973810076,-0.024901067503087793,-0.9442818669553282,0.2634319702263781
p4347,0.9986924646930083,0.0006829624298241299,-3.402340089136276,-1.1553530867716035,-0.5979615668665951,-1.3240642955365987,0.0081118003038263
p4348,0.5713555776579842,0.0683678272512882,0.18413024649505516,0.7265673872496895,0.40462519033098365,0.20972675954965528,0.2023439202312005
p4350,0.6032956626353193,-0.4191880244821231,-1.6382096756040845,-1.7569091007645155,-1.1575091533640591,-1.5325611352320174,-0.4931514487711688
p4353,0.6032956626353193,1.5684011434822986,1.1883529125539845,2.3448520019820114,1.3454172014156165,2.1200612892563364,0.24700227014640497
p4355,0.5713555776579842,0.0015150694462242598,0.2963903695076535,0.7952528861279555,0.41982951575121497,0.29247276986175563,0.3248327925807164
p4356,0.5713555776579842,0.0683678272512882,0.0748176168836796,0.6397804167625257,0.29905010595210085,0.2859742498557987,0.2874788773148005
p4359,1.0380760932484694,0.06089529347453926,0.913129807984248,1.283744295594232,0.8298102281801536,0.8765985210517363,0.5511362729696732
p4360,0.498212141474798,-0.09747960513611709,-1.5426726166913394,-1.134635504166283,-0.9267559070299831,-0.9558963418924911,0.054467017974522136
p4361,1.0380760932484694,0.02558088833449368,-1.0491959588672994,-1.129856660144506,-0.726722037997602,-1.1267216511739404,-0.31766500313347557
p4363,0.9986924646930083,0.2710791560054311,2.7768533276424296,2.020392618066403,0.7373009763295486,1.80098729685555,-0.31358985350247437
p4364,1.0380760932484694,0.112568613569481,-0.9649093717612871,-0.41720074914575633,-0.2617119034525939,-0.3322837637869367,-0.2882056198721301
p4365,0.498212141474798,0.06706846722053683,0.08220530796403835,1.0520699212353322,0.9431648850874319,0.7254009273275404,1.1692267812143555
p4367,1.0380760932484694,1.0110035657360488,1.9076747208998412,3.637774746195223,2.1479998312346082,3.06940703247111,0.5180508376240045
p4368,0.498212141474798,0.06706846722053683,0.5561359867224756,1.2973970966059165,0.7702816333244071,1.1494341572172775,0.37625453186121227
p4369,0.6032956626353193,1.8015093399932098,0.5461902288682907,1.451807903591298,0.7647576434034099,1.2463145025406317,0.10802915315835904
p4370,0.498212141474798,1.2296220196868504,1.3529305050391116,1.6481863065177746,0.9236353516765399,1.748681526513535,0.6460338193799888
p4372,0.6032956626353193,-0.17020172176638226,0.5545120975560458,1.5674979706574308,0.736530417365528,1.0172614804980107,-0.16248778430494148
p4373,0.5713555776579842,0.0683678272512882,0.1721556826606978,0.8051734381384372,0.5666663359061996,0.23754499617056463,-0.14178592611553675
p4374,0.5713555776579842,0.0,-1.153576787181386,-0.7236469475552452,-0.48384236123558616,-0.9857982409534641,-0.21295580709526263
p4376,0.6032956626353193,0.9121299563880232,0.9925368611090146,2.4953814327004817,1.352531659030102,1.946588554147074,0.7238659780969279
p4378,1.0380760932484694,0.15041927114748432,-0.5081587670357095,0.39828460897589735,0.1881754000785052,0.17065507954269465,-0.17936109070362782
p4379,0.9986924646930083,-0.037434852838728716,-1.6350871153271207,-1.7940160089906811,-0.9889296084107108,-1.1496197562210453,-0.48063377293613563
p4380,1.0380760932484694,-0.3173857727271958,-0.23412049828231574,-0.9369830618045532,-0.7219180017483078,-1.2027056596736097,-0.10886287741169198
p4381,0.9986924646930083,-0.23354950671515518,-1.4998447952958713,1.0716612351059904,0.5601661643888789,0.735277891478087,0.3341499238860699
p4382,1.0380760932484694,2.1366122405082013,1.4228569251102527,1.9420609313020765,0.9646615597813333,2.032910917045263,0.17854123741487804
p4383,1.0380760932484694,-0.07759187757417685,0.566310695346603,1.1869516091826098,0.4411464202842733,0.21146725843865066,-0.07166277136032306
p4384,0.6032956626353193,0.19339266030224067,-0.15829548864534537,-0.5568367927601241,-0.5286782552771511,-0.6313103727005822,-0.40821134700787454
p4385,0.5713555776579842,0.0,0.5188979438091295,1.1739680547688054,0.639657945498207,0.8298684840346752,-0.2776347953889857
p4386,0.498212141474798,0.021341409569073377,-0.803941064068951,0.11369238610127896,-0.021460151396203775,-0.3883446639604972,0.544524538525593
p4387,0.5713555776579842,-0.15810000030102955,-0.2650222879907833,-0.04560142217536223,-0.27600174660750026,-0.4033251758355141,-0.3508477173978761
p4389,0.498212141474798,0.6995280438032623,0.6046618641800663,0.8995933441454282,0.6699955569047005,0.7633752344008283,0.9510582607473452
p4390,0.5713555776579842,0.0,-0.29311470049851707,0.613259100250455,0.32218837355934354,0.05574668767682664,-0.12102511972211083
p4391,0.9986924646930083,1.2863494633550117,2.21245782854567,2.53310107895464,1.5659293312172746,1.7462500456532575,0.5501503674249903
p4392,1.0380760932484694,0.13772255031724612,-1.0692033637792235,-0.7575587845874163,-0.14983064761731235,-1.2082382241225287,-0.005987426545530639
p4393,0.6032956626353193,0.2956371085095455,1.0398891894860984,2.2078798596189904,1.1616637657134954,2.152910959878565,0.20186043658273078
p4394,1.0380760932484694,0.9456922589779166,0.5266373964266098,1.2050134428996186,0.7187902929574895,0.798849924089901,0.46089440576587926
p4396,0.6032956626353193,-0.07885686297714223,-0.3798984141794399,1.0778689190980106,0.5128817080033137,0.6721149482478551,0.21878122297106906
p4398,1.0380760932484694,-0.3768646101871358,-0.9240173916845631,-1.7219168863993506,-1.4406643369897743,-1.6354310970319288,-0.6201532696524552
p4400,0.6032956626353193,-0.200537487810573,-1.2666133248608684,-0.7779851373322597,-0.4224465830478281,-0.9085412137180156,0.03361758590752828
p4403,0.6032956626353193,-0.200422582718236,-2.1347771217370006,-3.88479739687818,-2.813207857605689,-3.243018853936554,-1.3536806547344344
p4404,0.6032956626353193,0.0833158420864546,-1.3422476075259926,-1.0896993114360776,-0.836766168077635,-0.9039070372547822,-0.3769720169313313
p4406,0.498212141474798,-0.6853256772942888,-1.0541295136567204,-1.1885990131119681,-1.0443886622439722,-1.4706097252062853,0.014367577939639276
p4408,1.0380760932484694,0.07359201430477746,-0.22861353293587605,0.3143624677081802,0.17489227352444403,-0.00787265149109384,-0.01435299625674169
p4409,0.9986924646930083,0.9943144699928723,3.2512808175936954,3.376345997047778,2.2389789514287863,2.770779306614553,1.549206282452941
p4410,0.5713555776579842,0.0,0.7287453611474817,1.3240438628650812,0.9049214337966638,0.8162033116204861,0.16757190089926155
p4412,1.0380760932484694,0.18939587041218964,0.4294013896520248,0.8281390031969603,0.09900039599800692,0.7294858918680934,-0.37034858271988647
p4413,0.9986924646930083,2.3514786538618857,2.1428552658844673,2.9407555319487773,2.2976463600690025,2.74994692635156,1.1708612850694564
p4416,0.5713555776579842,0.0683678272512882,0.41420424423931124,1.0277169365266094,0.8275710842631541,0.38426124239137444,0.08051449353327733
p4417,0.498212141474798,0.5879833495351798,0.6183860304699174,1.2293434624508586,0.8039145597122626,0.5851388823840339,1.2468500868124135
p4418,0.498212141474798,0.021341409569073377,-0.19930438679873852,-0.49279810455116435,-0.6947968627769541,-0.6198420399828435,-0.11235431224647563
p4419,0.5713555776579842,-0.15810000030102955,-0.4319303814954214,-0.4533723637665603,-0.5981840880230671,-1.4004750457241044,-0.18748888195720959
p4420,0.9986924646930083,0.12770850947591228,-5.134958432693287,-5.693062426402793,-3.321500594493548,-4.391146336838269,-1.1198118401868644
p4421,0.5713555776579842,0.4330482563429072,0.47819313316437295,0.6873154546971091,0.264393790819414,0.49033502860121825,0.09296042611763156
p4422,0.6032956626353193,1.0948208366978225,0.4647260311348589,1.7098026250595895,1.065309468172782,1.7182057360710725,0.5811829400385111
p4423,0.6032956626353193,1.38248941760998,0.7762282456533409,2.6613424144671702,1.7827776769098456,2.0681090237635478,1.3274939164133137
p4424,0.6032956626353193,0.2233808685147629,1.4211941114869333,2.1393914629050514,1.140864991724696,1.6847650877863227,0.28826320915982073
p4425,0.9986924646930083,0.5622402946421499,0.9191225942942367,1.5741042167287014,1.2514371975868521,1.9447538493119878,0.6172289056291458
p4426,0.6032956626353193,0.026224884181287322,0.7774268814523424,1.575410807405531,1.1004981280844464,1.4770409063022252,0.15079901974030818
p4427,0.9986924646930083,0.1825226746234323,-1.8864073726912451,0.33571019955807935,0.0050627111359298205,-0.19131295560224415,-0.5047518104938824
p4428,1.0380760932484694,-0.45763465279187443,-0.2762160576716699,-1.053484633559691,-1.1816380742451336,-1.1466617409560131,-0.5720269792064361
p4429,0.498212141474798,0.06706846722053683,0.14605351285093704,1.2364193508798875,1.0348845850417112,0.8366326850916506,0.9291109718325785
p4430,0.498212141474798,0.06706846722053683,0.20691755486540409,-0.45144501599736053,-0.5781976045419135,0.0007328488671791145,-0.022167006934248334
p4431,0.9986924646930083,-0.18105764774551147,-1.8738023851131302,-0.7854360950086837,-0.7558260874695034,-1.299730201141434,0.15350053794312757
p4432,0.9986924646930083,0.4362225183200721,2.548285034907842,2.520288804740365,0.9796818377877609,1.8175049987080643,0.20862391815868797
p4433,0.498212141474798,0.06706846722053506,0.6220327168076807,0.7781656625606628,0.36279447790442737,0.7466129912463966,0.37691018288851375
p4434,0.498212141474798,0.021341409569073377,-0.41935185056047963,-0.30130509764087743,-0.6214183428765236,-0.2123990302052013,-0.2550253531644575
p4438,0.498212141474798,0.06706846722053861,-0.2774890827079286,-0.4496514124347075,-0.7256685979937112,-0.4332747301219115,0.030310717525487973
p4439,0.498212141474798,0.021341409569073377,0.061877011096877155,0.40206039518140224,0.14814717989679582,0.11159062031521144,0.5794742178344947
p4440,0.9986924646930083,0.12770850947590873,-0.6080211918274436,0.10517410095131396,-0.25628726231368903,0.04460547007431048,-0.6166430041597746
p4441,1.0380760932484694,0.2622137756558658,1.2851313399046447,2.52694086485389,1.6982148067905982,1.8369392763954384,0.4612240565795691
p4442,0.5713555776579842,0.03225493800121271,0.412285898854293,1.3279393703998617,0.922736951468833,0.7475674388242247,0.5135536829989089
p4444,0.5713555776579842,0.04923777192209933,0.6945106036569264,1.92356971669906,1.4262807892815503,1.603800089831642,0.7671626878446496
p4445,0.498212141474798,0.06706846722053861,0.32301983213666396,0.08386876861086778,-0.028111352159274516,-0.03431917052582595,0.324823693343939
p4446,0.5713555776579842,-0.0892026896507101,0.09021652588681661,0.595813454400015,0.31599935908601945,0.3518255183251757,0.0635581893056738
p4447,0.6032956626353193,0.2956371085095455,1.3455357071420906,2.1792289329905064,0.9738768084780001,1.9979630693007921,-0.041977543386016336
p4448,0.6032956626353193,1.9152077657095656,1.3585538562554778,2.7144526809674767,1.6307353980789525,2.51411972885425,0.8923205242062426
p4449,0.498212141474798,0.06706846722053683,0.663953449568357,1.2891965777591916,0.7848351976610477,0.9065084641115491,0.5652340477974
p4450,0.498212141474798,0.021341409569073377,-0.5822263021272889,-2.852657987039238,-2.9190592272519136,-1.6383233674824602,-1.0428433300845619
p4451,1.0380760932484694,1.2060717805964707,0.24657457900539725,0.7686526725182175,0.7337910932112446,0.6020254244889365,0.4914657123183641
p4453,1.0380760932484694,0.18939587041218786,0.5567396584741768,1.473094764691981,0.8439749668428462,1.6446804211405577,-0.14830072730761934
p4454,1.0380760932484694,1.6241055126689314,2.4532157504970833,4.061185469004318,2.5507810643411433,2.938609910962484,1.1628910609580867
p4455,0.6032956626353193,2.030612600349116,0.5243294123891333,2.6721067635928533,1.273676672302556,2.164031982585787,0.7684718360867464
p4456,0.498212141474798,-0.5520312926963129,0.3564804508685686,0.5916024888260235,0.3083803039362084,0.7048388328663558,0.3049104842653385
p4457,1.0380760932484694,1.7176586254273172,1.3231884337228124,1.9332199116261506,0.9984288763984631,1.818151577212435,0.26393044854317615
p4458,1.0380760932484694,0.09745584934912799,0.6354271935400586,0.9875733481352922,0.694738112403605,0.43258437176399944,0.22422021496559985
p4459,1.0380760932484694,-0.38080739594916935,-1.4024885471754178,-1.5589620715694101,-0.9730782668721389,-2.0147584779502132,-0.279850414118906
p4460,0.498212141474798,0.06706846722053506,0.2554014183004707,0.24005024085228793,-0.20363093978459373,0.6032583342956246,-0.02195622376457429
p4461,0.498212141474798,0.6618708375071982,0.6328811973256556,1.2856249596631468,0.735944628434932,0.9647912340566867,1.1737538644815242
p4462,0.9986924646930083,0.12770850947591228,1.5270555917794404,0.3849028608977454,-0.6114946750382934,-0.12573500373284718,-0.329430742910338
p4463,0.498212141474798,0.06706846722053861,0.8423832031159328,1.4488765133685382,1.149128445000179,1.0118545904430416,0.8816078196347981
p4464,0.9986924646930083,1.5957680551868823,6.20042903503047,6.387814025577037,3.288166632002139,4.771428042000765,1.4079130801758417
p4466,0.5713555776579842,0.0,-0.4513770994614763,-0.35988630237858776,-0.6551141337463913,-1.203924628311368,-0.29714845103471177
p4467,0.6032956626353193,1.4906252898945773,1.3506605452996698,2.841996133340226,1.5693230449122062,2.0488151019082634,0.32703817378852484
p4468,0.6032956626353193,1.4639369232820574,0.6664558880971949,2.3030876485842082,1.2400465644590657,1.829662046182957,0.5751005399377611
p4469,0.498212141474798,-0.4068017764520704,0.00851862709580864,0.11546096942983697,0.030566292061409428,-0.008023851872137333,0.5271987450702049
p4471,0.498212141474798,-0.5520312926963111,0.5620020556034682,0.8946670734107462,0.6742394747030696,0.45062529387015904,0.3344010889978968
p4474,0.5713555776579842,0.0,-0.2564319402175368,-0.17497609500801714,-0.42260423305746503,-0.8427761223351783,-0.4151374155230467
p4477,1.0380760932484694,0.05073482508226057,-0.09571556355196087,0.7030919649369901,0.6822247947066026,-0.06829209852554174,0.06547877301700922
p4479,0.498212141474798,0.021341409569073377,-0.25013604839026016,-0.7210112018596901,-1.0178616932730038,-0.3328925755294732,-0.6427968930458903
p4481,1.0380760932484694,0.7873358136637734,1.3128821903980041,2.838002161943937,2.083285884391383,2.2824961059175606,0.9020445906337606
p4482,1.0380760932484694,0.8263124129284769,0.7169160228869353,2.257454496469487,1.9126625844931782,1.595537481695438,1.200204259556081
p4484,0.5713555776579842,-0.08973217304973957,0.02032217653847823,0.3641485689471316,0.09273945445030551,-0.4991392765693534,-0.2880275762921638
p4486,0.6032956626353193,0.7247914430769828,0.8613313194973262,1.5267191384057774,0.7228671436067751,1.2083133029812065,0.3260476181576628
p4487,0.9986924646930083,0.12770850947591583,-2.708334878791934,-3.112112209822997,-1.704037568557717,-1.8587190070841508,-1.1199933859893925
p4492,0.5713555776579842,0.24534821262288453,0.36698748544837656,1.2916053402117322,0.76970715028294,1.0011288254204087,0.08563981822479327
p4493,0.9986924646930083,0.12770850947591406,0.9371800979378673,1.2674586951106586,0.7889186047191589,1.2164207456399758,0.0853945854191327
p4495,0.6032956626353193,1.7865205738453893,-0.2900932260797262,1.482785933264624,0.8957787802765695,1.1419150666776263,0.37896931757538965
p4496,0.5713555776579842,0.274948256041867,0.6004596598579397,1.9028843968765667,1.2480283792766742,1.3019017361657192,0.9144999620911101
p4497,0.498212141474798,0.06706846722053683,0.09811685011178817,0.6643228262393995,0.6403640332203684,0.2404664456305864,0.5745517037599424
p4498,0.498212141474798,0.19625107270525355,0.3172541463818348,0.5326973518273195,0.21389746773727333,0.5121793795773814,0.43632614312086737
p4499,0.9986924646930083,-0.2335495067151534,-1.4157819405092145,-0.6609125266270749,-0.5377872791177783,-0.6758738144051418,-0.7162371100635063
p4500,1.0380760932484694,1.3220609882858003,2.3977430916769986,3.85194866414552,2.3380432344498425,3.327414642016731,0.6367518516691746
p4501,0.5713555776579842,-0.1543540266391199,0.4002391487058983,0.14636815962785465,-0.19560547244080456,0.2673184496023995,-0.733429359907884
p4502,1.0380760932484694,0.06987166666701583,0.3219757934172893,0.5922679265774284,0.5115683832855591,-0.17742214139202694,0.3858691822110085
p4503,0.6032956626353193,1.4639369232820725,0.06818951417518981,0.7102695453231676,0.41846991142575546,0.4348425735823631,0.6257196334041808
p4504,0.5713555776579842,-0.08973217304974312,0.5174756424822924,1.1176322243272274,0.5172140188264837,0.2967902167511644,0.7550719012510498
p4505,0.5713555776579842,0.3248548770329336,0.526407448061347,1.7517317615680754,1.3063710872706553,1.0527874903730408,0.5337688175195332
p4506,0.5713555776579842,0.05571730689988286,-0.20394066203219907,0.3148242501947225,0.19835656896669834,0.13847839210665205,0.08635371973069539
p4507,0.9986924646930083,1.8896472185200324,2.8183583520851343,3.0756627385415705,1.7147093072971242,2.510877110816335,0.7646683444244893
p4508,0.9986924646930083,0.12770850947591406,-0.7268275500098547,-0.17455240358792434,0.6337267338079439,0.42061534036987436,0.5448265658419142
p4509,0.9986924646930083,1.760911417501518,1.9898913088423456,2.739908933732583,1.641695395764756,2.0960296181710403,0.57778941770583
p4510,1.0380760932484694,-0.0650690310251516,-1.5366462396715317,-1.6008451499562533,-0.7223832717738108,-1.9298323598138212,0.04713609856338152
p4511,0.5713555776579842,-0.19781524777101822,-2.2504774811124193,0.8716744042783262,0.28962382013637955,0.2136818654986629,-0.6806751944636389
p4512,0.498212141474798,0.021341409569073377,0.11045416756718751,-0.17402007964658517,-0.42588530543309083,0.09729933466559704,-0.196478541906421
p4514,0.9986924646930083,0.27107915600543286,-0.22269041302418735,0.6703628477238268,0.3851218470858968,0.6255450254090624,-0.2276259827631062
p4515,0.9986924646930083,0.27107915600543464,4.033746944749311,4.534418330015513,2.3427664498244076,3.343914475051079,0.6397688596147706
p4518,0.498212141474798,-0.5520312926963111,-0.3724829448444602,-0.46671889034732084,-0.5295777114823255,-0.08441428060900918,0.37525394192243766
p4519,0.498212141474798,-0.4228486872115944,0.1778850805175214,0.7763106000147835,0.44583597506153977,0.44564586136985385,0.5985784132432723
p4521,0.6032956626353193,1.7621313628865671,1.0031255291975558,1.4732851665279105,0.7236178578505135,1.4831328364731409,-0.12352714293541212
p4522,0.5713555776579842,0.08160468751026251,-0.09006882248069203,0.2342519166292617,-0.06436608379314795,-0.4134563787473118,-0.047633930183035744
p4523,0.9986924646930083,0.09212876581437612,1.3936468309289776,0.5418213099016223,-0.5615462204496128,0.2825633531670353,-0.8276019217983066
p4524,0.6032956626353193,0.1885485141000114,1.1114005143951609,0.7825819231816584,0.4250339603275378,0.9081186118462309,-0.25763689621575203
p4526,0.5713555776579842,-0.2661830750223082,-0.9905514677952603,-0.7192589535128793,-0.7660379502046724,-1.79473853577497,-0.9574234413508087
p4527,0.5713555776579842,0.0,-0.8845934723789792,-0.5838297274732946,-0.6943273737003264,-1.2921691275562417,-0.2966597255990493
p4528,0.6032956626353193,1.6562946462556667,0.5016691442495613,1.191662827102484,0.5263003575086572,0.955569586774079,0.30781554090598107
p4529,0.9986924646930083,0.12770850947591228,-4.861279436808843,-5.808972813691548,-3.444656471466833,-4.215143223432918,-1.3200938324012892
p4531,0.498212141474798,0.021341409569073377,-0.19443881380320072,0.2632673394800807,0.2518076767175337,-0.2897327571930987,1.0895166503350584
p4532,0.5713555776579842,0.0,-1.429690514287234,-1.1837662553113437,-0.8994199416798898,-1.970994997045963,0.030902708316942196
p4533,0.5713555776579842,0.0,-0.8864218678924676,-0.6587061032450683,-0.5643621406087755,-1.044646942641091,-0.03411693334302335
p4535,0.6032956626353193,-0.0015894368806588233,1.1285046290952359,0.6881006400972219,0.3412177649642119,1.1421714498273527,-0.27880254412473526
p4536,1.0380760932484694,-0.20774144573693043,-2.471620420432597,-2.0783755664468773,-1.1245008239370475,-1.846355299690177,-0.44827514366095933
p4537,0.9986924646930083,0.23860387131786887,-2.5462110202176493,1.2496861306229665,1.187684514282474,0.44543738526133914,0.9320850673988179
p4539,0.498212141474798,0.06706846722053683,0.30768224056039983,-0.176653763102798,-0.29047697903064873,0.18383123847407518,-0.3957725002711854
p4541,0.5713555776579842,0.0,-0.5843586637645988,-0.4374140493444918,-0.24651914481677778,-0.8357696812354859,-0.6281875176910852
p4542,0.498212141474798,0.021341409569073377,0.28084141710855803,0.3996237397105531,0.03173564986566915,0.4069775761082679,0.08177770484773106
p4543,0.9986924646930083,0.12770850947590873,-1.5181375690850043,-1.515386313174539,-1.087931849188032,-1.403905342087505,-0.37963934209571093
p4545,0.498212141474798,1.2770478291561744,1.7936308296311942,3.17160131497274,2.191566983408762,2.8582411869916817,1.1914967604192608
p4546,0.5713555776579842,-0.06685275780506217,-0.017539924268801244,0.6819698149388217,0.4350252830063066,0.3293254363739629,-0.34812157160029145
p4547,0.9986924646930083,-0.037434852838728716,2.4530561436982072,2.214566183930883,0.6776061072593091,1.4264983694661986,0.24233468832554372
p4548,0.5713555776579842,-0.24408619968886258,-0.6364496538900628,-0.21055286374761661,-0.35116222182340423,-0.569721246274217,0.10764313180979634
p4550,1.0380760932484694,0.06987166666701672,0.22259969257162027,0.9492443063643243,0.6706099760025785,0.9620082094499546,0.08752989002882217
p4552,0.498212141474798,0.702578431913274,0.7442861755469181,2.0225379425188317,1.4712956200219522,1.3786028901435852,1.3915079352384616
p4553,1.0380760932484694,0.15041927114748432,0.5346033050339258,1.3232737262408394,1.262405319188018,0.01814399484572471,0.9343112832657123
p4554,0.9986924646930083,0.1277085094759105,-0.8814354866876712,-0.8100373666378414,-0.2779368959858953,-0.21085699318920226,-0.2817845132542569
p4557,0.498212141474798,-0.5520312926963111,0.4028642049067628,0.4289320125569523,0.18174962969807032,0.5960832069942572,0.504195154054468
p4558,0.498212141474798,0.06706846722053683,0.7825066598736168,1.1027520090845535,0.7201585744339334,0.8014730891913948,0.6008872377515946
p4559,1.0380760932484694,-0.07924086879928183,-0.5159451842403477,-0.30236096800376133,-0.24388424744288617,-0.8071446273777358,-0.22458618789686824
p4560,0.5713555776579842,-0.08598619938783081,0.55773410453968,0.8058713548793766,0.4387417023832416,0.46995543514260607,-0.10196919272073934
p4561,1.0380760932484694,1.3323217276540475,1.1144385804405061,1.4891674025148411,0.9009974323840412,1.3379747024110011,0.5080138414375472
p4562,0.6032956626353193,1.4639369232820627,0.801648305702793,1.6249628715894204,0.7735395779078864,1.3730888499633371,0.30536441030949923
p4563,0.498212141474798,0.5695681426445338,0.3788392544985939,0.46679140816119796,0.004874388178017719,0.5187984590888353,0.12552863665165326
p4564,0.498212141474798,0.06706846722053861,-0.11551359008721995,0.2027964387914245,-0.08224941031893812,0.13896492790015258,0.3917932401223183
p4565,1.0380760932484694,0.07359201430477746,0.4488635725725594,1.3291721090184492,0.9784685756625675,0.7765233883942778,0.5658956494289331
p4566,0.6032956626353193,0.2233808685147629,0.1426024826475576,1.3093923273567005,0.6944122813368356,1.174489929949443,0.04318287598286652
p4569,0.6032956626353193,0.1933926603022389,0.8265439201473104,1.6255654092874476,0.7199268247996979,1.4071380455459765,0.30126075875321234
p4571,1.0380760932484694,1.440307959679311,1.8484302556922731,3.54768908914554,2.371847192988866,3.514180325171548,1.1487718808421672
p4574,1.0380760932484694,0.02191869420983572,0.5063260766722575,0.8220211089883932,0.4395158797297239,0.7012372958465862,0.20647573286082554
p4575,0.6032956626353193,0.10170024368133213,0.9344696287702483,2.634453731562938,1.5852180677617878,2.3815393197769237,0.44546670504765196
p4576,0.6032956626353193,-0.0051006442579115685,-0.5266057780243862,-0.41882462899961115,-0.46452833150547035,-0.45965441619068553,-0.34386770938434275
p4577,0.9986924646930083,-0.037434852838728716,1.4069560454190846,-0.01946534110989251,-0.3277192401155037,-0.04941355833980221,-0.4910824462178258
p4579,1.0380760932484694,0.1504192711474861,0.7759610011617593,1.5208074192585452,1.16678042340616,1.1042614051841924,0.3647868560924188
p4581,0.9986924646930083,-0.037434852838728716,0.3271417393180869,0.950004718136475,1.335106115714134,0.9465081950028326,0.7458362787655606
p4582,0.6032956626353193,1.842951525714783,1.5544405084804565,3.4223616456340658,2.0332279521157206,3.012341268223491,0.6802860224279836
p4583,1.0380760932484694,-0.08772563278042966,0.027561544618469824,-0.6346029837991516,-0.30138529607878317,-1.0523065241582479,0.135032335081835
p4584,0.6032956626353193,0.11629227410522702,0.7974050535125343,1.1738545795094002,0.7293546043534667,1.3384596142348422,0.2379351373594485
p4585,1.0380760932484694,0.13772255031724612,0.3585363748667003,1.246101453503828,1.1337176484738212,0.9004305133814212,0.45905921093943647
p4586,0.498212141474798,0.9433057316660882,0.9744536395363692,1.6466522815075588,1.0119636735300963,1.379628872269681,0.8223161959466339
p4587,0.5713555776579842,0.17698038537159633,-0.17199308953820847,0.01598856745246291,-0.15019332206342173,-0.26183719377312686,-0.4202801904444531
p4588,1.0380760932484694,0.04060106987600598,-0.03448703358051297,0.3963420629628531,0.44333898296258856,0.3842486752720006,0.22203307952021767
p4589,0.6032956626353193,-0.0037633240312366922,-0.4836186407686025,-0.8815215659045017,-0.8995515725379297,-0.7583549560027367,-0.8381461824035021
p4590,0.498212141474798,0.702578431913274,1.344410891130945,2.387308287431527,1.6304094951330348,2.050598868273938,1.103620347144446
p4592,1.0380760932484694,0.112568613569481,0.35516968087157963,1.4373939158640534,0.7332265174658095,1.5764469809853356,-0.24232132730091926
p4593,1.0380760932484694,0.025580888334495455,0.3775894582771482,0.16342067420987338,-0.016468704823931368,0.00026871927785676597,-0.16536394106657326
p4594,0.9986924646930083,-0.14210370333060318,-2.594657482083914,-3.2148088703050313,-2.469220427475194,-3.3660400433730313,-1.6447863343914833
p4595,0.5713555776579842,0.6164195031569708,1.0011958935731222,2.242882833687559,1.420195014611686,1.7591332515885578,0.4598913916748266
p4597,0.498212141474798,0.6995280438032623,1.0248594915204006,1.899037348213816,1.2967063160730181,1.462826750261709,0.9941551816394139
p4598,0.5713555776579842,0.0,-0.4783431984743167,-0.25896394306310566,-0.35041471873592817,-0.6488339728935718,-0.37955586521719553
p4599,0.498212141474798,-0.09747960513611709,-1.3342858224393783,-1.5397536636332991,-1.588230129855976,-1.4535473623797355,-0.3506888027153341
p4601,0.498212141474798,0.06706846722053506,0.7119481059883856,1.077141031798251,0.5082172490416157,1.1201496718949997,0.26876248503318223
p4602,0.9986924646930083,2.1929855928522493,6.015094048595948,6.517612746897104,3.5384226401857535,4.47843752848872,1.5865168136800865
p4603,0.9986924646930083,0.867592527279351,0.6709467253703068,3.4880498049544144,1.8439316467370537,2.144489597685631,0.7854550525210362
p4605,0.6032956626353193,-0.0066006229823596385,-0.24704810315671466,0.3654448146708378,0.390176666558129,0.23189442243368236,0.16793976984113534
p4606,0.5713555776579842,-0.05729002354844148,0.15382575908575902,0.833458727347064,0.48299277281731046,0.3217054205901967,0.28188064909018173
p4607,0.9986924646930083,0.23860387131787064,0.5366563916566882,1.6206083123593809,1.3367777979518152,1.392906384175498,0.7143135540161918
p4608,0.498212141474798,0.021341409569073377,-0.12510986512336508,-0.6958047188811967,-0.9224845425033716,-0.26506502146066374,-0.021405884707585088
p4609,0.5713555776579842,0.0683678272512882,-1.451696908651721,-0.44948611712104003,-0.47946073920509774,-1.0631084701674023,0.4311442147719795
p4612,0.498212141474798,0.06706846722053683,0.06831460437664738,0.40594766713869995,0.03374129753839339,0.30539694839602916,0.2525634080899728
p4614,0.6032956626353193,0.1354873657413993,0.8160621833631172,2.076857113716546,1.22347164664664,1.6220272973264467,0.6231473506111023
p4615,0.498212141474798,-0.6853256772942888,-0.5856167377875128,0.14061262873691205,-0.028254111042651464,-0.15101117980742113,0.2908464479954862
p4616,0.5713555776579842,-0.06685275780506217,0.7858728662403607,0.7836542741256318,0.21623467250257977,0.22026728679942645,-0.25030497815858865
p4618,0.5713555776579842,0.0,-0.6470123163157435,-0.20172643452847128,-0.20088520932453258,-0.26561159652565236,-0.4763988329749722
p4620,0.9986924646930083,0.9943144699928723,5.243063596189819,5.193923946439218,3.2634274680807143,3.996834932596755,1.4064805261235396
p4621,0.5713555776579842,0.4330482563429072,0.05770014866554796,1.3658014782797314,1.018549887196445,0.9270956853749914,0.27938094256928636
p4622,0.498212141474798,-0.7644887793303301,-0.7076927661663515,-0.8602268240942308,-0.8838390951046993,-0.9435279489799031,0.011348038841584085
p4623,1.0380760932484694,0.15041927114748255,1.2829593222252598,2.3811486697922684,1.6196799820181433,1.261586524294286,0.6751395892926411
p4624,0.498212141474798,0.06706846722053328,-0.07216760295568392,0.5362822295164804,0.2792897162791722,0.2682192896226188,0.6549450450656487
p4627,0.5713555776579842,0.17133686056000386,1.3312846708881416,2.432543392098882,1.7212933410008675,1.9220244871351908,0.14346208360350765
p4628,1.0380760932484694,-0.013395710930208082,-1.0104922747232603,-0.2096316747842073,-0.16005547391557073,-0.13001454972478443,-0.4095652078004548
p4631,1.0380760932484694,0.1500721136731169,0.10877894697793522,1.4734306625186329,0.8577805353031789,1.5490543493498403,-0.07907742160646691
p4632,0.9986924646930083,0.41675514376840894,-3.03081607261357,-3.5763008769099685,-2.381761815061008,-2.9221959068299963,-0.9849797971534553
p4633,1.0380760932484694,0.02558088833449368,-0.1316538789149373,-0.5026579070712898,-0.674857657536537,-0.35831486924451816,-0.5263043711227784
p4634,0.498212141474798,0.021341409569073377,-0.27045532735898803,0.34028838801818734,0.2857084057530632,-0.5491576249318886,0.9411877174460024
p4635,1.0380760932484694,0.13772255031724612,0.7713402818958848,2.085170625086535,1.2253226156150556,1.9207393652622045,0.14712124727278209
p4637,0.498212141474798,0.587983349535163,1.144648667992131,2.6502480367114374,1.9200654349723345,1.8626386104469979,1.4129932350491394
p4638,0.498212141474798,0.06909132067719703,-0.4122123355296896,-0.8144727982240891,-0.7466515225058876,-1.0139532952054777,0.11168270374904488
p4639,0.498212141474798,0.021341409569073377,-1.3474492468138948,-1.8446178974174283,-1.8205894970214205,-1.3850725450498942,-0.6766033673715359
p4640,0.6032956626353193,-0.10884507118966624,-1.3449540647784666,-1.4570208181944955,-1.1082434603634408,-1.2646521089043283,-0.6397694620648835
p4641,0.6032956626353193,2.7443328235542293,0.9394825374366089,1.0273867253153623,0.24903485495175204,0.8930108743726533,0.05197489893366303
p4642,0.5713555776579842,0.06836782725128998,-0.08080442740163107,0.5766278472702867,0.5292957676925969,0.4018878340083012,-0.09235913868543832
p4644,0.9986924646930083,-0.23354950671515695,1.4739034277556033,2.4696087430491818,1.0459567705292119,1.4520495582945498,0.05706582844803343
p4646,0.6032956626353193,-0.10884507118966624,-0.660707687769639,-0.43540284984116395,-0.3671017004507613,-0.6687087268345335,-0.14446152878709917
p4647,0.498212141474798,0.5696800905256199,1.468466551323722,2.62729140237169,1.8228011319353277,1.7911246620142292,1.3776066969993153
p4650,0.498212141474798,0.06706846722053683,0.5173511284261103,0.8797270362900964,0.38820959778711,0.7104498148154756,0.5081635630718786
p4651,0.6032956626353193,-0.22222143995858978,0.20615252956049623,0.8815694269110896,0.5671494154907342,1.0388623614253043,-0.20154184187518354
p4653,0.6032956626353193,-0.0066006229823596385,-0.5924857335012561,0.2712610036710829,0.1722571658272226,-0.0720179071511276,0.4315881386609455
p4655,0.9986924646930083,-0.23354950671515518,-1.671106606106104,-1.7502730459937892,-0.9700356298894252,-1.4248346238377922,-0.41680542234615814
p4657,0.9986924646930083,0.0006829624298241299,-0.43160796486044717,-0.272377553366432,-0.6592107916770246,-0.86433628810433,-0.7366446895837626
p4658,0.9986924646930083,-0.23354950671515518,-2.215130626584923,-2.5159226929509453,-1.7314027262560119,-1.979444630181674,-0.9858517964004427
p4659,0.498212141474798,0.06706846722053683,-0.5634162209707885,-0.5752334294465833,-0.5038278908076781,-0.6941816769651448,0.15414056156635958
p4660,0.6032956626353193,-0.200422582718236,-1.2850709702457372,-1.137765173620927,-0.766562646482112,-1.1638537924776888,-0.46479438001376217
p4662,0.5713555776579842,-0.14209794087113714,0.2719952278149176,1.201785740615509,0.5288022172713747,0.7910048447627127,0.3388993587074838
p4663,0.498212141474798,0.06706846722053683,-0.22462975082591896,-0.3500201884444494,-0.5240443913007982,-0.1648176620782194,-0.17766475534965664
p4665,0.9986924646930083,2.211439471873298,3.1014830038717935,2.109286545517125,0.9127359744445966,2.3287493415561675,-0.07474915426198336
p4667,0.6032956626353193,-0.005100644257908016,0.479031438366297,1.4115280677725517,0.7939295785680214,1.0029203445654138,0.3158376544428325
p4669,0.498212141474798,0.06706846722053861,0.4979066442801514,0.2896373252764034,0.0167677452330115,0.3615438915268638,-0.05406170858571002
p4670,0.9986924646930083,1.4523974086573705,1.590839683289035,1.354774069924476,0.7034849928640294,0.9162955525509342,0.3333126216528832
p4671,0.498212141474798,0.021341409569073377,-0.09915098145095058,-0.24355663056751498,-0.4012876403991034,-0.36085664633695885,-0.037893612815457445
p4672,0.6032956626353193,-0.09534083555980644,-0.8220539999796195,-1.939434069031827,-1.5223024304552222,-1.6599932150262027,-0.9439011567634292
p4673,0.9986924646930083,0.4362225183200721,2.5043670960009674,3.867326297566094,2.2571509613764635,3.0112323520416227,1.1057493600970272
p4674,0.6032956626353193,1.8429515257147804,0.8272239824883467,2.6136888438529606,1.5382464541140093,2.0480351019185474,0.6461904783033372
p4677,0.9986924646930083,-0.1810576477455088,-1.802485867267702,0.8968008140414871,0.8534033169499453,0.2987770375238818,0.47714099094243423
p4678,0.6032956626353193,0.19339266030223712,-0.6126030290997804,-1.4997300803896552,-1.3901834767032206,-1.2925363900515465,-1.0201359800180665
p4679,0.498212141474798,0.06706846722053683,0.14320444500173934,0.5126741716152237,0.06539704427793766,0.44162120195851673,0.1562706075596818
p4680,1.0380760932484694,0.18939587041218786,1.5100309360895192,2.5141980921126543,1.511944742490353,2.025618171524688,0.5072223870537957
p4684,0.9986924646930083,2.8086570095386634,2.075716419398864,1.1188671875462408,0.6437508610011213,1.8345978059104588,0.018441568245725293
p4685,0.9986924646930083,0.0006829624298241299,-4.272342308324401,-5.46502187123377,-3.233602941300941,-4.381818164468913,-1.480797338743077
p4686,1.0380760932484694,0.112568613569481,1.0182932940347413,1.0017950421844048,0.26854662478528957,1.2892273524105309,-0.2874659915759761
p4687,1.0380760932484694,0.06089529347453926,1.1043326521822916,1.4659627261588624,0.848353751986401,0.9844362054199896,0.32406769787773904
p4688,0.498212141474798,0.1505240150537901,0.5820864381463728,1.250819885270892,0.6684358853644994,1.4625408640155309,0.5935369847875673
p4690,0.9986924646930083,-0.037434852838728716,0.8405225694798375,0.24365558491145933,0.5108799128093796,0.4055388027858876,0.24635772494068497
p4692,0.9986924646930083,0.0006829624298241299,-1.4937696525892274,-1.6686887788945715,-0.8184272354417946,-1.140987866751345,-0.19750926973273764
p4694,0.9986924646930083,1.7542611161965187,2.4473587820108094,4.344738559594366,2.647386375534609,3.318687442270991,1.2557452663571667
p4695,0.6032956626353193,1.656294646255665,1.602482292228931,2.5013723693928545,1.3497924386169209,2.3520440551487383,0.2326911303836674
p4696,0.498212141474798,0.8742996375559251,0.9658515842808413,1.4362699942501527,0.7943738120052308,1.6977689042326742,0.7328559050510606
p4697,0.498212141474798,0.021341409569073377,-0.34650131364455383,0.3756246940431308,-0.06404053010422983,0.1865078573857197,0.013444796050315233
p4699,0.498212141474798,0.021341409569073377,0.08752788670846989,-1.5614820538867775,-1.7377907346088328,-0.9212599667272148,-0.6586505885314242
p4700,0.5713555776579842,0.06836782725128998,0.9662199294110394,1.6298010261754505,1.0155504186972952,1.1566990638986436,-0.05220663688260885
p4702,0.498212141474798,0.06706846722053683,0.24355469995579426,1.014757111923164,0.7591272248821517,1.1149065528147972,0.7669129055507735
p4704,1.0380760932484694,0.18939587041218786,1.5755658963957373,2.4525046382304305,1.3893212342706565,2.3605603198251974,0.21597317741516697
p4705,0.498212141474798,-0.4068017764520704,-0.46166597846242396,-0.0749974853410913,-0.15876896912389565,-0.4300258107687452,0.4010691634419601
p4706,0.5713555776579842,0.0,-1.2543243393147652,-1.0671685911783821,-1.0163753623541012,-1.2282279057895058,-0.690414410210769
p4707,0.5713555776579842,0.4534499786368489,1.5075095290197567,2.9602488517752628,2.106659246963671,2.733645305601786,0.8013483763872973
p4708,0.498212141474798,0.5879833495351603,0.5829704649650242,1.7844191914321437,1.2964582591289773,1.4434145399054965,1.2612086325356557
p4709,0.6032956626353193,2.2469826819501897,1.7804529684685377,3.5835966381015503,1.993358832181421,2.5991572060365193,0.6663809182975164
p4710,0.9986924646930083,0.43622251832007386,3.147056344639518,2.742079013299399,1.3404548748161993,2.0179581963692708,0.006601472236813066
p4713,0.5713555776579842,0.3248548770329336,1.552478712189986,2.627023487660778,1.9369863810463064,2.090086513835624,0.5491262794066838
p4714,0.6032956626353193,-0.09534083555980644,-1.261737303089678,-3.1285975415799854,-2.1421300912141144,-2.645513321746358,-0.9558431431904868
p4715,0.498212141474798,0.06706846722053683,0.9142314759170667,1.0867150304564306,0.7296875276042822,0.9447771052112721,0.7503105571318169
p4717,0.6032956626353193,1.0739714777460492,0.6726230650801597,1.3638213270618367,0.5430337126908835,1.1887045086355235,-0.1336425548582465
p4718,1.0380760932484694,-0.20774144573693043,-0.6228468323362044,-0.4395859188556699,-0.48345304757972096,-0.6422515200877088,-0.3316058660246721
p4719,0.9986924646930083,0.5324830346510225,0.39241961987638163,0.5843594495912846,0.5959329658589037,0.6343834632784376,0.47636304305181376
p4723,0.6032956626353193,0.10549915752887529,-0.47780730524035775,-0.4706687803373024,-0.534614886979516,-0.35323617389012457,-0.42952426040180924
p4724,0.498212141474798,0.7734155317752922,1.4100183335167742,2.22302780058517,1.4555402396941168,2.082368316469354,0.843938324537536
p4725,1.0380760932484694,0.15007211367311868,0.8314783773465599,2.084102630428351,1.2458374037920255,1.7808769546110002,0.17706235743232668
p4726,0.498212141474798,0.5879833495351683,0.2341046944716183,1.2372886569955022,0.8511284026461501,1.0309908279885058,0.9778637098127252
p4727,0.5713555776579842,0.1769803853715981,-0.1961427985453419,0.3857081708467944,0.30535871024792527,0.13072106955988377,0.0016625395553599986
p4728,0.9986924646930083,2.211439471873298,2.7202919165535153,3.098855686724023,1.2352491086447979,2.4273906030710877,0.6670226260315566
p4729,0.6032956626353193,1.3581002066511587,1.0004320533718865,1.776768227608989,1.1425943532306337,1.6855976781400217,0.5839164758051609
p4730,0.9986924646930083,1.7542611161965196,3.981018819914696,5.580381114861398,3.7750562728683277,4.741596286686678,1.531731119164645
p4731,1.0380760932484694,-0.24055851588449073,-0.12926949844182367,-2.4677854505448598,-2.2734681146170725,-3.2372841751748616,-1.0471161569219536
p4732,0.9986924646930083,0.5324830346510208,1.53604819559418,1.5924556505798928,1.0647757935864743,1.2669586104624924,0.28427971643629846
p4733,0.498212141474798,0.5695681426445347,0.4785750701517557,1.1538955720122401,0.6984983850349955,0.8789497765024299,0.8445324945537518
p4734,0.9986924646930083,0.8675925272793386,-3.1480240607383427,-1.1480196855615747,-0.3659963266182831,-0.7689637687634573,-0.30473554699824135
p4735,0.498212141474798,0.5879833495351647,0.7314131917429663,1.8609023225215406,1.441180592433502,1.6025778579161707,1.366591574609143
p4736,0.6032956626353193,1.3581002066511605,0.9814159266496176,2.8566774940146624,1.7353678774305852,2.393083260676053,1.1374877782777455
p4738,1.0380760932484694,-0.002003294347616702,-0.9204074058758671,-0.624895845961448,-0.46321337751160097,-0.5215097415829437,-0.44573331824457085
p4740,1.0380760932484694,1.2914870992923726,0.9396178028285469,1.289544672356137,0.6835245539544794,0.7792814481513315,0.3811645277408555
p4742,0.6032956626353193,-0.09534083555980644,-0.09894507887550041,-0.4753694322148747,-0.2763632947395126,-0.47618956094410675,-0.11026026268377365
p4743,1.0380760932484694,0.13772255031724612,1.0848479374681386,2.2626428949909227,1.6474509543590858,1.8493747805805376,0.759856256708666
p4744,0.5713555776579842,0.0,-0.28168769852665676,-0.40564501486043414,-0.403866310703103,-0.32209255018360794,-0.6933523332079226
p4745,0.9986924646930083,2.1929855928522457,3.007548192777783,2.550173277992775,1.4457125064639293,2.103127437519043,0.7490090637469304
p4747,0.9986924646930083,-0.23354950671515518,-1.0915642107884533,0.479495533295751,0.33651318634556276,0.35197613939024297,0.14210384051568425
p4748,0.498212141474798,0.021341409569073377,0.9752160612254155,1.7955642927731663,0.9857968104401242,1.6095623518574669,0.5402290786101371
p4749,0.6032956626353193,0.19339266030224067,-0.5989332073832454,-1.213527721093369,-1.0710984944690543,-1.1897507829095515,-0.2971150342166151
p4750,0.5713555776579842,0.018880385070567662,0.744100532046506,1.585952672077582,0.9298123883682123,1.3165512245941722,0.2637200765206611
p4751,0.9986924646930083,-0.23354950671515695,-2.200399781313889,0.3745040688952208,0.2548213980768593,0.23022842161277068,0.235857818375381
p4752,0.9986924646930083,2.493492699389499,4.040346876721298,3.84861139985554,2.250129495563062,3.117707862544196,0.816043063165468
p4753,0.498212141474798,-0.5520312926963111,-1.3508090960201944,-0.4168800619599401,-0.23809333624128515,-0.8268597263530544,0.4170764775544633
p4754,0.5713555776579842,0.7021526460326015,0.6048537717973073,1.7655190972521055,1.1501221496815381,1.4613192518102684,-0.028852793625707918
p4756,0.5713555776579842,-0.03249352892648183,0.5796824649382,2.216730218666834,1.6762912881125653,1.789834274802825,1.124015287787655
p4757,0.9986924646930083,1.760911417501525,4.419531654917989,5.324097200350735,2.9538896439135396,4.273931405230456,0.9961620439642047
p4758,0.9986924646930083,1.8896472185200484,2.92217020636763,3.842977946126697,2.2881850571074867,3.186181919739726,0.7512738348699308
p4759,1.0380760932484694,0.07359201430477746,0.9326931395785305,1.697005402800196,0.7475848328465551,1.1610871210909768,-0.0065726865624515796
p4762,0.5713555776579842,-0.15810000030102955,-0.5730352539966663,-0.1867994966618799,-0.374650204430281,-0.6172495333334438,-0.25425610761111805
p4763,0.6032956626353193,0.4121051456308127,-0.3321228026065164,0.14920453807236844,0.05191975539241189,0.09955527218248122,0.09663434673136173
p4764,0.9986924646930083,0.40374723363251963,1.6186665691684912,1.8925036093168761,1.0687207681613884,1.132550536209918,0.4059983857117082
p4765,0.5713555776579842,-0.08492258112536533,0.9989360578094768,2.0416953099299247,1.6396349109261974,1.5312768340090521,0.4091288152518828
p4766,0.6032956626353193,0.905236683633099,0.2558663718380867,0.802086840501987,0.36606902925367213,0.6151709403936398,-0.34006161213832264
p4768,0.6032956626353193,1.7529400972092706,0.856730932094564,2.695480690432124,1.524758650868773,2.349808465758809,0.46951289306448984
p4769,1.0380760932484694,0.8832804447451128,2.085096518195055,2.8364617603488167,1.5798110263076157,2.209048911781988,0.7074199677221866
p4770,0.498212141474798,0.7734155317752922,1.2306695340196683,2.002379566753145,1.1741357769654148,1.5962259382180688,0.7903260277776241
p4771,0.5713555776579842,0.0046829785860520445,1.680721439800875,3.2190498364760733,2.3903769109342203,2.2578226163440887,1.2233496728013886
p4773,0.9986924646930083,-0.14210370333060496,-3.3822481139454332,-3.8404655521015325,-2.6449691008646976,-3.129648623227976,-1.527298261829479
p4775,0.498212141474798,0.021341409569073377,-0.5750001671345064,-0.8383710301128073,-1.0139272458548558,-0.29066167611574617,-0.3290183998737888
p4776,0.6032956626353193,0.8976380985463592,0.393524389616017,0.3177958529128019,0.3038868890839638,0.4753368257163854,0.3706467689822954
p4777,1.0380760932484694,0.13772255031724612,0.5158882955538555,1.5069897424997212,1.2316995141060743,1.103163325587689,0.7479893219915681
p4779,0.498212141474798,0.1505240150537901,-0.1568147177343029,-0.06961618818083193,-0.5482287865612421,0.02311602762273468,-0.011406213415449784
p4780,0.9986924646930083,1.5957680551868831,3.4946961078165097,3.4610966535496166,2.2342428194801536,2.762721102901039,0.7689227230552227
p4781,0.6032956626353193,-0.200422582718236,-0.9479911452079044,-1.7970219052680754,-1.490030191346617,-1.4909288662604236,-1.0826418337810875
p4782,0.9986924646930083,0.12770850947591406,-1.8526003106145748,-0.9732497509537074,-0.45344121582287233,-0.6765317020980582,-0.007126233385552183
p4783,0.6032956626353193,0.8835124473298954,-0.5770503736218888,-0.5633969530574752,-0.6453845369726865,-0.829214126491012,-0.41156298825100635
p4784,1.0380760932484694,-0.12978075595053618,-1.186054274181588,0.18897136535952996,0.4655547451509665,-0.5435795463888213,0.01136176224604668
p4785,0.6032956626353193,-0.20018992997890628,0.45756045284962177,0.684722530571148,0.3953752503364647,0.6000733596977972,0.17065365912016617
p4787,1.0380760932484694,-0.45763465279187443,-0.900687673929708,-1.5950805829642922,-1.273460118779311,-2.2841623255181243,-0.5146347791174897
p4788,0.498212141474798,-0.5520312926963111,0.5520174083139242,1.1375591992636205,0.781342909228874,0.9111767383153908,0.689684538271413
p4789,1.0380760932484694,0.02191869420983661,0.6525528664149522,1.095350744820964,0.5771419394473549,0.30720557853956126,0.17703485245345263
p4790,0.6032956626353193,-0.10884507118966624,-0.21167620155438804,-0.9620651298264866,-0.7636416841063085,-0.8126617551222939,-0.18675788624215173
p4791,0.9986924646930083,0.12770850947590873,-1.8563362124555614,-3.356099147334101,-2.0720075428491382,-1.2251614331334997,-1.7037447330786204
p4792,0.5713555776579842,0.06836782725128732,-0.28386078662738257,0.45344465130322836,0.2607095961032111,-0.33974154011946756,0.2898760543685537
p4793,0.498212141474798,0.06706846722053683,-0.22792721115898473,-0.7134103086591699,-0.8370472887579898,-0.396142744994365,-0.045307229622808975
p4796,1.0380760932484694,1.5238018616028741,1.4220278811178488,2.2726783397627504,1.567945635720392,1.791682310056,1.0365112309110938
p4797,0.6032956626353193,1.3568483288725286,1.017198773264612,1.3930679889863193,0.8228179443872204,1.2744795301892309,0.03652377210325852
p4798,0.5713555776579842,0.06836782725128643,1.1141035186774193,2.093744268616769,1.498279163275974,1.3629769084809449,0.4776483031281078
p4800,0.5713555776579842,-0.15810000030102955,-1.0301425305883285,-2.311691518945584,-2.4802331417471977,-2.4470798412334513,-1.8743722826938
p4801,0.498212141474798,0.06706846722053683,-0.5264226593801258,-0.8277688375602605,-0.8585913717052365,-0.41864938891595155,-0.40724085972671276
p4802,0.498212141474798,0.06706846722053683,0.03593288314796084,0.6678111087555606,0.16321252917542056,0.48884648355444926,0.5299704443336779
p4803,0.9986924646930083,0.0006829624298241299,-2.093850305716783,-1.2417513729779142,-0.7703814512072212,-1.4650243698030407,0.047625417887411814
p4804,1.0380760932484694,0.07359201430477746,0.620513575848264,1.8181981424380174,1.1086352351107223,1.3020840275776062,0.2159474940494679
p4805,0.6032956626353193,-0.07885686297714223,0.03261519071009644,0.5134374540223237,0.34570416229244516,0.6274680179134142,0.3081134893854145
p4806,0.6032956626353193,-0.200422582718236,-0.755928094809935,-1.7404050879891713,-1.0819449591754682,-1.3118595954273937,-0.4163853964974322
p4807,1.0380760932484694,0.13772255031724612,-0.4807646574977067,-0.4968056267575416,0.08985130563549548,-0.6110091434061713,0.21471967129091496
p4808,1.0380760932484694,1.63926890286894,2.2868156900182735,3.64462702187898,2.3172049768429166,3.007527226688033,1.0505646676295157
p4809,0.6032956626353193,1.46393692328206,0.75153449191167,3.1232713440974758,1.7338344519555557,2.335824822678741,0.9047682173133635
p4810,0.9986924646930083,0.12770850947591228,2.4205881202541573,2.9591206251062685,1.997081916502475,2.4941348844583078,1.0535959989694899
p4811,0.6032956626353193,1.915207765709571,1.2962461312043008,3.3171374511420915,1.8303624018544493,2.489240763477372,0.9742116343081033
p4812,0.498212141474798,0.06706846722053683,-0.31623527351212566,0.9930285509090762,0.6153224992833195,0.7455623618753007,0.6119607996862388
p4813,0.5713555776579842,0.0909941859837673,-0.1464021270441549,0.6070561352647517,0.28070160237980774,0.4406429659399127,0.3081449802452898
p4814,0.5713555776579842,0.05571730689988286,-1.197774853078986,-0.4559967307288588,-0.4434794432553271,-0.41373723880847935,-0.32878979707172995
p4815,0.6032956626353193,0.9121299563880232,0.7185948767054917,0.3092682165655263,0.14715358843773896,0.43768252257610535,0.25825980391995884
p4816,0.498212141474798,0.5879833495351683,0.6516166644540782,1.1938219216840307,0.6873747015624623,0.9885314214065615,0.856933305948397
p4817,1.0380760932484694,0.18939587041218608,0.7622470110878616,1.4684560205380808,1.231583992987463,0.9665292371589939,0.5260706001699429
p4818,0.498212141474798,0.19502336626452355,0.5889207301544293,1.2722876013348818,0.8931371137164017,0.9615023778695102,0.9304575798897758
p4820,0.6032956626353193,2.3192389219449723,1.7587980419412332,2.7761986033846053,1.4921797267456796,2.6407325053514605,0.5039443577267821
p4821,0.498212141474798,0.6618708375072009,0.48665908803390323,1.7004095513844422,1.1156354966387612,1.7689931642504437,0.976636213590039
p4822,0.9986924646930083,2.6520081185000564,2.4235021240827077,3.986246283050055,2.4390460276531005,3.3210588463207316,0.8967022226416965
p4824,0.5713555776579842,0.01888038507056855,-0.8015212733069621,-1.0915113265317067,-1.3153619324278734,-0.8020954106813453,-1.2666456607308128
p4825,0.9986924646930083,-0.6188063305101288,-3.650517800354679,-5.90337301339744,-4.1099808392755826,-4.03947276089471,-2.408765895171296
p4826,0.9986924646930083,1.5957680551868858,3.02178048040392,4.220841934282952,2.3832324580922295,3.099584036395473,1.223969580633593
p4827,0.9986924646930083,-0.037434852838728716,1.7804627623325384,0.5739377849952296,0.7089391599480958,0.6303469343633359,-0.5856231831070922
p4828,1.0380760932484694,-0.006955590175691029,0.49155229671984735,0.4603960130076644,0.32999915807349484,0.5027879640990339,0.1688409961544277
p4829,0.5713555776579842,-0.15810000030102955,-0.7957676158347713,-0.7926266509651954,-0.7689403399862653,-0.8739260099087965,-1.077805149528528
p4830,1.0380760932484694,1.3588064112734681,1.0432391303958823,2.4897556052915135,1.7776196301304568,1.6927668108932872,0.8309821518407787
p4831,0.6032956626353193,0.8976380985463592,0.914907945121243,1.743803206176231,1.1348608151780195,1.7172064243974314,0.9752117782356002
p4832,1.0380760932484694,0.02191869420983572,1.0763919279963972,1.9274342215022116,1.2928187933130233,1.4093281821604804,0.6463087679353325
p4833,0.6032956626353193,-0.10884507118966624,-0.8376766201175698,-0.210073747755811,-0.357612201095983,-0.522793864310175,-0.17962906006247437
p4834,1.0380760932484694,0.8998909632143359,0.7585324177982109,1.6158201786051192,1.2786730738479508,1.3869875220646337,0.8220572201318106
p4835,1.0380760932484694,-0.10682505148139398,-2.7614619458162686,-2.603859846308762,-1.4051855105663882,-2.727846273502047,-0.48944591377689406
p4837,0.498212141474798,0.021341409569073377,0.239401239196253,0.6227575084625058,0.08979607442642856,0.3456232121508822,0.6805694044327097
p4839,0.498212141474798,-0.5520312926963111,-1.3562145187335908,-1.7088053045539628,-1.5571780321652486,-1.507533879080607,-0.5451624680328617
p4841,0.9986924646930083,2.516622016176523,6.0176038589352965,6.402137845096066,3.453316562251217,4.5823642975637915,1.1338048188382253
p4842,0.9986924646930083,-0.14210370333060496,-2.993449374030904,-4.477058966814607,-3.686556674507412,-3.850050427187149,-2.4627632462780014
p4843,0.498212141474798,-0.09747960513611709,-0.7442436100110381,-0.13138630679785357,-0.10213863971017312,-0.45269759008317684,0.5035110520379451
p4844,0.9986924646930083,2.4868647561853994,5.464489366497416,6.554250334396114,3.9717053285820265,5.345768787127568,1.6355880825261835
p4845,0.498212141474798,0.06706846722053683,0.444434605502094,0.6243840051606271,0.4711724897916755,0.20595001138219218,0.8134083405904864
p4847,0.9986924646930083,0.12770850947591228,1.2879030156145266,0.5428113683845642,0.22087179681887759,0.46422274538188246,-0.296569733084187
p4850,0.6032956626353193,1.296688425066364,1.490174054761015,2.8507389142389394,1.8160790777029614,2.598664075415589,0.416257568448275
p4851,0.9986924646930083,0.12770850947591228,-2.4205696164822434,-2.71633378658917,-1.4423532024474421,-2.2985731518754124,-0.4149126445001041
p4852,0.6032956626353193,-0.200422582718236,-1.006300384843371,-1.5983094137309457,-1.5092538511632538,-1.7333380073404396,-1.0995937628639556
p4853,0.6032956626353193,0.1539280760016144,-1.4893783490602388,-2.070491541599643,-1.0508503769097624,-1.499455715333559,0.05029216111613266
p4854,1.0380760932484694,-0.046064909130032916,-0.22719580173141196,-0.8190554881000545,-0.28730620196460754,-0.6401311326920476,-0.051359926699916514
p4855,0.5713555776579842,0.0,-0.22407468624137827,0.10555750378122303,-0.10561048724478223,-0.5206552187300336,-0.23513862292892895
p4856,0.498212141474798,0.021341409569073377,0.36830347626850113,1.2643868093968595,0.859953090204981,0.8692249407126275,0.8730486783679368
p4857,0.5713555776579842,-0.15283895719289475,-1.2068391155217721,-0.854615786672821,-0.9068405904756094,-1.0296388342889322,-0.3548075344928847
p4858,0.9986924646930083,-0.037434852838728716,-0.375769801531618,-0.15773301001162554,0.1936261588626556,0.14276534261450635,0.12291423279248015
p4861,0.9986924646930083,-0.23354950671515162,-1.093386215388831,0.8269068540454894,0.7128854755932025,0.37250073982714293,0.8463568088866129
p4865,1.0380760932484694,0.025580888334495455,0.24784314725159362,1.3905266674580623,0.7986104160533799,0.9739844898677469,0.05284810844229426
p4866,0.9986924646930083,0.12770850947591406,-4.4801556560993525,-4.555402280559623,-2.5153738310854594,-3.171423147224653,-1.0303025668069914
p4867,0.5713555776579842,0.02262635873247909,-1.2394994127108543,-1.60794173659617,-1.327915196826542,-1.3603620706503845,-1.1811471897560768
p4868,0.9986924646930083,-0.037434852838728716,0.7247589590169277,0.9450176499433934,0.5776293539440066,0.8238917002969028,-0.027644208090668698
p4869,0.5713555776579842,0.0683678272512882,-0.3960142951056316,-0.21376220680867064,-0.28217489276530844,-0.6920354588642936,0.12028033645981573
p4870,0.6032956626353193,1.3581002066511587,0.23458959946632518,1.3127292516860352,0.7569023040231089,0.8613303101383232,0.6192191574700505
p4871,0.9986924646930083,2.0547905808346716,2.8834733081797648,2.6324644155427155,1.2937696556405132,1.6988654534378966,0.42725846433843806
p4872,0.6032956626353193,-0.0037633240312366922,0.15554679764453105,0.4038334829727356,0.2988260914220808,0.6164620629532771,0.06476816775879257
p4874,0.498212141474798,-0.5520312926963111,-0.3635326980597924,0.022632187003055748,-0.27103865698329926,0.04797306757534853,-0.22239348675294401
p4875,1.0380760932484694,0.1504192711474861,0.12805429620098607,1.442782710218274,1.0813837434255522,0.8795127943203203,0.3160623676239158
p4876,0.498212141474798,0.06706846722053506,0.5964710839135101,0.9268527014471886,0.583264110678845,0.715615333220561,0.5655646458358277
p4878,1.0380760932484694,0.367455487569476,1.3029952188979799,2.4273690061814266,1.6202986416263783,1.4930826530200818,0.7639981509207256
p4879,0.6032956626353193,2.1411459653192857,1.2835305884321944,2.9212366238193086,1.6093838717326925,2.3594542466156327,0.9273256037708268
p4880,0.498212141474798,0.5879833495351683,0.31064124328161213,1.2536472660738198,1.102246695613985,0.5973495267901491,1.426459445944456
p4882,0.5713555776579842,0.11012762756653593,-0.916230107810355,-0.871545381502316,-0.726603298338341,-0.9462012640099856,-0.7622909853318554
p4883,0.498212141474798,-0.7644887793303301,-1.2770566450856737,-1.3595820451397977,-1.3465840571317735,-1.2870450477487863,-0.3596386167777741
p4884,0.5713555776579842,0.2481517086311431,0.8251644436286938,1.63236164467476,1.17159969260678,1.0640062770093683,0.3410889989028174
p4885,0.498212141474798,0.06706846722053683,0.08628865456356039,0.37388223956290134,0.19823529352875557,0.043235975772086765,0.8075914008675813
p4886,1.0380760932484694,0.13772255031724612,1.4040455566955359,2.7687428152028417,1.998287851667139,2.287969171571973,0.7550087005926649
p4888,0.5713555776579842,0.1388433316335167,1.6676167650353193,3.229088977715624,2.3239313856759436,2.879361952410567,0.9903763663211027
p4889,0.498212141474798,0.021341409569073377,-0.41205675213868886,-0.9290311105741185,-1.1012295866274975,-0.5856696310708849,-0.37240093081420333
p4893,0.6032956626353193,0.09848112417606991,-0.5311752062573802,-0.7897881867847467,-0.6053880052721456,-0.44037696027336165,-0.5741271435161863
p4895,1.0380760932484694,0.09874595105254258,0.7299305122415767,0.9482051252311945,0.5676334917238602,0.6759017221429071,0.2413790481855802
p4896,0.9986924646930083,-0.037434852838728716,-0.12236876142541142,0.23702651592630264,0.14952541880200654,-0.07925649158475734,0.16527305640199863
p4898,0.6032956626353193,1.4148910436684723,0.1844790877944309,0.8399214301007542,0.4728703925467948,0.814071787060461,0.9536007912249396
p4899,0.6032956626353193,-0.200422582718236,-1.9171167524482815,-3.949295102625144,-2.8185630290292396,-3.287470504149945,-1.1972725202478376
p4900,0.5713555776579842,0.0,-1.0792303008456319,-0.588452168023865,-0.4036719188548619,-0.8992312103205039,-0.4214594527711597
p4901,0.9986924646930083,-0.18105764774551325,0.45358751786798734,1.8496959976429403,0.9857196574299556,1.2818875821926792,0.4691398427089073
p4902,1.0380760932484694,-0.026092431760448065,-0.5591516124958353,-0.6932395461077758,-0.5390548019025929,-0.45708063018961154,-0.1606084539933441
p4903,0.5713555776579842,0.3603516321856617,0.35184053772764123,0.6428682822219212,0.17654932149711147,0.38576986645464084,-0.5292185781247483
p4904,0.6032956626353193,0.19339266030223712,0.44787223351898575,-0.3602380450106757,-0.3127798084146465,-0.11364445312148291,-0.37027366206866574
p4905,0.9986924646930083,-0.4235278057800578,0.6717687456452834,2.9595880519579056,1.8630097606217317,1.5344264041541322,0.9756364464171341
p4906,0.6032956626353193,0.19339266030224067,1.0420073837159887,1.0601365248400971,0.37637365768912695,1.3336899551614234,-0.4122937252383707
p4907,0.498212141474798,0.06706846722053683,-0.1789719505816052,0.6836794905568064,0.4883521887617655,0.5681712842272626,0.5379926957097805
p4908,0.5713555776579842,0.20832615657245768,1.1605301147999363,2.284534964691188,1.6579149207204187,1.9617427295629037,0.7608768725120161
p4909,0.5713555776579842,0.15652728365247093,0.43050034659901115,1.5653315066636027,1.109512360950366,0.8751369860655576,0.7828705213125531
p4911,0.9986924646930083,-0.037434852838728716,0.180655766717436,-0.7656074443859365,-0.4857773117327283,-0.40213144088852826,-0.6657684110367317
p4912,0.9986924646930083,-0.037434852838728716,0.1044073753110375,0.13368364169851232,0.4255386944275623,0.8443565611708449,-0.27251505503885554
p4913,0.6032956626353193,0.8126435876049287,-0.37830559636451255,0.6958951259347215,0.1843789667988289,0.49894537285906004,0.04546794632183193
p4914,0.6032956626353193,1.1119823272649008,0.5255741753932854,1.9604483733865887,1.1198558256378819,1.3228984143006608,0.9075028894850279
p4915,0.6032956626353193,-0.0066006229823596385,0.02500670638927538,0.7057995949430563,0.39702496715022784,0.8123336047906891,-0.1536178113160389
p4916,1.0380760932484694,-0.1560681256419887,-0.47364705927535944,0.47563079802142405,0.08797654537625033,0.46395861579105846,-0.37323271873679964
p4917,1.0380760932484694,1.7722438372377551,2.628319727546849,4.063816786300381,2.3414399999396687,3.348291980872235,0.8674930960863847
p4919,0.498212141474798,0.8584985475406839,1.4437674525885615,1.8239099977856863,1.3198589544022516,1.5561997834911796,1.1025993335298807
p4921,1.0380760932484694,-0.23419219547535342,-0.7411281806308807,-0.8625011016957904,-0.5817417227636588,-0.9921770344824681,-0.23075598938307884
p4922,0.498212141474798,0.5879833495351647,0.5483098169971328,1.256395401771581,0.8978712552928851,1.1845845522719638,0.9765360020047247
p4925,0.5713555776579842,0.0,-0.32510654228886793,0.18025493532606474,0.1617006432643419,-0.03499473272817741,-0.3271489282499136
p4927,1.0380760932484694,0.025580888334495455,-1.1232165287243205,-3.2382476404560947,-2.547860395471264,-2.564945517312907,-0.6846940464208089
p4928,0.6032956626353193,-0.07959709993951058,0.06084546631334753,0.5753590056913251,0.2612804557856396,0.5830664552105791,0.0977671483786775
p4929,0.498212141474798,0.06706846722053683,0.04065738734525226,0.54656974510465,0.2831386407339286,0.20836392629492334,0.7058920717114319
p4931,0.5713555776579842,0.0,0.2828794420133711,0.737022518326262,0.21815795997463172,0.10788305363744197,-0.8263168078508869
p4932,0.6032956626353193,1.3581002066511694,1.8017454610940096,2.7687606136565233,1.602644913177467,2.6384026041202238,0.8277582541197628
p4933,0.5713555776579842,0.0,-0.3221765943494237,0.29840244850819125,0.1510358713448294,-0.18171791709407478,0.15457447412252634
p4934,0.6032956626353193,0.1933926603022389,0.6167320367136924,1.0660933513775848,0.534693409709062,0.8048982491658274,0.018325825939337292
p4935,0.6032956626353193,0.2233808685147629,0.5487903198763959,1.1649947090898223,0.5460461855934858,0.9686322242950438,0.12310821507635872
p4936,0.9986924646930083,-0.14210370333060318,-3.3802879915186423,-4.169394381093836,-2.8962620731296322,-3.375352934047971,-1.7667751304296857
p4938,0.6032956626353193,-0.291767441507476,0.17300133540540408,0.7063597527296605,0.05026402330559915,0.5476411428187352,-0.14053069451412448
p4939,0.498212141474798,0.6995280438032712,-0.5347196383007562,1.2600842404854415,0.5724185262283297,0.8460892418177083,0.9093583098806413
p4940,0.6032956626353193,0.1933926603022389,0.028806355441600928,0.3174082757114313,0.10611565747606938,0.06858633460037583,0.28115006016899535
p4941,0.9986924646930083,0.8675925272793359,2.5464432293430628,3.726928618304466,2.129192914439952,2.706235066087074,1.1750165914662212
p4942,0.9986924646930083,-0.23354950671515695,1.242741450973197,0.5455769335493259,0.07119412796085633,0.022647400370435,-0.34091827670270547
p4943,0.5713555776579842,-0.08973217304974135,-0.058971838422282374,0.17221927491842715,0.0752445952576136,-0.2710587033370394,-0.37871600858825794
p4944,1.0380760932484694,0.05073482508226057,-0.47981631339603226,0.38070470104704335,0.3292237514275379,-0.24101863528750178,-0.1328639350799783
p4945,0.9986924646930083,1.2150691970713279,2.0273188158624436,3.5817081415333947,2.166400999244002,2.631957997899926,0.9993720777963269
p4946,1.0380760932484694,0.112568613569481,0.2974818431298587,0.6077736779888475,0.3819322090470628,0.8199452144294982,-0.11955504494971514
p4947,0.9986924646930083,-0.037434852838728716,0.0006280149725128581,1.611833603826823,1.3654531171223465,0.6387514948496209,1.1625720281649379
p4948,0.5713555776579842,-0.2661830750223082,-0.21036713969187382,-0.02007338811270931,-0.11750014056092628,-0.40354536316790324,-0.11225871347097893
p4949,0.5713555776579842,0.33441153660367284,0.6420828220960413,1.691478575579868,1.0754548392085694,1.6338629603278003,0.38984205411723494
p4950,0.9986924646930083,2.054790580834683,4.483033841598756,3.708373109621641,1.547531892914031,2.8625939098311157,0.2282607483853898
p4951,0.9986924646930083,2.0547905808346787,2.6136165432374074,3.0415109550188055,1.6355622063016884,2.366820624457664,0.39976771794977495
p4953,1.0380760932484694,0.06987166666701583,-0.3314358296466118,0.3441883007211364,0.026818680672019424,0.09950358020468997,-0.1801827609672788
p4954,1.0380760932484694,-0.026092431760448065,-1.1951609701772217,-1.2971013896550336,-1.003035124340347,-1.1229666748599407,-0.5369579716735018
p4957,0.5713555776579842,-0.08973217304974312,0.7067666179307377,0.9305375442533856,0.286278788731187,0.4830150819626574,-0.0248616876739014
p4959,1.0380760932484694,0.025580888334495455,-1.230186679462518,0.016538424806084695,0.13304362507604428,-0.07597916828227735,-0.27872462450218904
p4961,0.6032956626353193,-0.09794548177159967,0.44546458717990767,0.21354330000403432,-0.11638340181270845,0.20358675455744762,-0.18536348529659463
p4963,1.0380760932484694,0.02191869420983572,0.42052566129449254,1.0000927183392458,0.49044301071710605,1.203205484721707,-0.021510179484767633
p4966,0.498212141474798,0.6538009861517988,-0.03670783856973436,1.670488637265483,0.7297858089097564,1.3120495625370612,0.48017740273393095
p4968,0.498212141474798,-0.20943258016502142,0.5054575530958569,0.2998171606546196,0.012789035846805547,0.4196128960165756,0.28792728807528434
p4970,0.6032956626353193,-0.3352204173783999,-1.2035983632124978,-2.3297089716019057,-1.3024288596712847,-1.7732997740577128,-0.4084546964040445
p4971,0.9986924646930083,-0.2335495067151534,-3.772317706380713,-3.150392141180461,-2.2330894673782753,-2.6893956401173487,-1.0551053569327031
p4972,0.9986924646930083,0.43622251832007564,0.08014530690511634,-1.199162570069349,-1.0386554059178357,-0.7626350916973764,-0.5139827486340014
p4975,0.5713555776579842,0.06836782725128643,0.08183746657851287,0.8516314965305929,0.7085247983731493,0.4428208698076873,0.25453945399314293
p4976,0.5713555776579842,0.06836782725128998,0.08808922183337309,1.140424478904016,0.8481482357565009,0.26949793315921156,0.6628685326495365
p4977,1.0380760932484694,1.6363570111534376,1.1356419089023184,1.4820981589447273,0.818288765061242,1.2968270416103775,0.36982015321923534
p4979,0.5713555776579842,-0.154354026639119,-0.11906482395181861,0.7422290373298266,0.4762115943851793,0.3192006099832495,0.37192003388638106
p4980,0.5713555776579842,-0.01595907040318245,-1.3497301037720817,-0.7305327808257622,-0.4747424875156642,-1.1040942458919667,0.10530069450424762
p4983,0.498212141474798,-0.7644887793303301,-1.859516472149668,-2.1471439292941885,-1.9868896202799609,-1.835807242118101,-0.907062729423636
p4984,0.6032956626353193,0.33689626107794624,0.5559768477965967,-0.002991233423996653,-0.022531329096798336,0.2852902382436155,-0.10604830430299295
p4986,0.5713555776579842,0.06836782725128643,0.33628794697813547,0.9376665410084979,0.5986915529938277,0.11756291065399911,0.4607321514335183
p4987,1.0380760932484694,-0.01089837593772458,-0.8135920600998006,-0.8586055233680028,-0.7947952579170092,-1.2173684213285996,-0.39524815530470647
p4988,1.0380760932484694,0.06987166666701583,1.2257152462055139,1.964280137501539,0.9403931172850043,1.4676959784080694,-0.028983577217653433
p4990,0.5713555776579842,0.6100286417145053,0.3659568074670876,1.8206960117480409,1.2317789978137936,1.8137430691790788,-0.13004631752344586
p4992,1.0380760932484694,0.02191869420983572,0.15016368318528528,1.0629009616130398,0.7138005918886662,0.6140054608048158,0.20314497143292698
p4993,0.5713555776579842,-0.06685275780506217,-1.3673477110546202,-1.6732899790353721,-1.6894506584172664,-2.015309449793285,-1.4439553748661602
p4994,0.498212141474798,0.5879833495351718,-0.13647348727714714,0.3268135515501785,-0.009724700208352921,0.21460223281047291,0.5393948248411977
p4996,0.6032956626353193,-0.005100644257909792,-0.41727698611206776,0.1755813981783682,0.09301894281691578,0.18350543167771266,0.2385574205605625
p4997,0.498212141474798,0.06706846722053506,0.30001293357789116,1.0486812029532262,0.707835882143621,0.8284615362502248,0.5666551199916423
p4998,0.498212141474798,0.8880106141534014,1.1952008126112972,1.9635577615074975,1.2399216479799386,1.754614178051765,0.7740784234180786
