patient_id,fold,e,y,wt,mu0,mu1,phi,a,b,treatment,duration,event
p1,3.0,0.588856411583379,0.5987204077291715,0.0,4.3709328393760645,8.791653724063714,4.42072088468765,0.0,0.0,1,0.5987204077291715,0
p4,0.0,0.24058968111635376,1.8927271247097879,0.0,11.621323446604961,13.64273862316089,2.0214151765559283,0.0,0.0,1,1.8927271247097879,0
p5,4.0,0.4081029237197951,13.571177677783066,1.3017178726240106,12.024616461943683,11.568295470587405,-3.857564985358031,0.0,2.1992301107562415,0,13.571177677783066,1
p6,1.0,0.3288232742910544,6.170290568428922,1.1437550963328287,13.61194320486953,10.038917487537235,9.10832600724842,0.0,1.704104228472332,0,6.170290568428922,1
p7,0.0,0.28069367164130105,7.722658203046585,0.0,17.30973627329557,6.279186341708159,-11.030549931587412,0.0,0.0,0,7.722658203046585,0
p8,2.0,0.6201957254631398,1.2480477177891336,1.0279853143303592,11.047235915135888,10.84027099154676,-16.106243574432987,1.6575175740895292,0.0,1,1.2480477177891336,1
p10,1.0,0.5982633883843601,2.265501738548736,1.0301607869322054,11.530967613811839,10.637172930222881,-15.309130052919686,1.7219184842886768,0.0,1,2.265501738548736,1
p11,0.0,0.5823808864259199,6.4088958521022406,1.230766247038302,5.516424439226677,10.96430553506861,-4.179228258028726,2.1133355776689937,0.0,1,6.4088958521022406,1
p12,3.0,0.6946356388814218,20.0,2.731068056914459,7.271625012009606,12.534796185662868,-108.57479675028145,0.0,8.94363719102747,0,27.131173471122437,0
p13,2.0,0.19516273233457168,1.707206012631017,1.0212191796969383,13.144627736588523,7.875364038967234,-37.54510450260436,5.23265465430275,0.0,1,1.707206012631017,1
p15,4.0,0.599726689667567,18.83677777827891,0.0,9.968590696588393,11.002212775800391,1.0336220792119981,0.0,0.0,1,18.83677777827891,0
p18,1.0,0.3667724217952041,5.178103267097658,1.035464141648388,14.1095686354388,8.40869487299995,-14.82141163671216,2.8231788436551635,0.0,1,5.178103267097658,1
p19,0.0,0.5076299746646077,0.7531087360118808,0.0,8.963300123444432,7.937674125956633,-1.0256259974877988,0.0,0.0,0,0.7531087360118808,0
p22,0.0,0.5476585192364438,6.145861999686744,0.0,2.7345126059533276,12.306348303663178,9.57183569770985,0.0,0.0,0,6.145861999686744,0
p23,0.0,0.2951337168013413,20.0,1.6093176604999289,11.211834933202923,11.020872382148012,-20.25568912756934,0.0,2.283153129692771,0,23.471115935933934,0
p26,2.0,0.7737176450040972,0.8355081117194844,0.0,8.248922937995834,9.459076797114722,1.210153859118888,0.0,0.0,1,0.8355081117194844,0
p27,3.0,0.42643011931546626,13.74706909634641,0.0,9.229061595960973,7.3746518090369815,-1.8544097869239913,0.0,0.0,0,13.74706909634641,0
p28,4.0,0.14854378678698765,3.525749390380454,1.0534033365827398,9.662092048548867,12.653366566416842,-61.73753438259914,7.091534148737733,0.0,1,3.525749390380454,1
p29,4.0,0.12453493928744479,20.0,1.3530399258649755,15.425514408473797,12.700382281029619,-9.79504493537658,0.0,1.545509908486484,0,21.22345107802696,0
p30,2.0,0.42063771148806,13.78838376390394,1.1078698616755125,8.974388337364543,12.244934104242263,7.335662408234868,2.633786347297013,0.0,1,13.78838376390394,1
p32,1.0,0.31917007170031103,4.682303635366752,1.147048247973614,13.957531763124559,10.926470869025218,12.595652520321861,0.0,1.6847794144982182,0,4.682303635366752,1
p33,4.0,0.13284251228372657,11.125104430398801,0.0,9.05643257412382,11.497065603114253,2.440633028990433,0.0,0.0,1,11.125104430398801,0
p34,3.0,0.6749143996426237,9.94144324446284,1.1798373681638432,8.897801405937704,10.79895831237395,0.40211003260927436,1.74812890166306,0.0,1,9.94144324446284,1
p35,1.0,0.9175083258146747,4.810555593144294,1.3894234867051867,3.8873821833388202,12.426373475264244,-2.993978969125008,1.5143442818041883,0.0,1,4.810555593144294,1
p36,4.0,0.7071637343195485,3.130818510016251,1.1509109685517227,9.636378717133463,7.2642292535073105,-9.099287085850067,1.627502815397002,0.0,1,3.130818510016251,1
p38,2.0,0.30769244460234363,0.8675781942260914,1.0280345506786879,9.862403255193549,13.502864468538732,16.997228545854906,0.0,1.484939089084753,0,0.8675781942260914,1
p39,1.0,0.04461521877801352,18.295703885447885,1.3573081576924948,12.769434773706697,14.137460260823824,-6.4831045438389845,0.0,1.4206926720733688,0,18.295703885447885,1
p42,4.0,0.546547336327622,2.6477000198361815,0.0,4.6631800584745795,10.439497106071993,5.776317047597414,0.0,0.0,0,2.6477000198361815,0
p43,2.0,0.25556328386742166,10.041466104376633,1.1500628688007979,9.929742456533075,10.432240634718559,-1.2560301621079604,4.500109919535292,0.0,1,10.041466104376633,1
p44,3.0,0.5157842246432671,0.9486212880571877,1.0288256091495793,12.55374914901638,8.598460609516405,20.702422647240848,0.0,2.124725507737991,0,0.9486212880571877,1
p45,4.0,0.532101086959094,20.0,2.8584334773467592,9.096284593671806,9.14903853580271,-66.55895272405942,0.0,6.109083388908965,0,25.349803583598444,0
p46,3.0,0.45499857068457,0.5824761347418715,1.017714038364366,11.377259353361696,9.069877472318863,-21.291501935505078,2.2367411766440495,0.0,1,0.5824761347418715,1
p47,3.0,0.5316285981667882,20.0,1.9853892381112586,11.494397326886777,12.820230031818104,-34.72874266998199,0.0,4.238920716210296,0,30.95904119803136,0
p48,2.0,0.569948982183418,1.7115401183577537,1.0330059009356607,16.2064610720328,12.305296854924574,-23.101853338487654,1.8124532777974574,0.0,1,1.7115401183577537,1
p49,0.0,0.6288237474787577,20.0,6.840921594485144,6.984959270788274,9.906881127081002,112.72412816655866,10.878917378539743,0.0,1,25.094865066704788,1
p51,2.0,0.21614548746646867,12.403466175177936,1.0749428487037878,8.82813661218696,11.895539625856912,5.593442387700963,4.973237523038954,0.0,1,12.403466175177936,1
p52,3.0,0.538837630011079,6.42319939826385,1.2770571551698384,13.06185667343273,12.718071158344308,18.04007519362117,0.0,2.7692137049267886,0,6.42319939826385,1
p54,4.0,0.7649820468234118,5.6052960626962305,0.0,8.975070348032117,9.652740622213214,0.6776702741810965,0.0,0.0,1,5.6052960626962305,0
p55,0.0,0.8190157876306994,1.2412417178713349,1.034765798097397,7.3074930486260605,11.09345763702745,-8.661580651361856,1.2634259482235781,0.0,1,1.2412417178713349,1
p56,4.0,0.11836887464337116,3.5467986013767776,0.0,11.464849119376268,8.258444492320677,-3.2064046270555906,0.0,0.0,0,3.5467986013767776,0
p60,4.0,0.4383496144804567,5.079626546963445,1.061375523726488,10.0346314129112,11.460530061521123,-14.024177240332802,2.4212990924708757,0.0,1,5.079626546963445,1
p61,1.0,0.686598747191982,20.0,1.5205327479327535,11.119363491658005,6.595726206360265,-47.6099316521329,0.0,4.8517124111950976,0,21.095725116681308,1
p62,2.0,0.6017893822523585,3.142538417894088,1.6198512260553706,5.060882738003333,7.706245244359852,10.448852067989941,0.0,4.067825301137301,0,3.142538417894088,1
p66,4.0,0.5491255221076815,12.132429680868897,1.2394236998630408,10.653824258583679,5.994753817382967,9.194193741610434,2.2570863126263405,0.0,1,12.132429680868897,1
p67,2.0,0.8059363229505034,0.024849409606411323,1.0045711539230795,9.353106516198572,8.437510959937889,47.372152816508624,0.0,5.176502729394643,0,0.024849409606411323,1
p68,3.0,0.3150970309557195,5.095295553943632,0.0,11.322046987764258,10.806074231778874,-0.5159727559853842,0.0,0.0,0,5.095295553943632,0
p69,0.0,0.6647984387390513,8.744333644853052,0.0,8.812423928483264,7.409466813458007,-1.4029571150252576,0.0,0.0,0,8.744333644853052,0
p70,0.0,0.3883376191201984,5.799025588317109,0.0,8.808651887320137,10.91026362425405,2.101611736933913,0.0,0.0,0,5.799025588317109,0
p71,3.0,0.5707555513108764,20.0,1.5572591422613076,9.644306183711922,6.934925552819225,32.93759044186882,2.728416988121605,0.0,1,24.146683219324043,1
p72,1.0,0.29270174543526606,20.0,1.4436718918600442,12.821536929856144,11.37942516611346,-16.094127789852585,0.0,2.041107669279446,0,30.0644833141957,0
p73,3.0,0.5643268339109854,20.0,2.025907048826499,11.366744110505492,9.95998356553832,-41.55193202260713,0.0,4.650061574856266,0,27.16390816052342,1
p75,1.0,0.5571379200316626,4.217935080156917,1.1982956214015141,12.287617029266725,8.603404395281752,18.150721949740213,0.0,2.7057986574221635,0,4.217935080156917,1
p76,4.0,0.40901171400343006,20.0,1.4106501443780632,11.252441649805528,13.375310649469005,24.9709163020642,3.4489235786685395,0.0,1,35.175810182635715,0
p78,2.0,0.42743506889963695,4.038299211986281,1.0762956209762817,6.664973598661192,10.957164152184959,9.229758306190089,0.0,1.8797791525719922,0,4.038299211986281,1
p79,0.0,0.41345370011093685,20.0,1.939490422414934,11.840032996778136,12.274116022560566,-26.547892400478027,0.0,3.306628006658231,0,25.415214559999765,0
p80,3.0,0.5471350547053743,13.29682430596017,1.1545906507597077,10.421883573308701,8.447827608429089,8.258529581204375,2.1102479923927393,0.0,1,13.29682430596017,1
p83,0.0,0.49629142958176287,2.3012997646119886,1.0341005189205998,11.606829504645516,10.604351889609,-18.303180386228824,2.0836558064120956,0.0,1,2.3012997646119886,1
p84,4.0,0.5912950372799815,2.342302262577289,1.391470741620953,4.381162528343657,11.56229303385532,14.122603364530763,0.0,3.404584892633598,0,2.342302262577289,1
p86,3.0,0.48307446824969746,0.11755901511585728,1.004891047401025,7.027905008477449,12.037757269982798,-19.786532761620144,2.080199044760123,0.0,1,0.11755901511585728,1
p87,3.0,0.5802182476550752,0.6869412660844528,1.021807265845503,6.006193592782929,6.298658069462857,-9.590184038311493,1.7610739923728513,0.0,1,0.6869412660844528,1
p90,3.0,0.7841309550385442,0.44634233197990747,1.0268766193299024,3.683227440603667,8.67113498315317,-5.78305771275159,1.3095728624556415,0.0,1,0.44634233197990747,1
p91,2.0,0.3294068225742491,7.164519540819003,0.0,5.045270402030756,12.144317549071683,7.0990471470409275,0.0,0.0,0,7.164519540819003,0
p92,3.0,0.69318774322361,7.55066011258145,1.0809566886274113,10.29060062657522,8.812365012758594,-3.445737728868466,1.5593995987299418,0.0,1,7.55066011258145,1
p93,1.0,0.6869008044475978,5.477573032435781,0.0,4.496078578711145,9.295976311027076,4.799897732315931,0.0,0.0,0,5.477573032435781,0
p94,3.0,0.7100741138671578,14.643157692089583,2.01849977397678,7.299314476259178,10.154479758451092,15.614953616341623,2.8426606949291,0.0,1,14.643157692089583,1
p95,4.0,0.7634230601446993,0.5309298215950513,1.026133946190602,9.221183382584043,12.82301555069271,-12.920234159991814,1.3441222825992556,0.0,1,0.5309298215950513,1
p96,0.0,0.8253649737207718,0.7112674504795565,0.0,3.7801949280936844,7.707355623135692,3.9271606950420077,0.0,0.0,0,0.7112674504795565,0
p98,2.0,0.7237302216709836,2.0707874950405634,0.0,6.9732419441940126,8.041695873355819,1.068453929161806,0.0,0.0,0,2.0707874950405634,0
p99,1.0,0.8176140719408067,18.276559103766246,1.1474563593858784,12.530131306746293,10.513941400367916,8.87802700466652,1.4034205119074217,0.0,1,18.276559103766246,1
p100,3.0,0.6295833921490662,2.879908185595687,0.0,6.336228923597122,13.932154207938343,7.595925284341221,0.0,0.0,0,2.879908185595687,0
p101,1.0,0.5551972656151327,2.551879552682786,1.0494898480964028,9.463298769059278,7.008012831296634,-10.878718341537622,1.890300822958155,0.0,1,2.551879552682786,1
p102,2.0,0.136990148825912,0.37231075991250256,1.0063871837107936,12.274756607718176,15.642395029138346,17.247513534951242,0.0,1.1661363799516853,0,0.37231075991250256,1
p104,4.0,0.4894578799557378,5.713445945688184,1.193530212401033,4.020441806414894,14.259304928829687,-10.599990035328885,2.4384737916753227,0.0,1,5.713445945688184,1
p105,2.0,0.23404454261011295,20.0,1.7008974061981947,14.640666885197614,11.388376960386886,-15.153342010766956,0.0,2.220621825705464,0,32.64790124258246,0
p107,2.0,0.3147686722277648,14.60022985501036,1.4464768438659823,9.941813701315045,15.857581752862052,-3.917832401775023,0.0,2.110932155668718,0,14.60022985501036,1
p108,4.0,0.16844676768823036,4.220917053588336,1.032949848764471,13.901042530047652,11.833569224413461,-48.749805157228224,6.132203442907886,0.0,1,4.220917053588336,1
p109,2.0,0.576025053032879,9.086011818573303,0.0,10.01617445923301,16.574669810574683,6.558495351341673,0.0,0.0,0,9.086011818573303,0
p110,1.0,0.41447097452766557,19.287403057957874,1.9643376227068212,7.93871963289659,16.14721395099318,-29.864162800914997,0.0,3.354808279781228,0,19.287403057957874,1
p111,0.0,0.5116150844251197,10.397399863143065,0.0,12.529662680115546,11.127403109189594,-1.4022595709259527,0.0,0.0,0,10.397399863143065,0
p112,4.0,0.24023972481143852,11.17591000016732,1.0658849505918593,13.331481792889777,10.108164451374446,1.5140087289879887,4.436755625775298,0.0,1,11.17591000016732,1
p114,2.0,0.380679180917389,4.208581012163727,0.0,8.308296176771673,10.583335624184324,2.2750394474126505,0.0,0.0,1,4.208581012163727,0
p115,2.0,0.6821602225854592,1.5172543821766717,0.0,7.07641923749332,7.804870381025169,0.7284511435318493,0.0,0.0,0,1.5172543821766717,0
p117,3.0,0.8145133720464932,1.4038202561030073,1.072428091480669,5.126218410759687,11.68897203326721,-6.979179597397442,1.3166488461523425,0.0,1,1.4038202561030073,1
p118,2.0,0.4504327231802324,0.8530459316397664,1.1018260940903573,9.887738660715417,10.888211155797617,19.11410593153704,0.0,2.0048975631635084,0,0.8530459316397664,1
p119,0.0,0.5058123494213893,9.967281896372457,1.5926685614460363,7.590068119286059,9.951490370278604,-5.299865201595534,0.0,3.2228012164636026,0,9.967281896372457,1
p120,0.0,0.18115191646048104,1.0683531776160715,1.0231159689405678,12.922171301327424,8.466716420311869,10.35538837438164,0.0,1.2494576094238248,0,1.0683531776160715,1
p121,2.0,0.2989778465354905,5.09089693824094,1.0409676942687625,9.683664463778188,11.692087094713084,-20.975306017323852,3.481755274952097,0.0,1,5.09089693824094,1
p123,4.0,0.562650836334661,20.0,1.8971248425752072,6.734183735980605,9.546587408205154,38.05882549712145,3.371762237009828,0.0,1,32.569754258736495,0
p124,3.0,0.7606606621525315,18.763683921466104,0.0,7.759450231449963,8.706145967592507,0.9466957361425434,0.0,0.0,0,18.763683921466104,0
p127,2.0,0.4253826728237075,5.60430018321218,1.1707077681947224,11.679305268996128,11.242161214041875,-15.953261956470202,2.7521284786319966,0.0,1,5.60430018321218,1
p128,4.0,0.10013918577061127,3.250064543313395,1.0682424290962944,13.169921248134374,11.321167709733698,9.927302997320227,0.0,1.1871196213951178,0,3.250064543313395,1
p129,4.0,0.5569215647816352,6.18405658712567,1.3777635523970524,10.912914199821946,10.906238451915197,14.697826086034507,0.0,3.109525183093241,0,6.18405658712567,1
p134,1.0,0.4425894061027564,4.20438072182815,0.0,14.79072170780487,8.84049741779733,-5.95022429000754,0.0,0.0,0,4.20438072182815,0
p135,3.0,0.5252315486494759,4.648871472098342,1.159614589056699,11.749661663719545,9.503144116120922,15.097052516106638,0.0,2.4424845116773546,0,4.648871472098342,1
p136,4.0,0.5712932427710222,6.570040024926961,1.238381506493932,10.281984478635902,14.749145083694644,-13.2625300093786,2.1676809977433655,0.0,1,6.570040024926961,1
p137,0.0,0.43542851178648806,0.900879586098301,0.0,6.798352351725026,10.256542991521407,3.4581906397963804,0.0,0.0,0,0.900879586098301,0
p138,1.0,0.6269145138119917,4.016447558873868,1.0931537511796339,11.41361560277161,13.33686017765639,23.59721017969538,0.0,2.9300355860768135,0,4.016447558873868,1
p139,3.0,0.28223974795256884,20.0,1.558824952782188,7.987148367066658,8.469873446879255,64.16421966065946,5.5230525256993666,0.0,1,23.564364898073066,1
p140,2.0,0.35296043986492126,20.0,1.3249679874240625,10.981652698320909,13.968977259041193,25.62700640794113,3.75387107952135,0.0,1,23.253748784733684,0
p141,2.0,0.1518235485775099,19.099233873611787,1.2421142987710312,12.891092836070829,8.582570052781678,-13.400051719967644,0.0,1.464452705198148,0,19.099233873611787,1
p142,0.0,0.21871463177955966,8.848346349649228,1.1838324950048877,10.90871630159953,11.075800577420084,3.289033054160177,0.0,1.5152369968240187,0,8.848346349649228,1
p143,3.0,0.2616697747966576,20.0,1.5575955626781839,12.392857692778566,8.73022689695033,-19.710803683679757,0.0,2.109619123677632,0,26.197249131148237,0
p144,1.0,0.5461035624270202,6.347783121258404,1.2114958268096614,10.37304055062881,8.362019220700137,8.732800770972373,0.0,2.669101862283003,0,6.347783121258404,1
p145,0.0,0.6044590026612012,0.3528525619226084,0.0,8.883974986055163,10.403795894334182,1.5198209082790193,0.0,0.0,0,0.3528525619226084,0
p146,4.0,0.5786530548417161,4.156570303931745,1.3500267302865392,5.154023157749132,12.84060978848117,10.882499239872239,0.0,3.2040738536252733,0,4.156570303931745,1
p149,4.0,0.47981996935525734,0.6912780104202092,0.0,9.072304827415264,10.812988115767807,1.7406832883525425,0.0,0.0,1,0.6912780104202092,0
p150,4.0,0.5110515246472673,8.724923836800603,1.3784094205223965,2.9327019642758914,9.100577942064804,5.154660807534834,2.697202442500857,0.0,1,8.724923836800603,1
p152,3.0,0.15392905635650656,2.1359797466707633,1.0339364949469902,17.314773739354216,8.1490040142446,9.383394711070878,0.0,1.2220446792493291,0,2.1359797466707633,1
p153,4.0,0.7361117884263382,20.0,1.9509869754128522,8.646055977822309,6.628205343471981,33.42268655437309,2.6503949618626237,0.0,1,22.613963462548565,1
p154,4.0,0.3778884143087691,0.06231484771515118,0.0,10.767222602739029,10.033036927230805,-0.7341856755082237,0.0,0.0,1,0.06231484771515118,0
p155,1.0,0.1873290404840035,20.0,1.3341735171413829,15.742086624347955,8.689231569581834,-14.043132235902686,0.0,1.641714277493044,0,31.521254721442745,0
p156,1.0,0.6194627605793557,3.8582090552003003,1.1394133763705117,4.334576522378641,13.115303249775074,-8.246377439051855,1.8393573413595832,0.0,1,3.8582090552003003,1
p159,1.0,0.7165653345893969,17.024609834069814,0.0,6.911289985782598,8.312975278786265,1.4016852930036672,0.0,0.0,1,17.024609834069814,0
p160,2.0,0.383978724862726,20.0,1.8967366940289196,13.040423983739217,8.920360814200336,-25.54867892957711,0.0,3.079011668235405,0,21.659757573689078,0
p161,3.0,0.7083776765600039,1.0962793767047858,1.0426487676980079,7.255092763537649,8.860155410575457,-9.822451300869126,1.4718825877761679,0.0,1,1.0962793767047858,1
p162,1.0,0.41422721280086094,4.394482654741435,1.0703458402748482,8.670070817934313,11.814568740415213,-16.028695027786085,2.5839582895521045,0.0,1,4.394482654741435,1
p164,4.0,0.4164677641678418,8.117499021347744,0.0,13.654222341746076,14.275962733959513,0.6217403922134377,0.0,0.0,1,8.117499021347744,0
p165,2.0,0.5244608815092152,7.884843016759751,0.0,7.662783022892204,10.793685958079884,3.13090293518768,0.0,0.0,0,7.884843016759751,0
p166,1.0,0.4356647522976042,5.389275229481041,0.0,7.83461549530153,11.76297345124617,3.92835795594464,0.0,0.0,1,5.389275229481041,0
p168,3.0,0.2517072366287531,11.449971471490974,0.0,13.935974277706396,11.563149739466217,-2.372824538240179,0.0,0.0,0,11.449971471490974,0
p169,1.0,0.5199388931276107,0.33175137255070436,0.0,9.269332729930861,9.112995124354857,-0.15633760557600418,0.0,0.0,1,0.33175137255070436,0
p170,2.0,0.5119103243593828,0.04657293594310116,0.0,7.475497461963589,10.44221712285528,2.96671966089169,0.0,0.0,0,0.04657293594310116,0
p172,2.0,0.2764237082536803,13.65812718705948,1.1094367502050932,9.477287290993536,7.980787614284234,21.289712132771697,4.013536889487562,0.0,1,13.65812718705948,1
p173,4.0,0.6832779745743222,2.0064134461439926,0.0,8.635431864615526,6.631547330585638,-2.003884534029888,0.0,0.0,1,2.0064134461439926,0
p174,3.0,0.3784417121380334,3.9378313113232353,1.0414635887203858,9.51785665463154,8.88270482572363,-14.24333916899012,2.7519788525333615,0.0,1,3.9378313113232353,1
p175,3.0,0.8410059770171168,20.0,1.6530508115114244,6.258746254393742,7.802387227015654,25.51882574407748,1.9655636900161773,0.0,1,20.24531215708642,0
p176,0.0,0.3474852626214205,2.0438167599975285,0.0,13.638530646588995,8.401330085956559,-5.237200560632436,0.0,0.0,0,2.0438167599975285,0
p177,1.0,0.5366715857528108,0.08596563347172652,1.0022946000688915,10.067961725207775,8.392380136233472,-17.188745734554224,1.8676125710343552,0.0,1,0.08596563347172652,1
p178,0.0,0.40484029146976924,5.666841109169543,1.207304482868688,13.088220768779,10.413112162052775,12.379447008679458,0.0,2.0285386688056755,0,5.666841109169543,1
p179,0.0,0.4459957958844517,4.078539439133006,1.0877979229563342,10.386773026876904,11.655258665077868,13.65482376216216,0.0,1.9635192564882646,0,4.078539439133006,1
p181,1.0,0.8641711066219295,9.916928652910052,0.0,5.495042948135407,8.734737075903478,3.239694127768071,0.0,0.0,0,9.916928652910052,0
p184,0.0,0.581893149557298,7.1321574022647365,1.1474851532071217,6.986404775442243,8.78535181970178,-1.4611292271609924,1.9719860150959398,0.0,1,7.1321574022647365,1
p185,3.0,0.5354603603821144,7.456350682699575,1.122353184432577,9.21510860918999,7.482268688577734,-1.787165429246986,2.0960527939577918,0.0,1,7.456350682699575,1
p186,3.0,0.5476908062033493,0.6582720718804225,1.0166030541722682,8.625333791301987,11.659825426937232,-17.386177498689037,1.8561623504682656,0.0,1,0.6582720718804225,1
p187,2.0,0.29952470566616185,17.182948218450495,1.3349254776558548,12.742216887575676,9.300588287720906,-11.904518641747028,0.0,1.9057424129788727,0,17.182948218450495,1
p188,2.0,0.16213522205915212,20.0,1.8589120435185673,12.666256189030243,12.867694553891177,-16.06942664010517,0.0,2.2186301327608784,0,22.24304414701455,1
p190,4.0,0.320151352726677,9.946537099527548,1.3909282439477724,11.791407577908004,8.165502805817734,0.14858601361127066,0.0,2.0459380915537375,0,9.946537099527548,1
p192,2.0,0.6699082972033998,6.429935980206649,1.0513623645410985,10.745910056353008,10.687877297591207,-6.7404985084933005,1.5694123642446547,0.0,1,6.429935980206649,1
p193,4.0,0.44511187243003175,0.9788100190476249,1.0838292370586047,9.847370275050963,11.700198305373194,19.175247484792074,0.0,1.9532391904022852,0,0.9788100190476249,1
p194,0.0,0.5604861988012402,14.200329787612404,1.3723344924112137,8.37841351362261,6.588761943929407,-19.967957900313415,0.0,3.1223922631512715,0,14.200329787612404,1
p195,3.0,0.49473275072162126,2.061114343756816,1.1715566351654876,4.842553437949643,14.311623298805193,15.918356710070956,0.0,2.3186870647933375,0,2.061114343756816,1
p196,1.0,0.6385021512485362,0.8610611452914051,0.0,11.271571161616482,9.87345071020826,-1.3981204514082215,0.0,0.0,0,0.8610611452914051,0
p197,1.0,0.7757943060205125,2.46376917275742,0.0,3.1136163183601733,8.894475303651568,5.7808589852913945,0.0,0.0,1,2.46376917275742,0
p199,3.0,0.44101955888973715,3.024895010551646,1.0565575863466916,9.025047032215346,5.690807271854749,-9.721008254949473,2.3957159383283724,0.0,1,3.024895010551646,1
p201,1.0,0.24581127927455154,18.456016691885026,1.3196611827537545,10.397422193269856,10.031577152767825,44.8615581894842,5.368594910080585,0.0,1,18.456016691885026,1
p202,3.0,0.3804501739723246,14.088796372510133,0.0,4.712839690919868,11.081257326960577,6.368417636040709,0.0,0.0,0,14.088796372510133,0
p204,1.0,0.7132910769415721,2.9392466363046346,1.0716757632836142,10.714072360443913,11.704565131251965,-12.178856590429112,1.5024382021975,0.0,1,2.9392466363046346,1
p205,3.0,0.5316455071889917,20.0,1.5335447830341078,8.844945107303927,12.606945578965382,25.08745114275036,2.8845250496755472,0.0,1,28.39575080665965,0
p206,2.0,0.216072337944184,7.380430992810893,1.079075399205599,11.84287585658628,14.167188811975786,8.466862460765359,0.0,1.376498689146612,0,7.380430992810893,1
p207,2.0,0.07406585584975442,20.0,1.6646158518791263,14.258216752100992,9.481128809426975,-15.099488809830946,0.0,1.797769163601574,0,29.53423216875446,1
p208,1.0,0.31057708363307046,20.0,1.3117072727661794,14.496601011838184,14.161986273411095,-10.805471314746377,0.0,1.9026162920120475,0,30.568034648606996,1
p209,4.0,0.515561223863839,20.0,1.5509233629721098,8.163265820106336,10.545495499441193,30.823491815670785,3.0082234489025743,0.0,1,33.0313938156407,0
p210,0.0,0.8238110159837734,0.4617306647962116,1.0078991944911564,4.597535192751362,11.431192605188592,-6.587032089414064,1.223459233896684,0.0,1,0.4617306647962116,1
p212,4.0,0.12608521100976097,15.123079868982938,0.0,11.263075566808391,8.426474543392828,-2.8366010234155628,0.0,0.0,0,15.123079868982938,0
p213,0.0,0.5105104780929937,20.0,1.9931002204275827,10.685433157800322,11.66518397867302,33.51997156498858,3.904131856162457,0.0,1,22.011713943433413,1
p214,2.0,0.4624110520908244,1.7486644827886364,1.0399753029836916,9.197727938582577,6.999642030760387,-14.00768029731763,2.249027782275898,0.0,1,1.7486644827886364,1
p216,4.0,0.328740020300183,0.7387627825854062,1.0149793837520211,11.758523663242038,14.264271963101999,-39.254037930114286,3.087483485659005,0.0,1,0.7387627825854062,1
p217,1.0,0.524426136126439,16.493677764751933,1.332296850036497,9.960604070301635,9.435334217166963,17.406347637141657,2.540485224243821,0.0,1,16.493677764751933,1
p218,3.0,0.7986365662195681,2.4500642408022997,1.1634367827614336,7.131707487800366,9.403303445049717,-7.85773519503376,1.4567787551585403,0.0,1,2.4500642408022997,1
p219,4.0,0.6544224445968619,6.316912264564595,1.3502190498934525,1.3331291611135059,9.988121403352725,1.080471294400632,2.0632224047957526,0.0,1,6.316912264564595,1
p221,1.0,0.5726520966065938,2.169167930518424,1.0717744695814468,10.865297619196237,9.868341300717402,20.81265058607196,0.0,2.5079670710231543,0,2.169167930518424,1
p222,2.0,0.4463769892106821,15.47187265556506,1.866097722621957,11.032699161485723,13.429379883783001,-12.56644650721318,0.0,3.3707011563002096,0,15.47187265556506,1
p224,1.0,0.5312092120975038,3.840314607720357,1.094938221366954,3.0178737901720605,11.01003534217579,-6.786199007077572,2.0612184360349106,0.0,1,3.840314607720357,1
p225,1.0,0.5413662097963973,8.166013656726907,1.151094183190969,9.947794236892795,7.87050711098499,-1.4489585384507007,2.126276376990512,0.0,1,8.166013656726907,1
p226,0.0,0.05516893775829176,20.0,1.189169156603363,11.879722548003581,13.206328731980214,-8.893616112764047,0.0,1.2586050608686994,0,21.639051745597865,0
p227,2.0,0.602572121695877,0.30366453459251325,1.0115433307967003,9.796630289642192,9.870768807989137,-15.986246909964155,1.6787091443092588,0.0,1,0.30366453459251325,1
p228,0.0,0.3299725809739698,15.064818174109508,1.3998794958782812,10.967034952484303,13.831647126491333,-5.6968325484280005,0.0,2.089286880099897,0,15.064818174109508,1
p229,2.0,0.6223277818385451,20.0,2.124596363571478,14.18084138352543,5.552230091464255,-41.364308124074824,0.0,5.625503442943778,0,27.94882487076197,0
p230,1.0,0.10395250180282405,20.0,1.336977397223843,14.66388942908612,7.924200772078729,-14.701609466733455,0.0,1.4920831762979154,0,23.91254620246508,0
p231,3.0,0.5226413186187833,0.5880230611068307,1.0983217031649446,3.8340045566708887,8.1859984735311,11.820449113556865,0.0,2.3008311066785216,0,0.5880230611068307,1
p232,2.0,0.4918420267366075,18.295927728341404,1.3395439767894348,10.804676989152028,10.874168230523892,20.282837584394464,2.7235248392199534,0.0,1,18.295927728341404,1
p233,2.0,0.5775118178563906,8.659869206173353,0.0,5.39390403977458,6.595670447313758,1.2017664075391776,0.0,0.0,0,8.659869206173353,0
p234,0.0,0.2921703085584076,13.4451526826852,1.2317793906379184,13.566737473604084,11.328211313650678,-2.0269418742421292,0.0,1.7402200070602158,0,13.4451526826852,1
p236,2.0,0.3900269657385926,12.95071206730233,1.1787674716970609,11.216192289424432,10.169725731377968,7.358429820884258,3.0222717279684326,0.0,1,12.95071206730233,1
p237,2.0,0.642381003337633,1.6993597174141217,0.0,7.1426661046584075,11.839844012289523,4.697177907631116,0.0,0.0,0,1.6993597174141217,0
p239,3.0,0.3968402607439997,5.726795215930902,0.0,10.090830516139508,13.13269363866152,3.0418631225220114,0.0,0.0,0,5.726795215930902,0
p240,3.0,0.8512863871671988,4.0887764217386575,0.0,3.196999201485582,9.112185539165386,5.915186337679804,0.0,0.0,1,4.0887764217386575,0
p241,2.0,0.6765514979391297,5.078130201301993,0.0,11.552381312914019,7.48223173315701,-4.070149579757008,0.0,0.0,0,5.078130201301993,0
p243,1.0,0.39275242336446153,0.039302524782803376,1.0017090664588355,13.921774315896984,9.989281405838629,18.96788313601092,0.0,1.6495892367472504,0,0.039302524782803376,1
p244,4.0,0.8175106062672008,2.4589494138780785,0.0,8.51746512273785,8.051459665095416,-0.4660054576424333,0.0,0.0,1,2.4589494138780785,0
p247,4.0,0.47911601291588013,5.978978607909276,1.0973519752829246,6.4051382689739365,12.878197108336467,-9.328690309609279,2.290367981242134,0.0,1,5.978978607909276,1
p248,2.0,0.312673197284013,16.037015003071375,1.1471618935927799,11.6522315109285,12.607391979499704,-6.36312904664136,0.0,1.6690195829112795,0,16.037015003071375,1
p249,0.0,0.10919699921052448,20.0,1.1788485336466599,14.149217090981738,13.448926942085958,-8.442952496090925,0.0,1.3233549197767673,0,33.006508796837046,0
p250,2.0,0.21939757757969613,0.14669384877726394,1.0039786826367387,13.005841200794807,12.183889718742078,-55.905002924486084,4.576070044675145,0.0,1,0.14669384877726394,1
p251,2.0,0.840049804982177,5.245319165880151,1.2316852527716782,7.315141596671204,9.149172648256652,-3.88981857579053,1.4662050338763073,0.0,1,5.245319165880151,1
p254,4.0,0.39045995684846063,16.92236122400964,1.1979421270730013,13.260477060313258,8.208611014138894,21.68216462229347,3.0680281193032255,0.0,1,16.92236122400964,1
p255,0.0,0.5859622741745045,4.336204889568022,1.0400010897030445,14.831653760919192,9.069252875365747,-14.162899142512064,1.774860149773607,0.0,1,4.336204889568022,1
p258,2.0,0.4845879827630039,7.248443782944369,0.0,7.038866668564806,8.913445593268024,1.8745789247032185,0.0,0.0,1,7.248443782944369,0
p259,1.0,0.8225721567421533,6.189021712911129,0.0,9.105748831587949,8.42226440606295,-0.6834844255249983,0.0,0.0,1,6.189021712911129,0
p260,1.0,0.6807338671796997,0.9652946151298104,1.0384889129890509,8.96757330831748,8.643279111065363,25.70501755001475,0.0,3.2527374695692104,0,0.9652946151298104,1
p261,3.0,0.1031600484347032,20.0,1.2477141942547634,13.384689017696402,8.912714010302635,-13.675420279455407,0.0,1.3912339566018097,0,27.071445861808584,1
p263,0.0,0.41096174671579316,20.0,1.5698780110417474,13.00492605955831,10.148583557453199,-21.499296000427577,0.0,2.665154601231462,0,23.09910515631011,0
p264,2.0,0.6610963907283812,1.898993740765442,1.2260341031847668,2.621095874099977,8.991008542308641,-6.782559692747798,1.8545466597298312,0.0,1,1.898993740765442,1
p265,2.0,0.7741330167494292,12.963655844121492,0.0,8.341458230288719,6.950833672726895,-1.3906245575618241,0.0,0.0,1,12.963655844121492,0
p266,0.0,0.7929987007686615,20.0,1.6275713820640836,9.92718932689872,8.360045094869959,22.32300523951851,2.0524262908457005,0.0,1,27.008130390213765,0
p267,0.0,0.26470766224368875,8.848524435655635,1.3005291418931575,10.899980912084498,11.07290905828299,3.8013882754884616,0.0,1.7687239144387437,0,8.848524435655635,1
p270,2.0,0.7033034031759954,14.071207355435822,0.0,6.323745518947548,10.770154037842268,4.44640851889472,0.0,0.0,1,14.071207355435822,0
p271,0.0,0.18928363646345397,10.384167434131118,1.2003181779160947,11.796592224542763,6.96666250387979,-2.7387431761175414,0.0,1.480564882988187,0,10.384167434131118,1
p273,2.0,0.38438105940776474,18.751653395242027,1.534447034420271,11.196732739508807,13.285674208321158,-16.741904743160916,0.0,2.4925273302086977,0,18.751653395242027,1
p275,4.0,0.6962831085801484,2.3605941070742325,0.0,6.651243619667,6.316519040594438,-0.3347245790725628,0.0,0.0,1,2.3605941070742325,0
p276,2.0,0.7058091735956443,13.637226470940751,1.8452533226847028,4.982199499276718,10.409913888041775,13.86513556395115,2.6143799085017876,0.0,1,13.637226470940751,1
p277,3.0,0.2931672646624808,13.945934781211173,1.3682866902457884,11.114610386972243,12.774403384636964,-3.821084288749365,0.0,1.9357998318971725,0,13.945934781211173,1
p278,4.0,0.18847046200934484,8.729103277137959,1.096478367866782,15.096503078406458,6.559804190049243,4.083790800408972,5.817773014279638,0.0,1,8.729103277137959,1
p279,2.0,0.2603016187934976,9.758377806513016,1.350349579521368,9.52279315782474,11.173412402241082,1.2205498548105103,0.0,1.8255408066715637,0,9.758377806513016,1
p280,0.0,0.8607760069969362,2.5328920844880565,1.0305566662985728,8.18931763961723,8.744149495290934,-6.881542623595561,1.1972413937209576,0.0,1,2.5328920844880565,1
p281,1.0,0.17447115174834943,5.5843102126034685,1.0700767467202859,11.522206805629265,11.056866916849605,-34.029947078216615,6.133258914136842,0.0,1,5.5843102126034685,1
p282,3.0,0.6175224009929612,19.930730101386093,0.0,14.102976866424546,11.308138174143686,-2.7948386922808606,0.0,0.0,0,19.930730101386093,0
p283,0.0,0.7297481340304399,3.151638389680007,1.1201078500312334,5.831782041211951,6.922690915495991,-4.697369766069975,1.5349238974340569,0.0,1,3.151638389680007,1
p284,4.0,0.7295000646012864,8.94454631864289,0.0,6.667421058225716,7.7314418722464975,1.0640208140207816,0.0,0.0,0,8.94454631864289,0
p285,1.0,0.8760525384656567,1.2232700144407167,0.0,4.106560439616324,8.27643561524562,4.169875175629297,0.0,0.0,0,1.2232700144407167,0
p286,0.0,0.6203810468348459,20.0,2.373081103281596,8.406757042848863,7.856424242733087,45.9012638482104,3.8251992310031735,0.0,1,30.170820985336682,0
p287,0.0,0.15253014420120442,17.15878243243258,1.3131816305473722,13.304642220459124,13.520039996003835,-5.75671567874093,0.0,1.5495319645435799,0,17.15878243243258,1
p288,2.0,0.771210331173387,0.6079845489436366,0.0,4.33073436748566,11.272334451365502,6.941600083879842,0.0,0.0,1,0.6079845489436366,0
p290,0.0,0.2099501067908944,8.041674386652703,1.3164573553184424,10.873298024334398,11.909608750071833,5.754635223166362,0.0,1.6662964790376986,0,8.041674386652703,1
p291,0.0,0.682267718295248,2.678052556896233,1.0641055429745203,4.606007856387011,7.238212426822395,-4.480093526509758,1.559659814527578,0.0,1,2.678052556896233,1
p292,4.0,0.1661015201780736,19.37749409511391,1.1834974968353746,10.995695355765818,10.594291667906555,62.18019144537108,7.125145486727481,0.0,1,19.37749409511391,1
p293,1.0,0.37075144571532337,11.77749742477357,1.1008061573640937,13.386993144094845,10.497627370439654,0.9107241591524846,2.969121685392788,0.0,1,11.77749742477357,1
p294,4.0,0.13852354332414202,20.0,1.239822894604712,15.98798337100121,10.24577975793196,-11.516232643834886,0.0,1.4391837234748854,0,28.580582795272022,1
p297,4.0,0.46723745237141084,4.167310492286153,1.0368242936202312,10.719365671951037,8.533072324535313,-11.874146718034927,2.2190521936072263,0.0,1,4.167310492286153,1
p298,3.0,0.7712970632988548,8.209536298811713,1.128361827224578,9.220383706506201,13.370909923655738,-3.4002570691355274,1.462940650128433,0.0,1,8.209536298811713,1
p299,3.0,0.4848529317359293,6.095461662120019,1.2210998522051835,10.120388867097585,9.040570443642192,8.46083184501381,0.0,2.3703907630106764,0,6.095461662120019,1
p300,3.0,0.27722265448174244,0.8299657291298005,1.0279060250482157,13.52684208704373,11.986230873971843,16.51639595313058,0.0,1.4221613771128505,0,0.8299657291298005,1
p301,2.0,0.6471212148017865,3.8506307022586985,0.0,10.757454045696747,10.593204502871684,-0.164249542825063,0.0,0.0,0,3.8506307022586985,0
p302,2.0,0.5975111251754527,4.392701623844103,1.1995239367111192,2.650906386840793,11.119633121310844,-5.035817385035543,2.0075340628325407,0.0,1,4.392701623844103,1
p304,4.0,0.3786021905402466,15.88107220287783,1.1893900909878887,8.902080655835725,12.711732071328411,13.766228111618306,3.1415298714745625,0.0,1,15.88107220287783,1
p305,0.0,0.2363612235159464,20.0,1.695463430830229,9.664431066397494,10.402872774329287,-22.209029928370015,0.0,2.2202427155892783,0,22.90066626352911,1
p306,1.0,0.6960479757624844,8.26535576616973,1.6000917160658905,2.8408618832938943,10.622024619493514,2.3635960726616965,2.2988238911449645,0.0,1,8.26535576616973,1
p307,3.0,0.44525598976569725,0.2562906516369697,0.0,7.782395739641921,11.93533854455728,4.15294280491536,0.0,0.0,1,0.2562906516369697,0
p308,3.0,0.36785137158946823,10.951884410519359,1.2693845096188567,10.231181417404661,11.071011376814885,-0.6073759260095233,0.0,2.008047558072829,0,10.951884410519359,1
p309,2.0,0.49409530528603746,18.415585453728472,1.3162669915833398,12.87280882059826,12.12417734944122,16.011642770791397,2.6639941272490693,0.0,1,18.415585453728472,1
p310,4.0,0.8325316370772843,5.177880153134071,0.0,5.305363683271452,9.296940402841544,3.9915767195700926,0.0,0.0,0,5.177880153134071,0
p311,1.0,0.6305240488436034,19.54478061114458,1.2213534024149888,13.30713424368622,11.374799517267276,13.893285604754585,1.9370449147102018,0.0,1,19.54478061114458,1
p312,4.0,0.2925131064174621,19.932704137915234,1.2443771941588537,13.182964877766505,10.844399816119278,36.323902990222294,4.254090387262622,0.0,1,19.932704137915234,1
p313,3.0,0.6560041713267537,3.4456764072970802,1.0737227331859012,6.889427932051789,7.455451619618045,-5.997024214593871,1.6367620513972054,0.0,1,3.4456764072970802,1
p315,3.0,0.3596084452920443,6.437903322442357,1.1381984059106305,11.51565854707536,10.970586640672863,8.479864259280294,0.0,1.7773476204408953,0,6.437903322442357,1
p316,0.0,0.6476204665441125,19.716212648629828,0.0,10.19426557789528,8.32455065003791,-1.8697149278573697,0.0,0.0,1,19.716212648629828,0
p317,2.0,0.6390040424320749,17.581365943895268,0.0,5.132297919291272,8.486450862218929,3.354152942927657,0.0,0.0,1,17.581365943895268,0
p318,3.0,0.4476361378781426,0.9692425195454359,0.0,3.7130990119677745,10.957657260099838,7.244558248132064,0.0,0.0,0,0.9692425195454359,0
p319,3.0,0.16675617015858668,4.650816503797531,1.1103088212898238,12.849986863490425,7.951432029134321,6.026952024011774,0.0,1.3325137031031393,0,4.650816503797531,1
p321,4.0,0.2204194335693929,4.638279600900235,1.0947360153468229,10.300643009460426,15.220749778929308,12.871553255256327,0.0,1.404262833743007,0,4.638279600900235,1
p322,4.0,0.51838360633534,10.124555946516667,1.223087796120195,12.750561411706347,10.01194035645928,3.930245036663357,0.0,2.5395476819499767,0,10.124555946516667,1
p324,0.0,0.16138627467106467,0.0939384367589049,0.0,11.411775239569945,9.552038467812322,-1.859736771757623,0.0,0.0,0,0.0939384367589049,0
p325,0.0,0.13160770848956735,20.0,1.3170684497238574,14.261921157280398,9.498073537325576,-13.466645514013718,0.0,1.5166745059804974,0,22.858629230767963,1
p326,0.0,0.6855580466186413,1.480405567699994,0.0,4.669400044824663,12.617529365213874,7.948129320389212,0.0,0.0,0,1.480405567699994,0
p327,0.0,0.2355411207273159,19.4698374882937,1.2455571656835724,10.584563829764281,9.64822001809022,-15.41340278045758,0.0,1.6293318050914805,0,19.4698374882937,1
p329,4.0,0.7416523031267174,2.439870803744775,0.0,5.518622521714051,10.411412760693478,4.892790238979427,0.0,0.0,0,2.439870803744775,0
p330,0.0,0.6112840587033225,2.493068677337872,0.0,2.616439025223277,8.526583212485844,5.910144187262567,0.0,0.0,1,2.493068677337872,0
p334,4.0,0.5032014544825633,0.042837742669757546,1.0013213155841114,11.19609565107279,12.63732919497999,23.921160231814625,0.0,2.0155480015369065,0,0.042837742669757546,1
p335,2.0,0.3835882783982328,5.04758060414182,1.0371607779165017,15.548375094729764,14.79276422798013,-27.10501411349353,2.7038385590076466,0.0,1,5.04758060414182,1
p336,4.0,0.5154647764862975,1.1675216874184553,1.0569424939843513,6.251649145609192,11.69578951598545,-16.143704548754926,2.050465021468732,0.0,1,1.1675216874184553,1
p337,1.0,0.634131789196788,6.478116615954872,0.0,4.781634331006446,12.443261248440136,7.66162691743369,0.0,0.0,1,6.478116615954872,0
p339,0.0,0.6495411058897325,2.597699277147213,0.0,8.868551189397625,14.774237285173918,5.905686095776293,0.0,0.0,0,2.597699277147213,0
p340,1.0,0.7795789069755005,1.250339147932913,0.0,4.851713598891268,6.759336166586587,1.9076225676953191,0.0,0.0,0,1.250339147932913,0
p344,1.0,0.675942871560579,1.698810745131279,1.1292440616182444,5.804251142549792,9.317090608516763,-9.214415539492325,1.6706205644437215,0.0,1,1.698810745131279,1
p346,0.0,0.2514824285101996,8.826177727489412,1.1216534600469172,10.785601164757631,13.538933676221378,5.689528215907366,0.0,1.4984998385735306,0,8.826177727489412,1
p348,2.0,0.6236261938997252,3.575425821091399,0.0,7.3906871217145085,9.545241920851822,2.1545547991373137,0.0,0.0,1,3.575425821091399,0
p349,2.0,0.5661723143941685,4.195831325365264,1.1102586572003477,10.35017379273266,8.939556682767787,14.339673225305866,0.0,2.5592157763050416,0,4.195831325365264,1
p350,4.0,0.9250244246166551,5.525382692988944,1.4999497406785922,5.484825471526265,8.944129261136844,-2.084277430381934,1.6215244708810745,0.0,1,5.525382692988944,1
p351,1.0,0.2846871809756922,2.7987779757043367,1.0937029300395535,6.519949078596224,11.894666168394435,11.06433375843654,0.0,1.5289855024985748,0,2.7987779757043367,1
p352,2.0,0.18544716646661694,8.762979393441455,0.0,13.38965027019813,12.07180922702375,-1.317841043174381,0.0,0.0,0,8.762979393441455,0
p353,4.0,0.5992943757663435,5.617994959164841,1.1373377386102752,11.534481264669514,11.573027494225588,16.831530276362358,0.0,2.838337347486491,0,5.617994959164841,1
p354,1.0,0.3225619962264412,20.0,1.3396946709459578,13.549195029418842,14.556039047345953,23.617212140737795,4.153293588887269,0.0,1,32.97457796594531,1
p355,2.0,0.5684345338316427,10.008993535095026,1.35435287532835,10.179237926878606,10.314866358092502,-0.5931445631343415,2.382601328246321,0.0,1,10.008993535095026,1
p356,3.0,0.8073411664407609,10.986682304772541,0.0,2.5344482681012797,10.84654196810797,8.312093700006692,0.0,0.0,0,10.986682304772541,0
p357,0.0,0.6662405350921949,20.0,1.6140127311927415,10.308248064296043,8.890926026360631,25.495160587779765,2.422567595604781,0.0,1,27.14561466312184,0
p360,4.0,0.5860072246292554,6.936467231361248,1.1758937235454996,6.96866995881561,8.336871128534263,-1.441877074890408,2.0066198403772977,0.0,1,6.936467231361248,1
p362,1.0,0.456405841298131,16.190275091683084,1.336809859947885,9.91868851739643,7.1370629435488135,-18.204747099002358,0.0,2.459205711739538,0,16.190275091683084,1
p364,3.0,0.8504556781465052,8.014013068966305,0.0,6.820487599176641,8.231002939544112,1.4105153403674713,0.0,0.0,1,8.014013068966305,0
p366,4.0,0.4211859234036299,15.077832170276263,1.7464700941907674,10.57878964537622,10.427188220956717,-13.726674215383694,0.0,3.017324845416035,0,15.077832170276263,1
p367,2.0,0.2886750350763257,4.2258666280288315,1.1797205813407043,9.31532337058503,11.553594044427525,10.679049731387613,0.0,1.6584833086341755,0,4.2258666280288315,1
p368,2.0,0.33534943523943567,7.004681911740835,1.0645104238640362,12.128911130186262,11.808798785524962,7.886900041266442,0.0,1.6016091466762217,0,7.004681911740835,1
p369,4.0,0.6329581142967972,6.649853830087044,1.186055577394102,8.794569919185383,11.109111650983593,-6.041347054600406,1.8738294850865198,0.0,1,6.649853830087044,1
p370,2.0,0.38993983790514075,19.747194250699142,0.0,10.926773207190115,8.819405023171722,-2.1073681840183927,0.0,0.0,0,19.747194250699142,0
p371,3.0,0.8184730385322644,20.0,2.613881990666203,7.986944831050388,6.9590586000589925,40.61976770733118,3.1936079352761273,0.0,1,22.329827647881768,0
p372,1.0,0.5308391485020358,20.0,1.533752671287393,7.78212278507377,9.116146446250601,32.78072368145596,2.889298341343999,0.0,1,29.482062798484915,0
p373,3.0,0.2119586189351713,11.820651845475167,1.4182734635136145,12.5465287641274,6.986807464575823,-4.253328010774778,0.0,1.7997449088234359,0,11.820651845475167,1
p374,1.0,0.5319066313536677,3.531341822265748,1.1761301392844832,6.631495013763808,10.38659241770131,11.544533976098645,0.0,2.5125973108435713,0,3.531341822265748,1
p377,2.0,0.6069082726259076,4.371363755903656,1.0858144231525346,8.479539743119306,12.007024995443672,-10.133411258983772,1.7890914856944455,0.0,1,4.371363755903656,1
p378,0.0,0.6446075696419249,14.512288988905887,1.2007973251146231,9.551772699579296,8.876940350038902,9.822890436120936,1.862834663548332,0.0,1,14.512288988905887,1
p379,3.0,0.5768473886542949,11.0916727090149,0.0,5.608482444912363,10.315521027523486,4.707038582611123,0.0,0.0,1,11.0916727090149,0
p380,4.0,0.34683484731662184,10.659891138867565,0.0,12.539843006403592,9.883672282380186,-2.656170724023406,0.0,0.0,0,10.659891138867565,0
p381,4.0,0.18780754933020904,7.916208648004938,1.0629823167705637,14.575837044376133,9.659689024256881,3.7998492977181524,0.0,1.3087813311905987,0,7.916208648004938,1
p382,3.0,0.6726715761745535,19.87027993556592,5.417540502758865,2.331282823068842,11.273053392777811,78.18183460188096,8.053767536259107,0.0,1,19.87027993556592,1
p383,2.0,0.5393220669204043,1.219531359541386,1.020684201058167,8.873525613595042,13.54709390528305,-18.65673673336468,1.8925318722565905,0.0,1,1.219531359541386,1
p384,4.0,0.4331165348577471,3.5674679561697333,1.0336946370979454,9.996562578012497,7.2712805201545425,-11.564961165155388,2.386643210094605,0.0,1,3.5674679561697333,1
p385,1.0,0.14792752172551304,19.38259194359336,1.1205113341033424,14.819234375634958,8.209365413289355,78.02432770148268,7.574732010872916,0.0,1,19.38259194359336,1
p387,3.0,0.5947414083568924,20.0,1.4906308851240413,9.598512564198185,13.225648594990123,20.60604028918103,2.506351271626178,0.0,1,27.5912059517114,0
p388,0.0,0.6811887162408583,9.188979592550918,1.5488310098120017,4.53176144896832,8.856758240642565,5.080374442080575,2.2737179475890756,0.0,1,9.188979592550918,1
p389,0.0,0.6393115193312702,20.0,3.3913983364951634,4.839604555165807,9.798746474064448,-137.5875227178381,0.0,9.402569026344798,0,25.04262311331909,0
p391,4.0,0.13156918479149343,14.625283653413959,1.2352272388979932,12.450968812267083,6.076767974209789,-9.466874279268545,0.0,1.4223668912547978,0,14.625283653413959,1
p392,1.0,0.3007777997955262,0.08787043299735313,1.0019811144940356,10.811889954133619,11.427995339691009,-37.161253848518264,3.331300099858431,0.0,1,0.08787043299735313,1
p395,2.0,0.1447925085437838,20.0,1.457026479314554,13.718179361469574,15.349599221796218,-9.070987567207078,0.0,1.7037110804929716,0,21.263390556765998,1
p396,3.0,0.7165388725745659,7.50318335846759,0.0,5.101392211861509,8.173521139157797,3.072128927296288,0.0,0.0,1,7.50318335846759,0
p398,3.0,0.22354870309574945,0.4775956477625023,1.0131470001658718,10.40793066131912,12.303188216986241,14.852785181340835,0.0,1.3048429492040758,0,0.4775956477625023,1
p399,0.0,0.3050782686430446,6.1357008741904595,1.0852956615902234,13.10027047031933,12.457648789818498,10.234311399088325,0.0,1.5617523709770813,0,6.1357008741904595,1
p400,1.0,0.5374198239896912,2.102050302766466,0.0,9.434254377063697,10.235326100467862,0.8010717234041653,0.0,0.0,1,2.102050302766466,0
p401,1.0,0.23175626595452908,8.125682288266342,1.1481031707113911,12.491446197275794,13.557944060589682,7.590921251861093,0.0,1.4944517212859392,0,8.125682288266342,1
p402,4.0,0.8016791015513236,20.0,2.5256933411533122,4.47814423783098,12.472648609756963,31.7094562099724,3.1505041559220652,0.0,1,27.56840432499859,0
p404,3.0,0.6441115715944175,1.3076924498234066,0.0,4.556679540216177,11.386652826939898,6.829973286723721,0.0,0.0,0,1.3076924498234066,0
p405,3.0,0.32328425051742127,14.302332418627596,1.1464161920089593,9.200884644848598,11.059021412286594,13.359421619512258,3.5461554040263423,0.0,1,14.302332418627596,1
p406,3.0,0.7342135020163064,0.8510194123569422,1.049886222371327,2.179814548889205,6.290939557032017,-3.6676712071408346,1.4299467654682407,0.0,1,0.8510194123569422,1
p407,2.0,0.5080194491933742,11.832837500078757,0.0,8.762840709093009,10.580303621565916,1.817462912472907,0.0,0.0,1,11.832837500078757,0
p408,4.0,0.8598110182512219,2.561383446121394,1.177689612231398,5.946492724965306,9.524657975093977,32.01555015892761,0.0,8.400728770124351,0,2.561383446121394,1
p409,0.0,0.7320322507064392,7.27093457655279,1.3846668079657416,3.598646733741056,7.743694574335081,3.2508043473170996,1.891537984329905,0.0,1,7.27093457655279,1
p410,1.0,0.5772848638280395,9.834991593255427,1.4802364860768538,7.803955925074154,10.038800088100825,-4.8773049967857505,0.0,3.501735233523063,0,9.834991593255427,1
p411,2.0,0.3581776587497287,15.090485606880456,1.1948770526675478,12.481903108335072,7.238017717425976,20.951868193135564,3.335989901878415,0.0,1,15.090485606880456,1
p413,1.0,0.6293658810858771,7.725706211980641,0.0,6.109064514075805,11.459567977415,5.350503463339195,0.0,0.0,0,7.725706211980641,0
p414,2.0,0.3285197795321965,2.524351067207975,1.0583717885676727,11.126367869227103,12.873333345894041,15.305267911397682,0.0,1.5761771624938283,0,2.524351067207975,1
p415,4.0,0.860997052187966,1.9312329873396175,1.0805137251876609,6.783519769247923,9.130396527764178,-6.6877593015397645,1.254956358377603,0.0,1,1.9312329873396175,1
p416,0.0,0.6285165002406488,8.684364117849197,1.203191629436316,4.732175247836326,11.267293705959839,1.5905239110460618,1.9143357874863007,0.0,1,8.684364117849197,1
p418,1.0,0.7152718998360331,19.77908045614172,0.0,8.224250358808208,9.376459304414615,1.1522089456064073,0.0,0.0,1,19.77908045614172,0
p420,1.0,0.5838248113364899,13.64040618096212,1.1710060959723596,10.958453742680586,10.517086180179712,5.823228750588366,2.0057491104081313,0.0,1,13.64040618096212,1
p421,4.0,0.6448010373418175,14.065159005943583,1.6628273403688454,9.323343702825948,13.039083108913045,6.361806884374038,2.5788223716633984,0.0,1,14.065159005943583,1
p422,3.0,0.6729968162399526,20.0,4.5496675351927465,4.384674034923203,11.07640410028391,67.01801034250538,6.7603106365522425,0.0,1,35.42324676912703,1
p423,3.0,0.4347184985216874,5.086386237157562,0.0,10.509206951279575,12.756497074628973,2.247290123349398,0.0,0.0,0,5.086386237157562,0
p425,3.0,0.5129881859082228,7.557048067833941,0.0,10.632380718458885,10.358903158482688,-0.2734775599761967,0.0,0.0,0,7.557048067833941,0
p427,2.0,0.44722504138840413,13.028422899029124,1.2293625028722845,9.15998952621327,9.237654683146522,10.497985734731232,2.748867771481993,0.0,1,13.028422899029124,1
p429,2.0,0.566987810114321,1.9807929785565983,0.0,4.204492671610684,10.565757425996116,6.361264754385433,0.0,0.0,0,1.9807929785565983,0
p432,3.0,0.3051728623912685,0.31357321263067783,1.0087169238915823,11.555651049380575,14.326018532112698,19.09108030443235,0.0,1.4517523413997788,0,0.31357321263067783,1
p433,3.0,0.4557382070868499,8.943860879490932,1.4244378329778173,7.743636005687636,9.93048823160097,-0.9543672030228745,0.0,2.617192409104345,0,8.943860879490932,1
p434,0.0,0.36387661524659753,20.0,1.401806358606483,14.826837064974818,9.23783525932193,-16.988948530197334,0.0,2.2036705334294586,0,20.091175431061927,0
p435,1.0,0.7282998460913817,20.0,1.6759378493140142,10.489704650423317,8.432832452384641,24.561084686676843,2.301164634742666,0.0,1,26.45560243421331,0
p437,4.0,0.8536812095665735,4.747360085216185,0.0,4.643125416846059,9.104699173045939,4.461573756199879,0.0,0.0,1,4.747360085216185,0
p439,2.0,0.5231915805938694,8.235980631232323,0.0,8.036114756979167,7.452883464692586,-0.5832312922865812,0.0,0.0,0,8.235980631232323,0
p441,2.0,0.2767470087018067,13.489887108873672,0.0,12.10801061193561,11.09614533191427,-1.0118652800213397,0.0,0.0,0,13.489887108873672,0
p442,0.0,0.5556717490578298,1.7773657807181285,0.0,12.188579921416787,11.719328776469792,-0.4692511449469947,0.0,0.0,1,1.7773657807181285,0
p443,1.0,0.24211087510932228,20.0,1.787776931221884,13.455624888831958,7.06246351120206,-21.830621117795104,0.0,2.358889806579245,0,24.39887607101944,0
p444,0.0,0.43752395733150334,20.0,1.5264213036461112,11.312900079733865,9.429514725639022,-25.45803276892125,0.0,2.71375345411063,0,26.442239826483608,1
p445,2.0,0.7646130375376499,10.58758243859268,1.2882805734013103,6.789402397472204,7.943336589099023,5.609168920778274,1.6848791612945455,0.0,1,10.58758243859268,1
p446,1.0,0.5450817358258747,20.0,1.5481110491911674,11.12766332438981,8.802820078808036,29.4767689099138,2.840144784608429,0.0,1,22.982023177522105,1
p448,4.0,0.3941658856752925,12.200504519128799,1.2453422692848604,14.113487112773438,11.337425550931007,1.156232820304242,0.0,2.0555829390244558,0,12.200504519128799,1
p449,0.0,0.5343281625892595,1.488440252012462,1.0797449436757824,14.67315531043855,9.472805388750016,25.370812589014697,0.0,2.3186820780905544,0,1.488440252012462,1
p450,1.0,0.5134420334620569,10.99918015579493,0.0,10.168590221010112,9.737342819435437,-0.4312474015746748,0.0,0.0,0,10.99918015579493,0
p452,0.0,0.7083145735435907,6.8179478133146425,1.2063652551472521,5.761189220375986,8.243558736691716,0.05434170274618033,1.703148996514344,0.0,1,6.8179478133146425,1
p453,3.0,0.615460747076901,0.9821060034641854,1.090526408309349,4.986287918072582,13.859113844197202,20.22840559285998,0.0,2.835930012397031,0,0.9821060034641854,1
p454,4.0,0.1477150175840222,3.879808966853467,1.100789416315149,10.171619234274383,11.47856515761484,9.433286636521714,0.0,1.291574343120225,0,3.879808966853467,1
p455,1.0,0.8128553305065921,12.758592153880683,0.0,3.835240814555073,10.036691896984548,6.201451082429475,0.0,0.0,1,12.758592153880683,0
p456,0.0,0.611400561652901,2.466366928083399,1.114733450287458,3.8949844581989903,10.272234660456906,-7.854764642923358,1.8232457086297291,0.0,1,2.466366928083399,1
p457,4.0,0.5043321950873315,0.40871179413410674,0.0,8.343412307544947,5.2359906353240815,-3.107421672220865,0.0,0.0,0,0.40871179413410674,0
p458,3.0,0.8428415995665857,8.963341312758024,0.0,6.469252550283173,8.086367271756005,1.6171147214728325,0.0,0.0,1,8.963341312758024,0
p459,4.0,0.7035150397779579,8.643207314083151,0.0,2.763470343110464,9.400557090521438,6.637086747410974,0.0,0.0,1,8.643207314083151,0
p460,2.0,0.6924731395477399,3.9235553243061307,1.1905200732526433,7.663536205065957,7.7070820133462306,-6.461203926750878,1.719229245527389,0.0,1,3.9235553243061307,1
p462,4.0,0.11297755399649112,5.872660271360262,1.1105328119799847,11.0705953363745,13.747423519437618,9.18452984297894,0.0,1.2519782526175123,0,5.872660271360262,1
p463,1.0,0.19422997797197947,4.021124338199026,1.0241221221878112,13.921224651874768,12.443753686585612,-45.887716658234716,5.272729435903843,0.0,1,4.021124338199026,1
p464,4.0,0.6586723670990076,1.9202537647784015,1.0608720687475313,10.075209185027125,9.138121811504005,-12.562342946944655,1.6106217927737472,0.0,1,1.9202537647784015,1
p466,3.0,0.7234033638731261,1.9182909455815522,1.082679554118511,3.806012131178012,8.43065180608745,-5.122066388166003,1.4966471102951582,0.0,1,1.9182909455815522,1
p467,3.0,0.4594048132006846,15.816018743100143,1.6027390771610888,11.615306929344076,13.588712008969475,-10.480729067703654,0.0,2.9647675678549317,0,15.816018743100143,1
p469,2.0,0.14656805603305634,4.5081012889430285,1.0401042758558645,15.31228656371214,9.484423589040437,7.339536465747635,0.0,1.218731362481261,0,4.5081012889430285,1
p470,4.0,0.5992172056752495,8.73144744652566,1.3950842755027704,3.7984781479258096,11.857744396501706,0.7806906767196136,2.3281779332932695,0.0,1,8.73144744652566,1
p472,1.0,0.4521600408572587,20.0,1.3841380517022046,9.853839828168091,13.19535889215879,24.171671741089796,3.0611684506175982,0.0,1,26.603260532996682,1
p474,0.0,0.5921666908649663,17.37821004132719,0.0,14.422886336070777,13.781064647392094,-0.6418216886786823,0.0,0.0,0,17.37821004132719,0
p475,1.0,0.6011204975435688,0.5946833365601966,0.0,2.51786253463015,11.091528484852422,8.57366595022227,0.0,0.0,0,0.5946833365601966,0
p476,4.0,0.5821585269877838,4.083994691858506,0.0,6.1648747172686,9.471061695910382,3.306186978641782,0.0,0.0,1,4.083994691858506,0
p478,1.0,0.5609500380553138,5.665951279380295,1.239390474395809,9.177305861205436,11.763886398321988,12.498754089447802,0.0,2.8228916565808837,0,5.665951279380295,1
p479,0.0,0.336998454533123,1.6685297394392227,1.052952659554315,10.330471896285648,11.790748422293962,15.216828216298067,0.0,1.5881601886958494,0,1.6685297394392227,1
p480,0.0,0.5900893126143955,14.028884471034727,0.0,11.360522088188633,9.102898845707694,-2.257623242480939,0.0,0.0,1,14.028884471034727,0
p481,1.0,0.46335456536310726,2.5675597186169763,1.060670309928337,7.719236090006916,10.861401484942668,-15.843363990949275,2.2891115987972275,0.0,1,2.5675597186169763,1
p483,4.0,0.21111171000702864,8.793029962108932,0.0,10.280676953804164,13.480789021970399,3.2001120681662343,0.0,0.0,1,8.793029962108932,0
p484,4.0,0.5834658261914163,0.4405596198679183,1.0459911594986786,7.861667796989623,11.947159782568045,22.72121033727323,0.0,2.511177294133275,0,0.4405596198679183,1
p486,2.0,0.7946178393625827,11.002132057011687,0.0,9.144102477158864,9.331789866473882,0.18768738931501794,0.0,0.0,1,11.002132057011687,0
p487,4.0,0.22850345882447642,18.445616141688664,1.8413610073475197,7.576048735018583,11.837939991625202,-21.68093093528732,0.0,2.3867391609324025,0,18.445616141688664,1
p488,2.0,0.4546277711627319,3.287512170194292,1.0833607710952857,8.352015361679797,8.342887206412598,-12.055895521471339,2.382962150166365,0.0,1,3.287512170194292,1
p489,2.0,0.3831899447366728,14.532811145492987,1.4353949304747307,9.64321998472827,11.672169264950377,-9.349747134283342,0.0,2.327126346638326,0,14.532811145492987,1
p490,0.0,0.5657240480863788,1.8660643421539063,0.0,3.8616642912853023,10.00603085709539,6.1443665658100866,0.0,0.0,1,1.8660643421539063,0
p491,2.0,0.1689264634498805,18.050546771990803,0.0,9.411753673832179,9.238507613656036,-0.17324606017614208,0.0,0.0,1,18.050546771990803,0
p492,2.0,0.810481653671473,3.6585687052146976,1.3030625350029172,7.033472859976361,8.98930558997898,25.160505251111726,0.0,6.875653783639917,0,3.6585687052146976,1
p493,0.0,0.4304150884449688,0.10020808964719571,0.0,6.260122905032023,12.388207433072214,6.128084528040191,0.0,0.0,1,0.10020808964719571,0
p494,4.0,0.18723271009887768,4.693199155605576,1.0229694208385651,15.116346192523027,8.696432552882785,-28.292081957513748,5.463625561464845,0.0,1,4.693199155605576,1
p496,3.0,0.6476261770980376,6.184649616110569,0.0,8.083445759763675,7.866592118346583,-0.2168536414170923,0.0,0.0,0,6.184649616110569,0
p497,4.0,0.38211672655508566,20.0,1.3724809434679042,10.833572235421832,8.96175877515327,37.77517050477379,3.591784520508417,0.0,1,21.57685755715113,1
p498,1.0,0.8108053707144751,1.9869071901411641,1.0732661955489478,6.437794034411897,11.33479273885985,-7.4768334403237295,1.323703855838047,0.0,1,1.9869071901411641,1
p499,0.0,0.7770375634497403,1.051343643123514,0.0,3.4556103109251586,7.8138897513400085,4.35827944041485,0.0,0.0,1,1.051343643123514,0
p500,3.0,0.409339029965704,0.0070803067959961516,0.0,9.525598649508407,14.651637197447135,5.1260385479387285,0.0,0.0,1,0.0070803067959961516,0
p501,4.0,0.4535069255114034,20.0,1.2347900926956141,11.973464966249496,6.83772424430354,30.701964914267073,2.722759065483258,0.0,1,20.005534369849276,1
p502,2.0,0.36558653718617085,8.105739525716906,1.2670848190581747,6.548981696239855,10.935556926847992,1.2773344463229894,0.0,1.9972539886499936,0,8.105739525716906,1
p503,1.0,0.5836036489120359,16.311917576445747,2.0876015799197716,4.3653936040633186,13.197696288747895,-51.06155146204995,0.0,5.013496334598676,0,16.311917576445747,1
p504,4.0,0.5491941936943879,5.636780401077509,1.1016548311870733,10.893058391794185,7.694926661908816,9.646875946457023,0.0,2.4437458785529373,0,5.636780401077509,1
p506,4.0,0.7293945609959407,4.055484778857575,1.1406683363431511,8.503149051087169,9.203118454739942,-7.350190352344363,1.563856378070112,0.0,1,4.055484778857575,1
p507,1.0,0.631866383155187,8.068796051004975,0.0,8.919302491441014,9.48392516028129,0.5646226688402756,0.0,0.0,1,8.068796051004975,0
p508,3.0,0.4800393797723218,9.303059904981168,1.221902814904587,7.914911672232796,14.747080662731443,-7.025161404872405,2.5454220349258097,0.0,1,9.303059904981168,1
p511,2.0,0.18429134428486735,20.0,1.5214494079808105,13.377831225214976,15.862767603713898,-9.866648579383698,0.0,1.865187278964147,0,39.32612602980633,0
p512,2.0,0.48732811613379984,6.595380877442904,0.0,8.690686609890513,7.594917204066597,-1.0957694058239156,0.0,0.0,1,6.595380877442904,0
p514,1.0,0.7613440926604204,5.747752970162146,1.34392970436215,7.176269648795798,9.564406163970098,-4.349045329218082,1.7652067144383536,0.0,1,5.747752970162146,1
p516,2.0,0.4084599518322315,4.618515471184928,1.1281466576083672,12.284391181585221,13.278443413852631,15.613911170163881,0.0,1.9071348780233557,0,4.618515471184928,1
p519,1.0,0.11320643177816259,20.0,1.155253500930822,12.107286916686226,11.67676091718398,84.50679548016178,10.204839802694579,0.0,1,25.616609421809454,1
p520,1.0,0.32888612305583076,0.584934707159549,1.015473993070958,10.181582839575139,8.81402503290873,-26.77582719421837,3.087615809495781,0.0,1,0.584934707159549,1
p521,4.0,0.38514998524813643,5.012950873831085,1.081984527618306,13.160064912879264,10.552629324771372,-18.169805058371132,2.8092550150851685,0.0,1,5.012950873831085,1
p522,3.0,0.567703085994051,6.015038514594952,1.036652908023501,10.720607863150521,10.130469401964953,-8.105111520899666,1.8260476886580888,0.0,1,6.015038514594952,1
p523,3.0,0.3257794943329329,2.6796852770806177,1.043350045040992,11.185516800345015,10.72803477661431,-26.233339494558788,3.202626510233122,0.0,1,2.6796852770806177,1
p524,4.0,0.4024801531618548,20.0,1.5759527366444726,13.072042201297158,8.246615351089515,-23.097847607439228,0.0,2.6374901938133664,0,26.817212810000015,1
p525,2.0,0.45021992910129716,6.409426161915271,0.0,9.873714156701254,8.040210564660871,-1.8335035920403833,0.0,0.0,1,6.409426161915271,0
p530,4.0,0.8108064257046501,5.668252922353493,1.1749419644265506,7.211810532655611,4.625748851458525,-1.075365981029814,1.44910292663929,0.0,1,5.668252922353493,1
p531,3.0,0.4010255339722547,0.1711523079910164,0.0,7.797786981088193,13.144911311474834,5.347124330386641,0.0,0.0,0,0.1711523079910164,0
p532,0.0,0.5579351501065959,0.6570577094411998,1.0093981880383427,9.646447353803778,12.26159485274038,-18.379404938263143,1.8091675848805957,0.0,1,0.6570577094411998,1
p534,1.0,0.514796172977682,11.671022303058038,0.0,8.321524749570896,9.072087057499248,0.7505623079283517,0.0,0.0,0,11.671022303058038,0
p535,1.0,0.45234285443633077,7.229233908094729,1.0792707015884013,11.310531374028663,12.050110352110034,-10.762826002952202,2.385957224710208,0.0,1,7.229233908094729,1
p536,4.0,0.6761857374333442,20.0,3.566414998086594,7.480364256141943,6.685224110173744,69.43115094660179,5.27431266389016,0.0,1,26.62252631794022,1
p537,2.0,0.20820477618109556,20.0,1.3051075961966065,11.054024691735085,13.708946367495704,-12.090633714043266,0.0,1.6482893012437574,0,23.565545436443198,0
p538,2.0,0.46599460494504125,11.43596632085428,1.8394202488101292,11.734899087698524,6.982030296871109,-3.7231732307113075,0.0,3.4445724066529695,0,11.43596632085428,1
p539,0.0,0.6329263077242602,20.0,1.863365758498526,10.93419610174757,7.225684885538138,33.89969226982498,2.944048518378726,0.0,1,20.026502538508268,0
p540,3.0,0.5699634902216046,15.140282527688637,1.9463763932146265,8.656761388337483,11.02169951284245,-26.9799481900176,0.0,4.52607243561163,0,15.140282527688637,1
p544,3.0,0.8171351912032195,10.553026888750688,1.2702565016049723,5.117514331708952,7.647515097373106,7.046689415497869,1.5545242883671897,0.0,1,10.553026888750688,1
p545,1.0,0.6207817509342649,2.756310413288404,1.2263367873074316,5.4475432419524195,7.780110277493942,11.035623465792652,0.0,3.233854885224297,0,2.756310413288404,1
p546,0.0,0.7856767720877056,13.837328717418044,0.0,8.019271096606577,12.190584391193994,4.171313294587417,0.0,0.0,1,13.837328717418044,0
p547,0.0,0.6491718129401791,2.2546705482259104,1.094604528850814,13.932881820149019,6.814621003789089,29.31844358374571,0.0,3.120058676083998,0,2.2546705482259104,1
p548,1.0,0.3901324585930512,20.0,1.31635890605333,9.337582193911311,11.747916050525424,30.253964810996017,3.374133264380418,0.0,1,21.54926048652075,1
p549,2.0,0.3392493831689361,0.29253909072673495,1.013121255990299,11.141067441360715,10.560206288852317,16.053061523118455,0.0,1.533288399864372,0,0.29253909072673495,1
p550,4.0,0.21660834300402437,11.937923549405538,1.5019330279533423,14.021623264216807,8.510584899448457,-1.5161305889914085,0.0,1.9172185643547874,0,11.937923549405538,1
p551,2.0,0.5286242149990176,0.3843097080520751,1.0221893617572315,5.797447133604668,7.102072236083943,-11.68536891619863,1.9336786563194637,0.0,1,0.3843097080520751,1
p553,3.0,0.3464221592288344,11.097213003469939,0.0,12.818012027847514,8.73575478453279,-4.082257243314723,0.0,0.0,0,11.097213003469939,0
p554,3.0,0.22014376666907848,0.8786532152611533,0.0,9.733475077561472,9.906877496253134,0.17340241869166206,0.0,0.0,0,0.8786532152611533,0
p556,4.0,0.5411664366309765,1.6661055240555922,1.124249669975901,3.299571497776799,12.180057191931462,12.882859819510355,0.0,2.450234158375435,0,1.6661055240555922,1
p558,3.0,0.2696709246232108,20.0,1.4072497671773823,9.026689329225107,11.090006501510835,-19.080834700137213,0.0,1.9268707964986305,0,29.049359652415973,0
p559,3.0,0.18795846355153334,20.0,1.1897342939013875,13.701003342567487,9.804244671204552,-13.125513610788696,0.0,1.4651150717053127,0,20.309434046365638,0
p560,0.0,0.7633836019875719,2.0889499788427868,1.0411006794609052,10.815842264196936,8.245644741682984,-10.966682702622233,1.363797541301987,0.0,1,2.0889499788427868,1
p561,0.0,0.6320412148471424,9.628764954308002,1.2390286838509998,8.450134463380365,9.512809045448119,1.289989975058627,1.9603605821032666,0.0,1,9.628764954308002,1
p562,1.0,0.47850462125066506,13.911727377142137,1.1253565267149583,11.42849736992182,16.345629801530972,-0.8069668916416974,2.3518195577163286,0.0,1,13.911727377142137,1
p563,2.0,0.7334191902002002,19.454818697351744,0.0,8.224637105963975,8.28797925215099,0.06334214618701495,0.0,0.0,0,19.454818697351744,0
p564,4.0,0.1259612180970133,4.204849439665249,0.0,12.856395839735443,10.46367581768383,-2.3927200220516127,0.0,0.0,0,4.204849439665249,0
p566,3.0,0.38823618384337,9.28672174003386,1.0894280954295137,13.565260662268795,13.32431430120384,-11.570819662648772,2.8060962392650977,0.0,1,9.28672174003386,1
p567,0.0,0.24518333760948557,6.441953910284994,1.168777866539283,11.868259765127243,10.405394895051822,6.939369071245485,0.0,1.5484261606490615,0,6.441953910284994,1
p568,0.0,0.12749209018558808,1.035705756377981,1.016222844362021,16.015003221357368,14.127421615962673,15.55902730803515,0.0,1.1647147641081879,0,1.035705756377981,1
p571,2.0,0.12913878892223332,3.8798525510479656,0.0,12.221367542802879,11.337717148064716,-0.8836503947381633,0.0,0.0,1,3.8798525510479656,0
p573,4.0,0.3323513200400395,5.735070080074187,1.3415184163701082,6.492861032854123,10.27248972458653,5.3022715867560315,0.0,2.0093178592827594,0,5.735070080074187,1
p575,1.0,0.7196395829834324,6.612143277353947,1.2763083684550127,3.3207682102646507,8.409066275972988,1.901386290929604,1.7735383081122094,0.0,1,6.612143277353947,1
p576,4.0,0.7714740220308663,20.0,1.522896205197879,6.682360299827909,9.37294325290059,23.668482312505283,1.9740084069051758,0.0,1,34.29498223342094,0
p577,2.0,0.9140145138114989,15.630279000153838,1.9480629066897042,4.878392967976069,9.335567044432462,17.873257392356518,2.1313260098750044,0.0,1,15.630279000153838,1
p579,1.0,0.4611332351355778,6.719593838205249,0.0,10.710963875471473,11.734553332809682,1.0235894573382094,0.0,0.0,0,6.719593838205249,0
p580,3.0,0.5606024847124081,3.172346027959965,0.0,8.651285991065167,12.48801394523766,3.836727954172492,0.0,0.0,1,3.172346027959965,0
p581,0.0,0.3804816047051317,14.143760754398608,1.1270617285638433,12.217780176139895,11.499570985123864,7.114403621682792,2.962197684792939,0.0,1,14.143760754398608,1
p582,4.0,0.14365552247726052,3.33357815463732,1.065867188828259,13.599147575361968,12.899978618145326,12.078088218355642,0.0,1.2446710603093203,0,3.33357815463732,1
p583,3.0,0.5669173469465019,6.173226186235941,0.0,6.49066901660785,11.557375408078165,5.066706391470316,0.0,0.0,0,6.173226186235941,0
p586,4.0,0.21412088991770617,20.0,1.2953684193914614,10.921966350922595,10.219389891104866,-15.665944169078388,0.0,1.648304940000016,0,21.021969543787847,1
p587,1.0,0.43998134886018314,0.30902097247026517,1.0138933300741506,8.747880627721925,8.965394738342924,15.495761541268354,0.0,1.8104635051181845,0,0.30902097247026517,1
p591,3.0,0.4392781160274703,2.3060531587351814,0.0,7.010608864146299,12.477752458702563,5.467143594556264,0.0,0.0,0,2.3060531587351814,0
p592,1.0,0.2940006332286168,5.997287324168406,0.0,12.519704394800849,11.237222639729934,-1.2824817550709149,0.0,0.0,0,5.997287324168406,0
p593,3.0,0.6950233098215192,20.0,2.80088929299174,10.879799344093477,8.829486179777977,-85.80973868669025,0.0,9.18394547252966,0,22.665907730291096,0
p594,4.0,0.7805366358942396,1.7493647905313177,0.0,5.16467408203331,8.166601905348468,3.0019278233151585,0.0,0.0,1,1.7493647905313177,0
p595,1.0,0.3357760570697417,11.892654932967883,1.603971514775989,11.877491842531715,9.351778367737419,-2.56232938633204,0.0,2.4148053255954394,0,11.892654932967883,1
p596,3.0,0.6684512634614651,16.696224599406083,1.5150943084709232,8.697825861007875,9.988444908397291,16.49429863907313,2.266574081445005,0.0,1,16.696224599406083,1
p597,0.0,0.6282309375240368,8.02867481351954,1.2784571079457416,14.09603634433698,9.250100829419624,16.018795465895856,0.0,3.438847491588681,0,8.02867481351954,1
p599,1.0,0.5083867297673318,2.9660196064736692,0.0,5.198740693314125,9.660257321448118,4.461516628133992,0.0,0.0,1,2.9660196064736692,0
p600,4.0,0.7842415333186091,3.0829130615267126,0.0,8.647521509068705,13.886570819078273,5.239049310009568,0.0,0.0,0,3.0829130615267126,0
p601,0.0,0.6888916959833566,7.656714168598068,0.0,9.92220620672664,8.730696445159916,-1.1915097615667243,0.0,0.0,0,7.656714168598068,0
p602,0.0,0.5441679529564278,9.701043438571036,1.7201200058823367,3.6179955574518408,11.265795846490649,2.7016032436376394,3.1610093842113276,0.0,1,9.701043438571036,1
p605,2.0,0.5976066978440007,1.2933409906998006,1.0210524834459784,7.652836552296228,9.625660556015523,-12.26352176637446,1.7085693435660156,0.0,1,1.2933409906998006,1
p606,2.0,0.6474115439386705,13.529230859707,1.1487152496604895,12.062447080565246,5.612385074821838,7.5969557953006985,1.7743199984850868,0.0,1,13.529230859707,1
p607,1.0,0.3317977970349459,20.0,1.6742957856792111,15.563681434975283,11.537412954702006,-15.142229254410063,0.0,2.5056723522457083,0,25.127122783389268,0
p609,4.0,0.16501540112265223,20.0,1.172918746780423,10.935477047627156,10.192449828975498,68.96840200142411,7.107935009706269,0.0,1,37.573430801315496,0
p610,3.0,0.7404151717868444,4.040133557849192,1.0878612718144918,8.133496058960635,10.628386693680332,-7.184956170802531,1.469258482628274,0.0,1,4.040133557849192,1
p611,0.0,0.5553490218511675,3.416399283455374,0.0,7.330768985308405,11.572009057183836,4.241240071875431,0.0,0.0,1,3.416399283455374,0
p612,4.0,0.5862465403491658,0.6913875373287274,1.0158857989065009,8.392396332998219,12.316043069662763,-16.220305781067086,1.7328644673987226,0.0,1,0.6913875373287274,1
p614,2.0,0.6711202038346804,12.476770865711524,1.1956608035323968,11.267765467226798,11.762978518975522,1.766898103066114,1.781589641766959,0.0,1,12.476770865711524,1
p615,0.0,0.5423154250019596,0.2531342122439683,0.0,10.173593396665481,9.900409342385611,-0.27318405427987,0.0,0.0,0,0.2531342122439683,0
p616,2.0,0.7980810857685235,10.949534905193005,1.445460820368074,7.286565862693215,7.228390228848085,6.681451369591818,1.811170376223297,0.0,1,10.949534905193005,1
p617,3.0,0.5563392463607052,0.9595179838752534,1.0304286077184495,8.308124611021865,8.532936937187344,17.292390274783443,0.0,2.3225597469822827,0,0.9595179838752534,1
p618,1.0,0.32574669364740705,0.14505991665638446,1.0049835171975232,8.899002500425267,11.197864319168698,-31.800904840304938,3.0851687424503287,0.0,1,0.14505991665638446,1
p619,4.0,0.26491124770160485,5.261589662207285,0.0,11.250990827490519,10.394708475393049,-0.8562823520974696,0.0,0.0,0,5.261589662207285,0
p620,3.0,0.8380557248508086,20.0,2.879371750126608,7.200863539411021,7.136938017001081,-227.63277237842905,0.0,17.780015671896905,0,20.008080602035612,1
p621,0.0,0.6692551589267385,3.7379312302840697,1.0660979003509463,7.579158298053544,7.187742475065783,-5.886833341422568,1.592961796604767,0.0,1,3.7379312302840697,1
p623,0.0,0.45598852975324994,2.44304568083567,1.0986229861706873,12.108309351702662,6.784017966639548,14.194563302685797,0.0,2.0194849672422888,0,2.44304568083567,1
p624,3.0,0.848495604034758,0.26219423822667587,1.0200297860261096,4.314086486422129,9.534027353633851,32.50001255487325,0.0,6.732674517643196,0,0.26219423822667587,1
p625,4.0,0.39339448808179356,1.0722808537934865,1.0372729276234567,13.809937051267351,10.718087246240234,18.689069879059634,0.0,1.7099629120470647,0,1.0722808537934865,1
p626,3.0,0.3595021937821613,20.0,1.5235771380208858,10.872085975944762,14.570249085926378,26.70955080360818,4.23801902845714,0.0,1,27.734430621301765,0
p628,2.0,0.7902464071469845,6.514342957260409,1.2919265062290897,5.093605666734762,9.28283234259645,-0.3368107559848763,1.6348400885406285,0.0,1,6.514342957260409,1
p629,4.0,0.4233248124648826,15.747339881531467,1.3587955613803362,9.627779019749049,13.514361987437187,11.05403538676272,3.209817901928573,0.0,1,15.747339881531467,1
p630,1.0,0.6856600626270247,6.444598899981348,1.2517396042892301,6.182556952426134,10.298348894198575,-2.9196061450126205,1.8255979493589567,0.0,1,6.444598899981348,1
p631,2.0,0.54794246654443,8.195189404413275,1.2553277691474987,7.816577205989323,8.737369263134946,-0.32133366604942926,2.2909846303101062,0.0,1,8.195189404413275,1
p632,1.0,0.6791158396474575,2.124563762392986,1.0434107998537945,11.674873909648314,9.379607537304373,-13.442099631430219,1.536425362122977,0.0,1,2.124563762392986,1
p635,0.0,0.5086567647906097,3.5090308746600924,1.343292138119177,6.462206741783104,10.956503652197709,-15.173448263565543,2.6408616401123606,0.0,1,3.5090308746600924,1
p637,1.0,0.619119660678121,20.0,1.6787975913493884,4.92856368017793,11.38329766822732,29.819682702665194,2.7115882404874747,0.0,1,23.42525881957418,1
p640,2.0,0.344902823123054,20.0,1.3410155553736014,8.983543071372981,11.53742126810746,-19.997341115216756,0.0,2.0470482894868267,0,28.07341281974454,1
p641,3.0,0.4584691513990319,20.0,5.628695014659822,4.312709864478713,3.295280929876924,-164.07179971966258,0.0,10.394043163379187,0,22.055044972783232,0
p643,2.0,0.7301460133278346,20.0,1.505188266532032,10.73233623871615,7.209604321839788,22.84453318852751,2.0614893994582486,0.0,1,23.79640097141459,1
p644,2.0,0.20755786369151838,20.0,1.2297117106759825,12.896378557814876,13.927930794703164,-9.99184754893979,0.0,1.551800004482953,0,22.063876934332207,0
p647,0.0,0.4050207251886355,20.0,1.1920071175472373,10.326525083939256,10.766394339195148,27.61508026002024,2.943076843764152,0.0,1,24.611460759906095,0
p648,3.0,0.5602699457130255,2.355451841179779,1.0980702195675398,3.396392705103784,11.709723332609887,-10.020058534421656,1.9598949184577175,0.0,1,2.355451841179779,1
p653,3.0,0.41520765198481585,20.0,1.1395344589078096,12.237438123442397,9.469754366022302,26.132500772704905,2.744492914474231,0.0,1,24.598470670434278,1
p654,0.0,0.47141000445398407,11.25672947063712,1.313947094898835,13.195774228284636,7.7442323677479115,-0.6315447972968622,0.0,2.4857585386979775,0,11.25672947063712,1
p655,2.0,0.21368324168989147,19.41152810016309,0.0,11.1116370683715,9.985077127150683,-1.1265599412208172,0.0,0.0,1,19.41152810016309,0
p656,4.0,0.521130784043293,3.453273108285971,1.0961633264993813,16.00688040779833,12.098238742400866,24.827396230687413,0.0,2.289066179185095,0,3.453273108285971,1
p657,0.0,0.28734328339870496,7.1395636421985955,1.0446077781453853,9.932563881207008,12.590345518561655,-17.157990903679845,3.6354000197594085,0.0,1,7.1395636421985955,1
p658,1.0,0.1719475272162039,11.247006165901619,1.2844596248740943,13.683740119814903,10.580875982565177,0.6769523396447723,0.0,1.551181437277666,0,11.247006165901619,1
p659,2.0,0.6768362791001102,20.0,2.1225308876445217,10.143305519230262,7.112377602850614,37.384128798100846,3.135959098508341,0.0,1,25.4625150821008,0
p660,2.0,0.5826683551105545,0.8632848902741357,0.0,9.875875735633056,9.750452857015267,-0.12542287861778867,0.0,0.0,0,0.8632848902741357,0
p662,0.0,0.3376713077956182,9.268050111202612,0.0,7.470819157689211,12.009125568041691,4.53830641035248,0.0,0.0,1,9.268050111202612,0
p663,3.0,0.34471298154991153,0.9455549618060869,1.0322321906278975,11.697263271990806,10.561376829885829,15.800599570183495,0.0,1.5752367459825085,0,0.9455549618060869,1
p664,1.0,0.20076818579919709,2.811898785005163,0.0,11.455668861546634,12.28292092855562,0.8272520670089865,0.0,0.0,0,2.811898785005163,0
p665,4.0,0.5091917020069994,1.3080777433569815,1.0372048811397352,9.820217456637064,8.650397128595461,16.81853254956886,0.0,2.113258649825286,0,1.3080777433569815,1
p666,3.0,0.31622257457123226,20.0,1.7871792720936226,9.178066423098274,12.020134068786035,47.94147588903928,5.651649868820617,0.0,1,23.339878323531508,1
p667,4.0,0.6610098680363633,0.3176824358949798,0.0,6.388015020057268,8.24755563302459,1.8595406129673213,0.0,0.0,1,0.3176824358949798,0
p668,4.0,0.18745916306806035,18.75790095324459,2.0078351875024207,12.810746038497898,13.64109122737253,-13.865416993914668,0.0,2.4710575718062056,0,18.75790095324459,1
p669,2.0,0.6085756027043103,4.167945425106585,1.2169339647914317,11.895582175960682,11.415133667858193,23.544685578214747,0.0,3.108988538269718,0,4.167945425106585,1
p672,0.0,0.567775156017929,11.586856068189464,1.19147225552325,10.673842963485544,10.251899613114347,-2.938757916516286,0.0,2.7566028934067317,0,11.586856068189464,1
p673,1.0,0.5561287224718098,11.730257382528471,1.167300126457861,10.527795499050347,13.14894100644253,-0.35663554703361555,2.0989747144682527,0.0,1,11.730257382528471,1
p674,1.0,0.27343079928579606,20.0,2.1609524213098625,12.239924237298508,10.91638563657259,-24.403452382474445,0.0,2.974186655841848,0,36.378426892000334,0
p675,4.0,0.648167427240015,20.0,1.639659391013159,12.729052456026771,11.743911689125003,19.900161645783914,2.5296849580903062,0.0,1,22.08533240616731,1
p677,0.0,0.43135593206686357,10.577423624476182,1.548471586073592,8.12138102525728,9.183856349684733,-5.625560994847028,0.0,2.7230945918452245,0,10.577423624476182,1
p678,4.0,0.16566410391864908,11.381539860873286,1.1817929950194004,14.624160334073348,7.083708040503883,-2.9474506275346117,0.0,1.4164475010244209,0,11.381539860873286,1
p680,0.0,0.5860454553401477,20.0,3.9094633320831647,4.919856986735412,5.966883338040333,-141.37263521170985,0.0,9.44418507422254,0,20.462030449536424,1
p681,0.0,0.8965102535799557,6.823343837119485,1.766666034800926,3.1065206729956074,7.379320463735058,-59.17682172796939,0.0,17.07092824085567,0,6.823343837119485,1
p682,3.0,0.6247511458359174,9.026063876054904,1.4941881075579537,9.078386115133696,9.285675493185929,0.4156291678338446,0.0,3.9818592141645817,0,9.026063876054904,1
p683,0.0,0.515114789589788,5.369456938469582,1.1458430738536254,7.561861071760112,9.463780800391113,-7.205667034762953,2.2244421962066325,0.0,1,5.369456938469582,1
p684,0.0,0.7838021817056284,20.0,2.975011198306237,7.246150723861713,9.34523049608627,-173.4015090744164,0.0,13.76059768676994,0,25.776936527422897,1
p685,1.0,0.6476913566274187,0.42805330371225486,1.049445241424134,3.813413998465312,14.144329350976976,20.415114927075358,0.0,2.978766661464792,0,0.42805330371225486,1
p686,4.0,0.41972840489405583,10.752806392099112,1.1158606444442485,8.58914771506377,10.61760153101457,-2.1322557312281267,0.0,1.9229971858962323,0,10.752806392099112,1
p688,0.0,0.5458958605898114,0.2847087447146528,0.0,5.841841562516159,14.148995745463212,8.307154182947054,0.0,0.0,0,0.2847087447146528,0
p689,2.0,0.710993800782286,1.9148087328624586,0.0,8.302760408994203,12.012465070516871,3.709704661522668,0.0,0.0,0,1.9148087328624586,0
p691,0.0,0.5525178044173601,2.8202934118292116,1.1434854567512112,7.408682342724205,12.492374954655837,16.80875355109408,0.0,2.555376432937956,0,2.8202934118292116,1
p692,4.0,0.6690433883573024,1.1942100543923015,0.0,7.85319012501877,9.386634404186937,1.533444279168167,0.0,0.0,1,1.1942100543923015,0
p693,4.0,0.6112133072826698,4.40124408105532,0.0,7.385678221195102,8.925719920717045,1.540041699521943,0.0,0.0,0,4.40124408105532,0
p694,4.0,0.37294735801439977,19.340564006111226,1.5635353637487368,11.973423082488127,10.452887430148909,35.739941810385766,4.192375492544359,0.0,1,19.340564006111226,1
p695,1.0,0.636051523281936,20.0,2.0738499762408873,10.726992214602626,11.208233300620106,-52.35818044101708,0.0,5.698196609976237,0,20.955779398183235,1
p697,2.0,0.3555548160443101,15.614134356429044,1.1406058386059712,8.874559640805439,10.80120508039219,17.366332895152286,3.207960593237545,0.0,1,15.614134356429044,1
p699,3.0,0.7639882569230945,1.004689153439387,1.0506867063319394,7.296222745939065,10.100127848279548,-9.704738110859674,1.3752655185611118,0.0,1,1.004689153439387,1
p701,0.0,0.27402344686206,3.5779436917829663,1.0535871408698796,12.175584518719004,12.178052799598545,12.479956400742472,0.0,1.4512688272312446,0,3.5779436917829663,1
p704,0.0,0.24656021338498776,5.581963746808887,1.080262733545375,11.669113859888384,13.247072652725768,10.30555924276732,0.0,1.4337744737355642,0,5.581963746808887,1
p705,4.0,0.5357903086657713,10.518834688516005,0.0,5.68016686322694,10.360874595959267,4.680707732732326,0.0,0.0,0,10.518834688516005,0
p706,4.0,0.6393389439162853,4.113737531497493,0.0,1.8469774874977336,8.490773137578032,6.643795650080298,0.0,0.0,0,4.113737531497493,0
p708,1.0,0.31351749454981026,20.0,1.8084766056533546,13.698583320645422,9.292647038416396,-21.00645349368107,0.0,2.6344103328130264,0,26.865582786345325,0
p709,4.0,0.683385790221021,1.0504021612435905,1.0443701584082672,9.752136646570019,10.72181039744641,29.67284480946863,0.0,3.2985574435756297,0,1.0504021612435905,1
p710,3.0,0.3593207015443949,20.0,1.1998640368506899,12.183445870033117,10.289781409789642,30.531247397814102,3.339256635349867,0.0,1,31.936581511471807,1
p712,4.0,0.16704017986212372,1.447921530350895,1.0268934678241592,14.53364500387919,10.568717814874603,12.167476357777776,0.0,1.2328247329555246,0,1.447921530350895,1
p713,3.0,0.47299791007402814,2.905717643764066,0.0,6.162004683356749,9.947730790129429,3.78572610677268,0.0,0.0,1,2.905717643764066,0
p715,1.0,0.4785932202480889,5.776622242340402,0.0,15.718894671440657,11.137309309845673,-4.581585361594984,0.0,0.0,0,5.776622242340402,0
p716,4.0,0.2500836324193712,2.051814228373868,1.0202887094879471,12.953110684936808,9.222475990027695,-32.985429037882085,4.079790027109814,0.0,1,2.051814228373868,1
p717,4.0,0.6598776463846358,11.673751349334763,0.0,6.530611436472946,14.428519757675762,7.897908321202816,0.0,0.0,0,11.673751349334763,0
p718,2.0,0.7046106514114998,3.811212740135191,1.2463341455306454,7.953720594395527,10.184632737084177,-9.042563428668148,1.7688267173281398,0.0,1,3.811212740135191,1
p719,1.0,0.7250512117410303,0.07408055230035965,0.0,9.038594569365172,5.917387089168675,-3.121207480196497,0.0,0.0,0,0.07408055230035965,0
p720,2.0,0.3402264019619884,6.206300360666878,1.0698987145039351,9.429836030145973,11.943207324179111,-15.527290306873915,3.1446669286514366,0.0,1,6.206300360666878,1
p723,3.0,0.2624994808329537,3.6821151461001733,1.069157898173232,12.010231624466156,6.718509234813598,6.781586412635661,0.0,1.4497046041144062,0,3.6821151461001733,1
p724,0.0,0.6370140677254679,8.689680864819179,1.2093480471875875,2.823278558558121,12.833075459332624,2.1437129075369574,1.8984636422641403,0.0,1,8.689680864819179,1
p726,4.0,0.6886265850101863,19.26074941370267,0.0,8.279113928999847,10.584004851929878,2.3048909229300314,0.0,0.0,1,19.26074941370267,0
p727,0.0,0.44787385884105935,7.647843153874888,1.3702871172850632,6.308962341989908,12.91622748753082,3.2843811316539244,0.0,2.48183705703331,0,7.647843153874888,1
p728,1.0,0.5451793616407773,2.9725301336148795,1.147068157461306,9.182236625914417,15.098123811350302,-19.596601688288384,2.104019774352936,0.0,1,2.9725301336148795,1
p729,3.0,0.7177570037987956,17.63868567165806,0.0,7.775558790957939,8.428159332957279,0.6526005419993393,0.0,0.0,1,17.63868567165806,0
p730,4.0,0.28552263635208774,3.008576134359723,0.0,10.12370738652571,9.971445015049088,-0.15226237147662225,0.0,0.0,0,3.008576134359723,0
p731,4.0,0.7337754869806231,20.0,2.053462869068874,4.77118579341782,8.392575466779967,36.10464334890482,2.798489327462502,0.0,1,22.989382746988696,0
p732,2.0,0.818954960758525,9.219343455777642,1.2093251703709922,7.923944523400944,8.565315823759052,1.6071534439642081,1.4766687160071685,0.0,1,9.219343455777642,1
p734,0.0,0.6788233900064747,10.016700513480918,0.0,7.447107023598467,8.806166888758506,1.359059865160039,0.0,0.0,1,10.016700513480918,0
p735,0.0,0.5554712812938846,5.574658463172622,1.2587985814238067,10.335440502082772,9.86739046755909,13.013341436631205,0.0,2.8317598581431973,0,5.574658463172622,1
p736,4.0,0.3513390359198388,13.198728960243693,1.5793129767086138,10.946160800273695,9.935887755986576,-6.494663693578029,0.0,2.4347279459743207,0,13.198728960243693,1
p737,0.0,0.5830811244808897,13.352433714217947,1.4529519102127029,3.407831033680913,12.835002089346435,10.71653412402217,2.4918520754830626,0.0,1,13.352433714217947,1
p738,0.0,0.6131147765975224,0.08808356834425606,1.0073052808404437,7.269187187458855,9.376417765512187,20.804154524077152,0.0,2.6036282078226125,0,0.08808356834425606,1
p740,1.0,0.8686609196671136,3.761327392607157,0.0,4.456418966069315,7.098677634352476,2.6422586682831604,0.0,0.0,1,3.761327392607157,0
p741,2.0,0.2750858038508297,2.783228050842797,0.0,16.26660508684229,11.116906219454341,-5.149698867387949,0.0,0.0,0,2.783228050842797,0
p742,2.0,0.9013658688630665,2.9763740336287925,1.1911343969161208,0.9493931719156481,7.7364903736024955,-17.691312030968025,0.0,12.076290257603342,0,2.9763740336287925,1
p743,3.0,0.8839929182642519,0.38640874035544637,0.0,4.656157981966029,9.022596255627874,4.366438273661846,0.0,0.0,0,0.38640874035544637,0
p744,4.0,0.6179517663388742,0.09232761778523232,1.004299997159276,6.24314475438755,11.55203155227212,-13.315512800546223,1.6252077457588092,0.0,1,0.09232761778523232,1
p745,0.0,0.07349490892414615,19.3176840704617,0.0,15.589205689064636,8.751581060154178,-6.837624628910458,0.0,0.0,0,19.3176840704617,0
p746,3.0,0.7609523916443777,12.041573585015984,1.316451338508705,8.341986654108291,10.705396510892763,4.675002693641226,1.7300048635945855,0.0,1,12.041573585015984,1
p747,3.0,0.6767185533152787,3.367061143344947,1.2838864839527229,7.042287445924891,7.69333973241434,-7.556866026239989,1.8972237094178923,0.0,1,3.367061143344947,1
p748,2.0,0.8369225642622893,8.183671641781263,1.587560774111736,5.883708926070211,11.196478921411732,-0.4022326361332782,1.8969028221996875,0.0,1,8.183671641781263,1
p749,2.0,0.3300499752854784,0.07110047774215235,1.004123756897311,8.950202194845753,11.735651790939832,16.09348250175833,0.0,1.4988039702292526,0,0.07110047774215235,1
p752,2.0,0.40685784519100515,8.91688306293787,0.0,8.69397193069008,14.656382983146434,5.962411052456355,0.0,0.0,0,8.91688306293787,0
p753,2.0,0.5239225448371391,16.879590321072364,1.1759380834782398,12.238171436194673,11.17928496323461,11.735382878094791,2.2444884173552397,0.0,1,16.879590321072364,1
p754,1.0,0.485720450764176,20.0,1.346730360322351,12.627515994184504,13.022506207713311,19.741103217931617,2.772644961116136,0.0,1,22.549226447450256,0
p755,0.0,0.3892884034016159,13.156666608387551,1.2104414421860117,15.047350791746283,10.112755566272785,-1.1872249407595037,0.0,1.9820181063010365,0,13.156666608387551,1
p757,1.0,0.23251823105306915,20.0,1.5156974308041768,12.972907771560212,9.338823549733638,-17.511867470390833,0.0,1.974896984046774,0,36.36388070043003,0
p758,1.0,0.5297906553521935,0.09298415712355451,0.0,4.39187319790878,12.29036315418179,7.89848995627301,0.0,0.0,0,0.09298415712355451,0
p759,0.0,0.2626009053988989,10.240298817941195,1.1978841043153607,12.861236026084594,7.597503797174996,-1.0060933966541485,0.0,1.6244718946439185,0,10.240298817941195,1
p760,2.0,0.21209993637458607,11.64866845183925,1.2948573047063516,10.97478469958607,12.53240530686706,0.450140941506016,0.0,1.643428354032926,0,11.64866845183925,1
p761,1.0,0.6559544462119372,3.812042831122411,0.0,3.3893693926158126,7.250918268078502,3.8615488754626894,0.0,0.0,0,3.812042831122411,0
p763,0.0,0.25687681300333154,20.0,1.7103888947712491,13.074521395808961,12.216940697283409,-16.79741665419914,0.0,2.3016222945266773,0,38.99731338929399,1
p764,3.0,0.5866355637337188,3.214486225896085,1.2507078940536938,4.272297273800809,9.707894669332005,8.63619355707275,0.0,3.02567851591377,0,3.214486225896085,1
p765,4.0,0.5115292116331405,3.91618928444359,0.0,13.305635975069974,12.05536270964205,-1.2502732654279232,0.0,0.0,0,3.91618928444359,0
p766,0.0,0.6798704011488067,16.82692866064501,1.4159982580539294,7.459825286094482,10.119687839919408,-38.77273883315297,0.0,4.423203175012041,0,16.82692866064501,1
p767,2.0,0.1730638592229597,18.26367492384079,1.5347692573579186,14.126583249453612,15.296692150318348,27.481979954464016,8.868225083208516,0.0,1,18.26367492384079,1
p768,1.0,0.6778303816568302,0.13293947760351735,0.0,3.049614868439725,8.562198971025317,5.512584102585592,0.0,0.0,0,0.13293947760351735,0
p771,1.0,0.49411769800971445,1.2695199952429033,0.0,7.6634301220171315,13.74688214400061,6.0834520219834785,0.0,0.0,0,1.2695199952429033,0
p772,0.0,0.08902562825114141,16.585291503774638,1.0977586018120973,12.742881900716199,9.63187145161398,-7.741259470647311,0.0,1.2050378538143247,0,16.585291503774638,1
p773,2.0,0.4458803317356452,6.280400845300429,1.1224827843940195,6.9974153918724715,16.21626932282954,-15.794228100752669,2.5174530126157713,0.0,1,6.280400845300429,1
p775,4.0,0.5515382893475695,3.409353096311676,0.0,5.331489795750101,8.615485572820345,3.2839957770702446,0.0,0.0,1,3.409353096311676,0
p777,2.0,0.48372578355117335,2.9134248409155004,0.0,4.945838228589795,9.451923167121006,4.5060849385312105,0.0,0.0,0,2.9134248409155004,0
p778,0.0,0.32893823974086084,0.46262350731024127,0.0,9.91813430358726,11.82447823204759,1.9063439284603287,0.0,0.0,0,0.46262350731024127,0
p779,0.0,0.5799672100174307,20.0,2.3929721144585705,9.530620977677051,10.017594712900229,41.67484966106322,4.126047254269169,0.0,1,24.70772484670239,1
p784,3.0,0.6248546850903669,7.517873663795594,1.5784515407468966,6.028596485950629,11.87764112295259,-0.4171987693293593,0.0,4.207573646833686,0,7.517873663795594,1
p785,3.0,0.5052467039586839,15.68134403150608,2.0826895474682083,2.734705009825524,8.51289936892681,35.3274119064541,4.122123966668209,0.0,1,15.68134403150608,1
p787,1.0,0.3981259793942021,3.1170082082530937,1.0557752711039328,12.116010086745643,10.777930061068588,-21.653789787621093,2.651862289194052,0.0,1,3.1170082082530937,1
p788,2.0,0.6064555722146745,20.0,1.4549368378277863,8.64270772004631,7.4270402309397765,28.94789793371574,2.3990823144960145,0.0,1,23.002771958499764,0
p789,0.0,0.5277317708128543,1.1507177681758873,1.00990517639321,12.24135131567503,7.664523480164312,-17.042111281349708,1.9136713615662633,0.0,1,1.1507177681758873,1
p790,0.0,0.5325311642183465,5.226953504677247,1.1313248029662084,10.933196090381365,9.036476866205696,-9.989782233365585,2.1244292897426504,0.0,1,5.226953504677247,1
p791,1.0,0.35068880226763205,15.755541341026804,0.0,6.217197940276129,7.659990539805064,1.4427925995289357,0.0,0.0,0,15.755541341026804,0
p792,3.0,0.25283607213259296,0.9279859862830591,1.020581040479266,11.52018392756103,9.293690036122578,12.241812182607196,0.0,1.3659399261849534,0,0.9279859862830591,1
p793,0.0,0.6234196493384612,3.480137266322788,1.0648883240435965,9.492220895713224,7.819338654113303,-9.08484767842116,1.7081404559089495,0.0,1,3.480137266322788,1
p794,1.0,0.7666902557127523,6.030394414756208,1.3682028550323078,5.939694578997562,7.092451976630238,0.6208645930048667,0.0,5.864319380281843,0,6.030394414756208,1
p795,4.0,0.2340311285392176,3.1027628720034146,1.0389900114110302,10.247748755877232,14.228280700075564,-45.411623566453144,4.439537671318464,0.0,1,3.1027628720034146,1
p796,0.0,0.1466920302741369,6.191517186821306,0.0,12.646730562162805,11.560277409304405,-1.0864531528584003,0.0,0.0,0,6.191517186821306,0
p797,0.0,0.38156919534815764,20.0,2.161336259415974,9.206045934840988,13.597545915869166,40.657153314630484,5.664336339949801,0.0,1,29.282309676941473,0
p798,3.0,0.7719022433603343,6.560729968372833,0.0,9.119619176609769,9.562022473068646,0.44240329645887755,0.0,0.0,0,6.560729968372833,0
p800,0.0,0.4290410756513236,0.6012305033253917,1.0249719706865246,8.391674163620069,12.47253268304478,18.066078910056984,0.0,1.7951763725486303,0,0.6012305033253917,1
p801,1.0,0.2635418693127245,3.6565099925157654,1.0974994122689103,11.202609325463126,13.539164744486985,13.58205497662096,0.0,1.4902400646248617,0,3.6565099925157654,1
p802,1.0,0.576737225959127,2.4436767148637126,1.094696571594127,12.118532989736467,9.31650300568243,22.22032644397994,0.0,2.5863284907933246,0,2.4436767148637126,1
p805,0.0,0.20441411121925204,0.3162754971714015,1.0083930306520286,10.405377287170522,10.878591306780374,13.260997304913651,0.0,1.2674848119760043,0,0.3162754971714015,1
p806,4.0,0.39662576851137465,19.77195008785396,1.5396029733467964,11.077952555720275,9.409395383850276,38.55631297116852,3.881752260134966,0.0,1,19.77195008785396,1
p807,4.0,0.8032203960328155,3.9628797136441456,1.1502684410746538,3.6816566611635464,7.074483086440867,-1.0632097741860367,1.4320707576101686,0.0,1,3.9628797136441456,1
p808,2.0,0.5794906327963169,13.66524785633537,2.212191583336938,9.419148842772884,10.36187992357429,-21.394903303615067,0.0,5.2607426989026225,0,13.66524785633537,1
p809,3.0,0.6595887696599126,2.121660691067737,1.1106962124639541,5.855966365065442,9.483819842011513,-8.769450207782004,1.6839222611940994,0.0,1,2.121660691067737,1
p811,3.0,0.3692797971766715,20.0,1.4894199923115177,12.821448644034685,13.939023000268623,-15.834281407302786,0.0,2.3614591472484037,0,24.277851881992834,0
p812,1.0,0.6920821256273268,1.653819359694624,0.0,5.80868721578096,11.069945925845857,5.261258710064897,0.0,0.0,1,1.653819359694624,0
p814,3.0,0.5326400821272063,15.800618520095846,1.1220530935757889,10.588966677850479,12.264826332915602,9.124316305233645,2.1065877901915346,0.0,1,15.800618520095846,1
p815,1.0,0.5851300354021007,4.847042860261757,1.1172895157278437,13.894633150547797,7.322060516027798,17.79356286949334,0.0,2.6931077471726454,0,4.847042860261757,1
p816,4.0,0.6899760480931324,5.715977614039981,1.2147225296881887,12.35193318235113,7.992239308507667,-8.367117568300301,1.7605285473970924,0.0,1,5.715977614039981,1
p817,1.0,0.4427472834816362,6.05834204580606,0.0,6.147696508975847,12.636030019862703,6.488333510886856,0.0,0.0,1,6.05834204580606,0
p819,4.0,0.3493049151130093,16.418898620291515,1.156460212897597,9.12269043815064,9.619424665229223,23.00807248041811,3.310747037508624,0.0,1,16.418898620291515,1
p820,2.0,0.12054491225121758,7.261200776490521,1.1745396713744514,13.132891207386871,14.286928415020846,8.995862725718322,0.0,1.335531157572836,0,7.261200776490521,1
p821,2.0,0.43628322151234045,20.0,2.213869889368765,5.4325831010506285,13.667623456977228,40.36796930090701,5.074386958303289,0.0,1,25.93886642010195,0
p822,3.0,0.8102176785018493,1.619220757659747,1.106987869100177,4.478995665664004,8.407311448201922,-5.346147424283951,1.366284516461153,0.0,1,1.619220757659747,1
p823,0.0,0.5578862286905817,19.78147481548195,0.0,13.927102843964612,13.78911715640812,-0.1379856875564922,0.0,0.0,1,19.78147481548195,0
p824,3.0,0.7888192564478725,3.9472479991867333,0.0,6.171128746727062,10.289038463860404,4.117909717133342,0.0,0.0,0,3.9472479991867333,0
p825,1.0,0.23181070921561414,14.32857008576897,1.206309568074379,7.054083266104562,11.952642184058414,17.26254576992658,5.203856077901707,0.0,1,14.32857008576897,1
p826,3.0,0.3229088085653659,20.0,1.9163983603381787,10.750860394035964,9.533696507016934,60.89822696238937,5.93479740875587,0.0,1,28.565292352912213,0
p827,2.0,0.17246141430527456,12.585033490468655,1.2039436736507583,10.510737042198334,12.01553605004904,-1.5129890800301227,0.0,1.4548489876638653,0,12.585033490468655,1
p828,0.0,0.6061467481598594,7.898027122986431,0.0,13.449908691651425,12.26507686005268,-1.1848318315987445,0.0,0.0,0,7.898027122986431,0
p829,1.0,0.5584562907811303,9.405679008900997,0.0,4.103336636471747,12.207221202785503,8.103884566313756,0.0,0.0,1,9.405679008900997,0
p830,2.0,0.3383491048369591,8.616257444895055,1.2266556784426959,12.11509743662266,15.715745764815404,-22.137938052475626,3.6254142863294603,0.0,1,8.616257444895055,1
p831,3.0,0.8518129382772867,4.167352675340595,1.0699497814481773,9.284051490483666,10.201550342986303,-6.661968640407105,1.256085383737012,0.0,1,4.167352675340595,1
p832,3.0,0.8600394268711855,7.591048414073686,1.2366217589216228,3.895486373933651,6.882193560419153,4.005945733647702,1.4378663585464215,0.0,1,7.591048414073686,1
p833,3.0,0.7020627739666936,1.5700394710882162,0.0,4.890028360325156,13.83088119250245,8.940852832177292,0.0,0.0,1,1.5700394710882162,0
p834,0.0,0.6979505146878971,0.24475004017413018,0.0,2.3275554267132152,13.45409679016067,11.126541363447455,0.0,0.0,1,0.24475004017413018,0
p836,2.0,0.43791618058846943,3.7567670606323493,1.0462205089691792,10.678569570067507,12.847865535313874,-19.55014281066049,2.3890884953446427,0.0,1,3.7567670606323493,1
p837,3.0,0.6916602108743503,20.0,2.0499349149903368,12.192661148683577,4.569897484556371,-59.52828176108669,0.0,6.64829836202223,0,21.725047089464606,1
p838,4.0,0.830873494512403,0.11521731837274327,0.0,6.572617394897546,10.432250657276036,3.85963326237849,0.0,0.0,1,0.11521731837274327,0
p840,0.0,0.4062398317403262,5.934944262760238,1.1311067221729616,10.50003924511587,11.156029212126585,-13.88124597552308,2.784332391354425,0.0,1,5.934944262760238,1
p841,2.0,0.562822576790689,4.4561321078089895,0.0,8.745535433302452,8.48900858270143,-0.25652685060102165,0.0,0.0,1,4.4561321078089895,0
p842,3.0,0.2863852246122955,4.385353066440108,1.0715022502461,10.53418593332933,12.466396874825403,-28.302786819803952,3.7414718294097944,0.0,1,4.385353066440108,1
p843,3.0,0.3541743316689521,12.014452779750851,0.0,12.830123686993295,11.937039690727635,-0.8930839962656592,0.0,0.0,1,12.014452779750851,0
p845,2.0,0.2734872780934798,4.649084735431523,1.0425219453305727,12.053281570042703,8.674238213443013,-18.722758294288063,3.8119577356509864,0.0,1,4.649084735431523,1
p846,2.0,0.4617433141721998,13.440716307661095,1.830136627554276,11.651744268234962,12.969416676345707,-4.765044892444405,0.0,3.4001187086782902,0,13.440716307661095,1
p847,2.0,0.46022053965934984,20.0,1.5994570500314063,7.1859891725688545,11.589434223403108,33.633645719600665,3.4754143116152676,0.0,1,34.08734653432714,0
p849,2.0,0.27283004927875654,5.296898147837082,0.0,10.980181379544709,7.272801041875582,-3.707380337669126,0.0,0.0,0,5.296898147837082,0
p850,1.0,0.07673811497663639,3.8823417770177757,1.044064416535843,12.781429057310886,12.87018456916408,10.152227772235358,0.0,1.1308431913762176,0,3.8823417770177757,1
p852,3.0,0.6909680654682043,0.3558521833713914,1.0180033705498883,8.152286416064216,8.914635376108858,-11.847307800443385,1.4733001732288205,0.0,1,0.3558521833713914,1
p853,3.0,0.2934781845672997,8.983830046883678,1.1786733686589,13.57360581213153,12.433307771753789,6.516714587463727,0.0,1.6682759723944778,0,8.983830046883678,1
p854,2.0,0.30592040126771886,0.3131563262363742,0.0,7.975512180838453,11.296337110660536,3.3208249298220833,0.0,0.0,1,0.3131563262363742,0
p855,2.0,0.7630298875618017,3.0595520675933425,0.0,5.47925102483088,12.089176031102477,6.609925006271597,0.0,0.0,1,3.0595520675933425,0
p856,2.0,0.2642696845416778,5.473236848711261,1.0832856736223164,4.163775368857467,14.86398592226097,-27.794041837298096,4.09916739220791,0.0,1,5.473236848711261,1
p858,0.0,0.7740643726716748,7.196286738456709,4.059244880603907,2.0560918448144756,8.138364077485505,-86.26841213727351,0.0,17.966377983871894,0,7.196286738456709,1
p859,3.0,0.447716312404393,2.812479577202249,1.1280056331769754,8.656993084181751,10.853173046143615,14.133241126583954,0.0,2.0424388018552584,0,2.812479577202249,1
p860,0.0,0.3474241046774649,3.387139795949949,1.058638577554749,11.700706542216945,8.309620987626367,10.095564102189401,0.0,1.622245910617826,0,3.387139795949949,1
p862,4.0,0.26416308092163776,14.10914739767346,1.7095664167181461,4.961687770063635,13.354068680427055,13.278972982500845,6.471632639783142,0.0,1,14.10914739767346,1
p863,2.0,0.2217731477163799,0.711007253396179,1.0362997098807132,12.331961748473503,10.91426832729448,14.05696122026308,0.0,1.3316164905384684,0,0.711007253396179,1
p864,3.0,0.7178646322853209,2.9004419709019222,1.2170907554233772,7.996241455117392,11.773147274202776,25.759440281060172,0.0,4.313853896737292,0,2.9004419709019222,1
p866,3.0,0.48738505801717874,12.99520301721309,0.0,10.44487042415679,10.652538588559414,0.2076681644026248,0.0,0.0,0,12.99520301721309,0
p869,2.0,0.4572025453536394,3.0533612523861557,1.049390093558853,12.428472128403621,6.693270023672768,-14.089670479555139,2.2952411447035255,0.0,1,3.0533612523861557,1
p870,2.0,0.5606251169639095,20.0,1.6694138531942693,12.78675832941654,12.804250539851868,-27.389367025806163,0.0,3.799520449732086,0,35.02258130735417,0
p872,4.0,0.7671821554926594,0.19094772350238895,0.0,7.004645583445505,10.931254122854604,3.9266085394090986,0.0,0.0,0,0.19094772350238895,0
p873,2.0,0.11058991338441866,10.804512534247735,0.0,11.448855560985047,7.775314293978804,-3.673541267006243,0.0,0.0,0,10.804512534247735,0
p874,3.0,0.17751529279022316,18.788272882831695,1.2112692963788867,11.509839745450835,13.274905474168271,39.385332449410015,6.823464487706372,0.0,1,18.788272882831695,1
p875,4.0,0.44765153622947684,2.5063906478795683,1.1164270511799677,5.335836576474892,11.328898638341078,-16.009959893035496,2.4939645255850538,0.0,1,2.5063906478795683,1
p876,4.0,0.1611919322607305,20.0,1.180731971553666,12.542289090535952,9.504599601201805,73.84118795394544,7.325006624052458,0.0,1,36.16677470487201,0
p878,2.0,0.5283511737102845,20.0,2.6078362572976013,9.32819070935117,10.652542319291983,-57.68211601566572,0.0,5.529190601008109,0,29.223577514483324,1
p879,1.0,0.6018576464244869,7.8750389714174585,1.2451859683190551,6.272864842845661,11.130822128874772,-1.8779470056911496,2.0689044589139143,0.0,1,7.8750389714174585,1
p880,1.0,0.5710057319744785,6.7853019301287,1.1353627806381674,7.142388556390041,10.166059215636931,-3.6984790100123455,1.9883561881457843,0.0,1,6.7853019301287,1
p881,1.0,0.12173868353021608,13.799424923722697,1.2466197812476572,13.437960660673538,9.748910918077502,-4.202118566283309,0.0,1.4194178405335087,0,13.799424923722697,1
p883,4.0,0.9101412197268643,1.6915638936366477,1.2249314288468767,6.844123175152736,7.338920988589153,70.73314050784137,0.0,13.6317388809815,0,1.6915638936366477,1
p884,1.0,0.22055674005340617,17.195305295402324,1.1401821299931199,11.763860059227037,12.093209526980147,26.704958842736893,5.169563758137853,0.0,1,17.195305295402324,1
p885,1.0,0.29453325203476316,9.773857371323432,1.2186431246768645,13.58994682451582,8.938906732960955,1.940980281762517,0.0,1.727428157587543,0,9.773857371323432,1
p888,2.0,0.7044427990101407,2.760150762809236,0.0,1.9969736307303894,11.130118332443923,9.133144701713533,0.0,0.0,0,2.760150762809236,0
p889,2.0,0.6987505860398414,6.479671139273054,1.3168808023695195,4.347131529149994,11.358815889682905,-2.310493020482829,0.0,4.371397059526503,0,6.479671139273054,1
p890,1.0,0.6805507092430033,2.03392191655701,1.114169815508833,10.994276824129695,10.782082106353585,31.039579078955253,0.0,3.4877830308171696,0,2.03392191655701,1
p891,2.0,0.617510141885126,0.8549349595214205,0.0,6.06166557786517,9.749733882736361,3.6880683048711917,0.0,0.0,0,0.8549349595214205,0
p892,3.0,0.8029904990385767,20.0,4.909588618148306,0.8883389724963888,6.800297836257957,86.61665908580267,6.114130396345379,0.0,1,29.245924335722695,0
p893,4.0,0.5682924767550132,2.85217113574308,1.2707355649955876,8.66221730861148,11.888545027821474,20.328258791976197,0.0,2.943510354982779,0,2.85217113574308,1
p894,2.0,0.5080275647264088,5.961485464391282,0.0,8.276061548859017,8.235924722526159,-0.04013682633285853,0.0,0.0,0,5.961485464391282,0
p895,4.0,0.34465820441156864,4.777473063812752,1.2947832380646254,9.553017146376336,10.867266979395492,10.74947046501022,0.0,1.9757373126217894,0,4.777473063812752,1
p896,1.0,0.5714499924513455,18.846520848342134,0.0,12.63390524243965,11.13165086009659,-1.5022543823430592,0.0,0.0,0,18.846520848342134,0
p897,1.0,0.4871712615023448,20.0,1.6103371613714563,13.252540934384026,11.756242510332966,-22.684042523622047,0.0,3.1401070971353513,0,31.911503333570153,1
p898,0.0,0.12554776807185364,20.0,1.4065103578900198,13.923658629094767,12.09075405240026,-11.606379632512207,0.0,1.6084473302660545,0,27.646393621226206,1
p899,4.0,0.5176136168640108,7.472158542961704,1.0837399639503036,13.401124415889598,7.523285254099154,-5.984884375207915,2.093723829207197,0.0,1,7.472158542961704,1
p900,3.0,0.4227779168643524,1.0169870475678162,0.0,11.843103885107993,9.066010482476473,-2.77709340263152,0.0,0.0,0,1.0169870475678162,0
p901,1.0,0.7860566298699551,2.615929065222435,1.1036960880792497,6.186672228259028,8.985903778317828,-6.14480111228291,1.4040923339859683,0.0,1,2.615929065222435,1
p902,0.0,0.6955185797487651,0.2225033691952483,1.0227809028510793,5.416487100150713,8.878117316080157,20.908696001937457,0.0,3.3590913429369786,0,0.2225033691952483,1
p903,2.0,0.49736273519282864,0.7685660934541442,1.0591906725023184,11.734724327076112,8.19869364990765,19.57258726164054,0.0,2.107266505416505,0,0.7685660934541442,1
p904,3.0,0.8150366033635442,1.0844377369170242,1.0511933401448672,11.113713189929205,11.056633133622793,56.94180596332274,0.0,5.683250628290419,0,1.0844377369170242,1
p905,2.0,0.7311435497648179,3.459014611206981,0.0,14.438093204977358,9.440103325662887,-4.997989879314471,0.0,0.0,1,3.459014611206981,0
p906,1.0,0.36251069840896966,4.594538309563511,1.2113188764453722,7.568076486660001,6.161076217602809,4.243138352498336,0.0,1.9001399292853887,0,4.594538309563511,1
p909,1.0,0.7727543590205472,3.6565178900189275,0.0,11.175265655172332,13.146066453891557,1.9708007987192246,0.0,0.0,0,3.6565178900189275,0
p910,0.0,0.3253785279631472,2.508646738870743,0.0,12.097814714068594,8.881992702023807,-3.2158220120447876,0.0,0.0,1,2.508646738870743,0
p911,2.0,0.9174017610218236,2.4675865899876395,1.1380939933942844,7.239527260556881,11.122864899868105,-6.854073900709204,1.2405622506399472,0.0,1,2.4675865899876395,1
p912,1.0,0.6641311580552878,1.2304714688383536,1.0401135706881024,4.801152019923525,11.861728502287557,-9.589319520622954,1.5661267478155494,0.0,1,1.2304714688383536,1
p913,4.0,0.5484233197065382,1.2186345430837304,1.111337383110345,7.246954923613376,10.652541388434285,18.241378676001606,0.0,2.4610158841420486,0,1.2186345430837304,1
p915,4.0,0.7399738445466452,0.7752529246032007,0.0,5.267234193319945,12.035078269606869,6.767844076286924,0.0,0.0,1,0.7752529246032007,0
p916,1.0,0.34020886791974203,2.5487732550550524,1.0469722037617915,11.735800447124246,9.824311674966806,12.666703685467425,0.0,1.5868236974643608,0,2.5487732550550524,1
p917,3.0,0.3275466745762547,4.017326592510512,1.1320099590928618,10.486097047085956,11.428030460507152,11.831481134894156,0.0,1.6834030203948025,0,4.017326592510512,1
p918,3.0,0.34557461169315107,10.749911196313246,1.624999326921051,7.626269051513061,12.047397863493712,-3.3351662119259045,0.0,2.4830933456376183,0,10.749911196313246,1
p919,0.0,0.613791240711137,9.3247135958123,0.0,6.826571673137764,7.548633331967473,0.7220616588297091,0.0,0.0,1,9.3247135958123,0
p920,1.0,0.22652590125517866,10.926872214204966,0.0,10.791702585188656,12.657690177115649,1.8659875919269933,0.0,0.0,0,10.926872214204966,0
p921,4.0,0.795564312291992,10.053102110102762,1.256209102027298,5.022685685330733,8.510336310851576,5.923703134880327,1.5790164071188728,0.0,1,10.053102110102762,1
p922,2.0,0.45622520475003847,20.0,1.2521758531968774,11.414272644625665,10.165841303921106,25.742835094219522,2.744644180461123,0.0,1,28.97857555196741,0
p923,3.0,0.6153945319483138,4.034663565131033,0.0,3.6343342701739516,12.28175005828971,8.647415788115758,0.0,0.0,0,4.034663565131033,0
p924,0.0,0.27036979778009224,1.4594100887138162,0.0,10.888154688334465,10.67768114842028,-0.21047353991418483,0.0,0.0,0,1.4594100887138162,0
p925,0.0,0.4202288409058521,1.0592559929908802,1.0317107576692746,3.818956947791887,10.117893558647852,-15.941073870502585,2.4551164918745276,0.0,1,1.0592559929908802,1
p926,4.0,0.20604229439879154,20.0,2.0632212469579203,14.825307197035459,11.781518612600243,-16.491023950042106,0.0,2.59865384818652,0,36.09995643272432,0
p927,0.0,0.24704280572750834,0.739214901066974,1.0033544612844487,11.752304523869682,11.13583520348756,-42.84192628924546,4.0614599495407395,0.0,1,0.739214901066974,1
p928,3.0,0.6411748235537027,1.1600894553029735,1.0408956058454077,7.025952569491907,10.47285699691024,20.462854089924033,0.0,2.9008432913045357,0,1.1600894553029735,1
p929,0.0,0.5738213850795314,20.0,1.8018147273754814,5.764270503305321,9.93700537996778,35.770811175894934,3.1400271482139877,0.0,1,36.39685162960615,0
p932,3.0,0.30656478176320157,12.313598986485918,1.0727079896180562,10.831126637847891,7.425127776384544,13.699364950822547,3.499123361295438,0.0,1,12.313598986485918,1
p933,4.0,0.3032856108600169,14.003340029559947,1.2520057821417043,12.644649150531727,9.49328559877796,-5.592950611246441,0.0,1.797014388761465,0,14.003340029559947,1
p934,3.0,0.7766365304833062,7.08375906862699,1.2384560846635673,7.671475335926219,8.118503599940617,-1.2030172985864693,1.5946405249478384,0.0,1,7.08375906862699,1
p935,0.0,0.6886186784930755,20.0,1.817742098211502,5.633063185378439,11.964065932066722,27.543403905628402,2.6396932801609747,0.0,1,27.298370925233314,1
p937,3.0,0.28837077564655467,20.0,1.5940752155245028,12.059747811195209,11.3157226232727,-18.530477438654366,0.0,2.240036188750973,0,24.190618984406147,1
p938,0.0,0.1706181904366258,20.0,1.2908272879510199,14.30343058435404,9.609618641683944,-13.55979762578282,0.0,1.5563727984709146,0,20.065858889164666,1
p940,3.0,0.5515124800653324,2.1774542261607626,0.0,8.146009482686756,15.293065497596624,7.147056014909868,0.0,0.0,0,2.1774542261607626,0
p941,1.0,0.4431746329512875,5.908159393293168,1.2656108816511629,9.97326445564355,10.531916879923916,9.798248007424458,0.0,2.2729044985129856,0,5.908159393293168,1
p942,2.0,0.1814170230502621,20.0,1.3591454835830759,8.326931056633452,10.626662164109486,-17.08180916477503,0.0,1.6603637283633974,0,28.63779946239808,0
p944,3.0,0.7249178686556735,0.6886055283602245,1.0305100890696146,8.782739723716777,7.97857913071834,-11.167253670304671,1.4215542665276655,0.0,1,0.6886055283602245,1
p945,3.0,0.28128102126560217,0.09949148375921246,0.0,12.914599668058353,10.805690709334794,-2.1089089587235588,0.0,0.0,1,0.09949148375921246,0
p947,2.0,0.2800250555418357,2.229387375002654,1.0154212673717895,16.54949747293878,13.703978451163808,-44.454452160216384,3.6261800409502487,0.0,1,2.229387375002654,1
p949,4.0,0.6253754027719274,7.221718922343872,0.0,9.211115262798621,9.520407971019058,0.3092927082204362,0.0,0.0,0,7.221718922343872,0
p950,3.0,0.6198610461638638,9.831551334255302,1.1126664753918243,11.175358195796882,9.56600124593182,-1.1326877307821015,1.7950256469216561,0.0,1,9.831551334255302,1
p953,1.0,0.3549697965605054,6.579158263850525,1.2021595169405817,12.401107704772345,9.612136887990994,8.061547329858552,0.0,1.8637259317940562,0,6.579158263850525,1
p954,3.0,0.7813754256356485,3.6193777674008767,1.2727523963318497,2.684537103644125,8.501120712749188,-2.1350998302783664,1.6288615620288625,0.0,1,3.6193777674008767,1
p955,1.0,0.4736649319597404,5.625037344089575,1.114610040165946,10.088246828580509,8.588640796467185,-8.473443317097953,2.353161412128106,0.0,1,5.625037344089575,1
p956,0.0,0.38312484215379855,2.70888225226411,1.0139026306266812,13.172093926687879,11.434434253253103,-24.82898436472491,2.6464027363166083,0.0,1,2.70888225226411,1
p957,4.0,0.8357310078931309,3.229606229321963,1.0680163714643751,7.016568714744493,6.616815545303619,-4.728412712856614,1.2779427368105356,0.0,1,3.229606229321963,1
p958,3.0,0.6940862728313754,3.057520638748948,1.3725283578078924,8.97689149534136,8.14112010009644,25.72238418754238,0.0,4.486651744958579,0,3.057520638748948,1
p959,4.0,0.6170121326111072,6.402379886908492,1.3214977322957315,10.827817798900165,9.938694175304441,14.380827889448366,0.0,3.450495028224638,0,6.402379886908492,1
p960,3.0,0.8423021102936236,2.892595638524495,1.196312635765381,9.673124577150187,9.4987961997038,51.26347121235214,0.0,7.58610427820461,0,2.892595638524495,1
p961,0.0,0.6484632975282271,1.9724610397346585,0.0,5.6639361004068025,7.292773001666718,1.6288369012599153,0.0,0.0,1,1.9724610397346585,0
p962,1.0,0.3590485459366936,1.079415399794785,1.0423654419949062,6.476666863755363,7.390991459401869,9.691757538693167,0.0,1.626278301401517,0,1.079415399794785,1
p963,0.0,0.5989353633508007,6.549831728474962,1.9604530438599832,3.774593785873487,9.34067341521997,-7.999623189692226,0.0,4.888122423954171,0,6.549831728474962,1
p964,3.0,0.7642734788218273,20.0,2.3018128601376517,6.148702810912642,9.346797081880727,35.283048358848404,3.0117659763440074,0.0,1,25.56107044480786,0
p966,1.0,0.699839321033928,11.557403690358854,0.0,9.449134130237294,12.108791841260764,2.6596577110234705,0.0,0.0,1,11.557403690358854,0
p967,4.0,0.5184029050052926,1.0391845310457224,0.0,4.915323584505528,13.974928012292304,9.059604427786777,0.0,0.0,1,1.0391845310457224,0
p968,4.0,0.5223854092969922,15.38806060917888,2.1610733062930647,11.40978152681609,11.979311756820703,-17.431077157687888,0.0,4.524722126081093,0,15.38806060917888,1
p969,4.0,0.5607395604529812,4.817089355449453,0.0,5.96141563320407,10.816225495637934,4.854809862433863,0.0,0.0,0,4.817089355449453,0
p970,0.0,0.4564487644399285,5.771835157588781,1.204007750400523,10.576181690532326,16.655908067892046,16.721723088697576,0.0,2.2150768347714664,0,5.771835157588781,1
p971,0.0,0.44775076745179043,11.048153038029621,1.4760032638376865,11.405546913462429,12.803308685511372,2.3529727447837447,0.0,2.6727122046454563,0,11.048153038029621,1
p972,4.0,0.7409695879407081,8.32180526140157,1.2371827059961955,8.805923675343848,9.140511465242739,-1.0323902523431625,1.669680815692525,0.0,1,8.32180526140157,1
p974,1.0,0.44799180571050917,4.56912414950956,0.0,4.663036657974317,9.656630681441005,4.993594023466688,0.0,0.0,1,4.56912414950956,0
p975,3.0,0.70203694505205,3.5786576538385506,1.2910521575825422,8.18553404745777,13.335991588763433,25.11171652603838,0.0,4.332926972466675,0,3.5786576538385506,1
p976,4.0,0.45347655811412446,1.902437959978542,0.0,6.036383233849532,9.617381491225972,3.5809982573764403,0.0,0.0,0,1.902437959978542,0
p977,0.0,0.6168276945889295,4.2795787697495795,1.2972065872743204,4.529399888504969,8.963104324590807,5.27945867331357,0.0,3.3854393153040276,0,4.2795787697495795,1
p978,1.0,0.5891939799540193,1.477341539454698,1.038843353141856,8.127000968164571,10.229453401874068,-13.328922535426978,1.7631601619944033,0.0,1,1.477341539454698,1
p980,2.0,0.34088873010433196,0.3795073033303724,1.0106298055136416,11.49077386814795,8.257887162844792,13.80426268100507,0.0,1.5333219923149184,0,0.3795073033303724,1
p981,4.0,0.4020647269424818,11.514988217015288,1.0890046754998182,6.921164067678386,9.484069880734541,8.063710572993333,2.7085307477261193,0.0,1,11.514988217015288,1
p983,3.0,0.4345638851889441,3.583295469606913,1.1391559489836884,12.047662310741307,11.312123101368467,16.317198648874033,0.0,2.0146501419781875,0,3.583295469606913,1
p984,2.0,0.5874774140097869,16.293502279190076,1.8737563515095137,5.086479151392823,6.734680405630901,32.13601707728382,3.1894951309197026,0.0,1,16.293502279190076,1
p985,3.0,0.4996510013773128,5.726553134643604,0.0,10.352565919149116,10.04339725399966,-0.30916866514945696,0.0,0.0,0,5.726553134643604,0
p986,1.0,0.6160496160573187,6.4007679211109805,1.111797503674522,4.53991523630879,10.289569053062309,-1.26854614327676,1.8047207151754443,0.0,1,6.4007679211109805,1
p987,3.0,0.37518626105729297,3.049444929787639,0.0,13.345319359357502,13.71804960965901,0.3727302503015082,0.0,0.0,0,3.049444929787639,0
p990,1.0,0.34525803608215416,7.653872691398341,1.0978860896189357,11.450951285140185,14.818392170758642,-19.41501586600919,3.1799001757563543,0.0,1,7.653872691398341,1
p991,1.0,0.5251246838511501,1.9194011760625318,0.0,12.83612517106205,8.89043815295394,-3.94568701810811,0.0,0.0,0,1.9194011760625318,0
p992,4.0,0.5149534396435059,0.3075745078856886,1.0124347188516343,8.11516794761127,9.960496220422907,-17.1329954507761,1.9660704073605697,0.0,1,0.3075745078856886,1
p993,1.0,0.4387258993331478,12.090466767681749,1.1184588551775587,12.419862364598153,10.284000427689625,2.469424137187919,2.5493340075832944,0.0,1,12.090466767681749,1
p996,4.0,0.6944345675317136,20.0,3.436271272228345,6.888134422019781,10.111434836445834,-144.2276944411826,0.0,11.245615200878404,0,24.22020897368077,0
p997,2.0,0.24865054477805817,9.673463353109366,1.0450547976030642,10.755649095961937,12.1331857184061,-8.96044458294326,4.202905722711626,0.0,1,9.673463353109366,1
p999,1.0,0.37009882752155104,20.0,1.6729121109587357,13.73793128233066,10.172218280277818,-20.19671966652019,0.0,2.6558326671728363,0,24.36003715300245,0
p1000,2.0,0.8108141283760621,0.7067757962114424,0.0,7.778889914878724,8.708434272632884,0.9295443577541596,0.0,0.0,1,0.7067757962114424,0
p1002,1.0,0.5579194378726523,12.606096284558209,1.8449746700940066,9.29198329663699,11.518680257187745,-11.60438958874398,0.0,4.173390164941328,0,12.606096284558209,1
p1003,1.0,0.6532074910973378,1.1910465550382565,0.0,9.707800534295888,10.44154471958046,0.7337441852845714,0.0,0.0,0,1.1910465550382565,0
p1004,2.0,0.28722858480060304,6.166796031479936,0.0,11.368536153249487,11.595882145196633,0.22734599194714633,0.0,0.0,1,6.166796031479936,0
p1006,1.0,0.2011970891046525,20.0,1.1675360324128132,12.611345348164784,13.690190288702867,-9.720465401737746,0.0,1.4616071329837381,0,29.610653473644852,0
p1007,4.0,0.5282277263292817,14.389727183732457,1.3379101745718378,6.205067566686385,11.905895623529457,11.991947115305152,2.5328283766343302,0.0,1,14.389727183732457,1
p1009,0.0,0.4893316087850362,19.21315895507525,1.608574819585861,3.819897192362958,9.53917526206991,37.52046625023328,3.287289826994416,0.0,1,19.21315895507525,1
p1010,4.0,0.3812683025694021,9.79644858018925,1.7255322601299827,11.880587670445829,8.858510182462867,2.7902144145812624,0.0,2.7888214993600404,0,9.79644858018925,1
p1014,3.0,0.22899526081162336,5.431119572368169,1.0851648309581585,12.894774283397947,9.403255785687824,7.013339891812466,0.0,1.4074684315176749,0,5.431119572368169,1
p1015,2.0,0.8523585206910808,4.902029105528191,0.0,3.381704548014047,4.496352210833656,1.1146476628196091,0.0,0.0,1,4.902029105528191,0
p1016,4.0,0.5711415167371865,1.765658349906341,0.0,7.197681317411622,11.290541453307373,4.0928601358957515,0.0,0.0,0,1.765658349906341,0
p1017,4.0,0.7349442548363081,6.012747902583095,1.6388032457734276,4.181326220668306,7.130212239551678,0.4571267182163501,2.2298333989132733,0.0,1,6.012747902583095,1
p1018,0.0,0.7556192673332953,1.9552710937017068,1.0270079318475993,11.199191694925881,10.13188845649839,-12.18063934605611,1.359160593498468,0.0,1,1.9552710937017068,1
p1019,4.0,0.565579875084964,10.272345406302897,1.504332764018682,7.498776237949194,8.696891392817061,5.388517244997823,2.6598060332197893,0.0,1,10.272345406302897,1
p1020,1.0,0.6427039087077748,5.076891359684821,1.160259007824692,5.636996420355818,9.954027329613352,-4.487553697786321,1.8052776591284736,0.0,1,5.076891359684821,1
p1022,3.0,0.2532397278039462,0.6778786990350314,1.0138897994050378,13.137497863650575,10.862452777548732,14.64160306167033,0.0,1.3577179145101228,0,0.6778786990350314,1
p1024,3.0,0.335486384162257,8.16158673772028,0.0,12.822173380894776,10.07812895138484,-2.7440444295099358,0.0,0.0,0,8.16158673772028,0
p1025,1.0,0.3335608529426367,10.620633985556621,0.0,11.553508056850633,10.868323044982967,-0.6851850118676666,0.0,0.0,0,10.620633985556621,0
p1026,3.0,0.4494709955600439,10.214391608389278,1.0990243666743402,10.440105899926106,10.018054078484816,0.028542977933473546,0.0,1.996306021682471,0,10.214391608389278,1
p1027,3.0,0.5176521350152498,19.58494664454621,2.000094575558084,10.5110856272663,9.478134778207703,-38.6584521055082,0.0,4.146581172534719,0,19.58494664454621,1
p1028,1.0,0.8467531434276504,6.5594442342775405,1.2384637370511196,6.518465365436228,9.571388688875393,-1.352355846747196,1.462603058121317,0.0,1,6.5594442342775405,1
p1029,4.0,0.30112023305303204,5.811106107102317,1.0646765099009698,11.114443153614122,14.059606040018355,11.024289861526922,0.0,1.5234043969422268,0,5.811106107102317,1
p1030,4.0,0.5098997700696555,2.363862993235587,1.059202102453783,7.7610726353821455,8.433865375754177,-11.936272144252003,2.0772751129287417,0.0,1,2.363862993235587,1
p1032,4.0,0.5662407667751334,2.0615360869743213,1.0899823118208796,9.141511480391154,9.446359858793194,-13.910530943435957,1.9249449629502489,0.0,1,2.0615360869743213,1
p1034,2.0,0.23765721887650287,3.4736370107807373,1.1394707105800366,13.18860605324787,9.639041308172345,10.971360686616583,0.0,1.4946960065664294,0,3.4736370107807373,1
p1036,0.0,0.18663376263716003,18.387717893289857,0.0,15.004014474603634,11.236069351639964,-3.7679451229636705,0.0,0.0,0,18.387717893289857,0
p1037,0.0,0.523094073502869,18.41239541019796,0.0,9.65697417676745,14.521626212991462,4.864652036224012,0.0,0.0,0,18.41239541019796,0
p1038,4.0,0.14237013495022652,1.9292047836038742,1.0431089060626952,10.840848345213232,11.819182951260967,11.817293398873247,0.0,1.2162693354925989,0,1.9292047836038742,1
p1040,2.0,0.5111962456826735,9.68425428381201,0.0,8.147698175225457,12.352599897999365,4.204901722773908,0.0,0.0,1,9.68425428381201,0
p1041,1.0,0.4445305347732893,6.669539872430356,1.3061686320562136,10.07915698953678,8.805716232563238,6.744164538159419,0.0,2.351467927266012,0,6.669539872430356,1
p1042,2.0,0.6040789854096918,1.1867282533356218,1.035135565716162,8.817614445568452,9.877645157319403,-13.832520433520308,1.7135765201534428,0.0,1,1.1867282533356218,1
p1043,3.0,0.7133114738159935,11.547012811115925,0.0,4.215924418840536,10.574219212871512,6.358294794030976,0.0,0.0,1,11.547012811115925,0
p1045,0.0,0.24643948143960723,0.5050615051669937,1.0078394459456488,12.037427655096417,7.7628868508444295,11.14926819942492,0.0,1.337436637300256,0,0.5050615051669937,1
p1046,0.0,0.45405253511977517,3.6898132428659127,0.0,11.989744826952075,11.295877491101214,-0.6938673358508609,0.0,0.0,0,3.6898132428659127,0
p1047,4.0,0.48205802255128305,20.0,2.2962373577424664,11.432449227477871,12.336599397986129,-37.079120166309615,0.0,4.433387247454419,0,32.709290628744995,0
p1048,3.0,0.432095679065789,7.450761655278727,1.1665704160428623,12.866118035235605,7.702553324637164,5.960482619758996,0.0,2.0541671775341253,0,7.450761655278727,1
p1049,1.0,0.6104294697090931,17.28971782052538,0.0,3.562263437986188,10.194761042160092,6.6324976041739045,0.0,0.0,1,17.28971782052538,0
p1050,4.0,0.7270932124438343,0.8517683734818077,0.0,2.073151775976149,11.760731345207118,9.68757956923097,0.0,0.0,1,0.8517683734818077,0
p1051,2.0,0.6130768726114498,2.7026024555560175,0.0,6.175846893009458,9.586566999863196,3.410720106853738,0.0,0.0,1,2.7026024555560175,0
p1052,1.0,0.3859486830134956,13.917425246471547,1.4605730163374944,10.719174950049146,7.530458094949485,20.981936623774562,3.78437103330243,0.0,1,13.917425246471547,1
p1053,2.0,0.4650149541065622,3.6171919380436095,1.0498728135625641,12.421832669145283,11.257468346349116,-18.413956875351435,2.2577183901100453,0.0,1,3.6171919380436095,1
p1055,0.0,0.2265436789188209,20.0,1.4873212877063084,12.800537535245128,12.650517606735942,-13.994258435609815,0.0,1.9229544670696468,0,20.437888620868012,1
p1056,3.0,0.07728272033062998,8.767152535732377,1.0381150858784205,11.671072701286118,10.623022139668052,-25.977377907064117,13.432693381355746,0.0,1,8.767152535732377,1
p1057,3.0,0.16657546955824978,20.0,1.4003336081862368,14.639731193813013,14.92676277252981,-8.71938026068199,0.0,1.680216452765076,0,20.216128678949367,0
p1059,1.0,0.5528555220744991,20.0,1.8385453999101238,5.820964976172452,11.28686612638429,34.44181178600822,3.325544064408158,0.0,1,24.914308373973746,1
p1060,3.0,0.803330459825576,0.6649611445872666,0.0,5.6003817281588715,7.947350065381607,2.3469683372227355,0.0,0.0,0,0.6649611445872666,0
p1061,3.0,0.7562842456282869,1.0517907471105383,1.0293007468968463,3.8708316287220375,11.71339155617691,-6.6678490085019195,1.3609972081882382,0.0,1,1.0517907471105383,1
p1062,0.0,0.4296631784304139,0.5428352053763676,0.0,10.347975941613374,8.31606286678321,-2.0319130748301646,0.0,0.0,0,0.5428352053763676,0
p1064,3.0,0.6417770448652215,20.0,1.4459480568820462,9.99480860395855,12.189777013800235,19.791697431339646,2.2530379801691214,0.0,1,31.243798331589467,1
p1065,4.0,0.3874576465052576,20.0,1.796738338499699,9.288360665991977,10.94216011862182,-29.76609004527863,0.0,2.93324751872055,0,37.80661727591723,0
p1068,1.0,0.6365104557816897,4.368679799972485,1.100535850897663,7.878889892542491,9.868661218179707,-7.519776671613675,1.7290145682620564,0.0,1,4.368679799972485,1
p1070,2.0,0.43168285230596887,0.2657978724025567,1.0395533067382592,12.45429787979301,11.263692851411896,-27.675090181119657,2.4081413037028465,0.0,1,0.2657978724025567,1
p1071,3.0,0.7447910816622307,4.668378835262683,0.0,8.215796107224866,7.919839775402721,-0.2959563318221452,0.0,0.0,0,4.668378835262683,0
p1072,0.0,0.5582491525325133,0.0176798817694151,0.0,7.7931623617767665,10.234987940807406,2.441825579030639,0.0,0.0,0,0.0176798817694151,0
p1074,4.0,0.6426828344094491,2.7283876968498926,1.1038052960356337,8.878741961199342,8.029593198162436,-9.953948820593865,1.7174961535263389,0.0,1,2.7283876968498926,1
p1075,3.0,0.16145527584741104,16.58815667271644,1.2038350966281683,12.139357237419809,13.425532166685226,-5.100629189598857,0.0,1.435624197438881,0,16.58815667271644,1
p1078,4.0,0.4895210624089883,6.993009023741182,1.209772859175072,11.422922195697653,6.609375149565513,5.684807203752302,0.0,2.3698781087503447,0,6.993009023741182,1
p1079,3.0,0.6523990610573283,2.5932244227867343,1.117017001949724,4.20056809316485,11.089286837791837,-7.657970135958014,1.712168316336017,0.0,1,2.5932244227867343,1
p1080,3.0,0.677050923552933,1.054415256848237,1.0654536533120533,9.076473376741504,11.447222525417168,28.836627995438118,0.0,3.2991382574419172,0,1.054415256848237,1
p1081,4.0,0.22165962409377354,3.549295675656627,1.0338337604856813,13.752105942337247,10.27983412964852,10.079652296661544,0.0,1.3282540550231412,0,3.549295675656627,1
p1082,3.0,0.7736998168585802,1.699606664571206,0.0,6.634486699987533,7.256826314793231,0.6223396148056981,0.0,0.0,0,1.699606664571206,0
p1083,4.0,0.5620467435155834,0.6915036943482445,0.0,5.624185597428204,13.931669717322041,8.307484119893838,0.0,0.0,0,0.6915036943482445,0
p1084,3.0,0.41823087096319794,20.0,1.4647038007163735,11.747167776251501,8.556573212088225,-23.968518523126587,0.0,2.5176719210615213,0,24.593562592808198,0
p1085,0.0,0.33438284090067294,16.083109082716078,1.5713327054589639,11.117771391729397,11.27538818988838,-11.564132560065088,0.0,2.3607154412683657,0,16.083109082716078,1
p1086,4.0,0.42802331485125533,20.0,1.3151226235606384,10.740053599512777,13.938375033891385,21.822961382414483,3.072549036301127,0.0,1,23.001773197639004,1
p1087,2.0,0.4800220539909722,3.591668912976237,1.0658773116501008,14.208579600981816,9.514983254220459,17.069488624469585,0.0,2.0498509981644397,0,3.591668912976237,1
p1088,0.0,0.5810808668668038,14.95073750229423,1.4511652660542116,5.565129902897824,15.029503962353719,9.267666238761848,2.497355099435497,0.0,1,14.95073750229423,1
p1089,2.0,0.17497022689188063,1.3927500459735098,1.0628408876179132,7.868390531138568,14.800833558712663,15.274657703316919,0.0,1.2882454939945893,0,1.3927500459735098,1
p1090,2.0,0.6566931134432971,1.2686618414377377,1.086209624359154,7.751199234607066,8.827134760234205,21.58643147679303,0.0,3.1639610706724,0,1.2686618414377377,1
p1091,3.0,0.13631317953668748,0.4481849199898113,1.0066672861318815,14.332852444627589,13.73941647224793,15.589791842041183,0.0,1.1655466568215884,0,0.4481849199898113,1
p1092,3.0,0.5124272709265856,20.0,2.4809747520231724,8.011889362286233,12.548048547551137,-56.46438092523407,0.0,5.088419848128153,0,35.63974938750798,1
p1094,4.0,0.6363561899162451,18.8201370181884,0.0,9.099187776624817,11.081722832052563,1.9825350554277463,0.0,0.0,0,18.8201370181884,0
p1095,2.0,0.42209162108148157,0.9110455145613814,1.0691570279514395,10.460612072490681,12.787181508768525,19.99370590937559,0.0,1.8500459016569895,0,0.9110455145613814,1
p1096,4.0,0.7093448163146755,1.0538495134831838,1.0578412282417913,9.902409655565934,5.8501747686172125,28.152151115009207,0.0,3.63950580488203,0,1.0538495134831838,1
p1097,0.0,0.2524683402631855,15.016930358241087,1.273767023426848,13.136342374739517,11.046676324680007,-5.294120238502123,0.0,1.7039639817734367,0,15.016930358241087,1
p1098,4.0,0.4974158859938279,7.209926144969141,0.0,8.77836970942215,10.561464281065286,1.7830945716431366,0.0,0.0,0,7.209926144969141,0
p1099,3.0,0.37873459732517983,6.6867202507751635,1.2432884290231714,9.878814745750182,11.633411920123745,8.142678874825632,0.0,2.001219484732723,0,6.6867202507751635,1
p1101,2.0,0.4473169045832661,5.948142082901466,1.077653233415441,15.310976006007829,11.096660963416678,-16.61786599726979,2.4091493578124776,0.0,1,5.948142082901466,1
p1103,3.0,0.47810963353800673,0.5825151166281562,1.016481841458906,12.745043215206021,8.29473207415743,19.23855102793427,0.0,1.9476922870790938,0,0.5825151166281562,1
p1104,0.0,0.5481957371750071,7.010485486280118,0.0,2.920572130855014,9.341413844884888,6.420841714029875,0.0,0.0,0,7.010485486280118,0
p1105,3.0,0.40997893684891445,5.01587245827159,0.0,14.276285650248562,9.792298767426754,-4.483986882821808,0.0,0.0,1,5.01587245827159,0
p1106,0.0,0.28855062455565034,4.669439203157979,0.0,12.745774508198645,13.380401789219043,0.6346272810203981,0.0,0.0,0,4.669439203157979,0
p1107,2.0,0.3155461164493082,20.0,1.2370284231759336,13.231964651431428,14.061607691070263,24.109790349883287,3.92027776191839,0.0,1,29.120907208289395,0
p1109,1.0,0.6083707110910765,0.15150019893387937,0.0,9.299678757809888,7.427047764416992,-1.872630993392896,0.0,0.0,0,0.15150019893387937,0
p1110,0.0,0.6357244974960977,0.6154148045759572,0.0,5.392369163758665,9.072316699591418,3.6799475358327536,0.0,0.0,0,0.6154148045759572,0
p1113,3.0,0.22638621630660397,16.240493631749256,1.147052317088516,10.986554435118123,10.318317325185989,-8.458355714807457,0.0,1.482719596349803,0,16.240493631749256,1
p1114,2.0,0.47726375297470747,2.064856388644826,0.0,5.939243570313844,10.230267311157755,4.291023740843911,0.0,0.0,1,2.064856388644826,0
p1115,2.0,0.6132169418757109,0.016357971512445366,0.0,11.204198059184389,6.822930421918635,-4.381267637265754,0.0,0.0,1,0.016357971512445366,0
p1116,2.0,0.5151441517760873,0.9930747363940123,1.0307333260228355,8.008240698254147,13.285371704650206,20.1903580427564,0.0,2.1258551996403465,0,0.9930747363940123,1
p1117,3.0,0.4932586172208173,1.340432854012982,0.0,12.374409153314348,12.902746915599831,0.5283377622854832,0.0,0.0,1,1.340432854012982,0
p1118,0.0,0.892136521670196,2.5622565635730195,1.0801866249878875,7.919044885633845,5.9759111069663176,-6.076339729253779,1.2107862403902456,0.0,1,2.5622565635730195,1
p1121,3.0,0.45416805237228136,20.0,2.166516925874657,7.434556733467901,6.939669019942236,61.806782291714036,4.77029794270682,0.0,1,26.831433007363707,0
p1122,2.0,0.42255414016651893,3.52239681368143,1.053171905050757,12.441916018405148,10.273113581107607,-18.99425641487911,2.4923951866516467,0.0,1,3.52239681368143,1
p1123,4.0,0.7290832010102649,3.410708042683991,0.0,3.966106670831278,10.702505555008027,6.736398884176749,0.0,0.0,0,3.410708042683991,0
p1124,1.0,0.5715552421934965,17.79817388686468,1.3771855553265053,11.761999839506979,11.555771737944916,14.835093253550266,2.409540589709555,0.0,1,17.79817388686468,1
p1125,0.0,0.2144302321643034,12.11643046084804,1.1452175598894245,14.049496004728159,14.117181953009807,2.8857432309184836,0.0,1.4578177607885605,0,12.11643046084804,1
p1128,4.0,0.17753585683690987,20.0,1.5305025688313647,11.059275267641734,7.497273612526393,-20.199568512999647,0.0,1.8608745214657636,0,35.331588405572234,0
p1130,1.0,0.6724280982848161,4.11910070206109,1.1917162969876678,8.662012537042978,12.565111199723466,-11.06541377793127,1.772258327734098,0.0,1,4.11910070206109,1
p1131,1.0,0.7042955971302279,7.679453172959321,0.0,4.714046180262349,13.14295712028833,8.42891094002598,0.0,0.0,0,7.679453172959321,0
p1133,1.0,0.37788501270440583,3.854690523254013,0.0,9.661692897392067,10.857876192744893,1.1961832953528262,0.0,0.0,1,3.854690523254013,0
p1135,2.0,0.44327823084421536,13.499871687705165,0.0,12.181091346205182,13.231485723577276,1.0503943773720934,0.0,0.0,0,13.499871687705165,0
p1137,1.0,0.3164066338723897,11.162283784507299,0.0,12.36686568916296,7.095457521302803,-5.271408167860157,0.0,0.0,0,11.162283784507299,0
p1138,1.0,0.7710874716165558,11.423251452800274,1.2717661342892803,8.485128200146955,6.695505151564426,6.007919848616923,1.6493150013487712,0.0,1,11.423251452800274,1
p1139,0.0,0.45621554012099846,3.8301738004558117,0.0,4.262192869230798,8.770615996988191,4.508423127757393,0.0,0.0,0,3.8301738004558117,0
p1140,0.0,0.8275297604053908,2.5642061301748393,1.227202388302165,6.392496386551496,8.879279498614025,-6.878285663537099,1.482970700293585,0.0,1,2.5642061301748393,1
p1141,0.0,0.3683468938308289,20.0,1.1965382182115443,12.63110768322819,11.589192851671537,26.279754951829375,3.248400456883124,0.0,1,25.237795783153214,1
p1142,4.0,0.2539150814608674,13.719606637719142,1.2368859925357827,14.927342827826843,10.437582096270717,-2.487532916594074,0.0,1.6578354042562076,0,13.719606637719142,1
p1143,3.0,0.5686484117429899,20.0,1.5100342726416323,8.883327808231515,7.6676370916590315,31.532647746502228,2.655479627584219,0.0,1,27.23770823708568,0
p1145,4.0,0.6306003783126968,4.0280990726885015,0.0,8.958963203373852,10.330149552444931,1.3711863490710794,0.0,0.0,1,4.0280990726885015,0
p1146,0.0,0.11805567130545591,20.0,1.274704280511217,10.384765562072596,7.484114720488238,-16.797877794998918,0.0,1.445334177042713,0,22.246732418391414,0
p1147,4.0,0.2642176967447288,2.6975857014593156,1.0302063252269569,14.59705122793102,9.966499035111251,-32.97263747369219,3.8990814692563163,0.0,1,2.6975857014593156,1
p1149,3.0,0.5002218944565808,4.712645726660593,1.0658166814405012,12.469426482377294,10.91824944172694,-14.773381088939882,2.130687787263606,0.0,1,4.712645726660593,1
p1150,1.0,0.5792436362027156,15.113473011474595,0.0,10.190537190115302,6.88170270404724,-3.3088344860680623,0.0,0.0,1,15.113473011474595,0
p1151,1.0,0.4672050641969634,8.046545755267601,0.0,11.95132473164444,9.104105709928456,-2.8472190217159845,0.0,0.0,1,8.046545755267601,0
p1152,3.0,0.5317314995144096,18.376297432899865,0.0,6.268764478744344,10.28296708294804,4.014202604203697,0.0,0.0,1,18.376297432899865,0
p1153,2.0,0.8654060668286968,15.731312543175928,1.511349168166204,7.587843263297925,7.0223025180655005,14.643914747996977,1.7464046371948634,0.0,1,15.731312543175928,1
p1154,2.0,0.5802633081113016,1.4017102540967534,0.0,9.447941354200033,9.190118853401177,-0.2578225007988557,0.0,0.0,1,1.4017102540967534,0
p1155,4.0,0.6554376011034819,0.1782022535064011,1.008308786192609,11.662006749026583,6.4399377397810325,28.383515955435264,0.0,2.9263459664251785,0,0.1782022535064011,1
p1156,3.0,0.6537303771510666,20.0,1.6341783163886348,8.66181353237253,8.400153854587076,28.73533618905585,2.499774178324594,0.0,1,29.33749689951975,0
p1157,4.0,0.7431966759194291,8.201322815492222,1.070254876367388,10.608620832468594,8.664127498814462,-2.6109642493353933,1.440069514631973,0.0,1,8.201322815492222,1
p1160,1.0,0.4362406132251139,20.0,1.7982655767879738,9.869880299300604,12.06310006277169,-30.119582424572087,0.0,3.1897749624629075,0,20.75260600752002,0
p1161,3.0,0.4951584946824971,3.569501519983859,1.065551097868524,11.298951808594904,12.344382739777656,17.35970809381392,0.0,2.1106646078919007,0,3.569501519983859,1
p1162,1.0,0.5251446379109102,0.9913185030320101,1.0191641654520986,12.632049693858479,8.035808074126143,20.38782097388969,0.0,2.146262308102332,0,0.9913185030320101,1
p1164,3.0,0.6979868525802135,8.938272375782159,1.3184493751387973,3.8495992181966923,8.169324804695005,5.772214900396735,1.888931532542412,0.0,1,8.938272375782159,1
p1165,4.0,0.3291966065425095,15.470718474538069,0.0,13.541513333112285,11.298177590010239,-2.2433357431020458,0.0,0.0,0,15.470718474538069,0
p1167,4.0,0.30484506980159415,20.0,1.301407158981898,11.004973252137653,10.07812988024081,41.43038685244994,4.2690772720349655,0.0,1,24.925164241404364,0
p1168,4.0,0.535771760724572,20.0,6.583749947400354,8.206194101341994,11.128179581151683,-164.33942258561214,0.0,14.182140142263503,0,25.67406519277643,1
p1169,1.0,0.7028105733292924,3.574627969159211,1.0749027422368935,8.870429812039786,9.032594506263564,-8.185437661812305,1.5294345062922985,0.0,1,3.574627969159211,1
p1170,1.0,0.5449859999906045,0.5901237848858821,1.0076947042196145,13.612870970114672,14.130887597790942,-24.51924301860503,1.849028606674276,0.0,1,0.5901237848858821,1
p1171,2.0,0.18785332109393504,18.10308199761986,0.0,8.605040316658624,12.526523514949572,3.9214831982909484,0.0,0.0,0,18.10308199761986,0
p1172,0.0,0.5660012988090983,14.258973690956745,1.3767949539266924,9.68110528297794,12.777438483359564,6.700159202506241,2.4324943367153997,0.0,1,14.258973690956745,1
p1174,0.0,0.6405288792429479,1.21318274975804,1.0694169611475401,7.315174070245218,9.374070139828925,-11.566393399443731,1.6695843010411997,0.0,1,1.21318274975804,1
p1175,3.0,0.6026190028488321,20.0,1.892774100224186,3.350109074688805,13.108524624333645,31.403942892343206,3.1409133984760707,0.0,1,33.0515721738111,0
p1176,1.0,0.7861216974193233,1.9900197099886099,0.0,7.005869309936027,11.511051687296687,4.5051823773606605,0.0,0.0,1,1.9900197099886099,0
p1178,3.0,0.3218991667379704,20.0,1.21253045535537,11.35418741461573,8.987410525850386,39.115468203847655,3.7668020940929727,0.0,1,27.027860895448505,1
p1180,0.0,0.8157354429746467,17.8774643326567,1.7612638480092744,5.254089243516724,7.969812935510075,24.107448637571423,2.159111588417294,0.0,1,17.8774643326567,1
p1181,4.0,0.7271287880657381,2.254449493165812,0.0,5.473843584796525,6.677667420543316,1.2038238357467907,0.0,0.0,1,2.254449493165812,0
p1183,3.0,0.6474432743709883,16.416748635481827,0.0,4.886516452500111,11.613177402628725,6.726660950128615,0.0,0.0,1,16.416748635481827,0
p1184,0.0,0.5411300484740575,20.0,1.3757821900504623,11.870392097500478,8.37120259250573,26.066147718562895,2.5424243098864228,0.0,1,36.257051345718594,0
p1185,3.0,0.360155753481372,16.05333037580827,1.572406888907779,10.638304334583312,8.2819746103549,-15.663668654233545,0.0,2.4574838290149428,0,16.05333037580827,1
p1186,1.0,0.5866179173480571,0.9564921896735744,1.0426394658738454,10.649739615298335,10.054987165203206,23.853724497914964,0.0,2.52221736168406,0,0.9564921896735744,1
p1187,0.0,0.5974365104268561,8.890736696791928,1.357582665962545,10.514735856923242,6.922659496293105,1.8846078554912982,0.0,3.3723442416550258,0,8.890736696791928,1
p1188,0.0,0.17842054676199962,6.380202944770181,1.0575497739722755,10.69422539522994,11.815600014372233,-31.0957833636483,5.927286924991727,0.0,1,6.380202944770181,1
p1191,4.0,0.5190529573419521,0.6783612868931171,1.050263826473878,7.04075787347283,9.29530911007255,-15.181181409339136,2.0234232588756145,0.0,1,0.6783612868931171,1
p1192,3.0,0.5302765298183714,17.842500655611982,1.2277596186204336,9.192756344095436,11.015522652792873,17.62940197470026,2.3153195541974334,0.0,1,17.842500655611982,1
p1194,2.0,0.12321071997919751,20.0,1.3191071171046158,10.69173491392371,11.10551049932106,-13.590271912364399,0.0,1.504474503923359,0,21.038912022392473,0
p1195,3.0,0.45888288622647816,20.0,1.1864550999456742,11.978985178732511,13.997570315681074,17.538042333508024,2.585529196135914,0.0,1,24.71776086449149,0
p1197,0.0,0.7695615156039348,10.149618757745616,0.0,3.1617178345046555,7.819705766175582,4.657987931670927,0.0,0.0,1,10.149618757745616,0
p1198,1.0,0.5653609750877496,20.0,1.8769390647397053,4.6829371015436365,9.256776196911213,40.24021389976418,3.3198949829326048,0.0,1,39.018203533316566,0
p1199,2.0,0.46058029132730516,13.976637038906576,1.7169198460327955,10.989443989193047,8.124345539997586,-12.373039943591966,0.0,3.182901585589961,0,13.976637038906576,1
p1200,1.0,0.3961690099484865,4.103932858006602,1.1686276225017274,10.682373427090477,9.847482168939383,11.896729822379319,0.0,1.9353554914464235,0,4.103932858006602,1
p1203,0.0,0.4515678270418509,0.47315156653368534,0.0,9.45847747487753,12.496625630639619,3.038148155762089,0.0,0.0,0,0.47315156653368534,0
p1204,4.0,0.30097351794967764,10.036176193563785,1.0893880194143433,11.410965692007093,9.963352415408515,-1.18402413430034,3.61954774903647,0.0,1,10.036176193563785,1
p1205,1.0,0.536997883788737,11.891367792227415,2.0601695849658697,3.4536844999051404,9.71727709326202,-31.280638583516033,0.0,4.449589997177974,0,11.891367792227415,1
p1208,2.0,0.618655380477921,0.24552359958538442,0.0,-0.07218897478952196,7.322366278891628,7.394555253681149,0.0,0.0,0,0.24552359958538442,0
p1210,4.0,0.13582082226894793,20.0,1.5091499543383646,13.001031085835441,11.274929850931313,95.2210310022451,11.111329832402248,0.0,1,21.60062023405571,0
p1212,0.0,0.13776640564550421,18.601933102277567,1.246205915066026,15.602813994498192,7.323434537132589,-12.614074830607542,0.0,1.4453228489652947,0,18.601933102277567,1
p1213,2.0,0.6023717584094115,17.020562448341444,1.178352861990461,10.752640422462262,10.71320759480726,12.298943830103177,1.9561887580884476,0.0,1,17.020562448341444,1
p1214,2.0,0.23198927843898104,6.40642252526004,0.0,11.741181649727585,13.323382139462463,1.5822004897348787,0.0,0.0,0,6.40642252526004,0
p1215,0.0,0.5188510026603786,0.039294051698447525,1.0019421178323948,9.434866114244617,8.728732828076325,18.859156099542723,0.0,2.082394691399864,0,0.039294051698447525,1
p1217,2.0,0.14558469368129484,3.4301324811706206,1.0451398244198369,12.00086480957504,13.224569131869549,11.707614915437299,0.0,1.2232222628628677,0,3.4301324811706206,1
p1218,2.0,0.831804245343126,9.118452936962022,1.5915219518511114,4.931589447331361,6.834014063424175,6.2733263459796795,1.9133371352229582,0.0,1,9.118452936962022,1
p1219,0.0,0.3356697671296099,20.0,2.0409762789129484,12.347207333631031,12.724640760661277,-23.133717393265655,0.0,3.0722315166877854,0,22.361938905986488,0
p1220,0.0,0.8255089827334051,4.7654015728591075,1.1679818141975256,2.6613189160467847,7.666376950458783,0.9005763687467621,1.4148626346016646,0.0,1,4.7654015728591075,1
p1221,4.0,0.4292028010736619,6.504580952553959,1.2351796127496444,6.149572700821556,11.270377282447416,-8.594423861608805,2.8778461129792507,0.0,1,6.504580952553959,1
p1226,1.0,0.6899039574661269,3.8698238909151144,0.0,4.146834894313037,7.609085333535371,3.462250439222334,0.0,0.0,1,3.8698238909151144,0
p1227,3.0,0.2952416951442991,5.8221332135894315,0.0,10.798710471036967,9.66887188013599,-1.1298385909009774,0.0,0.0,0,5.8221332135894315,0
p1228,4.0,0.9443033487493914,12.315952640393013,1.4248391298898098,5.7531613545039395,7.170438256902372,9.18123352366635,1.508878615941399,0.0,1,12.315952640393013,1
p1229,3.0,0.42171072401908827,10.063465720878938,1.215609466980882,7.98861449903199,10.05915168380741,2.082972686189934,2.8825671194594964,0.0,1,10.063465720878938,1
p1232,3.0,0.3036206459515973,10.108220674918636,1.1390635500288335,10.262391941515807,10.026032618845855,0.0719774790874449,3.751601102286111,0.0,1,10.108220674918636,1
p1234,4.0,0.5836517799795979,1.9445184234640736,0.0,4.971082614533299,11.250202998506987,6.279120383973688,0.0,0.0,1,1.9445184234640736,0
p1235,4.0,0.32191834502412464,20.0,1.722582111901799,9.034277435422366,11.94233834519429,-24.948993465915905,0.0,2.5403756306651366,0,23.87444178618531,0
p1236,3.0,0.5383744929783251,6.912521458971648,1.187393908235607,12.065269657580261,8.304231779298087,9.492869734350217,0.0,2.5722016876763587,0,6.912521458971648,1
p1237,4.0,0.49056107954526207,6.73472511382951,1.1417518202449353,13.89302181912358,7.870346792660051,10.020461775544854,0.0,2.2411947230607723,0,6.73472511382951,1
p1238,2.0,0.7890969889831518,15.28459978288939,1.7153013033080564,8.380573746708203,11.419147034714882,11.441109642078372,2.1737521841496728,0.0,1,15.28459978288939,1
p1240,0.0,0.5126665700720414,20.0,1.5871054646156812,7.509800499795701,10.622823014793195,32.14274613009254,3.095784974613532,0.0,1,22.48445002227751,1
p1242,1.0,0.8018402294073506,7.0771448641818875,1.2698509736771801,5.241368690320811,8.654315834725455,0.9152275000804813,1.5836708200781366,0.0,1,7.0771448641818875,1
p1243,4.0,0.7469535176455872,4.6919757139329406,1.3105393805439092,2.3834332383078647,10.120463546868375,-1.7873201547582855,1.7545126297480413,0.0,1,4.6919757139329406,1
p1246,1.0,0.5455059276752666,13.477415280785396,1.4169288204355732,8.121242163200755,12.094234949601772,-12.72539014019832,0.0,3.11759582075074,0,13.477415280785396,1
p1247,1.0,0.4382295895289296,5.136775216439254,0.0,14.182515320118249,11.774907680433843,-2.4076076396844055,0.0,0.0,0,5.136775216439254,0
p1248,3.0,0.4580748628782871,7.556564314696583,0.0,9.04928547794867,9.65286911159724,0.6035836336485705,0.0,0.0,0,7.556564314696583,0
p1249,4.0,0.7403564740305505,20.0,1.3731316648773826,9.315123333947604,9.111805840810428,19.99090609745606,1.8546898866190247,0.0,1,20.897012412075195,1
p1250,0.0,0.09542750244779379,11.751665093138428,1.2172108960687753,11.668687792857666,12.357382275129117,0.5770385627056625,0.0,1.3456200573890713,0,11.751665093138428,1
p1251,0.0,0.5159068623640399,10.279890129012847,1.2851257685338202,8.127321941511786,7.741004396238373,5.9380555471880365,2.4910034393514144,0.0,1,10.279890129012847,1
p1252,4.0,0.20538932309090563,20.0,1.2908869801285479,9.73069795485382,9.281929781349865,66.91509032285637,6.285073443458399,0.0,1,22.29600361248057,0
p1254,4.0,0.6886648181349995,3.840417875704664,1.5206097670847176,9.022554804686065,9.872290663033201,26.16010387193196,0.0,4.884156547858687,0,3.840417875704664,1
p1255,2.0,0.13414832332236737,10.653157866654642,1.2750697456856703,11.008676449001175,15.832805853875886,5.347672871486139,0.0,1.4726191333118994,0,10.653157866654642,1
p1256,4.0,0.41776813948357017,7.330584173718078,0.0,8.727612180945785,9.076378988382702,0.3487668074369168,0.0,0.0,0,7.330584173718078,0
p1258,1.0,0.39720864963084207,8.956657360382897,1.1935497559575161,14.003205092328587,10.326797978643793,6.315948964754249,0.0,1.980037960442812,0,8.956657360382897,1
p1259,2.0,0.6390657007922517,1.0787810419177575,1.0303945896185787,6.985934508125468,13.050704344488386,-13.2381046302289,1.6123453165162758,0.0,1,1.0787810419177575,1
p1262,3.0,0.6082585905965868,10.567150942632997,1.7570148247873978,8.197689113306561,6.969289021566635,-11.855766668162268,0.0,4.48513938688068,0,10.567150942632997,1
p1264,2.0,0.23256548127653257,20.0,1.4733503169688222,11.002490000651147,10.991166221408047,-17.285089665512203,0.0,1.919838476147201,0,36.094843467266585,1
p1265,0.0,0.4587118346733241,7.394691652529115,0.0,9.894466961135592,12.804563473894653,2.9100965127590612,0.0,0.0,0,7.394691652529115,0
p1266,2.0,0.2387011082402622,2.8457266374994115,1.1215857592978062,13.654480177469548,13.652595157971977,15.922141900032214,0.0,1.473252846467788,0,2.8457266374994115,1
p1267,4.0,0.16207133500753484,15.38983820951526,1.295107269614042,11.62140185040517,11.325093412844389,-6.12082492406293,0.0,1.5456056389068489,0,15.38983820951526,1
p1268,0.0,0.6832862817930344,0.7442710561628221,1.0827636569301855,5.1551300129023065,10.293835710413404,-9.993928781838129,1.5846412927958529,0.0,1,0.7442710561628221,1
p1269,2.0,0.5410458054157653,1.5112258327289625,0.0,8.036461679570941,11.403489778487632,3.367028098916691,0.0,0.0,0,1.5112258327289625,0
p1270,2.0,0.3613577919078748,7.636979231220212,0.0,6.15804538250293,8.497478866785363,2.3394334842824325,0.0,0.0,1,7.636979231220212,0
p1272,3.0,0.4817509756533906,7.986035302433751,0.0,6.752867062892753,9.577202919294141,2.8243358564013876,0.0,0.0,1,7.986035302433751,0
p1273,4.0,0.5664069517122778,11.661193834658173,1.354408776260908,10.376927202338754,9.037286482766802,-5.351287134895063,0.0,3.123686557267298,0,11.661193834658173,1
p1274,3.0,0.2929359971877037,20.0,2.388295764372289,10.967153382352276,10.968319533026335,-30.509663464957796,0.0,3.3777646081161166,0,21.379956632665678,1
p1276,0.0,0.2887226334798371,1.003904594436466,1.0392374495387489,13.685278053355104,9.506007351034151,14.349307360793048,0.0,1.4610860663584593,0,1.003904594436466,1
p1278,1.0,0.24351131030475456,13.474037882161918,1.1672310848450154,13.78093064262367,12.879698922839873,-0.42770875162261957,0.0,1.5429590696395463,0,13.474037882161918,1
p1279,2.0,0.44376441961951474,5.801607819578203,1.1184457111610304,8.941265630420736,10.538018950511184,-10.340703766328026,2.520359140374503,0.0,1,5.801607819578203,1
p1280,1.0,0.6143374577619863,3.3148354528045836,1.0599645174031773,9.713115635874178,12.853675252787305,20.725751912493028,0.0,2.7484248567469503,0,3.3148354528045836,1
p1281,2.0,0.918085568965307,0.790716235631302,0.0,7.3658487731034885,8.737456185737727,1.3716074126342388,0.0,0.0,1,0.790716235631302,0
p1283,0.0,0.41058795188790115,20.0,2.201149189670271,11.926133580108,9.796857078800633,-32.280992240024865,0.0,3.734482857485872,0,22.154628726564212,0
p1284,1.0,0.23427560412832388,0.3970186972494134,1.013750991209822,14.244680860016862,8.524933859177388,12.61332599399928,0.0,1.323911052952414,0,0.3970186972494134,1
p1286,2.0,0.23778615209866236,5.3120632884920775,1.1495434322112617,8.484605244514237,7.232138384630215,3.532246484017352,0.0,1.5081639298162695,0,5.3120632884920775,1
p1287,2.0,0.22601511957664053,20.0,1.465835135925395,12.169796565034199,11.228285477112516,-15.770983351176222,0.0,1.8938808405709457,0,24.16652207912626,0
p1288,0.0,0.360774760772314,11.529801722466814,1.213474357247662,12.8615611717215,8.874052757646384,4.945165427071052,3.3635234201249715,0.0,1,11.529801722466814,1
p1289,2.0,0.625486045636584,2.188613692060012,0.0,4.298191408211039,8.382180217247415,4.083988809036375,0.0,0.0,0,2.188613692060012,0
p1290,1.0,0.4120348690810591,2.1301228837365693,1.0331424596824288,10.178026385867978,12.533134563532075,-23.729560576073258,2.507415117527784,0.0,1,2.1301228837365693,1
p1292,2.0,0.4901847760569745,4.298214255439024,1.1144089860322433,11.00924661153282,12.311194645014117,15.971644841162078,0.0,2.1859076263222463,0,4.298214255439024,1
p1293,3.0,0.44656370118059524,14.584356869154243,1.3083730072733302,4.61413537359891,11.090323381252476,16.713247334226537,2.929868692449344,0.0,1,14.584356869154243,1
p1294,1.0,0.777660102894469,1.3853197551038208,0.0,7.108229166980036,14.988929007562014,7.880699840581978,0.0,0.0,0,1.3853197551038208,0
p1295,4.0,0.8684981788992209,2.1892733348941107,1.2038630867295022,2.8505221639961276,8.536796420484462,-3.112303472932889,1.3861434784530464,0.0,1,2.1892733348941107,1
p1296,0.0,0.4873789311882896,12.29159532393438,1.1998244109202734,12.869325067612632,10.324105668017914,2.298326281885955,2.46178965511487,0.0,1,12.29159532393438,1
p1297,0.0,0.4876045263224641,1.367351433468106,1.027738338959189,12.678128048061708,11.172036858906539,21.18052367648763,0.0,2.0057521811872445,0,1.367351433468106,1
p1299,3.0,0.5406164377947651,0.8143217501977121,0.0,7.580695415551343,13.085742056803399,5.505046641252056,0.0,0.0,1,0.8143217501977121,0
p1300,0.0,0.6425323654613034,17.880108868746277,2.3249004983569077,3.9553972838054805,10.242268936681844,33.92317266890093,3.6183399052400342,0.0,1,17.880108868746277,1
p1301,2.0,0.2261917600064351,10.230721996615248,0.0,13.476840098271255,12.594696548537085,-0.8821435497341703,0.0,0.0,0,10.230721996615248,0
p1302,2.0,0.5352994336883143,1.9006400678682531,1.2027298071588084,2.9306515258274204,10.717965921822865,-12.023766947606418,2.2468355680329655,0.0,1,1.9006400678682531,1
p1303,4.0,0.44460403989832414,7.62165055301843,0.0,13.431609026992405,12.415819685812844,-1.0157893411795609,0.0,0.0,0,7.62165055301843,0
p1305,2.0,0.7139335316942046,6.620170301204252,1.2022428881598437,9.17357357637559,7.474415169872156,-3.1376814237174813,1.6839703344747703,0.0,1,6.620170301204252,1
p1306,3.0,0.5309388901496818,0.20080233956494678,1.0054829620902532,7.283499255832877,9.691228822349066,-15.565077301557384,1.8937828453417462,0.0,1,0.20080233956494678,1
p1308,4.0,0.41400548958281763,6.365468840169227,1.067465376035013,11.048265953365222,10.374796023614477,-11.011057370527054,2.578384593669687,0.0,1,6.365468840169227,1
p1309,3.0,0.7101919566215183,11.18781337681996,0.0,9.561352886190415,8.457730232311325,-1.1036226538790892,0.0,0.0,1,11.18781337681996,0
p1310,0.0,0.6914416812529836,2.6065559255590824,0.0,7.170713549974475,9.780814492427329,2.6101009424528536,0.0,0.0,1,2.6065559255590824,0
p1311,0.0,0.7227463570932452,7.787954091298092,0.0,3.7395362591192494,9.118381903107421,5.378845643988171,0.0,0.0,1,7.787954091298092,0
p1312,0.0,0.221264134709501,18.743460938389937,1.7548980983442015,8.837723192819798,8.693779461055016,-22.46673777170882,0.0,2.2535216066997963,0,18.743460938389937,1
p1314,3.0,0.15628078549901067,20.0,1.201974062867595,14.244796168487369,10.56584119588106,-11.877897953993484,0.0,1.4246138314847938,0,30.349444374812016,0
p1316,3.0,0.23034515153049304,9.330566198892065,0.0,11.622371553648982,14.180039568066697,2.5576680144177146,0.0,0.0,0,9.330566198892065,0
p1317,2.0,0.6496704435894248,1.5693915883525966,1.1290720825800402,9.088929298605269,9.286288432069453,24.431968937850783,0.0,3.2228855999143944,0,1.5693915883525966,1
p1318,0.0,0.24239335443067048,20.0,1.5358985376483674,10.658345724141064,9.315632544262835,-20.28108076867649,0.0,2.027303412173957,0,32.159904269481885,0
p1319,3.0,0.5468716529214334,7.349972036099879,1.1447574135356386,7.338624165004001,12.68391119014709,-5.8201598531590655,2.0932835107108776,0.0,1,7.349972036099879,1
p1320,1.0,0.47157813454809444,3.4534690073604097,1.1700584396321256,9.270974590883487,8.936049492116732,12.546490207140407,0.0,2.214250613251012,0,3.4534690073604097,1
p1321,1.0,0.6495318363954106,2.8360354067365905,1.183792787778208,10.390207437669712,10.925568922075211,26.05144339004705,0.0,3.377746998765357,0,2.8360354067365905,1
p1323,0.0,0.3163605505681525,20.0,1.492955233522661,9.403270158463286,11.84734923514213,-20.697422321895942,0.0,2.1838342342054893,0,23.253917822480457,0
p1324,2.0,0.6425185922798984,7.169944314852139,1.0876339498177316,8.804090097700763,10.747570829859889,-4.112605588523462,1.692766501835217,0.0,1,7.169944314852139,1
p1325,0.0,0.5893719014427711,1.5068871522364684,1.1600915551327764,4.1056678948682475,9.445448675013838,-10.286105285904458,1.9683523294763368,0.0,1,1.5068871522364684,1
p1326,2.0,0.6711272935699348,20.0,1.2281506244938107,9.910211223968311,6.379516717188374,21.394539811602712,1.829981638745305,0.0,1,23.487059494865882,0
p1327,1.0,0.8994068871163807,19.47131275506686,0.0,10.633609493880353,7.8857762174446036,-2.74783327643575,0.0,0.0,1,19.47131275506686,0
p1328,3.0,0.3702940774412357,11.904409878087463,1.267283899705015,13.699224581529426,12.555681260675273,2.468523352083278,0.0,2.0125011601534557,0,11.904409878087463,1
p1329,3.0,0.7562614022074493,1.2603514417941935,0.0,4.688043923521932,11.220972558120934,6.532928634599002,0.0,0.0,0,1.2603514417941935,0
p1330,4.0,0.43010509900731164,1.2221007207210384,1.0249429842886584,9.42689740994548,10.68467991787977,-21.291599454260897,2.383005890081844,0.0,1,1.2221007207210384,1
p1331,0.0,0.5792666393076245,10.451880021990398,1.4300376692301013,10.804763447960203,8.07815475335456,-1.5271873053596283,0.0,3.3989167554404873,0,10.451880021990398,1
p1332,1.0,0.1634256519591879,13.435233948607006,1.181530141940533,14.99073856795677,9.942540062726483,-2.8512920401998527,0.0,1.412343259995455,0,13.435233948607006,1
p1334,0.0,0.6297556778200997,3.0870243915463376,0.0,3.937665843609659,14.043004638691711,10.105338795082051,0.0,0.0,1,3.0870243915463376,0
p1336,3.0,0.5333885092057677,7.854797936303373,0.0,6.920449625349934,13.389393261511401,6.468943636161467,0.0,0.0,1,7.854797936303373,0
p1337,2.0,0.25936810634501867,20.0,1.3302120147761867,9.755803264063966,9.794161604501145,-18.360732620424322,0.0,1.7960501379594347,0,25.35914494369772,1
p1338,3.0,0.8372044110051629,0.06443780375658285,1.009896819616643,3.8512932474848682,9.225145515893603,-5.676459295068895,1.2062726931934609,0.0,1,0.06443780375658285,1
p1339,3.0,0.49063114423855847,10.88409769700958,1.2342056178625553,9.13990201244744,7.432819614209097,-5.933285253377988,0.0,2.423009581175856,0,10.88409769700958,1
p1340,0.0,0.6242274647633645,4.681393323117966,1.182546222922879,7.693070657764867,10.446680939753389,-8.168240293267347,1.894415561114673,0.0,1,4.681393323117966,1
p1342,2.0,0.6293360072409748,20.0,1.5456137962891672,9.728886465793202,10.241270351255483,24.479274395161408,2.4559436906608565,0.0,1,20.821264806139947,1
p1343,3.0,0.45265442856402005,4.197265412689363,1.3578255256298262,7.322090559228293,10.54844185655037,10.978249857438222,0.0,2.4807463447041767,0,4.197265412689363,1
p1346,0.0,0.5075318014078569,1.8782954663695945,1.0404864845995052,10.151762065095017,14.9475107444952,-21.99733467713083,2.0500912094833668,0.0,1,1.8782954663695945,1
p1347,2.0,0.3605238631426207,5.249049369332885,1.064749850071119,11.28803384251875,10.486871125171943,-16.27023563977545,2.953340843487832,0.0,1,5.249049369332885,1
p1348,3.0,0.4017022545468638,11.543538350667035,1.3044694931092948,9.917126248285545,9.961316183343364,5.182225694710771,3.247354174252242,0.0,1,11.543538350667035,1
p1349,3.0,0.5527421446426116,10.430384305297645,0.0,9.208243088330049,8.144266420167419,-1.0639766681626295,0.0,0.0,0,10.430384305297645,0
p1350,4.0,0.5537997080496201,20.0,1.9036791393719135,8.081502654035555,7.863506978626198,-51.067345573851775,0.0,4.2664228906054005,0,21.359441796675327,1
p1351,1.0,0.5058002171154897,7.18106751764888,1.3021848771674052,7.861532030703328,9.88781582386524,3.819264342802615,0.0,2.6349361579377972,0,7.18106751764888,1
p1352,2.0,0.35242480790964775,1.1838155398226669,0.0,12.939037908537156,12.929932325491238,-0.009105583045917243,0.0,0.0,0,1.1838155398226669,0
p1353,4.0,0.5229795155631894,2.862379723924775,1.0461937065535416,10.643426416772456,12.361534060334018,-17.284463563515423,2.000448727761182,0.0,1,2.862379723924775,1
p1354,1.0,0.5781809351460356,14.789450139696447,2.5932226412534005,6.079656815729439,12.514610698156297,-47.110357674717875,0.0,6.147713219532137,0,14.789450139696447,1
p1357,4.0,0.4572443819833783,20.0,1.6187302050847499,10.05184216641619,11.678207362475032,-28.04331123956936,0.0,2.98242920266774,0,24.53893863164087,0
p1359,4.0,0.5835603643951385,1.6347465474834488,0.0,6.612535330707196,10.150388558977463,3.537853228270267,0.0,0.0,0,1.6347465474834488,0
p1360,4.0,0.30617259324763685,5.5468129167507865,1.0576031548759481,12.947601933917596,11.281900926156563,9.615343437807386,0.0,1.5243029384300781,0,5.5468129167507865,1
p1363,2.0,0.6717098757797231,6.677456826472704,1.114942269233387,10.870697575735772,10.947328189121393,-7.010744811726289,1.6598568957158153,0.0,1,6.677456826472704,1
p1364,4.0,0.28165123610689197,3.0410308473346657,1.1092402412358795,11.614259804592496,9.67838749092482,11.302503019757662,0.0,1.5441527806414337,0,3.0410308473346657,1
p1366,1.0,0.06269585690765103,4.241991516249119,0.0,13.822191714211964,12.037342044877617,-1.7848496693343474,0.0,0.0,0,4.241991516249119,0
p1368,1.0,0.4243855250817936,6.323627063107962,1.2247853502938935,7.831414937470561,9.697507595923408,5.074345022385314,0.0,2.1277876142151095,0,6.323627063107962,1
p1370,3.0,0.10834559785899996,12.114889991314772,1.0435376115692474,11.642193648373574,9.110734461094037,26.40325850073294,9.631564476918559,0.0,1,12.114889991314772,1
p1371,3.0,0.2923070216676311,6.487843860949378,0.0,14.051468340536573,13.805984472618382,-0.24548386791819077,0.0,0.0,0,6.487843860949378,0
p1372,0.0,0.6896280860505385,8.610023188677257,1.2560673034166856,4.631616594780806,9.694516175098116,3.087637538962269,1.8213691246395036,0.0,1,8.610023188677257,1
p1373,1.0,0.5207034317207827,1.8018574655016635,0.0,12.055702608007914,14.42093219100264,2.3652295829947256,0.0,0.0,1,1.8018574655016635,0
p1374,3.0,0.33626014961184025,20.0,1.4273779253078767,9.493642360761193,10.7559074552143,-21.3317421221833,0.0,2.1505081011380227,0,22.230273911756385,0
p1375,4.0,0.47648156196965813,20.0,1.5153023461083572,11.305854335486817,9.39369125419372,-27.077006123709644,0.0,2.894458410690272,0,26.561496218123974,1
p1376,3.0,0.3564226838757564,20.0,1.5292636120160945,13.066936411320345,8.194433330558667,-21.3467970005845,0.0,2.3761925314982166,0,34.32780620494117,0
p1378,1.0,0.542631587223098,5.952578938652675,1.1876074764163138,5.707981227348447,9.231694149105074,-3.6529827068423346,2.188607343140236,0.0,1,5.952578938652675,1
p1379,3.0,0.457965320621778,3.636756297648169,1.0884048776064363,9.701890819969112,8.475269545586949,-12.725879367265577,2.3766098186838964,0.0,1,3.636756297648169,1
p1383,1.0,0.15077979548796458,20.0,1.4681978300646348,14.030458847601873,12.057592360152022,-12.293472756431122,0.0,1.7288776482988484,0,26.416962800977913,0
p1384,2.0,0.3610593723086348,0.7683814294433473,1.0356527269368705,15.436566732255413,11.867356123967951,20.20631007344104,0.0,1.6208903958399303,0,0.7683814294433473,1
p1385,0.0,0.5073118892789781,20.0,2.2290095107198797,6.859202663257423,7.699416270077076,54.88609485035344,4.393765566755948,0.0,1,20.74468613495529,1
p1386,3.0,0.5841923299674525,15.87504833548676,0.0,8.086600620173675,12.90082659660248,4.814225976428805,0.0,0.0,1,15.87504833548676,0
p1387,2.0,0.3730354498868808,1.8699784364263368,1.0938314547857284,9.864147286202057,10.6246766597612,14.707527399484622,0.0,1.7446464151575642,0,1.8699784364263368,1
p1388,0.0,0.6438924887263244,0.48189674383139075,1.028434408398559,8.926389269457722,7.358394853918664,22.819603149467877,0.0,2.8879885311045492,0,0.48189674383139075,1
p1389,0.0,0.5600845552079753,6.181382636116866,1.1985048534218323,6.796373151512476,6.321240777924635,-0.7744097955209063,2.1398641370797904,0.0,1,6.181382636116866,1
p1390,4.0,0.6096791462252855,3.8162464688143265,0.0,13.048837646585556,15.15454264996763,2.1057050033820737,0.0,0.0,0,3.8162464688143265,0
p1391,2.0,0.4194884772212389,14.347891718113457,0.0,16.104714454414477,9.916379578448304,-6.188334875966174,0.0,0.0,1,14.347891718113457,0
p1392,3.0,0.33694961428919473,7.4741393781644385,1.3311677080885935,8.330185308282285,12.7402279837007,6.128676316799874,0.0,2.007641857656943,0,7.4741393781644385,1
p1395,0.0,0.6068400865536738,11.453383568124318,1.3388978869458121,9.12944890305387,9.046700880478,-7.996859065047974,0.0,3.4054791476817163,0,11.453383568124318,1
p1397,3.0,0.5335473068351848,18.674596943079667,0.0,5.4736620354433425,10.773204942362351,5.299542906919009,0.0,0.0,1,18.674596943079667,0
p1399,0.0,0.2830981958665999,0.552654732013548,1.0119221504066156,12.155901931974437,9.55945375719226,13.781782135960784,0.0,1.4115212774918873,0,0.552654732013548,1
p1400,4.0,0.25469157402769305,13.405582285675441,1.192943232600564,12.132615417325223,8.447428813031143,-5.722701756416553,0.0,1.600603442855602,0,13.405582285675441,1
p1401,1.0,0.518715735812946,11.559736198809842,1.110402312841761,13.285205708543652,8.164910526151882,2.146926570012033,2.140675973713246,0.0,1,11.559736198809842,1
p1402,3.0,0.5900337779300374,15.197084140640836,0.0,4.1711008465637525,9.326798217710309,5.155697371146556,0.0,0.0,0,15.197084140640836,0
p1403,3.0,0.666731002094307,6.203444765826323,1.1992805382096474,7.219634407323409,8.29032601339089,-2.683080241795155,1.798747222556801,0.0,1,6.203444765826323,1
p1404,3.0,0.40186792201315297,7.23376339884023,1.1264779288959654,12.7363949036027,13.077037104996949,10.703893344562038,0.0,1.883326392871938,0,7.23376339884023,1
p1405,2.0,0.232649022522336,19.94054875249156,1.1468058294526962,14.756764901482233,12.51070725606564,-9.993221216513081,0.0,1.494499731038757,0,19.94054875249156,1
p1406,3.0,0.36404704289332107,20.0,1.4881861823647278,12.034273108997223,14.690619641634559,-15.984159119878921,0.0,2.3400884699638085,0,33.173756999571474,0
p1407,0.0,0.28685891689208376,20.0,1.446317047465287,10.111158804786367,15.109604385564555,-15.057052467355113,0.0,2.0280938536904105,0,28.249034204005294,0
p1408,1.0,0.5650611888393818,12.697513600009067,0.0,8.977716050383822,11.896470666256652,2.91875461587283,0.0,0.0,0,12.697513600009067,0
p1409,2.0,0.7271352841660617,20.0,1.956044784913266,2.7803926011842073,10.713476595698946,32.91448163882107,2.6900699601678917,0.0,1,26.4773177574345,0
p1410,4.0,0.22768536589219443,6.084085646007706,1.021709651114576,14.166802205208192,8.35581986040967,-16.005105987864184,4.487375142056078,0.0,1,6.084085646007706,1
p1412,4.0,0.5356233244161662,0.7156978544484088,0.0,11.11952640998065,12.52343933896025,1.403912928979599,0.0,0.0,0,0.7156978544484088,0
p1413,3.0,0.325648568839303,7.530777550736263,0.0,11.298913570285364,11.409428575382515,0.11051500509715062,0.0,0.0,1,7.530777550736263,0
p1414,1.0,0.05642812182366181,2.3193409728298833,1.0170625051684983,13.27843808286466,9.718320172194668,-136.9195861508486,18.02403610644395,0.0,1,2.3193409728298833,1
p1416,1.0,0.1922365073457225,6.48547294292669,1.0730124530189074,10.284476415464475,9.721540686176048,-18.625795043906628,5.581730899267626,0.0,1,6.48547294292669,1
p1417,4.0,0.570268579225207,1.154882728642073,1.0601071442996777,8.928591834347511,8.924469287818699,19.172889331745246,0.0,2.46690628855655,0,1.154882728642073,1
p1420,2.0,0.5223135283262242,20.0,1.6221239043921445,7.056510789501273,12.842705824646272,28.01425795706995,3.105651713809346,0.0,1,30.57648954235397,0
p1421,4.0,0.553287284111475,12.62317428182702,1.4346828386246817,9.159400270025559,8.012071619493277,10.809334816640282,2.593016105419161,0.0,1,12.62317428182702,1
p1422,4.0,0.5897060054790144,11.701090937345572,0.0,3.421721402784553,7.7183012499962285,4.296579847211675,0.0,0.0,0,11.701090937345572,0
p1423,2.0,0.7479942982562122,7.8096745625578325,2.4291355872739264,4.269735794491589,8.813260876574796,-29.57868397421371,0.0,9.639208837201666,0,7.8096745625578325,1
p1424,3.0,0.7345744872632475,6.470657650477745,0.0,6.047109220543624,7.484486029389242,1.4373768088456176,0.0,0.0,1,6.470657650477745,0
p1425,0.0,0.4874183114144634,7.324777678045703,1.284031939574268,8.364756684910947,11.776835926781796,6.0172567014610046,0.0,2.50502889230698,0,7.324777678045703,1
p1426,2.0,0.6637304403862284,3.4093532311754813,1.0396776196596162,11.365824524107847,8.003801812602557,-10.558837975857166,1.5664154548262426,0.0,1,3.4093532311754813,1
p1427,0.0,0.2016015394392612,10.362237965175957,0.0,10.113476512520553,11.202090226447396,1.0886137139268435,0.0,0.0,0,10.362237965175957,0
p1428,1.0,0.5700876319671119,6.927620383704595,0.0,8.55151744123459,10.264702261899098,1.713184820664507,0.0,0.0,0,6.927620383704595,0
p1430,2.0,0.2638992889759188,20.0,1.2873278356253128,6.3543506249859885,5.9453241163812764,68.15112594912011,4.878102705849971,0.0,1,21.729369848981808,1
p1431,4.0,0.38800491059986053,11.57501750484172,0.0,12.218453949098294,9.165735691404368,-3.0527182576939254,0.0,0.0,0,11.57501750484172,0
p1432,0.0,0.49487490973580767,7.214569170812564,1.1051019227930463,11.342061958070577,10.558713559502813,-8.25113535105663,2.233093456653546,0.0,1,7.214569170812564,1
p1433,1.0,0.7264072297350109,20.0,1.7198332858696515,6.204806188153204,8.655604099874653,29.309657348233504,2.3675883381516405,0.0,1,22.54097172808474,0
p1434,1.0,0.44316895363470027,2.8316280442599933,1.1318233607958756,8.512506356657447,11.224118212008067,14.258652606364992,0.0,2.0326154013570608,0,2.8316280442599933,1
p1436,4.0,0.4478590210241976,20.0,3.1990310993937325,7.776660375534499,11.1686157973491,66.47402229715911,7.142942196582193,0.0,1,27.213549532548807,0
p1438,2.0,0.9228735156212029,2.2484551178841654,1.2080319161618875,2.5493933163304847,10.207338738118992,-2.7601511727269257,1.308989688959423,0.0,1,2.2484551178841654,1
p1440,1.0,0.8790079197246964,2.9576559260832203,1.0772795822512882,9.24716183531898,9.940904520861082,-7.86466840510581,1.2255629990099408,0.0,1,2.9576559260832203,1
p1441,0.0,0.6780706744867876,0.06047971299954607,0.0,3.545505083874155,11.351995491233014,7.806490407358859,0.0,0.0,1,0.06047971299954607,0
p1443,3.0,0.37442859638903614,3.017447166131565,1.037849084113094,14.120354167270195,5.514071981898599,-15.52647952982237,2.7718211005303544,0.0,1,3.017447166131565,1
p1444,4.0,0.45289143598420917,1.368924328722896,1.0523510497357385,13.184046403583217,10.838229673111039,-24.348956175534568,2.3236276204887885,0.0,1,1.368924328722896,1
p1445,3.0,0.46767197386926085,2.7959424682328193,1.1526937105718802,6.803535950522698,10.780873957056789,12.655310186848812,0.0,2.1653823469530797,0,2.7959424682328193,1
p1446,1.0,0.34442794612237215,11.414801070008757,0.0,12.030809396337151,11.466286785960207,-0.5645226103769438,0.0,0.0,0,11.414801070008757,0
p1447,1.0,0.4412503692113401,2.3693860984759447,1.2282698822107203,10.85623523212962,10.79313370411198,18.593091892673417,0.0,2.1982473267625267,0,2.3693860984759447,1
p1450,2.0,0.2027484546678627,4.501018453965506,1.0399042597538088,13.035674823390952,13.015796791551642,-43.69248840325043,5.129036674816354,0.0,1,4.501018453965506,1
p1452,1.0,0.2223473697839151,2.908423226920742,1.0332917818301306,13.850189535392994,10.657723953540183,11.346207298490429,0.0,1.3287318034827604,0,2.908423226920742,1
p1453,3.0,0.513745853581975,16.89119387695672,0.0,3.695909047460905,10.811508971892913,7.115599924432008,0.0,0.0,1,16.89119387695672,0
p1454,2.0,0.3623167725197029,0.6826049584761724,1.0197899642015131,13.233757919403631,9.808677332684091,16.646859958568527,0.0,1.5992108938336822,0,0.6826049584761724,1
p1456,3.0,0.6546112652081053,4.161612425735727,0.0,7.37986438152848,10.474155537614289,3.0942911560858084,0.0,0.0,0,4.161612425735727,0
p1458,4.0,0.5244521091641537,19.425177447394866,2.240851433014168,5.529249750904168,8.264695422327168,50.4213672303236,4.27274748991958,0.0,1,19.425177447394866,1
p1459,4.0,0.7659672342154067,6.525389420086502,0.0,2.703889454118455,11.826782530828835,9.12289307671038,0.0,0.0,0,6.525389420086502,0
p1462,0.0,0.31930303947477207,0.621893501290765,1.0230892956921878,9.273089800017335,9.68175629564173,13.411436952142386,0.0,1.5030025914950005,0,0.621893501290765,1
p1463,4.0,0.6124344726075046,1.5340008943377366,1.0267821312812904,4.517927755920908,10.659824392016588,-9.158078985375813,1.6765583539242275,0.0,1,1.5340008943377366,1
p1464,2.0,0.3755677157747813,6.637432242743143,0.0,11.159947862579433,10.659069720297977,-0.5008781422814561,0.0,0.0,0,6.637432242743143,0
p1465,0.0,0.3401903730619015,12.72335936075169,0.0,12.300894390759154,9.335474210525794,-2.9654201802333606,0.0,0.0,0,12.72335936075169,0
p1467,4.0,0.8178598844990317,0.7933393629664747,1.0150221891092341,5.383152681178327,9.99909321846804,-6.809053655371457,1.2410710053727252,0.0,1,0.7933393629664747,1
p1468,4.0,0.3873708817263456,6.143547047364872,1.2183222755163843,11.687937723731569,10.75363518365821,10.091707265365864,0.0,1.988678368650727,0,6.143547047364872,1
p1469,0.0,0.3226721149640281,16.650226039669597,1.2144121525529692,10.90901982806158,11.895794153050018,18.880603986221587,3.76361047711964,0.0,1,16.650226039669597,1
p1471,1.0,0.4367160001264887,20.0,1.6311356746702714,11.505367925139229,8.584839957593509,-27.518949764747795,0.0,2.8957607086949966,0,30.473205289364675,0
p1473,4.0,0.5140107051516989,8.384009679424466,1.1646317364734493,11.330148037066005,10.311180845256708,6.0412011446601745,0.0,2.3964143836480654,0,8.384009679424466,1
p1474,0.0,0.5631795523850123,7.055660123927853,1.1470952456877312,10.400645619261795,11.259199644867836,-7.703298369621402,2.036819768810659,0.0,1,7.055660123927853,1
p1475,2.0,0.4126403146713261,3.5487076135947118,0.0,10.321100481106066,11.104444437902805,0.7833439567967382,0.0,0.0,0,3.5487076135947118,0
p1476,3.0,0.25243433269854476,1.0333931315614415,0.0,16.187509851063503,12.566638238830345,-3.6208716122331577,0.0,0.0,0,1.0333931315614415,0
p1477,4.0,0.4375083298998083,19.25567432613556,0.0,11.822573232298344,9.859674951440542,-1.962898280857802,0.0,0.0,1,19.25567432613556,0
p1478,1.0,0.55883378203858,2.418601043434491,0.0,10.659926297554023,12.218838888372163,1.5589125908181405,0.0,0.0,0,2.418601043434491,0
p1480,1.0,0.48754078735748757,20.0,1.5264389924852886,14.147390724767826,9.744012411010383,27.707041507999662,3.1308949570326567,0.0,1,20.852369683082543,0
p1482,4.0,0.3875847149579728,4.497536383477738,1.0689194015209684,12.837639063845044,10.71704219355778,-19.273364179462057,2.757898751597764,0.0,1,4.497536383477738,1
p1483,0.0,0.6144963295270125,8.150418803173132,0.0,6.71898465034405,7.8352948630572135,1.1163102127131639,0.0,0.0,0,8.150418803173132,0
p1484,3.0,0.4578121249768027,2.1534516347529005,1.0545842375366559,13.836705966823262,11.231924578176786,20.11976932397524,0.0,1.9450531561435893,0,2.1534516347529005,1
p1485,0.0,0.5819109161879854,1.7860219261170205,1.201187495439086,4.390117935961978,11.811168534818453,14.90272779412864,0.0,2.873041994990656,0,1.7860219261170205,1
p1486,0.0,0.17936951076719315,6.912955396464402,1.0418149817024929,13.570174386919279,8.874767657218054,-16.090015522460522,5.808205515232089,0.0,1,6.912955396464402,1
p1487,2.0,0.369037913442036,13.755344722571031,2.381140782638757,7.730059677393326,11.695522232658028,-18.772911514661345,0.0,3.7738254538056326,0,13.755344722571031,1
p1488,0.0,0.5136228798456621,9.449517342010786,1.1941276735784168,8.918294544604437,9.81007838134557,0.0535113765788473,2.324911370648517,0.0,1,9.449517342010786,1
p1489,4.0,0.6890560880045703,8.457339996758009,0.0,8.902412804520866,10.304564129568236,1.4021513250473703,0.0,0.0,1,8.457339996758009,0
p1492,0.0,0.5047184557977871,4.146550241457609,1.1477598916127367,9.067777028020945,9.274617616609934,11.611236309099654,0.0,2.3173887762394205,0,4.146550241457609,1
p1493,0.0,0.5034855165432619,1.7343267095964396,1.0661077323199935,10.555369134656793,9.738569089054964,-17.765420039064715,2.117454618435659,0.0,1,1.7343267095964396,1
p1495,0.0,0.5782024094047947,11.885704411910424,1.1421689426007038,11.19555765869436,10.670621368983857,1.8753133317674222,1.9753790783688705,0.0,1,11.885704411910424,1
p1496,3.0,0.5220393745924241,4.416814466891245,0.0,4.294095506960875,13.115054859647291,8.820959352686415,0.0,0.0,1,4.416814466891245,0
p1498,4.0,0.42427645819940674,1.1639188011987807,1.031243023624219,10.106747488033303,10.355882823419735,16.26763905319833,0.0,1.7912121856246739,0,1.1639188011987807,1
p1499,0.0,0.11996625136664735,1.1820816320667367,1.0071601880622159,8.954367050666296,11.057191087975337,-80.80230122455254,8.395362667322816,0.0,1,1.1820816320667367,1
p1500,4.0,0.8454523711013291,2.182139795234846,0.0,4.913857172609155,7.760593084592027,2.846735911982872,0.0,0.0,1,2.182139795234846,0
p1501,0.0,0.08469101632825271,12.533559339255579,0.0,10.145599637334602,9.78890601281934,-0.35669362451526254,0.0,0.0,0,12.533559339255579,0
p1503,0.0,0.44545937357975535,2.0470317702765293,1.035123630448415,10.977202510962337,11.653292426939613,-21.64618680715143,2.3237217394934575,0.0,1,2.0470317702765293,1
p1504,0.0,0.5917723990773118,10.518045143794133,1.3616320157417607,10.458664305767325,10.068076438092524,0.6447625419091856,2.3009387018806717,0.0,1,10.518045143794133,1
p1505,0.0,0.21951891884296854,5.851279973015418,0.0,10.26954640401788,11.987726897707208,1.718180493689328,0.0,0.0,0,5.851279973015418,0
p1506,0.0,0.5672737558922263,9.250747735662065,1.3023437399129962,11.45437014760034,10.017632943902347,-3.197347737518199,2.2957940965638866,0.0,1,9.250747735662065,1
p1507,4.0,0.6474323526595093,3.998983580352146,0.0,4.523980844203791,11.399626603663778,6.875645759459987,0.0,0.0,0,3.998983580352146,0
p1508,2.0,0.36875991833662863,16.275312093862542,0.0,10.965882725903736,9.867063334424856,-1.0988193914788802,0.0,0.0,0,16.275312093862542,0
p1509,1.0,0.4000720671998128,13.357884288111624,1.2161314788194373,12.5157119623283,9.002654505673776,9.72588739892142,3.0397810257821627,0.0,1,13.357884288111624,1
p1510,3.0,0.7188667122058242,2.3698644820124297,1.0458339104164105,12.01093024822916,7.268050073199623,-11.868941938353895,1.4548370270300814,0.0,1,2.3698644820124297,1
p1511,1.0,0.6218890578718976,6.292361025233019,1.117302302546728,9.000165047386279,7.979720452879928,-4.051999097467504,1.7966264053111545,0.0,1,6.292361025233019,1
p1515,2.0,0.15799593382630603,20.0,2.162303457930819,11.494649316047145,11.319307426493573,-22.017456356292584,0.0,2.5680439617791175,0,26.03135243895698,0
p1516,0.0,0.5463543863823836,2.4783261345861343,1.1022675288327373,11.915719673448512,8.431797416741183,19.44704443279383,0.0,2.4297987145575104,0,2.4783261345861343,1
p1517,1.0,0.4963832588686196,7.2615486909997795,1.1099045479856828,8.342242501604987,10.901924508348369,-5.580136578721261,2.2359830396283513,0.0,1,7.2615486909997795,1
p1518,3.0,0.4190469723954862,2.9072631550719,1.0551249421405056,9.39251613109189,10.266817697037318,-17.656436207629284,2.5179156792587554,0.0,1,2.9072631550719,1
p1519,3.0,0.7139617808046047,7.207311658731155,1.1504301679908577,7.544517019908103,10.398963874290029,-2.2883676396598363,1.6113329857718317,0.0,1,7.207311658731155,1
p1520,3.0,0.7506849522150206,0.2107412853594066,1.0228061144085174,2.303935422924714,10.242510480049079,-5.729681966528681,1.3624971586156858,0.0,1,0.2107412853594066,1
p1522,3.0,0.68136501900535,2.117332373069724,1.0609823363584079,5.094560799484588,8.628720163554183,-6.60499841213783,1.5571423638789377,0.0,1,2.117332373069724,1
p1523,4.0,0.5657608471316478,0.34765300551265604,1.0248383602114004,10.965404980839589,12.623503227989918,26.716823264570245,0.0,2.3600782044683553,0,0.34765300551265604,1
p1524,3.0,0.8611088568112097,6.577761545548267,1.3002722977009626,2.789581463386684,8.8158606372134,2.646754941340647,1.5099975890574722,0.0,1,6.577761545548267,1
p1527,1.0,0.37798865447370267,12.626376448118569,1.1235416938393445,11.560080384611789,8.442711350648871,9.318248052514141,2.972421739493007,0.0,1,12.626376448118569,1
p1528,1.0,0.7405584747332099,3.2842110194649483,1.1107876955437987,5.159227664284896,9.59757230547911,-5.031270889913583,1.4999324610307996,0.0,1,3.2842110194649483,1
p1529,4.0,0.8076955812126279,0.9675443117931974,1.079936787118681,8.75601120264909,6.19078765133778,41.17299090953837,0.0,5.615766886317622,0,0.9675443117931974,1
p1530,3.0,0.7996162877439265,1.0677619155424019,1.026901917364488,2.7085436022690357,10.106180763341039,-4.209892334025184,1.2842433716074437,0.0,1,1.0677619155424019,1
p1531,1.0,0.8429912789303818,5.042012938160387,0.0,8.701890391431073,10.65690654783385,1.9550161564027775,0.0,0.0,1,5.042012938160387,0
p1533,2.0,0.8071421555102736,20.0,2.244166655388955,6.331529321140608,10.369358680709906,30.81472853552471,2.780385883785487,0.0,1,21.036693045831957,0
p1534,1.0,0.7012809349446086,20.0,1.2053169759175657,12.628542782863038,10.77930551587304,13.998704745501081,1.718736266533139,0.0,1,36.782150250315986,0
p1536,1.0,0.8069767056743324,15.920174462001222,1.2430540776479797,5.2750993461368045,10.456456450673212,13.597581396196304,1.5403840890416394,0.0,1,15.920174462001222,1
p1537,1.0,0.7312370903137067,4.894749568854855,1.1127430948907708,6.080351451083021,11.150386716378112,-4.44933558207592,1.521726823804021,0.0,1,4.894749568854855,1
p1538,3.0,0.7213012147051495,3.0390725967236034,1.1084443390046401,4.849535689133538,7.96478844386681,-4.454236572334062,1.536728784600405,0.0,1,3.0390725967236034,1
p1539,0.0,0.30642941787022554,1.9518200279677864,1.0419910540143542,13.965436388123683,8.798479450645601,12.88179123059325,0.0,1.5023576271281163,0,1.9518200279677864,1
p1540,0.0,0.5302473657671121,0.6278067883694101,0.0,8.836030511183036,9.697294227993996,0.86126371681096,0.0,0.0,1,0.6278067883694101,0
p1541,4.0,0.1418130095212127,20.0,1.2958258075101081,13.429952184257209,10.289009082950155,-13.0614355005977,0.0,1.5099574124133013,0,22.611535478026603,0
p1543,2.0,0.15504588881976097,20.0,1.3369079400214465,13.15653916003891,8.425683626935232,-15.55875377409846,0.0,1.5822254987954816,0,37.791156757489176,0
p1544,4.0,0.6007644290491492,6.631526948657301,0.0,4.980727621432763,14.048510048696066,9.067782427263303,0.0,0.0,0,6.631526948657301,0
p1545,2.0,0.5942664883594186,10.676065189859012,1.3667599983545842,10.825963753686255,10.215505817569886,-0.10550738366763279,0.0,3.3686150124205843,0,10.676065189859012,1
p1548,0.0,0.8552805095411554,18.583807041635414,2.729333910328622,1.4928566567001433,10.066169141121435,35.75442756705658,3.1911564450274525,0.0,1,18.583807041635414,1
p1549,1.0,0.33219129915367723,12.19075744543533,1.5534238674629044,13.535881896850958,11.914333662839994,1.5074143339952197,0.0,2.3261509852959836,0,12.19075744543533,1
p1551,0.0,0.7134655750781197,7.710829042015403,0.0,9.003663549518219,9.982320967186823,0.9786574176686038,0.0,0.0,1,7.710829042015403,0
p1553,0.0,0.329467531546294,20.0,1.3746332958316672,12.630018699248808,12.141998909628478,32.29782070522203,4.172287598052785,0.0,1,28.204648480392336,0
p1554,4.0,0.1404839406171668,10.591897515602444,0.0,15.475985528611334,12.901649593322437,-2.5743359352888966,0.0,0.0,0,10.591897515602444,0
p1555,2.0,0.5499137255302713,12.860268980997983,1.4018418494284601,6.615624653450921,12.49974462148728,6.803169832473094,2.549203237429091,0.0,1,12.860268980997983,1
p1557,1.0,0.6697186134818924,0.5716467879412449,1.0921547174190525,4.116776406797719,10.047819579771048,17.653865575754523,0.0,3.3067401373500513,0,0.5716467879412449,1
p1562,3.0,0.3159153617679128,1.7582983229433802,1.057380640183475,10.457205611217026,11.405097112964318,14.39367824115203,0.0,1.5456868654675753,0,1.7582983229433802,1
p1563,3.0,0.8540043843059945,9.020827506008139,1.1156335925767564,11.137761481782762,7.548704934773459,-1.6659406672301484,1.3063558139498015,0.0,1,9.020827506008139,1
p1566,2.0,0.6811070396097904,0.5732823204453429,1.0508041943803557,12.77575032695367,11.425279856130363,38.85864718213793,0.0,3.295162718846322,0,0.5732823204453429,1
p1567,1.0,0.11100643988774078,0.049308512567473185,1.000668618835944,13.095040892440597,10.44980269136305,12.039294497474868,0.0,1.1256196487065473,0,0.049308512567473185,1
p1568,3.0,0.15350728285551016,7.741352428207181,1.0644616417688169,13.41552972979887,12.163288589917622,5.883017042273522,0.0,1.2574965149843356,0,7.741352428207181,1
p1569,4.0,0.8849135155181177,3.9533992263459132,1.271323589860812,4.978477258454972,10.464676049441831,-3.868319679068448,1.436664224883548,0.0,1,3.9533992263459132,1
p1572,3.0,0.4391301881602358,4.679544342920982,0.0,11.087877879646458,8.10316812510694,-2.9847097545395176,0.0,0.0,0,4.679544342920982,0
p1573,1.0,0.6435165945228426,3.82855679851326,0.0,5.092610395040927,9.590430843203112,4.4978204481621855,0.0,0.0,1,3.82855679851326,0
p1574,2.0,0.33554379581027755,4.262381189443667,1.0977406217147074,13.923943192685371,10.059138629771727,12.096953357771582,0.0,1.6520887528672532,0,4.262381189443667,1
p1575,0.0,0.5172758825215069,16.603941921829293,0.0,13.181228395255719,9.473266143392367,-3.7079622518633517,0.0,0.0,1,16.603941921829293,0
p1576,4.0,0.6084564629416933,0.3501138268150412,0.0,7.087568584233823,14.411077833971897,7.323509249738073,0.0,0.0,0,0.3501138268150412,0
p1577,4.0,0.623163860520752,10.208158766415698,1.090113934284172,11.197679766733138,12.896804817068874,-3.00418127061471,1.7493214920602251,0.0,1,10.208158766415698,1
p1578,3.0,0.7141094895486649,1.044150654264304,1.0256024247820408,12.09573026185549,11.924998338323784,-15.797780620935924,1.4361977256880414,0.0,1,1.044150654264304,1
p1579,0.0,0.5199986370529284,20.0,1.7173108321391128,14.621400264015138,11.371563245542243,-22.4929648538534,0.0,3.5777207414481356,0,37.641482184518324,0
p1581,4.0,0.5878521348764705,14.020072952579158,1.6144714383550756,8.54841421446801,10.71261757358477,-19.269455530414866,0.0,3.917214123797982,0,14.020072952579158,1
p1582,1.0,0.5685613401212247,0.9238076070458294,1.0331762123810022,7.881496167271669,9.951693361788669,18.731936120742514,0.0,2.3947233024302967,0,0.9238076070458294,1
p1583,0.0,0.5175680663323555,3.7621562260990213,0.0,5.874662072812991,11.27291230595647,5.39825023314348,0.0,0.0,1,3.7621562260990213,0
p1585,3.0,0.5219297106484075,5.987880276353203,1.0455371569158103,4.835367686489593,7.602898673631214,-0.4676972610434338,2.0032144857530927,0.0,1,5.987880276353203,1
p1586,0.0,0.5877747705866789,0.40569379565036967,1.0421011970510536,5.622015200631356,10.313572033374221,17.87836441380757,0.0,2.527989852863135,0,0.40569379565036967,1
p1587,1.0,0.46845639027118624,14.443143692532836,1.0881145892551016,10.66891946026476,8.037880656380304,12.246888581457235,2.322766028712298,0.0,1,14.443143692532836,1
p1588,2.0,0.2965755725252005,11.709210045745133,1.7929192418705133,5.623446782899437,11.274033064919514,-9.861075851458546,0.0,2.548844157014643,0,11.709210045745133,1
p1589,4.0,0.1708950085916778,1.6991987170859857,1.0373595408658107,14.860298967567473,11.908850676910834,13.5154564495231,0.0,1.2511799489998803,0,1.6991987170859857,1
p1590,1.0,0.48065053185745416,9.779063562204216,1.3643614888633433,13.122371337853469,12.390841715159368,8.051535835767515,0.0,2.627058604186087,0,9.779063562204216,1
p1592,1.0,0.7144407384490504,2.7433608320832312,0.0,2.651703846119815,7.821324292202202,5.169620446082387,0.0,0.0,0,2.7433608320832312,0
p1593,4.0,0.4947300910970097,18.60975821290448,0.0,9.71767307970275,8.3601816079672,-1.3574914717355515,0.0,0.0,0,18.60975821290448,0
p1594,2.0,0.5375156818227778,1.5917200335498631,0.0,5.449343897862088,10.849532598761414,5.400188700899326,0.0,0.0,1,1.5917200335498631,0
p1595,3.0,0.4792495933598239,20.0,1.7209794898629474,8.980091899475687,6.575409774842903,-38.82334945422203,0.0,3.3048068094012955,0,24.466573196293837,0
p1596,0.0,0.7910833253035918,13.12155554070236,0.0,7.73947101274727,7.48928408571875,-0.25018692702851997,0.0,0.0,1,13.12155554070236,0
p1598,3.0,0.6526266215384507,14.709173190278262,1.5697417148155992,11.160699145186197,11.7738571932969,-15.422002035804676,0.0,4.518888930889544,0,14.709173190278262,1
p1599,1.0,0.4909023973185714,4.218891936774071,1.0823573654539134,6.255231868973557,10.710719774129215,-9.8579025231666,2.20483210382759,0.0,1,4.218891936774071,1
p1600,0.0,0.4002152179802305,8.157433106364898,0.0,11.475693457237103,10.934190933057932,-0.5415025241791707,0.0,0.0,1,8.157433106364898,0
p1601,4.0,0.09842177698709909,20.0,1.7011536683858146,14.473766190323015,9.977624454362692,-14.923382188012809,0.0,1.8868619771015391,0,31.797459302734463,0
p1602,1.0,0.6260151001094113,1.9210897828741573,0.0,6.51022867236879,11.655868578919991,5.145639906551201,0.0,0.0,0,1.9210897828741573,0
p1606,0.0,0.34107172186105617,4.303964192449164,0.0,10.423237246744499,8.632748392488645,-1.7904888542558535,0.0,0.0,0,4.303964192449164,0
p1607,3.0,0.7321276066984828,1.764017662134855,1.0326770324066186,6.787701670277828,8.103831973492898,-7.62627341051147,1.4105150836525049,0.0,1,1.764017662134855,1
p1608,3.0,0.5462149865268325,19.1004512118101,0.0,8.032114365729747,11.841067766209191,3.808953400479444,0.0,0.0,1,19.1004512118101,0
p1609,0.0,0.625961102803727,4.667730635368382,1.0834208524976692,10.790233927543445,7.7318636644074585,-8.361807814795972,1.7308117831043264,0.0,1,4.667730635368382,1
p1610,2.0,0.546187311247661,5.017222999574175,0.0,3.9946983019674454,10.807997418110983,6.813299116143537,0.0,0.0,1,5.017222999574175,0
p1611,3.0,0.7215679856439264,6.129138108967119,1.3066411094042913,7.201597825863945,12.334139506505421,-6.1036967213426605,1.8108357568528297,0.0,1,6.129138108967119,1
p1612,3.0,0.6421854249466252,8.614702940100608,0.0,10.22800117067962,9.828993076479964,-0.3990080941996563,0.0,0.0,0,8.614702940100608,0
p1615,2.0,0.571290956007115,0.5480439851146885,1.0323494510821682,5.739474766193567,11.98454695593333,18.746256366453323,0.0,2.4080421571402666,0,0.5480439851146885,1
p1616,4.0,0.5198169028182383,2.376974777832218,0.0,6.811738006802719,10.996493503775907,4.184755496973188,0.0,0.0,0,2.376974777832218,0
p1617,3.0,0.6872002117964634,4.32864158476556,1.264664169571294,4.990029146055299,8.828394247455622,-4.442592713732925,1.8403139985437973,0.0,1,4.32864158476556,1
p1618,1.0,0.6713176719014639,7.447418523376486,0.0,8.639223753285108,7.568531139688283,-1.070692613596825,0.0,0.0,0,7.447418523376486,0
p1619,2.0,0.22345959386830389,1.2520802345391455,1.0440726473102093,12.695928995917415,13.501380070327087,16.191913101838978,0.0,1.3445181204558485,0,1.2520802345391455,1
p1620,0.0,0.4000259103286225,17.936323653971623,1.752161384017846,6.998935486874966,13.602403872670058,-25.338026285911788,0.0,2.920395087357112,0,17.936323653971623,1
p1621,4.0,0.5520282445632633,6.4062895864818925,1.0989420047948573,11.087493897729697,13.785256487546892,-11.991805850628712,1.990735103897237,0.0,1,6.4062895864818925,1
p1622,2.0,0.5625647289311358,18.14268303847459,1.3820704201719793,9.492800497585105,10.07896939791293,-26.743010039711052,0.0,3.159485554959751,0,18.14268303847459,1
p1623,1.0,0.32167639599498965,20.0,1.5502649237810884,10.203902417461808,10.314535374747178,-22.277717355869143,0.0,2.285435616021461,0,28.482800489458803,0
p1624,2.0,0.5708660041630383,20.0,1.5310624300900029,8.149604782425387,14.059335288574019,21.84259125297307,2.681999661785315,0.0,1,23.196749023513668,1
p1625,3.0,0.4664678392173966,20.0,3.2735003627383037,11.086676504440154,10.479662303616003,-55.29494089135401,0.0,6.135525847095367,0,20.025185285231558,1
p1626,2.0,0.3802091297414352,0.3425186653956312,1.0295839323667757,8.257082101633403,8.52995430617458,13.420383303322776,0.0,1.6611795716468898,0,0.3425186653956312,1
p1627,3.0,0.29843815067364154,20.0,1.8228944028200882,10.245649607886007,8.960210651108847,-26.630532550455378,0.0,2.598337416110121,0,22.909457956197624,0
p1628,3.0,0.7323871356793272,1.8561118871601454,0.0,3.5515689860653965,5.997255445170135,2.445686459104739,0.0,0.0,1,1.8561118871601454,0
p1631,3.0,0.7227173922910325,4.219565348258123,1.064892911360106,6.212873628314049,10.56299242144805,-4.996647447755804,1.4734568763930924,0.0,1,4.219565348258123,1
p1632,2.0,0.6199430863575288,2.6530383601222747,1.1359097205281607,11.308826749842252,10.412334617943724,24.97382838532564,0.0,2.9887884676049827,0,2.6530383601222747,1
p1634,2.0,0.10026295321767138,9.008296327179867,1.132870125208852,9.518947410035612,9.92333794607632,1.0473576765421249,0.0,1.2591124587569915,0,9.008296327179867,1
p1636,0.0,0.3873133051667947,17.94281126823641,1.5021502583018005,11.96856003161722,10.262882464882695,-16.35300566105599,0.0,2.4517429070509493,0,17.94281126823641,1
p1637,4.0,0.6958310806135097,4.168336688392899,1.0348962819742864,9.26895105890249,9.023563082508376,-7.466473500460273,1.4872809088404402,0.0,1,4.168336688392899,1
p1638,1.0,0.23491024172556565,4.148543623978621,1.083957561558803,14.62058151524935,9.433298301393204,9.649204315103258,0.0,1.4167717576085919,0,4.148543623978621,1
p1639,2.0,0.7370499707184583,6.19930691651259,0.0,3.671526291740528,9.186400478061262,5.514874186320735,0.0,0.0,1,6.19930691651259,0
p1640,4.0,0.6277901161506267,0.02539465937550299,1.0058465396454943,3.0228172243694553,11.265438629964477,16.34274782801583,0.0,2.7023638632136446,0,0.02539465937550299,1
p1641,3.0,0.282190499826179,2.3315856102067527,1.05578712220366,11.838060825801334,12.405937568102535,14.550436331917329,0.0,1.4708458469106303,0,2.3315856102067527,1
p1642,0.0,0.7075210324894947,1.2179602866876638,0.0,12.100586053153464,12.373357371732528,0.2727713185790641,0.0,0.0,1,1.2179602866876638,0
p1643,0.0,0.4639579439715277,0.26984590828848604,0.0,6.260118028747025,7.207528842370672,0.9474108136236472,0.0,0.0,0,0.26984590828848604,0
p1644,2.0,0.5070492793467457,5.9143282418303444,1.3727894916032948,10.842986532492509,11.06957009801217,13.952114385635339,0.0,2.7848412307503785,0,5.9143282418303444,1
p1645,1.0,0.7249522426268867,5.251081928920343,1.282370672008863,3.593448381791742,7.979261891047027,-0.4400739984741202,1.7689036554492934,0.0,1,5.251081928920343,1
p1646,1.0,0.23257679959651584,0.21386112184003744,0.0,14.630700854335737,10.439852417926756,-4.190848436408981,0.0,0.0,0,0.21386112184003744,0
p1647,1.0,0.20495808258697193,2.6038731012452003,1.0540646380313345,10.825469649765425,10.714509962408508,-41.82258871588259,5.142830303284344,0.0,1,2.6038731012452003,1
p1648,2.0,0.24308769153649515,18.37737001804431,0.0,10.453038181194106,11.307186296697212,0.8541481155031061,0.0,0.0,0,18.37737001804431,0
p1649,0.0,0.6589866496012656,10.345460934223189,1.2813833822543224,9.653192707575062,7.896881061786306,-4.357561716064216,0.0,3.7575754167866093,0,10.345460934223189,1
p1650,1.0,0.7279760571910333,16.257631122129638,0.0,5.669790772060388,7.96674074804721,2.2969499759868217,0.0,0.0,1,16.257631122129638,0
p1651,3.0,0.5614704222927006,7.335278182261922,0.0,7.597692977906633,8.525007973450371,0.9273149955437381,0.0,0.0,0,7.335278182261922,0
p1652,4.0,0.27295005523331334,19.677709411526838,0.0,10.387297993799303,8.306066270772465,-2.0812317230268373,0.0,0.0,0,19.677709411526838,0
p1653,1.0,0.554985293747465,9.241325157170575,0.0,6.110273027808798,12.118934913764997,6.008661885956199,0.0,0.0,0,9.241325157170575,0
p1655,2.0,0.3653082929501529,2.112983948191764,1.0340635228318895,7.201208823731445,9.576172367711068,-18.750784372450376,2.830659863976835,0.0,1,2.112983948191764,1
p1656,3.0,0.32824172150446435,20.0,4.549645150555598,5.633768654194384,11.721807227038568,-91.21073222993161,0.0,6.772741469959919,0,20.197983687761667,0
p1657,1.0,0.6943295165690175,6.184917220149166,1.2180716706254056,4.711595895508606,6.927255366492669,0.9133656112130646,1.7543135378205215,0.0,1,6.184917220149166,1
p1659,0.0,0.5726186070186391,19.89657934453522,0.0,13.057180439704045,13.207255468314317,0.15007502861027255,0.0,0.0,1,19.89657934453522,0
p1660,2.0,0.4764173346231787,4.2970893248637925,1.1011575313683888,12.185631787533746,12.763640324433435,17.168565327080437,0.0,2.103120680238503,0,4.2970893248637925,1
p1661,4.0,0.2964736879115574,19.432006215891708,1.1725952768943764,7.140844232566285,11.15995293941343,36.736246846642764,3.9551411295702548,0.0,1,19.432006215891708,1
p1662,1.0,0.49614755015281864,7.687811835768893,1.1912956051353696,11.019688950632382,7.3692128086317235,4.227327300240944,0.0,2.3643739461754922,0,7.687811835768893,1
p1663,1.0,0.7696819873428958,20.0,1.7010183122075004,7.740097496714569,7.263099930689172,27.671901089443022,2.2100274401376776,0.0,1,38.657737451738434,0
p1666,0.0,0.3897007355770708,16.38783021922797,1.2412165820676964,6.455647534631684,12.342516307893927,18.771398485482717,3.1850506523414603,0.0,1,16.38783021922797,1
p1667,0.0,0.5638228899889169,0.996189251507452,1.1591494996195124,5.249508960658297,10.114891875801948,16.16866614442347,0.0,2.657520243531484,0,0.996189251507452,1
p1668,0.0,0.43445429427324417,1.0088757213495354,0.0,6.1944488899993395,10.174000421836006,3.979551531836666,0.0,0.0,0,1.0088757213495354,0
p1669,2.0,0.5158532784160544,1.9968993214099684,0.0,9.66579876602326,8.614386395954503,-1.051412370068757,0.0,0.0,0,1.9968993214099684,0
p1670,0.0,0.3679215077040489,20.0,1.2004717091654127,12.488171340145774,9.46135031371396,31.35918396724178,3.2628473302818053,0.0,1,20.794499085834534,1
p1671,4.0,0.7518307819064457,0.8693695086223224,1.0275722757419334,7.439007434072134,10.25680968460295,-10.012575937182184,1.366760048233566,0.0,1,0.8693695086223224,1
p1672,2.0,0.13996697819267465,2.4195826098237814,1.0395886143608748,13.668568935416717,7.72937534918189,7.6583286142644535,0.0,1.2087775562108307,0,2.4195826098237814,1
p1674,3.0,0.24916564411530487,10.37604064661113,1.1429438230020572,15.01428809672829,10.23103159529556,2.2772305835250055,0.0,1.5222316534188773,0,10.37604064661113,1
p1675,2.0,0.5469924689564875,5.954743448989647,1.1388941048142995,13.52100614079487,8.816069311194516,-10.662509083994678,2.082101983939558,0.0,1,5.954743448989647,1
p1676,1.0,0.42298097429187714,2.5436594469936566,0.0,13.278213628818511,11.880077741093828,-1.398135887724683,0.0,0.0,0,2.5436594469936566,0
p1678,0.0,0.15096243893416245,20.0,1.5893408015711876,10.924112466502816,12.975987848607954,-14.937571291314551,0.0,1.8719322612488567,0,22.034687168659346,0
p1680,2.0,0.4023650368997995,17.235330988238267,0.0,12.660229220784519,11.717002063784648,-0.9432271569998711,0.0,0.0,0,17.235330988238267,0
p1681,4.0,0.5443151394092941,5.0631067621772585,1.2624862608705931,11.560927728165195,12.741363771914703,19.182810940564266,0.0,2.770524917667942,0,5.0631067621772585,1
p1682,3.0,0.35809127435472954,8.773770322952965,1.3535411790681806,10.14556639590462,12.999439703780988,5.746469092670502,0.0,2.1086193799711177,0,8.773770322952965,1
p1683,3.0,0.29516551865460006,20.0,1.482548940860587,8.129933327225825,11.020313796895048,-22.077119332659734,0.0,2.103400131660234,0,24.130176383998418,0
p1684,2.0,0.3102832612493818,20.0,1.7301584305493694,7.567692297660942,6.910773375751432,-31.843434739039953,0.0,2.5085057870038803,0,20.11588316141834,1
p1685,2.0,0.7049275547018682,6.834643490630652,0.0,10.56952562830687,9.125618213686392,-1.4439074146204778,0.0,0.0,1,6.834643490630652,0
p1686,1.0,0.5726518143732888,10.737977211815297,1.2279479216800209,8.1644209899855,8.98913018549226,4.574794356172633,2.1443185734491896,0.0,1,10.737977211815297,1
p1687,0.0,0.589869020749947,2.5337073103439995,1.108907053205008,8.660674461216926,12.473204990894326,-14.872938100738153,1.8799208200409765,0.0,1,2.5337073103439995,1
p1688,3.0,0.16352310883144544,20.0,1.469899451868501,13.963632797773064,13.304009225900758,-11.267032976135743,0.0,1.7572505198739656,0,31.755755774902774,1
p1689,3.0,0.7725802716039011,6.424627897610749,1.102147975104477,7.518504186503341,10.958949850913802,-3.028129761324629,1.4265805322939231,0.0,1,6.424627897610749,1
p1690,0.0,0.23938697390343727,20.0,1.1564822229383562,13.63727147335635,10.876162474524815,41.316293088410546,4.831015673412757,0.0,1,35.40587936742919,0
p1691,1.0,0.5175450051063326,5.731233298196674,0.0,6.0663621159178565,9.876490129582942,3.8101280136650857,0.0,0.0,0,5.731233298196674,0
p1693,4.0,0.12290060428692713,20.0,1.2633571505938828,15.53307308853213,10.716868384417872,-11.250280570960816,0.0,1.4403808243041671,0,24.16641533933704,0
p1694,3.0,0.5066757967959894,4.2127170652734565,0.0,7.787592165590447,10.701107592507539,2.9135154269170913,0.0,0.0,0,4.2127170652734565,0
p1695,4.0,0.5598622277656354,3.5724846321863057,0.0,6.0586305183033256,14.019916546957905,7.9612860286545795,0.0,0.0,0,3.5724846321863057,0
p1696,2.0,0.47697325614011654,1.4405697591665947,1.0111749140105941,11.281363448042836,12.479702992304963,-22.20442875369684,2.1199824119982726,0.0,1,1.4405697591665947,1
p1697,0.0,0.45568953842610854,0.6045623490467298,0.0,10.63048145147563,9.652574247403022,-0.9779072040726078,0.0,0.0,0,0.6045623490467298,0
p1698,3.0,0.322053630662989,6.271677978809817,0.0,5.048740583527295,12.23863453121085,7.189893947683555,0.0,0.0,0,6.271677978809817,0
p1699,0.0,0.23750107195886128,16.16564903714125,0.0,11.219216866795788,10.65447660418008,-0.5647402626157092,0.0,0.0,0,16.16564903714125,0
p1700,4.0,0.45141060954690704,20.0,1.7014563195405388,9.65780850308423,11.783307769180869,33.0958456119198,3.7691987816775865,0.0,1,20.134347824511277,1
p1701,1.0,0.16990453307265435,9.077086428374242,0.0,11.730338878050912,11.906768513370862,0.17642963531995015,0.0,0.0,0,9.077086428374242,0
p1702,2.0,0.08784972415703836,20.0,1.1772045236841375,8.121676442213596,12.657860105463598,-10.79376425907832,0.0,1.2905817767760106,0,24.546080458807634,0
p1703,0.0,0.17803456601084422,7.794198201646444,0.0,12.795886296115587,6.548827389082791,-6.2470589070327955,0.0,0.0,0,7.794198201646444,0
p1707,2.0,0.16007905701242997,10.518846037933356,1.0785543784687048,12.266516112453868,13.55960479876985,-19.194436269010403,6.737635756968235,0.0,1,10.518846037933356,1
p1708,0.0,0.5025266448563844,8.752865761069605,0.0,11.809047199966189,13.967798417710299,2.1587512177441095,0.0,0.0,1,8.752865761069605,0
p1709,4.0,0.7761651666124292,2.6429527021054158,1.0366065596171428,11.513256223516864,8.33181769030306,-10.77919609463584,1.3355489323766092,0.0,1,2.6429527021054158,1
p1710,0.0,0.49696723370096735,17.93158046494176,2.4528666931280627,9.986561642905633,8.325954679843836,-40.40176529401454,0.0,4.876156897640208,0,17.93158046494176,1
p1711,0.0,0.206285766180357,20.0,1.3835341780562,16.561077223375158,9.86900391687134,-12.68650681219994,0.0,1.7431137292298866,0,27.607734224360225,0
p1712,0.0,0.42090501134999164,9.277060806877452,1.4072941523955094,10.224518671018467,6.496062438034189,-1.4259809258587381,0.0,2.4301611652281894,0,9.277060806877452,1
p1714,1.0,0.1546285284872638,0.04457644411178933,1.0004917566116567,11.45687815399725,12.202747765017097,-77.92105104741438,6.470292166649336,0.0,1,0.04457644411178933,1
p1715,2.0,0.6422186879552814,6.460506106863061,1.2775295315031792,6.963977504806822,10.18459404128091,-4.187502229550917,1.9892437816947106,0.0,1,6.460506106863061,1
p1716,4.0,0.3725995398421999,1.5253410160543637,0.0,12.632465115238064,10.727059335950464,-1.9054057792875998,0.0,0.0,1,1.5253410160543637,0
p1717,0.0,0.4939437165755089,2.9554616976862054,1.0912832164878774,12.890357856908382,15.389163864968799,23.922876395532928,0.0,2.1564463326157046,0,2.9554616976862054,1
p1718,3.0,0.14251142229521327,18.38286360515564,0.0,14.040515454261865,12.830920387608574,-1.209595066653291,0.0,0.0,0,18.38286360515564,0
p1719,1.0,0.34484552111240574,5.5708760105403154,1.1332570831222064,14.044711359885902,12.939587175571361,13.552539374915783,0.0,1.7297555304000918,0,5.5708760105403154,1
p1720,2.0,0.12401757622458143,20.0,1.3765768385960773,13.485307179268645,18.034502447903126,-5.6884248070465215,0.0,1.5714662774432555,0,35.29284799262183,1
p1722,2.0,0.7658773094577387,4.476845545474506,1.0655020397290422,14.628687961048344,6.746348535787699,-11.039712069009536,1.3912176618516687,0.0,1,4.476845545474506,1
p1723,4.0,0.4530152325592236,1.577254040508218,1.0326580017797122,10.984949737188419,12.244027121890898,-23.05606211608292,2.279521586825915,0.0,1,1.577254040508218,1
p1724,3.0,0.6337026184367435,9.996347176839796,1.827243307953459,7.656696444562404,8.030340217475368,6.0425063519416975,2.883439731495847,0.0,1,9.996347176839796,1
p1727,1.0,0.45800111362295315,20.0,1.3056509651206634,9.469133233598162,12.846741355135348,23.769827213637654,2.850759367793881,0.0,1,36.58023121579354,1
p1728,3.0,0.586890409884333,3.576385900276998,0.0,8.374998705531821,10.565944581167608,2.190945875635787,0.0,0.0,1,3.576385900276998,0
p1729,1.0,0.2779239825544634,0.8134235223325924,0.0,7.847858168374511,12.030441182623271,4.18258301424876,0.0,0.0,1,0.8134235223325924,0
p1733,0.0,0.3237190354458561,1.8112974899214067,1.0295170180973763,10.719908945792893,11.086658240829788,13.928519597833363,0.0,1.5223214493048944,0,1.8112974899214067,1
p1735,0.0,0.516577997837804,1.2397912958485409,0.0,3.915793947562696,10.414361408372603,6.498567460809907,0.0,0.0,0,1.2397912958485409,0
p1736,3.0,0.567172702183692,2.316228348228797,1.166540528983269,3.171719822348501,13.204936558708162,-12.3622888775251,2.056764235112038,0.0,1,2.316228348228797,1
p1737,2.0,0.7602714573181406,2.231029337298288,1.0617939587486478,6.671976121129756,7.594028349336691,-6.567904019584284,1.3965984761470969,0.0,1,2.231029337298288,1
p1738,2.0,0.7242313122279607,9.088398606857288,1.954179326899745,7.754976167076048,7.568691873356549,-9.635314156017445,0.0,7.086298820535935,0,9.088398606857288,1
p1739,2.0,0.5560542054411862,1.4277077314288116,1.0529569609851759,12.182933396240312,10.830848415786244,24.157312494487847,0.0,2.3718142482498066,0,1.4277077314288116,1
p1740,4.0,0.5724316910626632,4.484711628963199,1.1151864141298247,6.30643232707184,9.437775721257871,-6.517999698240051,1.9481563154890857,0.0,1,4.484711628963199,1
p1741,0.0,0.4836421883868255,4.9227924323981505,1.1254008892619862,6.9412300088263805,11.503004399774001,8.9609553316513,0.0,2.1794981385990373,0,4.9227924323981505,1
p1742,3.0,0.33224816167704724,1.052974287207771,1.011475631987889,12.847854059418825,10.04978076422352,15.068194960659923,0.0,1.514747805903751,0,1.052974287207771,1
p1743,3.0,0.6743053650919802,2.8872629565228283,1.0726370423594882,6.84966792736465,5.546899717446465,-5.533529311156869,1.590728915842413,0.0,1,2.8872629565228283,1
p1744,4.0,0.7065874489247012,4.43650949054009,1.0608697410045373,7.578100894090762,11.594641871049165,-6.730672345530301,1.5013990732767615,0.0,1,4.43650949054009,1
p1746,1.0,0.4994306442494691,4.734653467912601,0.0,10.066925379099072,13.006138427707688,2.9392130486086163,0.0,0.0,0,4.734653467912601,0
p1747,2.0,0.19950898753431706,2.042498067173006,1.0309182637606393,11.994436307812649,8.944309130460658,-38.71369885952801,5.167277306659248,0.0,1,2.042498067173006,1
p1748,2.0,0.3948631126176483,13.3242888325798,1.6976601776419733,13.990973092055592,10.17785197140801,-1.9427950143204058,0.0,2.805415126791499,0,13.3242888325798,1
p1749,2.0,0.6324094723491583,2.526603796434474,0.0,1.364432351912041,6.439408948409667,5.074976596497626,0.0,0.0,1,2.526603796434474,0
p1751,1.0,0.5385119561398751,20.0,1.6098959759972502,12.311889176817392,6.563817711576679,-32.567961691939686,0.0,3.4884890246153444,0,24.40378410459946,0
p1752,0.0,0.3135508164657501,20.0,3.2048281996923382,14.405570189229058,10.35105998457854,-30.17324826833068,0.0,4.6687042195781645,0,27.23678114284133,1
p1753,2.0,0.3882571149264253,3.686466459342212,1.2227787473144411,10.92704244905196,9.304261337535792,12.850002560446727,0.0,1.998844248376304,0,3.686466459342212,1
p1754,4.0,0.19927932643274734,20.0,1.219782146913756,9.011957848357394,10.392860922127163,60.185882696488235,6.1209668295692845,0.0,1,24.441703070784516,0
p1755,0.0,0.2845918510314554,2.2132337257378154,1.0644090100777432,13.870535845791236,9.550569511682765,13.024171313293145,0.0,1.4878346180601636,0,2.2132337257378154,1
p1756,2.0,0.4836560245625654,8.691386502866452,0.0,11.850086012383457,9.900944291071376,-1.9491417213120812,0.0,0.0,0,8.691386502866452,0
p1757,1.0,0.6467328901566176,9.79815265288555,1.2916378512933775,10.956317732755313,8.599289931220671,0.03730917030540093,1.99717359508434,0.0,1,9.79815265288555,1
p1758,0.0,0.48368260586696654,3.2922981228083543,1.0251493798045421,6.638549831339825,8.763213750823635,-9.470761872125948,2.1194671203175375,0.0,1,3.2922981228083543,1
p1759,1.0,0.33465862449674,13.31148117056259,1.2739138339392932,10.435661152857575,8.062566211077192,17.607461035567486,3.806606914299628,0.0,1,13.31148117056259,1
p1760,3.0,0.567252860058163,16.98246506977841,1.8515305290060673,2.7223356076140726,8.295437441715858,33.92782332114336,3.2640303106029673,0.0,1,16.98246506977841,1
p1761,4.0,0.47720737456226797,3.993422401683112,1.4540029572139448,4.76626993507035,11.719001535817016,9.102193058967618,0.0,2.781223158984912,0,3.993422401683112,1
p1762,4.0,0.8090058293294063,5.869629507534709,1.2372895720478843,9.510481639238156,6.612374272865727,20.687891934592432,0.0,6.478153588162798,0,5.869629507534709,1
p1763,0.0,0.385850798239088,7.295693376543524,1.1547410760574042,12.030982204155688,9.194753405965065,-8.519572287123918,2.9927139747470006,0.0,1,7.295693376543524,1
p1764,2.0,0.5643593133882675,14.599863340119233,0.0,2.67030398168624,10.39730811437501,7.727004132688769,0.0,0.0,1,14.599863340119233,0
p1766,2.0,0.5713655203191851,20.0,2.3606944739601086,8.163218227893115,11.619660068862526,38.08125111243499,4.131671215724289,0.0,1,28.49529951756782,0
p1768,3.0,0.251296237491318,1.4974440101043183,1.0479609377903418,17.995352853163997,8.914754181976866,14.011530537328648,0.0,1.399700375858856,0,1.4974440101043183,1
p1769,0.0,0.2030228518648259,14.696694617269284,1.0798580500949195,12.544000012523222,14.130023452754441,4.600090148177172,5.318899031198207,0.0,1,14.696694617269284,1
p1771,3.0,0.45084045598844436,7.124941530773417,1.1814515793716482,14.624663603777803,9.478244260925113,10.98834255762153,0.0,2.151381310322429,0,7.124941530773417,1
p1773,3.0,0.5244541130120639,9.027646560251737,1.3478292882266645,10.525649366390672,13.23672802973591,6.956835195376828,0.0,2.834278089888846,0,9.027646560251737,1
p1774,2.0,0.5270976326130313,0.5313118344650266,0.0,7.09991467858162,10.850244889721619,3.7503302111399988,0.0,0.0,0,0.5313118344650266,0
p1777,2.0,0.4935407081036861,11.352167260600906,1.2698849407505184,9.907265716161165,10.276825341244292,-3.253354874680536,0.0,2.5073781073217996,0,11.352167260600906,1
p1778,4.0,0.24336595668728678,10.692198140822267,1.221127055452448,10.97083077960159,12.70776841842299,2.186621150623047,0.0,1.6138938846923678,0,10.692198140822267,1
p1779,4.0,0.717145741653463,2.6512489145541025,1.2749109648142798,3.3024468352452856,9.621214282315831,9.253916361591434,0.0,4.507306951173177,0,2.6512489145541025,1
p1780,1.0,0.7297389639049465,20.0,2.0827249118079902,8.845670039567539,6.86514866724618,-87.93964155769729,0.0,7.706345472143736,0,32.181167363837446,1
p1781,3.0,0.3673882973773974,2.739887343666071,1.0559080968796606,11.13534890419096,11.794757670027852,-25.3651297457401,2.8740928995759094,0.0,1,2.739887343666071,1
p1782,0.0,0.2533582624592649,0.19650403696803312,0.0,10.654372090471968,11.40096261989392,0.746590529421951,0.0,0.0,1,0.19650403696803312,0
p1783,3.0,0.2788416030730755,9.190251159916318,1.127760401236653,15.695679083853145,9.862123409648412,4.3397488827115485,0.0,1.563817888056748,0,9.190251159916318,1
p1784,0.0,0.17153202346268412,20.0,1.7338107496382127,16.717218974174894,12.77661639046012,-10.810778851810468,0.0,2.092791512455181,0,36.87514277327611,0
p1786,1.0,0.6183258382344345,8.358256148777484,1.272498238149321,13.082196658900822,9.885213123874154,12.552591831687302,0.0,3.333991046873442,0,8.358256148777484,1
p1788,3.0,0.33568447219144054,1.9639220674861646,1.060169192859836,11.373605601103295,10.127194745678866,13.770333717458978,0.0,1.5958819995629432,0,1.9639220674861646,1
p1789,2.0,0.5613757434022868,0.45928946048570224,1.008339785112299,11.51360043478265,8.677878970934914,-17.59790326149253,1.7961940767179068,0.0,1,0.45928946048570224,1
p1790,4.0,0.3053582100068641,1.009044493367444,1.0319419262394662,9.821219739301954,8.923525336321187,12.193445848945714,0.0,1.4855742068867803,0,1.009044493367444,1
p1792,2.0,0.16332510882108514,2.131109912026995,0.0,9.303141500165626,14.866127303834377,5.5629858036687505,0.0,0.0,0,2.131109912026995,0
p1793,4.0,0.34643195092632845,20.0,1.2697403759750987,12.620375754672354,7.561400604105641,-19.395977819375346,0.0,1.9427822057316804,0,23.808354909079917,1
p1794,2.0,0.40328458267890654,20.0,1.6439431609240573,11.525295276937578,8.566875568889436,-26.30612024656545,0.0,2.75498690532316,0,32.08133638290274,0
p1795,2.0,0.16125534767233832,20.0,2.2563057085290463,13.053947774543454,14.372006687139105,-17.36750557302559,0.0,2.6900984730780784,0,31.64637749775583,0
p1796,2.0,0.8759386055495331,3.6254978031214264,1.2058198645699154,5.208937749486693,12.083864892274283,-4.76888783843049,1.3766031739329796,0.0,1,3.6254978031214264,1
p1797,1.0,0.5823142981956719,0.9971259225853888,1.0422795673389054,7.406504586817261,9.237136862793639,-12.918095454459998,1.7898917656125863,0.0,1,0.9971259225853888,1
p1799,1.0,0.5880000181224926,0.9819725112021589,0.0,9.700598148402918,11.211389568271182,1.510791419868264,0.0,0.0,1,0.9819725112021589,0
p1800,3.0,0.6458545745336194,8.147315429048586,1.2451283161164124,8.207956336189282,8.098877274593763,-0.015696247460197002,1.9278772113916465,0.0,1,8.147315429048586,1
p1801,2.0,0.39804255783201636,6.2249717403766,0.0,11.588588242930042,11.048053086338074,-0.540535156591968,0.0,0.0,0,6.2249717403766,0
p1803,1.0,0.14394786896302297,18.827878072596476,0.0,10.105353385603918,9.660464496571779,-0.4448888890321392,0.0,0.0,0,18.827878072596476,0
p1804,3.0,0.6502295697568062,20.0,1.4807601677003146,3.622344280350645,12.126276954815307,26.434669754253516,2.2772882633654095,0.0,1,37.35645451701798,0
p1805,4.0,0.4324237959464895,3.9109579677032764,1.054560591309307,9.832489784706699,9.190504004404442,-13.51732067745314,2.438720073212169,0.0,1,3.9109579677032764,1
p1808,2.0,0.6793035292921717,0.43984377205578157,0.0,9.241158244589197,11.401997152441071,2.1608389078518737,0.0,0.0,1,0.43984377205578157,0
p1809,3.0,0.7272125090012298,3.834908960982251,0.0,4.55280946348317,10.638162481056755,6.085353017573585,0.0,0.0,0,3.834908960982251,0
p1810,2.0,0.5042077422296979,8.79557717993848,0.0,9.356153218825547,10.244651529575687,0.8884983107501405,0.0,0.0,1,8.79557717993848,0
p1811,2.0,0.434296733395577,9.211732877567998,0.0,12.3856545150158,12.369454235731235,-0.0162002792845648,0.0,0.0,0,9.211732877567998,0
p1812,4.0,0.3130650842771386,4.923418497391527,1.0618187818117255,11.81686228898367,10.601318985829172,9.439888414963324,0.0,1.5457341845760946,0,4.923418497391527,1
p1813,0.0,0.2471006049922913,12.706577212404403,1.3816695092598132,11.28881677014194,11.812125083271432,-2.0784687469898033,0.0,1.835131650285981,0,12.706577212404403,1
p1814,0.0,0.943112993528574,9.12418947837654,2.8205205761880436,6.735139688144366,10.11090605087749,0.42484275686473216,2.9906496841224874,0.0,1,9.12418947837654,1
p1815,4.0,0.19358684542687998,3.2785924458329307,1.0828707718100565,11.420771938684933,11.525604191311384,11.038344611198974,0.0,1.3428237940677954,0,3.2785924458329307,1
p1816,4.0,0.19505453528781605,20.0,2.1934115111855728,13.951019981804185,9.152517655459206,-21.28148531648616,0.0,2.7249193980735678,0,24.40951558720805,1
p1817,3.0,0.6050482904149296,5.710240188167812,0.0,11.418890406384014,10.747058891099785,-0.6718315152842287,0.0,0.0,0,5.710240188167812,0
p1818,1.0,0.35836764198490706,17.126410689870685,1.8434745602108478,12.045728231985562,11.878234817101978,-14.764807192192228,0.0,2.873100985607531,0,17.126410689870685,1
p1819,4.0,0.7917262200032932,9.927046070482731,1.1940058354714909,8.394384747343596,10.015378190848747,1.4877793797140675,1.5081044498772875,0.0,1,9.927046070482731,1
p1820,1.0,0.5683946126074004,19.600292783373742,1.2392473816191933,11.317645463695115,14.208454482162427,14.646412165792437,2.180258845055525,0.0,1,19.600292783373742,1
p1821,0.0,0.19902972328346227,0.49319434441806936,1.012522225530748,11.547975642239996,13.372384341206793,15.798974407336534,0.0,1.2641195996453662,0,0.49319434441806936,1
p1822,0.0,0.2235106282836197,14.43869279151422,1.1423804599543375,14.434728760771112,10.388087080379478,16.656323771023064,5.111078917038052,0.0,1,14.43869279151422,1
p1823,3.0,0.1913690165679238,3.5682075243630016,1.0341514311971254,14.138882729038107,12.021969549314921,11.401835316948748,0.0,1.2788916729456392,0,3.5682075243630016,1
p1825,2.0,0.28438262108461193,0.7577087384949673,0.0,12.965048616638834,11.137918226444484,-1.82713039019435,0.0,0.0,0,0.7577087384949673,0
p1826,0.0,0.16659837849031506,8.863247499637517,1.096194837952885,14.412024747540961,14.703725076869626,-38.13785360365633,6.5798649896019885,0.0,1,8.863247499637517,1
p1827,3.0,0.7545307541962474,0.06400637327560468,0.0,0.6131900462471029,10.563481926022153,9.95029187977505,0.0,0.0,0,0.06400637327560468,0
p1828,4.0,0.689432037814465,3.35215341408518,1.055067192677884,10.457239843917051,13.968118595769683,27.648409038309183,0.0,3.3972183906322613,0,3.35215341408518,1
p1831,2.0,0.5458219773715751,6.844024999645276,1.2555485725399207,9.634736232709862,11.781809791697764,9.861831496344053,0.0,2.7644414964726693,0,6.844024999645276,1
p1832,3.0,0.27656666027309473,2.392144009667398,1.083612045175177,13.640640830879722,11.756805497169122,14.964996446950341,0.0,1.4978740758398534,0,2.392144009667398,1
p1834,3.0,0.13619927535728607,20.0,1.0921541748127133,9.695010535888798,11.49855196501883,69.97491707706457,8.018795782486428,0.0,1,27.639710222353347,1
p1838,2.0,0.8488572362622676,15.920294819273398,0.0,4.273039260790848,9.549091969678406,5.2760527088875575,0.0,0.0,1,15.920294819273398,0
p1839,2.0,0.7435018710251872,9.875392525808058,0.0,6.769367621899845,7.067953930198211,0.29858630829836574,0.0,0.0,1,9.875392525808058,0
p1843,1.0,0.4318792481805467,1.4667415473232237,1.0709457694264255,5.0685371964949715,10.968549919787733,12.689639401187524,0.0,1.8850671551719134,0,1.4667415473232237,1
p1844,2.0,0.5815388149575036,0.5558866384982523,1.0258578703160914,6.433386715872792,11.286060429144642,-14.075784628409846,1.7640402393278887,0.0,1,0.5558866384982523,1
p1845,3.0,0.5082805832720467,20.0,1.8989668577689054,7.2231877331909855,9.357998351807215,-47.20784744450644,0.0,3.8618911378468512,0,20.566898959338832,0
p1848,4.0,0.4834550546579884,0.5354868462105791,0.0,14.70449546233294,13.832759913681002,-0.8717355486519374,0.0,0.0,1,0.5354868462105791,0
p1849,0.0,0.6376149349027809,0.19221137564640706,1.0208144104034524,3.3995603789642006,10.19556681242516,-9.219254225087546,1.600988864163132,0.0,1,0.19221137564640706,1
p1850,3.0,0.793938898550117,3.225801874953315,1.2790858498843074,5.9158589746905665,7.804186880224511,18.58635556550738,0.0,6.207313466173039,0,3.225801874953315,1
p1851,3.0,0.7498730417342527,1.5266658237743005,1.0517363747236637,6.729661768272723,10.26891658064656,-8.722211604252575,1.402552587156998,0.0,1,1.5266658237743005,1
p1852,3.0,0.4155518241291429,20.0,1.2254368585499302,10.27693239070009,10.807679310751064,27.638337199130085,2.948938706064002,0.0,1,26.357038539521678,0
p1853,0.0,0.3620371497712239,8.849959645052463,1.3067850486569605,14.164212716314621,7.921897302994084,4.643250189463957,0.0,2.0483717009357867,0,8.849959645052463,1
p1855,1.0,0.7194886850475496,2.1626612000821397,1.1004454754592092,8.879709089880318,8.099526047857163,-9.860514944275497,1.5294826705808209,0.0,1,2.1626612000821397,1
p1856,3.0,0.6143117862554053,13.74783981854463,1.3562692236782792,4.521257333026303,12.185714801397399,11.113295878601178,2.2077864270609955,0.0,1,13.74783981854463,1
p1857,3.0,0.3841367940267508,14.959491746861639,1.1237509331857767,10.831188281954642,10.295819098992043,13.107704252360229,2.9253925962310188,0.0,1,14.959491746861639,1
p1859,1.0,0.16305479718756918,7.792684635146064,1.1378616405605237,8.384682946080158,10.327877974566206,2.748041232305549,0.0,1.3595413854299034,0,7.792684635146064,1
p1861,2.0,0.8259911794965972,2.5022313913853,1.1377163918414768,5.372811962661218,6.504232977097292,-4.380917273504293,1.3773953282828777,0.0,1,2.5022313913853,1
p1862,1.0,0.8448192482848825,5.417379287075787,1.3789053981100807,7.768759900979893,12.008622120295856,25.13376423801526,0.0,8.885801769033124,0,5.417379287075787,1
p1863,4.0,0.22268550351049948,18.662037165977143,1.6862143667509568,8.799822256478828,11.323706957668795,-18.870040850803353,0.0,2.1692820272440825,0,18.662037165977143,1
p1864,3.0,0.5901892415251376,3.01697128271681,1.0600443579040022,9.906406680318678,9.404563764036919,-11.97465687831839,1.796109253304395,0.0,1,3.01697128271681,1
p1865,1.0,0.5297243932927748,20.0,1.3287248306871047,12.949315421683657,11.714458326674427,19.548035096545497,2.5083323469922374,0.0,1,28.5073912072816,0
p1866,0.0,0.4117209667911951,2.9319069168229026,1.1410963401621401,14.897057872136843,12.658412788762863,20.970392114710407,0.0,1.9397195476064453,0,2.9319069168229026,1
p1867,3.0,0.4335788382355473,20.0,2.248174838630603,2.7160183354908285,13.54113535136005,44.31535156764062,5.18515813128604,0.0,1,21.111282630435895,1
p1868,3.0,0.3638603704128237,15.185890927055212,1.201283280936816,10.36129186176525,8.019681992117263,21.317594817781703,3.3014952399841744,0.0,1,15.185890927055212,1
p1869,1.0,0.502874050404845,1.8779103821248164,1.0302380497831507,9.94319578433443,9.489991842249733,-16.04807496785361,2.0486999656350227,0.0,1,1.8779103821248164,1
p1870,1.0,0.6007116600233081,11.920201710797077,0.0,10.608888881580144,9.76759144806979,-0.8412974335103538,0.0,0.0,1,11.920201710797077,0
p1871,1.0,0.7274986749801405,16.418327225539947,0.0,4.234364795921077,9.56329651622379,5.328931720302713,0.0,0.0,1,16.418327225539947,0
p1872,3.0,0.3271518342536965,20.0,1.0800723204258493,11.808167536134416,10.360221907360778,30.377208329657734,3.301440515807365,0.0,1,24.000142811928544,0
p1873,0.0,0.6356931272886706,0.5709485107705675,1.0237527835027507,7.472854666173873,6.322945421419225,-10.413219787518688,1.6104512374850024,0.0,1,0.5709485107705675,1
p1874,3.0,0.5810542481600146,5.441185548834524,1.2304370054038287,9.494647757930407,12.740945678791551,15.151251915913209,0.0,2.9369840844544215,0,5.441185548834524,1
p1876,4.0,0.5382032272435422,8.63517362182897,1.5498650131546,9.293356053669253,9.693602180522946,2.609213325332239,0.0,3.3561625039159098,0,8.63517362182897,1
p1878,4.0,0.28739985727200135,4.573238335399044,1.059668639585105,11.792346638087933,15.567077827914442,-36.76052533197875,3.6870882596932257,0.0,1,4.573238335399044,1
p1879,1.0,0.31575436171345816,1.5163050482727018,0.0,11.15745334019142,10.805966217282384,-0.3514871229090364,0.0,0.0,0,1.5163050482727018,0
p1881,1.0,0.4603544748881217,0.46090483833298324,1.043971545457961,11.729338302861294,12.143972515902828,22.21398832871765,0.0,1.9345505463823252,0,0.46090483833298324,1
p1882,3.0,0.6789605952861044,15.725879105539796,0.0,9.751337177595792,7.9579992751125355,-1.7933379024832563,0.0,0.0,0,15.725879105539796,0
p1883,3.0,0.16873420469719164,3.9204823077277116,1.0668896181902428,13.96272527099705,9.10516559420066,8.031175576592998,0.0,1.2834518444267309,0,3.9204823077277116,1
p1884,0.0,0.5540095050658335,5.591727919832377,1.2667275924157577,7.085126987193892,10.251906615101179,7.408416673095955,0.0,2.840256926557912,0,5.591727919832377,1
p1885,4.0,0.35576212568166604,9.28928017271096,0.0,10.304308865624733,11.253528201437113,0.9492193358123799,0.0,0.0,0,9.28928017271096,0
p1886,2.0,0.6293464761161136,3.627727051503444,0.0,5.183471958734651,10.224586225806762,5.041114267072111,0.0,0.0,0,3.627727051503444,0
p1887,1.0,0.20258166387512114,20.0,1.4656643974180283,11.204695252398242,14.192912697644742,-13.177657414925863,0.0,1.838011907953543,0,27.487722836031473,1
p1889,0.0,0.23500913398479825,8.219461551652444,1.0588741550185943,12.630053832155946,7.65337358719838,-2.42607336060444,4.50567234159966,0.0,1,8.219461551652444,1
p1890,1.0,0.415666494992774,17.276826617197155,1.3694654473678276,10.380324805602928,12.770442868377517,17.23696502044357,3.29462553240341,0.0,1,17.276826617197155,1
p1893,4.0,0.20782323267108302,19.74379201054095,0.0,12.688134359911688,10.982383205997804,-1.7057511539138837,0.0,0.0,0,19.74379201054095,0
p1894,0.0,0.1701385635189373,18.869734961889325,0.0,15.352004804895106,12.730305739780361,-2.621699065114745,0.0,0.0,1,18.869734961889325,0
p1895,3.0,0.5792894445441386,5.553726856672708,1.141505335568381,11.353585394057504,11.952219214836298,-12.009766410274844,1.9705267311864594,0.0,1,5.553726856672708,1
p1897,0.0,0.6564505630215678,2.9392150300878845,1.049092041425414,7.300890409322753,8.171952708425188,-7.491522429201315,1.5981280244418739,0.0,1,2.9392150300878845,1
p1898,4.0,0.6943321826107314,1.5594148116034436,1.0420743964820811,9.893875442030444,8.741472938582199,-11.931449011172282,1.5008297506300483,0.0,1,1.5594148116034436,1
p1900,3.0,0.5853317619596125,0.26725954457381107,1.0073369870439568,14.036576032259028,10.260696555533103,-20.97426060528648,1.7209675819940597,0.0,1,0.26725954457381107,1
p1902,1.0,0.6909625897406705,1.4568490582680282,1.0784179530366664,14.023426750280848,11.34339433945144,41.17233801877161,0.0,3.4896032559026082,0,1.4568490582680282,1
p1903,4.0,0.7088968580303754,1.1975072809064267,1.092241492078156,2.5094248062156237,8.941521873433325,-5.499587997260553,1.540762213438044,0.0,1,1.1975072809064267,1
p1906,1.0,0.4551674477482114,6.594667985670865,1.1640800661886332,12.537141685824533,9.297531095735854,-10.152119565914557,2.5574765329716125,0.0,1,6.594667985670865,1
p1908,2.0,0.3618215431188389,2.4933507791224256,1.0668288522719203,8.489728738678528,6.859269300100357,-14.503346455473697,2.9484945619214398,0.0,1,2.4933507791224256,1
p1909,3.0,0.37658567528989495,0.5724942335633074,1.0051625638064365,9.925229320132512,10.438501628499031,-25.820552736871356,2.6691471018717436,0.0,1,0.5724942335633074,1
p1910,1.0,0.6857236541581392,9.973188482755921,1.2557870170006915,4.937529966432764,9.968822981640006,5.039287692933211,1.8313310462396362,0.0,1,9.973188482755921,1
p1912,3.0,0.4135690454898244,5.713808501854394,0.0,13.855769094752446,12.736590872470872,-1.1191782222815743,0.0,0.0,0,5.713808501854394,0
p1914,3.0,0.31298807998468864,9.540739467849134,0.0,13.698667197252023,9.21020154211173,-4.488465655140294,0.0,0.0,0,9.540739467849134,0
p1915,2.0,0.4092981293827817,9.99904509585523,0.0,8.101239217933694,8.775767083124126,0.6745278651904325,0.0,0.0,1,9.99904509585523,0
p1916,0.0,0.4290626198364661,18.43261930325915,0.0,5.727336159416691,9.528060772558442,3.8007246131417514,0.0,0.0,1,18.43261930325915,0
p1917,4.0,0.10907250172506318,0.3442105550886097,0.0,11.169004082542122,11.256930406013073,0.08792632347095086,0.0,0.0,1,0.3442105550886097,0
p1918,1.0,0.16655534591227744,4.216129662312616,1.05863371080413,9.730570418700255,12.895515243368395,10.16933660078929,0.0,1.270190774650653,0,4.216129662312616,1
p1920,3.0,0.6489513179521597,15.123602926074152,1.5965544662097417,7.833048467324326,8.04549530010233,-32.94468457806185,0.0,4.547957442529769,0,15.123602926074152,1
p1922,0.0,0.4627946558505028,20.0,2.366775609912338,12.03307426718596,8.991303289519509,-38.14180435551738,0.0,4.405718661751986,0,24.878751380983598,0
p1923,2.0,0.6888956299671756,1.0888738403970515,0.0,5.696001313111095,10.368595991173699,4.6725946780626035,0.0,0.0,0,1.0888738403970515,0
p1924,4.0,0.7228195623878342,18.533410647613014,0.0,6.0925655051398175,10.344365071765807,4.25179956662599,0.0,0.0,1,18.533410647613014,0
p1925,4.0,0.4542915694521309,2.7958585756635603,1.0249190589230703,12.053022709910424,12.159167909373716,17.492433227381948,0.0,1.878144081252498,0,2.7958585756635603,1
p1926,3.0,0.23772982342190352,6.001062258768498,0.0,9.39808326808665,13.279138189098793,3.8810549210121437,0.0,0.0,0,6.001062258768498,0
p1927,4.0,0.7140668471975876,20.0,1.3891109289346477,8.661388278533078,10.433991357638776,20.381851223782988,1.9453513832581986,0.0,1,29.78008116829276,0
p1928,3.0,0.6162037986378964,0.023183627150781334,1.002042777053032,4.932797365537666,10.059122224105776,-11.193665060767035,1.6261548196684656,0.0,1,0.023183627150781334,1
p1929,2.0,0.19266891922115298,10.264856610928346,1.2652452913197922,15.863197110169436,12.465747978158014,5.376242510129149,0.0,1.5671950720628607,0,10.264856610928346,1
p1930,0.0,0.32144969201896023,1.1046988454206819,0.0,8.148448678507801,9.132839393052082,0.984390714544281,0.0,0.0,0,1.1046988454206819,0
p1934,2.0,0.33214552470262365,4.9126075396657,1.0818694321016344,10.79059231227981,9.465032508757906,-16.153787341456216,3.2572151410748442,0.0,1,4.9126075396657,1
p1935,2.0,0.6946199017021961,0.6260215199882426,0.0,8.462328968787462,9.288322813484264,0.8259938446968018,0.0,0.0,1,0.6260215199882426,0
p1937,4.0,0.5214370962895365,8.148750284117305,0.0,5.048958552659302,13.631717029289254,8.582758476629952,0.0,0.0,0,8.148750284117305,0
p1938,1.0,0.4431311552986429,11.525162672557537,1.502024003335739,10.148522649724812,13.88171592587707,0.020027459960256788,0.0,2.697267081158506,0,11.525162672557537,1
p1941,2.0,0.5359878967943326,0.6737257714779884,1.0719270540917896,5.307549454280696,12.301077570741796,17.698250978584074,0.0,2.310127358071674,0,0.6737257714779884,1
p1942,2.0,0.31126004725447803,0.42359838645874065,0.0,11.448673627326587,9.487942528093045,-1.9607310992335414,0.0,0.0,0,0.42359838645874065,0
p1943,1.0,0.06531624430846489,10.598635688148956,1.1518610922534207,12.176097928373716,13.143135062840036,2.9110287444087453,0.0,1.2323538151160067,0,10.598635688148956,1
p1945,3.0,0.8913127568654576,20.0,1.92161122796687,5.0643110069398904,8.639755405017864,28.067378792620495,2.155933720420131,0.0,1,26.462375480987312,1
p1946,3.0,0.30704800419588857,3.2292797513813243,1.2884124091502145,10.677608847052909,9.284040815353361,12.455182953081042,0.0,1.8593097602022521,0,3.2292797513813243,1
p1947,2.0,0.4506172863853042,20.0,1.3993603097444898,11.47102508388929,11.057556011592506,-22.138049559884237,0.0,2.547150238014073,0,27.963968029364736,0
p1948,3.0,0.666162273285429,4.568259646596538,1.1193760096625511,6.126765288673898,8.26477796223193,-4.0733776854207155,1.680335339529104,0.0,1,4.568259646596538,1
p1951,4.0,0.4313688360092502,20.0,1.6501103112042377,10.453096962584038,10.285679334294068,-27.871567769388122,0.0,2.9018991847430313,0,23.52601593700004,1
p1953,4.0,0.7091322204314726,20.0,1.3879176383159917,7.491953127772347,11.822851654798653,20.335260044439703,1.9572057203542537,0.0,1,31.78281349811729,1
p1954,1.0,0.102809478453516,20.0,1.3250206797484398,10.490652840154288,13.69673179694532,-10.837851886330165,0.0,1.4768554146832789,0,23.77528583764579,1
p1955,3.0,0.5306647029711042,7.304172736245498,1.2856528416071724,6.049094326216371,7.394589821351325,-2.092547913295104,0.0,2.7393056728226814,0,7.304172736245498,1
p1956,4.0,0.5943164824181039,19.329707086162852,0.0,14.663253686792572,13.61387612411298,-1.0493775626795916,0.0,0.0,1,19.329707086162852,0
p1957,2.0,0.5519726526240707,4.572789743067589,0.0,4.482613083740077,10.447670855227281,5.965057771487205,0.0,0.0,1,4.572789743067589,0
p1958,2.0,0.66771987211883,0.10403843498226667,1.0021026493042597,9.204941202577633,7.298545107406311,-12.703789579950303,1.50078302466026,0.0,1,0.10403843498226667,1
p1960,1.0,0.6695468730919008,8.108608386307527,0.0,6.768902805864857,7.9197499863158605,1.1508471804510032,0.0,0.0,0,8.108608386307527,0
p1961,3.0,0.5619681321137646,20.0,3.3814344233150035,7.397785145138611,8.38409787278582,-96.2978490980113,0.0,7.719608255062441,0,25.70752575544103,1
p1962,0.0,0.557374431032355,6.215867596700482,0.0,12.523735809282462,9.361967577162098,-3.161768232120364,0.0,0.0,1,6.215867596700482,0
p1963,4.0,0.5039330631665093,0.8019579735393599,1.0288064108432529,8.221246551071358,12.114906996328191,-19.202332516694078,2.041553702348193,0.0,1,0.8019579735393599,1
p1964,3.0,0.23184609461626007,14.346742997412381,0.0,12.522899045334603,10.299699411987712,-2.2231996333468906,0.0,0.0,0,14.346742997412381,0
p1965,1.0,0.6216365846295279,16.064592460380855,0.0,8.853011954504431,13.517514574457364,4.664502619952932,0.0,0.0,1,16.064592460380855,0
p1966,4.0,0.7987748092612925,2.820472946085994,0.0,4.758083876436383,8.947378286290752,4.1892944098543685,0.0,0.0,1,2.820472946085994,0
p1967,1.0,0.7704768462300379,4.648299289368577,1.206691076116942,9.272831647278199,8.740718168470858,-6.941501853433228,1.5661613739871758,0.0,1,4.648299289368577,1
p1968,3.0,0.4222462767991921,2.1457957502022493,1.1529643579203046,7.071110913843644,7.972183654102878,-15.008167808971518,2.7305494950962483,0.0,1,2.1457957502022493,1
p1969,1.0,0.9121318969704287,0.22506279074178207,0.0,6.432109351094524,11.22384072499685,4.7917313739023255,0.0,0.0,0,0.22506279074178207,0
p1970,2.0,0.6483097219993169,10.472478683132174,1.1368150038972082,8.874942816608705,8.889855495539885,2.7900519744243226,1.7535060254709647,0.0,1,10.472478683132174,1
p1972,3.0,0.6179906659366574,9.971002395866766,1.4482208747591534,13.073304431577691,14.615178333673365,13.302891676544625,0.0,3.7910614888771743,0,9.971002395866766,1
p1973,0.0,0.3359450627740006,2.572305013938288,0.0,11.34352203532663,13.25436197706987,1.9108399417432391,0.0,0.0,0,2.572305013938288,0
p1974,1.0,0.8398212974246859,2.675748702541987,0.0,3.930106562451888,6.275194299597879,2.345087737145991,0.0,0.0,1,2.675748702541987,0
p1976,1.0,0.35545677428752026,11.18335595190453,0.0,14.01452553862186,7.809003646179052,-6.205521892442809,0.0,0.0,1,11.18335595190453,0
p1977,2.0,0.5063603235410408,20.0,1.7134239837553094,7.156550443186797,11.78230364556099,32.43282530164215,3.3838037936565057,0.0,1,20.27683584961761,0
p1979,2.0,0.4526877431686858,7.555296282870078,1.0458986651336848,11.168707184674327,11.510106860933917,-8.795872465239981,2.310419667677969,0.0,1,7.555296282870078,1
p1981,0.0,0.433923212283314,1.905562257970251,0.0,13.487848074062173,9.874344259994475,-3.6135038140676983,0.0,0.0,0,1.905562257970251,0
p1982,3.0,0.5887367398904546,3.9010250478999438,1.1339645928257704,11.38205884796437,8.497879153058404,17.743063897790023,0.0,2.7572718081447976,0,3.9010250478999438,1
p1983,0.0,0.7130951077099424,0.03224692216555559,0.0,-0.2280838807873605,8.23817235766623,8.46625623845359,0.0,0.0,0,0.03224692216555559,0
p1984,0.0,0.5443731720947017,20.0,1.3305950606204426,7.984139177874355,12.829600905621309,22.371853744724977,2.444270086823761,0.0,1,30.469156266471526,0
p1985,2.0,0.20617259931430507,3.944817893562282,1.0441727417937792,12.850055918953098,7.34344693629109,-22.719157195609142,5.064556324489868,0.0,1,3.944817893562282,1
p1986,1.0,0.7344575013394442,9.469752771085899,1.2219201499859937,7.766474734262776,12.636683871972053,-0.3986279546109781,1.663704363775378,0.0,1,9.469752771085899,1
p1988,4.0,0.4174106503295422,20.0,1.5587548050351652,6.8161779142726395,11.28570757752469,37.01169210038897,3.734343634510862,0.0,1,31.287111073299705,1
p1990,1.0,0.6033790375464954,8.357249130700563,1.2209669072896494,9.172024562363111,10.015503508252213,-2.5120796547073647,2.0235487667162513,0.0,1,8.357249130700563,1
p1991,2.0,0.79780402044363,4.440381589391687,1.2107809605079187,5.659399094438979,8.454097205008807,-3.2966856425230784,1.517642089387626,0.0,1,4.440381589391687,1
p1992,3.0,0.8987710356952976,2.9169348073842203,1.1599318001075511,7.3396891419477,7.520666167851729,-5.760485473527295,1.290575412468891,0.0,1,2.9169348073842203,1
p1993,3.0,0.7086983624737814,0.7973222662841688,0.0,9.112397239147114,13.458899596567383,4.346502357420269,0.0,0.0,0,0.7973222662841688,0
p1995,2.0,0.1424293339851244,20.0,1.8106187967075982,9.737773311089892,10.913226124328432,-20.491543593437417,0.0,2.111334807102871,0,22.615709955753623,1
p1996,2.0,0.8625110411147024,1.2587263992633828,1.0750885910488635,6.58197789547045,8.934310857390603,43.977253226466566,0.0,7.819454011181901,0,1.2587263992633828,1
p1997,2.0,0.22290171953922805,20.0,2.257335732537075,8.569887985360857,10.842844050731472,-30.92953701214268,0.0,2.904826569939921,0,38.36527785375232,0
p1998,1.0,0.39760239107629686,19.13322693117704,0.0,11.30511229348155,12.152618934032093,0.8475066405505434,0.0,0.0,0,19.13322693117704,0
p1999,0.0,0.908483117006228,1.2492367324792635,1.0394995061977368,4.163179536282612,10.191582796711122,-4.203558285153595,1.144214445749145,0.0,1,1.2492367324792635,1
p2001,4.0,0.8330299415744139,20.0,1.8270682912979317,6.734316056987178,8.180828251372892,27.369270613498195,2.1932804574164533,0.0,1,30.609424669660495,1
p2002,2.0,0.5039586723023556,0.8212702269475185,1.021311791997199,12.794209206966109,8.407867814669011,-19.761176678054014,2.026578463927002,0.0,1,0.8212702269475185,1
p2003,2.0,0.19470262589756782,5.222654901194795,1.1122131211862825,12.142935677464473,12.060832013593707,9.475641498578142,0.0,1.3811210081566851,0,5.222654901194795,1
p2004,4.0,0.7214530858231453,13.547289197576974,1.6851488489276214,4.164852647471847,10.922921676380758,12.88798931674166,2.335770519305414,0.0,1,13.547289197576974,1
p2005,2.0,0.5239338155286495,4.638149989867803,1.1119717999372758,6.889388956412055,11.974534763691183,-10.485242551314467,2.1223516539303646,0.0,1,4.638149989867803,1
p2006,1.0,0.6937925206043424,5.335669854685012,1.103757546589276,11.659215920677648,7.052690221239332,-7.33814088834376,1.5909043609000353,0.0,1,5.335669854685012,1
p2007,2.0,0.5378904538466234,11.191813641083254,1.102858833716565,9.260027638719325,11.376432703666378,1.7378730374938793,2.050340967811709,0.0,1,11.191813641083254,1
p2008,3.0,0.4195648915892867,13.378257497966699,0.0,9.8142362134874,10.993320530814541,1.179084317327142,0.0,0.0,1,13.378257497966699,0
p2009,1.0,0.30179797317081963,2.580265429722649,0.0,11.82713487819631,13.725111306771677,1.897976428575367,0.0,0.0,0,2.580265429722649,0
p2011,2.0,0.42053412000616913,2.9701271137747556,1.0670944431325735,12.66455447390061,10.225955349387341,-20.850075440473155,2.5374741129612017,0.0,1,2.9701271137747556,1
p2012,2.0,0.5290720793708416,7.9880761837131,1.0575092198268854,14.613659049026316,9.303671165027811,-7.939599002303458,1.9987999009217179,0.0,1,7.9880761837131,1
p2014,0.0,0.6990624446222652,3.2912753505411043,0.0,6.970339889869219,6.909120382939955,-0.061219506929264256,0.0,0.0,1,3.2912753505411043,0
p2015,0.0,0.5405956641522537,20.0,1.9691563062256465,12.483007787415492,11.067599804302567,-33.63567989662293,0.0,4.2863250356397495,0,38.629452715378676,0
p2016,2.0,0.9427068258651987,20.0,2.7526359058761174,5.215023300718234,5.5106998124253925,42.60338751266533,2.9199278400788065,0.0,1,36.24847357892307,0
p2017,4.0,0.20002160099736502,12.608599067065315,1.0831131931610487,10.373791868389613,9.38725282479444,16.45699004199252,5.414981120840629,0.0,1,12.608599067065315,1
p2019,4.0,0.7165015005171673,3.1460491176705627,1.1220418877071727,5.897647140577579,14.041620495228344,-8.918499602208389,1.5660007507273723,0.0,1,3.1460491176705627,1
p2022,3.0,0.4510174308644776,0.9906098567866829,1.0112641829446092,10.984836546143937,10.169745028521703,-21.396403889054653,2.242184256617956,0.0,1,0.9906098567866829,1
p2023,4.0,0.38695123941375326,7.606359190571876,1.5742806479521831,5.952037755650939,9.650900104920279,-0.5493580010956345,0.0,2.5679533981060967,0,7.606359190571876,1
p2024,1.0,0.42738946199686684,0.9437085279179314,1.0248749842988065,9.272194690467993,9.662019440442455,-20.516583933661234,2.3979884284239086,0.0,1,0.9437085279179314,1
p2025,2.0,0.6104088131255887,5.019491227304157,1.2860010404116013,10.448006567892131,8.695215061798557,16.16618769847682,0.0,3.3008986951908565,0,5.019491227304157,1
p2026,2.0,0.2272102383291353,4.579107354371319,1.0949185724839747,13.360409621467145,11.181006036159836,-33.99373349185183,4.8189667003380485,0.0,1,4.579107354371319,1
p2028,4.0,0.2306570116791562,5.581266141097043,0.0,12.07407242336203,11.518870862350246,-0.5552015610117831,0.0,0.0,0,5.581266141097043,0
p2029,0.0,0.5868027498904748,6.78513989483252,1.1592408169797552,10.309961618588837,5.846614905314987,-2.6092714285085865,1.9755204235087933,0.0,1,6.78513989483252,1
p2030,1.0,0.18130248935552773,3.6513113132873034,1.0248668093905127,10.64332619770814,10.545787262292105,-39.07063628997116,5.65280053811498,0.0,1,3.6513113132873034,1
p2031,2.0,0.490023274532764,4.929475503464227,1.0586009168573787,14.902454878982658,15.794375628691322,-22.579603628589474,2.160307421860221,0.0,1,4.929475503464227,1
p2032,3.0,0.13933667935825153,4.948159180524529,1.060684683360654,16.640342714454526,11.700365109666935,9.469512949816181,0.0,1.2324037261977898,0,4.948159180524529,1
p2033,3.0,0.7947041540049409,7.471907396374838,1.3706112732767148,8.335786416005625,12.801201025236622,10.23290745505161,0.0,6.676273777647218,0,7.471907396374838,1
p2034,4.0,0.2620220242870255,18.154867962300028,0.0,13.003341763559654,10.410208714364105,-2.593133049195549,0.0,0.0,1,18.154867962300028,0
p2036,0.0,0.2354116323185471,14.85846688926489,0.0,12.019378758754058,12.990227711955972,0.970848953201914,0.0,0.0,0,14.85846688926489,0
p2038,2.0,0.4705784731956208,3.1965530177682795,1.0909852137528173,8.636458929945826,10.934454686880887,13.508074331214798,0.0,2.060711849663672,0,3.1965530177682795,1
p2039,4.0,0.2653078374131652,9.58792547864424,1.0770813033322832,10.498172470157483,11.686041904893921,-7.329941410815843,4.059741746923741,0.0,1,9.58792547864424,1
p2040,2.0,0.6165650443100622,9.962509434281632,1.1377183325966926,10.684139607418484,8.414200608214315,0.5870820923973135,1.8452527322073573,0.0,1,9.962509434281632,1
p2041,0.0,0.46193818236266554,6.094532824085441,1.6373415394631294,6.571628162497833,10.198146434196053,-10.918754845528731,3.5445035764063775,0.0,1,6.094532824085441,1
p2042,3.0,0.48345129401328224,0.26533867970823966,0.0,7.792683830795536,5.481826142291568,-2.310857688503968,0.0,0.0,0,0.26533867970823966,0
p2045,0.0,0.9330250217573214,2.1472348470013434,0.0,7.778036678432093,9.385510919667336,1.6074742412352432,0.0,0.0,1,2.1472348470013434,0
p2046,1.0,0.666917827981683,2.491855338831515,1.106752156950837,4.763957125720006,8.594008435717074,-6.296490249794328,1.6595030309809533,0.0,1,2.491855338831515,1
p2047,0.0,0.45399113641225686,1.1425903529642818,1.0542364997064495,5.8833927367105385,9.591025930096041,-15.9109197616725,2.3221521636693945,0.0,1,1.1425903529642818,1
p2050,1.0,0.5861099493562961,20.0,1.921730680348427,12.53890427196566,8.2026395625186,34.34478741180748,3.2787887024593187,0.0,1,27.75039828780755,0
p2051,2.0,0.3703339693876638,11.257525634141231,1.2863799009628358,10.40261803314059,10.204796698341033,-1.944359819713714,0.0,2.0429558502812353,0,11.257525634141231,1
p2052,4.0,0.25597489484811836,20.0,1.9036515946515076,9.71158912391301,11.793098523436498,-24.24226601487576,0.0,2.5585851626107505,0,23.828443969677725,0
p2053,4.0,0.41454439962384493,20.0,1.5208769868211283,7.851402245231935,12.273170420110267,32.769895178418494,3.668791541270761,0.0,1,30.457828142371078,0
p2054,2.0,0.7453152776775037,20.0,2.204946361575967,5.17049659416151,8.751465312386413,36.85871892053135,2.9584075727615,0.0,1,23.460193240409993,0
p2055,0.0,0.5768711304536587,20.0,1.336431490827673,7.030115441483538,11.6097562184044,24.017233357827777,2.3166898467889814,0.0,1,23.037381164536868,0
p2056,4.0,0.530204912199338,3.070178724447559,1.247450553840998,9.336794809297238,9.305314056904843,16.60831372130287,0.0,2.655307784678884,0,3.070178724447559,1
p2057,0.0,0.2753783235227628,7.775750342551986,0.0,8.937938007732141,10.409526563263778,1.4715885555316373,0.0,0.0,1,7.775750342551986,0
p2058,2.0,0.402018864706642,2.6753195018680542,1.049211206691404,9.286082754941587,12.959280812301248,-23.166456504525023,2.609855653060028,0.0,1,2.6753195018680542,1
p2059,2.0,0.21453311638080536,15.07306864817326,1.2764279318696081,14.622393925772885,11.84821413988857,-3.506551596658595,0.0,1.6250563308133539,0,15.07306864817326,1
p2060,0.0,0.9329060682795409,8.44568942483915,3.2421243015422876,3.937587976341163,8.698892376207686,3.88134931138898,3.4752955434424297,0.0,1,8.44568942483915,1
p2061,4.0,0.13580683395959603,8.24781534010404,0.0,10.97380440064089,10.929490478416353,-0.04431392222453745,0.0,0.0,0,8.24781534010404,0
p2062,2.0,0.5709787425395847,3.6164783683969994,1.149045808265522,8.122536007101012,10.825940633893683,-11.805020606644293,2.0124143381500077,0.0,1,3.6164783683969994,1
p2065,3.0,0.24022357989694176,5.001711907406971,1.1564043272091233,12.551479510787301,12.475694783211878,11.41520616786198,0.0,1.5220323987578679,0,5.001711907406971,1
p2066,0.0,0.8160233721415571,3.920837538749347,0.0,3.9799489004308635,8.244147519679114,4.26419861924825,0.0,0.0,1,3.920837538749347,0
p2067,4.0,0.5463841751064045,8.080389075458301,1.099377192054666,10.816464954724937,9.392235921944344,-4.063790294258808,2.0120955952660418,0.0,1,8.080389075458301,1
p2068,1.0,0.19850762568512617,3.35024272508733,0.0,7.376973587712013,8.634405869888559,1.2574322821765458,0.0,0.0,0,3.35024272508733,0
p2069,1.0,0.5929248631869711,20.0,1.3263558855174251,9.914888258863128,6.29570528210734,27.036930612818015,2.236971272191661,0.0,1,22.393768899608435,0
p2070,2.0,0.7579242571385274,0.5380026106369243,1.027127083058477,6.146944976688551,8.12630397732454,-8.304188167468375,1.35518433851992,0.0,1,0.5380026106369243,1
p2071,3.0,0.7567837592185278,7.2381258932606505,1.323238321101777,1.701675746859098,9.217322700220373,4.055016320013952,1.7485025345525163,0.0,1,7.2381258932606505,1
p2072,0.0,0.0794729937700759,20.0,1.086501310689704,15.997404045646,13.636015323775094,84.64272882693938,13.67132731696344,0.0,1,39.05245118384313,0
p2073,2.0,0.4663889421907362,2.6939118303087572,1.0969070717701217,12.214900720329894,11.130648536787389,18.487381295316105,0.0,2.0556303242167906,0,2.6939118303087572,1
p2074,0.0,0.6618321515681502,5.051245653768508,1.1128048868938374,6.627841731557885,7.497191761769958,-3.2432648912809015,1.6814004642372675,0.0,1,5.051245653768508,1
p2075,1.0,0.3492170174369367,6.214272712328128,1.095888206631789,10.876200486787276,14.08330520643564,-21.48693788797468,3.1381294493464647,0.0,1,6.214272712328128,1
p2077,0.0,0.6478817928188659,20.0,2.296210337517462,9.333969043280367,11.737124877605488,31.688280812304974,3.5441809956209616,0.0,1,20.674301557419962,1
p2078,1.0,0.4993816363661801,20.0,1.6598495287116417,9.227231532762556,12.492575627086325,28.21859407342727,3.3238097035160674,0.0,1,25.60578960914156,0
p2080,0.0,0.8687960651570243,6.902607884233844,1.6068262685862718,3.4840922022569516,7.972922958537574,2.5092978762090876,1.8494861257179582,0.0,1,6.902607884233844,1
p2082,4.0,0.36358753529356563,7.543105819012786,0.0,7.058055997806107,14.426623312637016,7.368567314830909,0.0,0.0,0,7.543105819012786,0
p2083,2.0,0.13219343913760903,17.573056013947536,1.2025054754390412,12.44858309636569,12.971196198210103,-6.578285900356603,0.0,1.3856837798553172,0,17.573056013947536,1
p2084,2.0,0.5220935014072557,3.9562885616190853,0.0,5.659499719580002,8.737539214742133,3.0780394951621313,0.0,0.0,0,3.9562885616190853,0
p2085,1.0,0.5753580551883551,3.5009701354555247,1.1725284575153154,5.491295896032994,10.285675383900754,-9.032245355424358,2.0379109094622208,0.0,1,3.5009701354555247,1
p2086,2.0,0.28059682317450224,20.0,2.133426750219041,11.587147822984905,15.051675398963877,-21.48421390620677,0.0,2.9655509162931266,0,20.396481470984845,0
p2087,2.0,0.7658527550811589,8.729682226391656,1.1887602084765823,3.056969750191195,8.787750960955835,5.6406466508920055,1.5522046510763117,0.0,1,8.729682226391656,1
p2088,3.0,0.5397230915656718,20.0,1.7992315449679066,9.867490313877946,10.553167317359371,-38.922503904348766,0.0,3.9090197922119287,0,28.02523736658542,1
p2089,1.0,0.3870237320475203,18.446062197033317,1.2880475030713512,12.176319914613796,11.562733814411635,-13.78820037808706,0.0,2.1013007687455945,0,18.446062197033317,1
p2090,3.0,0.15020012722037948,6.085009106697594,1.1076272873211948,9.602877375233096,8.240877005905563,3.2231814037483097,0.0,1.3033978031771685,0,6.085009106697594,1
p2091,0.0,0.29901237912823525,1.5797835963817688,1.0624877955820782,14.349376991333017,12.109616703324637,17.1151280619575,0.0,1.5157012248814656,0,1.5797835963817688,1
p2092,0.0,0.22661096616343396,8.86992201900593,1.0435228090209703,10.181900833609168,11.266722951043945,-9.952227340536117,4.604908697438639,0.0,1,8.86992201900593,1
p2093,3.0,0.270225742879148,15.866037039826242,1.3484859534404003,13.86940348387825,7.246961758159722,-10.311846056019197,0.0,1.847812443755588,0,15.866037039826242,1
p2094,4.0,0.7367627264693368,8.77351687558338,1.458661500609035,8.0738489813368,6.728780469269922,2.703152397636331,1.979825319881655,0.0,1,8.77351687558338,1
p2096,2.0,0.3336067411703902,1.8394875608032537,1.0435608080143666,6.649787285942234,8.391863712237866,-18.754520635910467,3.128116669205333,0.0,1,1.8394875608032537,1
p2098,0.0,0.448066374145267,8.10637851276281,0.0,4.252488431909433,12.248037229340616,7.995548797431183,0.0,0.0,1,8.10637851276281,0
p2099,4.0,0.6586059999685132,6.187504867958601,0.0,4.472514801886828,4.66474814715699,0.19223334527016167,0.0,0.0,1,6.187504867958601,0
p2100,2.0,0.6154313217689963,1.9744432695298444,1.1348195988683365,3.788412265979553,8.074614916073287,-6.9621594271891025,1.843941896890152,0.0,1,1.9744432695298444,1
p2103,1.0,0.5835383350914748,0.4352237297259336,1.0198026163995733,8.255773408487883,11.60730488251894,22.501954420729064,0.0,2.448731065375658,0,0.4352237297259336,1
p2104,4.0,0.14295043288909456,17.965098109679978,1.2641351461767372,15.030121647296381,8.821844435141706,-10.537323094305453,0.0,1.4749848721563539,0,17.965098109679978,1
p2105,0.0,0.47792042861051326,0.5282462909403774,1.012511189386052,10.144090224020092,9.529457047336454,18.034151627749438,0.0,1.939380977292997,0,0.5282462909403774,1
p2106,3.0,0.7107477042890795,20.0,1.2356666788756232,5.64337551682892,11.073518947110205,20.949230062721902,1.7385447345364138,0.0,1,39.16715019822328,0
p2107,3.0,0.7663648709397921,20.0,1.8962815785908937,3.9051399164331775,10.801506949284102,29.656978308624392,2.4743847878432716,0.0,1,21.004699530736506,0
p2108,0.0,0.9030323886903248,1.7766265833140802,0.0,6.139612547017104,8.507692285721674,2.3680797387045702,0.0,0.0,0,1.7766265833140802,0
p2109,2.0,0.797293877154439,11.383467172552727,1.3822913361378864,5.8312909714890395,9.708897602742866,6.780856078458529,1.733728773976438,0.0,1,11.383467172552727,1
p2111,3.0,0.26276194854549056,20.0,1.6884892061702896,11.663601023342075,11.52493215676176,-19.231443124020412,0.0,2.290290365288445,0,36.531689843301365,0
p2112,4.0,0.7288029228015808,7.248788139945292,1.1562173352012064,9.473726030059616,13.827393926811727,13.83943295318751,0.0,4.263384204377944,0,7.248788139945292,1
p2113,1.0,0.3922246265262978,0.7246334785604643,1.027864434385978,12.204143694514269,9.338737998211485,16.548642305857605,0.0,1.691191317132978,0,0.7246334785604643,1
p2114,4.0,0.4542273946729246,20.0,1.313907078354817,12.337132751429865,11.181022921080217,24.353836385433453,2.8926196300884093,0.0,1,29.40128149536046,0
p2115,1.0,0.8505761742120149,0.9077790014607982,1.0334415710088913,7.1980951638131945,7.266750703651477,-7.657431676278558,1.2149900295129774,0.0,1,0.9077790014607982,1
p2116,1.0,0.6169993767100939,0.7544397628012642,1.0476318466866577,2.9416006550940876,12.939771884052583,15.980770904414312,0.0,2.73532674095329,0,0.7544397628012642,1
p2117,1.0,0.6797473765688076,4.363374249319805,1.1370486829584443,7.674775355260132,10.534846227644252,-7.463270308114622,1.672751851868819,0.0,1,4.363374249319805,1
p2119,1.0,0.6319752533967137,2.4731119998968367,1.0768938077965153,7.306893627616075,9.639109833292908,-9.878734542774742,1.7040126207608168,0.0,1,2.4731119998968367,1
p2121,4.0,0.7155929984568502,10.069556593672708,1.6361688682014974,7.541239344185947,10.660276629513286,-11.426153058446438,0.0,5.752913463184416,0,10.069556593672708,1
p2122,4.0,0.4149905340161338,4.292198116794173,1.1893175587945795,8.45447060888317,6.683175316998848,6.690557117638291,0.0,2.0329885718932608,0,4.292198116794173,1
p2125,0.0,0.8015319040105763,4.710709330310941,0.0,9.786838511087595,9.350830416146215,-0.43600809494138026,0.0,0.0,1,4.710709330310941,0
p2126,2.0,0.6256949338923877,7.363947507358724,1.4468636632214835,8.55353976820048,13.322466809127185,9.367255976625888,0.0,3.8654664182544405,0,7.363947507358724,1
p2127,0.0,0.42252435666212673,10.543034937403476,1.393140112668529,10.68780234720821,8.599656437265786,-1.7388995167259798,0.0,2.4124655797013785,0,10.543034937403476,1
p2128,3.0,0.7810862310430783,5.5881457147323905,1.0984096774543957,5.187836794636638,8.30870308798596,-0.704942468970061,1.4062591731870082,0.0,1,5.5881457147323905,1
p2129,1.0,0.5977918247185506,1.4596280118988894,1.231577053111472,5.503395021900138,9.478001565472555,-12.544931635971324,2.060210598716898,0.0,1,1.4596280118988894,1
p2131,4.0,0.5472874351355643,6.899143667674501,0.0,11.256094793680358,13.11054633485574,1.8544515411753828,0.0,0.0,0,6.899143667674501,0
p2132,2.0,0.34684627098760645,2.627007472229014,1.0428752851084164,9.262939716876314,9.69383470653023,-20.81719121810336,3.006736333474032,0.0,1,2.627007472229014,1
p2133,0.0,0.48345444982551283,5.031701334379763,1.3168007161552941,7.312523428228545,7.545498223576487,6.047347149515664,0.0,2.5492441387027416,0,5.031701334379763,1
p2135,3.0,0.612813825255688,6.290184173946631,0.0,9.54491292512341,10.248419506440005,0.7035065813165939,0.0,0.0,0,6.290184173946631,0
p2136,0.0,0.6376505681112811,0.005553229139928364,1.0,4.924718728181067,9.268922068328264,-10.183140164974116,1.5682570517611185,0.0,1,0.005553229139928364,1
p2137,1.0,0.57146343082492,6.478581534998438,1.3432699428089065,12.005318000836294,13.599873120343537,18.918395161155722,0.0,3.1345514932241625,0,6.478581534998438,1
p2138,3.0,0.8550429001379903,0.2300200743143301,0.0,1.6430724031549062,7.611808467623739,5.968736064468833,0.0,0.0,0,0.2300200743143301,0
p2139,2.0,0.2447751278025895,8.92515658722629,1.137477403504802,15.069428860323399,12.104770664101661,-17.74042073704821,4.6470301689401,0.0,1,8.92515658722629,1
p2143,4.0,0.31798633656106634,6.984464893208736,1.0887201693459947,9.924765222981643,11.92677032403434,6.695700322372951,0.0,1.5963319031708474,0,6.984464893208736,1
p2144,2.0,0.38718796524393834,1.6864283961503383,0.0,10.174921352808122,10.915013744432281,0.7400923916241595,0.0,0.0,0,1.6864283961503383,0
p2145,2.0,0.6298597158053061,1.5398516897324037,0.0,1.6597880111939296,10.735291857971665,9.075503846777735,0.0,0.0,0,1.5398516897324037,0
p2146,1.0,0.762195508225401,11.029381482654339,0.0,13.184779291502286,10.701818202143341,-2.4829610893589447,0.0,0.0,0,11.029381482654339,0
p2147,3.0,0.2621698391170848,20.0,2.168223596055817,14.570701648249797,12.370443458389994,-18.155058386974286,0.0,2.9386486362406754,0,28.031483026817458,0
p2148,3.0,0.4514550504851654,20.0,1.699641874100384,11.938144660478539,11.59488174832616,-25.322559376570712,0.0,3.0984550593413482,0,24.768367555806474,1
p2149,1.0,0.29023499551100895,16.612170189013636,1.3124577334320253,13.836722821430243,12.264262141163673,-6.704662660189463,0.0,1.8491440478626506,0,16.612170189013636,1
p2150,4.0,0.8381505495012126,5.893108271182831,1.5082394495099074,5.469143459613733,8.279166404785611,-1.483653182661393,1.7994851287844027,0.0,1,5.893108271182831,1
p2151,1.0,0.7029835523914666,7.168029137535411,0.0,2.538675076858849,10.881959094302804,8.343284017443954,0.0,0.0,1,7.168029137535411,0
p2152,3.0,0.7792936460470481,5.753265721361729,1.4818261301578008,7.566393839934682,10.102800415568229,14.709778910885785,0.0,6.71401662715013,0,5.753265721361729,1
p2153,4.0,0.3830165947745522,0.33108810257414417,1.0050990982691443,13.968733758972578,8.175357223501726,-26.378040300928774,2.624165929052648,0.0,1,0.33108810257414417,1
p2154,0.0,0.417638581152284,14.0105529340275,1.2809349290639083,13.739224605984298,11.804454622314859,-2.531571078980203,0.0,2.1995532114720415,0,14.0105529340275,1
p2155,0.0,0.15213570628985654,20.0,1.3301451169814265,13.761545389276757,13.03234573030889,-10.516202130380602,0.0,1.5688184145140551,0,23.485238038535524,1
p2156,2.0,0.6195106331747284,6.918109498560517,0.0,8.668095998488539,8.513459809196204,-0.1546361892923347,0.0,0.0,1,6.918109498560517,0
p2157,1.0,0.4912440658918727,8.775183840635195,1.1702062128108217,10.576365354295609,10.428777189769484,-4.086659076469761,2.3821279361131147,0.0,1,8.775183840635195,1
p2158,4.0,0.35694668281533976,15.748619345681213,1.125403906577426,12.438010741940218,11.484748324842792,12.490137774063049,3.1528627684701984,0.0,1,15.748619345681213,1
p2160,1.0,0.26445525948806636,20.0,1.1990726640975133,14.39328534246879,7.6562715092747,49.230968936073786,4.534122960604691,0.0,1,29.892740421159495,0
p2161,1.0,0.43848925467293454,6.976826117774462,1.1327114970980368,9.727526455987347,13.09046493225827,8.911808064421635,0.0,2.017257027625111,0,6.976826117774462,1
p2165,3.0,0.5917747302439469,12.038506565387854,0.0,4.622257816037709,8.203287803064018,3.5810299870263096,0.0,0.0,1,12.038506565387854,0
p2167,2.0,0.6669938124111577,5.897640491583527,1.2027321174415553,6.249181805232443,10.708859077558154,-4.215976099127706,1.8032133058232183,0.0,1,5.897640491583527,1
p2168,3.0,0.7120348187058645,1.7948145682292198,1.0833300594858746,7.857951471867411,6.136981985459588,21.088657819819318,0.0,3.7620175280126373,0,1.7948145682292198,1
p2170,2.0,0.27774635827599703,1.5801603864939064,1.0304209498145729,14.007910896687452,10.287576174491852,14.010021685845471,0.0,1.4266746337962126,0,1.5801603864939064,1
p2171,4.0,0.5005758623599356,4.538344476391903,0.0,3.4102321609407715,10.883262516219617,7.473030355278845,0.0,0.0,1,4.538344476391903,0
p2172,4.0,0.6487529792490632,2.5874979083771676,0.0,2.4684488488730856,11.63564904120119,9.167200192328105,0.0,0.0,0,2.5874979083771676,0
p2174,3.0,0.742258773201069,16.175056930658098,1.6331345700255586,3.8815872898701462,9.43822949430735,20.379162565029446,2.2002226568269365,0.0,1,16.175056930658098,1
p2175,2.0,0.646708739818235,3.4700074537562866,1.0908284979426441,8.352767502725712,9.640814785894747,16.364145704883068,0.0,3.0876181238715703,0,3.4700074537562866,1
p2176,2.0,0.23269815477562186,20.0,1.74557056820676,12.719653730939182,9.946552827443575,-19.335498417227917,0.0,2.274946397002749,0,30.555678404236243,0
p2177,2.0,0.45856628714956,13.903817605011291,1.7173537371539653,10.776003745715187,8.740185114405607,17.302243942267943,3.74505013839767,0.0,1,13.903817605011291,1
p2178,0.0,0.7514017623319247,8.621794718779574,0.0,7.248491086412919,7.628047076172859,0.37955598975993965,0.0,0.0,1,8.621794718779574,0
p2179,0.0,0.5334645846772066,6.7666129426137145,1.4352209038402477,6.204628776978756,12.174345441069146,4.240863085871788,0.0,3.076338594460671,0,6.7666129426137145,1
p2181,1.0,0.23342640409881496,11.060689864108715,1.151143068188968,12.197746915085608,9.72375138776709,-0.7665073626255023,0.0,1.5016732566110402,0,11.060689864108715,1
p2182,2.0,0.2917307208806641,1.7669320606373666,1.0811183575774541,12.966547408488017,7.709678181185081,11.838478696614935,0.0,1.5264227737248746,0,1.7669320606373666,1
p2183,4.0,0.3613153862453012,20.0,2.2296644285757474,7.224285937572366,9.260889233601398,-42.56374338711553,0.0,3.4910257434698435,0,29.243178004261765,1
p2184,0.0,0.5738536123407483,3.5577852144801074,1.1969520837547702,6.538902852454705,8.147341655034491,9.981746830113703,0.0,2.808781485464234,0,3.5577852144801074,1
p2185,2.0,0.28701885906563374,6.439880836782136,1.18211629296909,14.392749079974143,11.398818523207463,10.191853170687015,0.0,1.6579909693262282,0,6.439880836782136,1
p2186,0.0,0.27067450417802175,10.351963205923793,0.0,13.171549314536165,10.316980290997709,-2.854569023538456,0.0,0.0,0,10.351963205923793,0
p2187,1.0,0.8178089035598836,1.3497687152465492,1.0261597400162508,10.60843274176306,7.878963049603587,-10.922088201807178,1.254767141259316,0.0,1,1.3497687152465492,1
p2190,0.0,0.5375077342913144,20.0,1.9294422853143482,10.585744580370935,9.205136562233495,-40.65534586385827,0.0,4.171836868142708,0,26.723843165788203,0
p2191,1.0,0.6106615591751211,5.525767771253374,0.0,8.025926579762887,13.404195150819966,5.378268571057079,0.0,0.0,1,5.525767771253374,0
p2193,3.0,0.5641373481458192,1.988523450754185,1.233922961582003,7.275601829232033,7.123982235020899,14.816048278075694,0.0,2.8309903505905702,0,1.988523450754185,1
p2194,4.0,0.18525801799329408,20.0,1.2217621853037428,11.955657105728942,9.291696609887124,-14.727011340024719,0.0,1.4995694493298946,0,20.23511181589641,0
p2195,4.0,0.8137200094747881,18.101165363765315,0.0,6.438682022550418,9.393637101155067,2.954955078604648,0.0,0.0,1,18.101165363765315,0
p2196,4.0,0.3207623994116069,6.508792005343481,1.069684574865729,12.07408480351437,11.978561146450513,-18.33621424003573,3.334819096090794,0.0,1,6.508792005343481,1
p2197,4.0,0.6423160254254618,1.5551737049935208,0.0,3.208650617895332,10.759471541468756,7.550820923573424,0.0,0.0,0,1.5551737049935208,0
p2198,0.0,0.5575073690147685,1.3117092351673456,1.0937048829731888,6.618318938440727,10.944220442129339,-14.570933099531167,1.9617765499781517,0.0,1,1.3117092351673456,1
p2199,3.0,0.488099223413908,3.4135843213197625,1.0979372077996936,10.959206952674398,10.695433085860738,15.92026066079634,0.0,2.1448242667688966,0,3.4135843213197625,1
p2200,2.0,0.693315121710135,4.504757898141618,1.1812425370649624,4.461708618304033,8.982136764627601,-3.1079506471511653,1.7037599499507567,0.0,1,4.504757898141618,1
p2201,0.0,0.6152683144389373,8.79899082486977,0.0,9.76055184016251,10.957893842094252,1.1973420019317427,0.0,0.0,0,8.79899082486977,0
p2202,3.0,0.4798649091519969,1.1525115011123057,1.0363139822435596,6.518430294030163,9.071009199921022,-14.548171174252346,2.1595952579131135,0.0,1,1.1525115011123057,1
p2203,0.0,0.4126153266296462,6.4044684124111395,1.1044145298522035,9.49938707989384,10.715290122486811,-10.322529548116867,2.6766202285149236,0.0,1,6.4044684124111395,1
p2204,2.0,0.3950402958776711,18.4571061173271,0.0,12.385660819019925,13.79535968414714,1.4096988651272149,0.0,0.0,0,18.4571061173271,0
p2205,3.0,0.6463157330047781,7.135041518076212,1.2254651069002467,5.387322680910472,7.88985095661964,1.0713506297719944,1.8960780997902569,0.0,1,7.135041518076212,1
p2206,2.0,0.4639171153719478,3.109020762803666,1.0468584894350228,11.368333099730549,9.3599654809664,-16.114022116876612,2.2565636290346798,0.0,1,3.109020762803666,1
p2208,1.0,0.4098038020435771,1.7155350197800825,0.0,12.751389328194271,7.801986009350502,-4.949403318843769,0.0,0.0,1,1.7155350197800825,0
p2209,4.0,0.4903111076938695,0.9689253054401475,1.0474801619125664,8.92850833233644,13.45570924329153,20.885229197673475,0.0,2.0551363345847187,0,0.9689253054401475,1
p2210,1.0,0.18083503123869732,8.154006387007486,1.1587592006497414,8.765237940372145,9.277766423208503,1.3771530861805898,0.0,1.4145614678835141,0,8.154006387007486,1
p2211,2.0,0.1005273956818637,18.239017775236146,1.2922487981884587,15.108700276700235,11.981339680331239,-7.624605988848561,0.0,1.4366738819889624,0,18.239017775236146,1
p2212,2.0,0.5694368457439033,2.17952063330023,1.0304322606714633,8.343133507181907,7.672029226451039,-10.610148599164702,1.8095637266417541,0.0,1,2.17952063330023,1
p2213,1.0,0.6494043129508372,2.071255835693458,1.1020671344258557,10.4902204340754,8.47621267310919,24.45027726165717,0.0,3.1434132681481524,0,2.071255835693458,1
p2214,3.0,0.578937488213006,4.684516442769573,0.0,6.178737769907721,11.340481077115681,5.161743307207961,0.0,0.0,0,4.684516442769573,0
p2215,1.0,0.28566731724276634,20.0,1.6945453820990217,9.85351238155908,10.230596379484293,-23.692490520195,0.0,2.372207548390886,0,24.853481558388495,0
p2216,4.0,0.8305343723860369,0.1729637501313045,0.0,3.924826002342846,9.016998720118602,5.092172717775757,0.0,0.0,0,0.1729637501313045,0
p2217,0.0,0.7198886420617318,3.493331012630433,1.0765798036830891,10.483425899464855,8.942903994977481,-9.690254889146345,1.4954810241203533,0.0,1,3.493331012630433,1
p2218,4.0,0.16006552207679092,7.055163127388414,0.0,13.838890730024687,9.180058201412113,-4.6588325286125745,0.0,0.0,0,7.055163127388414,0
p2219,2.0,0.504234500327379,20.0,2.37283471754601,10.91988611819841,13.526526309657948,-40.852635357641674,0.0,4.7862037981927195,0,22.4146067476493,0
p2221,1.0,0.2679868006395808,9.869857572718836,0.0,11.478038895272677,11.544495896320834,0.06645700104815688,0.0,0.0,0,9.869857572718836,0
p2222,0.0,0.5051352505929075,15.437796335217756,1.272929918051569,11.592070220727182,9.88141178314994,12.29131058799525,2.51997839500897,0.0,1,15.437796335217756,1
p2223,0.0,0.6167940611631078,10.116755739407077,1.3944481801890207,5.942284566183118,11.906781620523905,1.9176060584909917,2.2608002702870817,0.0,1,10.116755739407077,1
p2224,4.0,0.4488200118171071,10.005402074437427,0.0,10.050372337591877,13.982718694545321,3.9323463569534436,0.0,0.0,0,10.005402074437427,0
p2225,0.0,0.1400779466739914,20.0,1.3057803013892475,13.120694301181862,8.918681874992618,99.09595320389167,9.321812122419516,0.0,1,32.81222936788457,0
p2226,1.0,0.2518569085960402,20.0,2.2997278836445676,12.152276817933211,8.922857800838598,-27.352648961054697,0.0,3.0739144824941382,0,27.018438639524465,0
p2227,3.0,0.7438247103249849,2.5111660442024166,1.3178888429983926,5.460961261190296,10.071746033679034,19.78594944403082,0.0,5.144480736882433,0,2.5111660442024166,1
p2228,2.0,0.19409983858934646,16.55289083387024,1.539137627457602,11.441527723503906,13.672528573045158,-7.530867515136743,0.0,1.9098366040322963,0,16.55289083387024,1
p2230,1.0,0.5371476225436371,11.151739296950456,1.2354489042323344,10.451484591256259,5.193558420012156,8.44599380660793,2.3000174484286546,0.0,1,11.151739296950456,1
p2231,3.0,0.5682139701660922,20.0,1.6180432286610738,12.109215837242285,9.324306003291344,27.615142416758246,2.8475949441864485,0.0,1,32.54754685727685,0
p2232,0.0,0.5566123199194557,20.0,1.801219642624531,1.3381195953323604,10.15786549333996,40.66928527096661,3.2360398398748624,0.0,1,25.178299508593337,1
p2233,4.0,0.4625071853452244,18.812949884547283,0.0,9.476536578667867,11.333088501501768,1.8565519228339014,0.0,0.0,1,18.812949884547283,0
p2234,0.0,0.46806276442125766,1.2833902212649426,1.018291584763756,7.9140575264663795,9.465120978607587,-16.248659602749218,2.175544952871515,0.0,1,1.2833902212649426,1
p2235,4.0,0.3699571405176646,10.348557825596371,1.152209861943026,12.727770172691175,11.420324690599019,-4.645400656661484,3.114441473763123,0.0,1,10.348557825596371,1
p2236,4.0,0.2782614856593415,10.236559254722993,1.1312015691383324,16.005594549669443,10.421711586065042,3.4580922786612778,0.0,1.5673288132222476,0,10.236559254722993,1
p2238,0.0,0.5501597987389027,1.703812525912432,1.0588718069688605,10.861771927627414,9.45350182111247,20.148507150511477,0.0,2.353884343818946,0,1.703812525912432,1
p2239,4.0,0.2704959645695084,2.7096199038916393,1.1542405204798694,10.30850998184284,14.021097535327996,15.735751802971231,0.0,1.582226368081342,0,2.7096199038916393,1
p2240,0.0,0.6971819370334715,2.2067767319506535,0.0,10.520854491231365,9.355634660449477,-1.1652198307818882,0.0,0.0,0,2.2067767319506535,0
p2242,0.0,0.524182996953705,18.52141355374063,1.6367118126250326,7.5484054737281925,11.565984930004682,25.735247248817114,3.122405385403191,0.0,1,18.52141355374063,1
p2243,3.0,0.6025778585862758,1.1071993751865599,1.143622247352773,7.211318270894589,9.501266630861178,19.855165397914625,0.0,2.8776007378065027,0,1.1071993751865599,1
p2244,4.0,0.24399332742543384,18.71292869263915,0.0,10.393136673869598,11.36135921532917,0.9682225414595713,0.0,0.0,0,18.71292869263915,0
p2245,4.0,0.6713495669333209,16.08867615181048,0.0,3.9661545957935345,6.993133189763701,3.0269785939701666,0.0,0.0,1,16.08867615181048,0
p2246,4.0,0.8493239074626021,0.6507860389568697,0.0,7.312533832388261,8.247995608951163,0.9354617765629021,0.0,0.0,1,0.6507860389568697,0
p2247,1.0,0.32593072949358576,9.631030814415915,1.5258784383067074,11.45355583448987,10.792038255104904,3.464099405522351,0.0,2.263681946456848,0,9.631030814415915,1
p2248,3.0,0.7240950244612744,8.884234699179558,1.4072380672060643,8.44496163295825,11.225781870908708,-1.7698453582777658,1.9434439122863014,0.0,1,8.884234699179558,1
p2250,3.0,0.53944322653744,4.672179559374344,1.1059874311896116,8.145436637342202,12.322976103909038,-11.508420427967128,2.050238795820436,0.0,1,4.672179559374344,1
p2251,1.0,0.44232292519917876,3.3339208750765783,1.0811603844069089,10.678470190005012,11.9531911035809,-19.793175373645674,2.444278428300004,0.0,1,3.3339208750765783,1
p2252,0.0,0.6385875922465933,0.9052337009459532,1.0381772667337685,4.1712992795319215,12.235947735799611,-10.35614435222126,1.6257398034956996,0.0,1,0.9052337009459532,1
p2255,3.0,0.7911754324103796,0.17076389925407798,1.0220176975235389,3.757856390177564,9.281596695460813,-6.2453717973677705,1.2917712755689086,0.0,1,0.17076389925407798,1
p2257,4.0,0.35284136286305695,6.9207110016509965,1.0434589305622137,10.10741942822583,11.675123108665476,-12.492534984273885,2.9573033107436326,0.0,1,6.9207110016509965,1
p2259,0.0,0.7457645168672881,5.0861126663150955,1.3864732505203194,3.812864540720803,9.2571707652855,-1.499352644996466,0.0,5.453500170141769,0,5.0861126663150955,1
p2261,4.0,0.40498838120227654,3.6906015318491208,1.0978244898190184,9.529140045938398,10.511086895528077,11.754325678880658,0.0,1.8450471472091172,0,3.6906015318491208,1
p2262,1.0,0.4677286840809935,5.038545308178629,0.0,12.393375480024984,7.062909952450737,-5.330465527574247,0.0,0.0,1,5.038545308178629,0
p2263,4.0,0.46364970307971815,20.0,2.2014366310605267,4.6543584811732615,11.855806989401056,45.870565958038824,4.748060047138691,0.0,1,29.807284383497695,0
p2268,0.0,0.4235408206705085,8.68894716455316,1.3907602960457552,13.904137086055353,8.315775548992786,6.993759347194404,0.0,2.412591118183629,0,8.68894716455316,1
p2269,4.0,0.45891135315020065,11.401271314221873,1.1255878008297973,11.903352340753536,10.420454856137765,-0.4384544311857155,0.0,2.0802280871774586,0,11.401271314221873,1
p2270,4.0,0.5484237459677858,7.768529796356789,1.2752900889269583,10.698055747213418,11.410619348031325,8.985796254267543,0.0,2.8240858050874893,0,7.768529796356789,1
p2271,0.0,0.5045284367394508,15.834567575375699,0.0,7.956449787011166,12.201411033114958,4.244961246103792,0.0,0.0,0,15.834567575375699,0
p2272,2.0,0.43528452575237997,20.0,3.012162292775291,7.224090324561118,9.641718719781844,74.09677719175409,6.919984779079461,0.0,1,22.53983630321921,0
p2273,0.0,0.7067054784647169,0.8425034185943208,1.0525568966308083,1.3597205678876112,7.842456562503917,-3.942892760548924,1.4893855059924492,0.0,1,0.8425034185943208,1
p2274,3.0,0.7192798102973194,6.18807324757243,2.645563227878596,5.800625681190935,10.197392087106476,-10.349798614903987,3.6780724135507628,0.0,1,6.18807324757243,1
p2275,0.0,0.6212910405341753,9.221326091734946,1.5450587586775824,3.419089322520863,9.841489720000647,4.880145346060799,2.4868518260768218,0.0,1,9.221326091734946,1
p2276,1.0,0.24978262758632602,12.324682053332815,1.0852465645769525,11.256076389008449,8.20021928381792,14.863960195933169,4.344763985645424,0.0,1,12.324682053332815,1
p2277,4.0,0.7709744815698197,20.0,1.7432663244881381,3.8046011032516467,7.947131961662646,31.395519727706173,2.2611206546532983,0.0,1,20.04345222682647,1
p2278,2.0,0.1731422599766687,20.0,1.3281612884488414,14.802269213291012,9.463170227131146,-13.688086344602961,0.0,1.6062754500083232,0,31.887077753551416,0
p2279,3.0,0.6007765607553708,8.178532107839738,0.0,8.702520318040854,9.681804512893665,0.979284194852811,0.0,0.0,1,8.178532107839738,0
p2280,3.0,0.33376852374621474,0.978260481504637,1.0304610852624123,11.80435822072914,8.871382002980797,13.811763145584681,0.0,1.546701292254589,0,0.978260481504637,1
p2282,3.0,0.3256589639505735,20.0,1.2765651339051158,7.6431154701083805,8.938935769723892,44.65458054672659,3.919944712772792,0.0,1,29.328585896542464,0
p2283,3.0,0.5303123541074672,8.357101047785255,1.3557755799905598,4.0089979615656715,9.83670977662286,2.045002687197835,2.5565604298854656,0.0,1,8.357101047785255,1
p2284,4.0,0.4109415766609565,0.21123774993661837,1.019116510572361,6.99570800546472,7.272075633670147,12.014024503907546,0.0,1.730077136993574,0,0.21123774993661837,1
p2285,0.0,0.749986421849333,10.969469705776287,1.3485786478748796,6.370422372599499,9.283436005567744,5.944733916772926,1.798137417674209,0.0,1,10.969469705776287,1
p2286,3.0,0.45193312511538075,15.156577916681671,1.6396992211391082,11.319521581413737,8.390769836572419,-14.408406094924496,0.0,2.991786762307616,0,15.156577916681671,1
p2287,4.0,0.49812281241510786,16.636731841239946,2.82047054323612,5.707839520244609,9.479917032857529,44.295387923895824,5.662199106202943,0.0,1,16.636731841239946,1
p2290,1.0,0.3444814400298306,2.6063035361437055,1.0651881227788627,10.89063504765303,12.435587224902964,15.006617597713335,0.0,1.6249549407530675,0,2.6063035361437055,1
p2291,4.0,0.48263881308051676,0.003801874576318469,1.0,8.160670961343692,13.233946839306626,20.83957086297275,0.0,1.9328856228165987,0,0.003801874576318469,1
p2293,1.0,0.7355100141490487,2.9269379645470512,1.2546918795750106,4.760779863162522,10.217136293064394,14.155765336498007,0.0,4.743816199839302,0,2.9269379645470512,1
p2296,2.0,0.36298243134961616,6.314865069931544,1.1901856709608691,11.470421555629953,10.342271290603088,8.504346163773041,0.0,1.8683718150544166,0,6.314865069931544,1
p2297,3.0,0.4040137369774812,12.78561896563913,1.3021379946828828,9.308095640995768,8.011917366321612,-8.894029985969329,0.0,2.1848456507691063,0,12.78561896563913,1
p2298,3.0,0.13018565018893088,3.725955540982668,1.0625846233618683,13.342021967912038,6.389128978014251,4.794308380947453,0.0,1.2216223192830407,0,3.725955540982668,1
p2302,1.0,0.4298568716238955,8.05765398688849,0.0,6.570760185625719,7.749956149213635,1.1791959635879161,0.0,0.0,1,8.05765398688849,0
p2303,1.0,0.2724244360139867,20.0,1.155810455046314,9.586945808926707,8.868865272630684,46.50779274682615,4.2426827488668195,0.0,1,32.869100034038915,0
p2304,0.0,0.31573040772469096,20.0,1.4785435045894626,12.44837662426246,11.70001304222658,-17.065621892719953,0.0,2.1607616665721796,0,23.284405506865447,0
p2305,4.0,0.3875608092344917,3.4376333416859572,0.0,11.819281288213594,9.220868943848082,-2.598412344365512,0.0,0.0,0,3.4376333416859572,0
p2306,0.0,0.4937061463025132,1.2894862118295791,1.0249026835659316,10.558123690161553,10.475215589471327,-19.15190037506799,2.0759366502557848,0.0,1,1.2894862118295791,1
p2307,1.0,0.9049369323037101,16.96699051702556,0.0,6.1761512635645515,9.020856963496342,2.844705699931791,0.0,0.0,1,16.96699051702556,0
p2308,2.0,0.6480781970644721,3.2265992924775193,1.1192898316972242,11.917540371638651,12.962481256280494,28.686541651181642,0.0,3.180507210297164,0,3.2265992924775193,1
p2309,3.0,0.20357078460975742,20.0,1.167239073088955,8.192377490644269,10.458869223526827,56.9736574251508,5.733824110991847,0.0,1,20.208688506841664,1
p2310,2.0,0.16160223621665887,9.597593124044066,0.0,11.259962828315464,12.919339298887241,1.659376470571777,0.0,0.0,0,9.597593124044066,0
p2311,4.0,0.5324642009429961,0.6206107737847936,1.0175955153359453,8.738867084695631,8.034441186168987,-14.873041489476135,1.9111059739486334,0.0,1,0.6206107737847936,1
p2312,3.0,0.32130345999686943,18.80742799620007,1.7389285883494077,9.871870336651192,12.220820304731703,-20.545371354026702,0.0,2.5621592064420815,0,18.80742799620007,1
p2313,3.0,0.59316050181825,14.33175698991863,1.186711451359057,11.18024600740379,7.624835809775826,9.86284699151447,2.0006582497003094,0.0,1,14.33175698991863,1
p2314,3.0,0.4581492445538442,5.2235471439099666,0.0,4.592527868272364,8.985980422581703,4.393452554309339,0.0,0.0,1,5.2235471439099666,0
p2315,4.0,0.6960054011091349,1.4302219147175106,1.183893363777261,4.83149932895981,10.550286463898454,18.964909841653423,0.0,3.894455257089229,0,1.4302219147175106,1
p2316,1.0,0.82175500633019,1.236437684948544,1.045377569263406,5.342360412013923,9.930267297573995,-6.471757367199977,1.2721280201648835,0.0,1,1.236437684948544,1
p2317,4.0,0.8105862965554927,7.303471101487931,0.0,5.220716187553865,7.340808153848145,2.1200919662942797,0.0,0.0,1,7.303471101487931,0
p2318,1.0,0.6630663488892338,3.4920022543355596,0.0,11.59459509252536,8.752803247816512,-2.8417918447088475,0.0,0.0,1,3.4920022543355596,0
p2319,3.0,0.8149907905586569,6.223072957750798,1.3487333151736143,5.634943699032458,11.045143882826872,-2.569874904320419,1.6549062036015028,0.0,1,6.223072957750798,1
p2320,3.0,0.5989584464296314,1.0602056904468566,0.0,1.493426278032231,9.039030815733923,7.545604537701692,0.0,0.0,0,1.0602056904468566,0
p2321,3.0,0.20202229714823178,0.3482226472260038,1.0098574269095908,10.197223534520761,10.806349412362735,13.07324192786316,0.0,1.2655208576638401,0,0.3482226472260038,1
p2322,0.0,0.4121908858419196,0.25871737193910116,1.0167602458294671,11.389425458486272,11.184227892663705,19.048096093197103,0.0,1.729745628877793,0,0.25871737193910116,1
p2323,1.0,0.5994918944645056,1.793182517785271,1.0796713854727773,6.3022242064967635,13.008029551887047,-13.491881307220227,1.8009774534769827,0.0,1,1.793182517785271,1
p2324,3.0,0.7063328603106521,8.093044720609367,1.0289789970892445,11.478806318962329,9.429247150169354,-3.9961261673496367,1.4567904948336814,0.0,1,8.093044720609367,1
p2327,1.0,0.508934244868728,1.1687835482504996,1.0519167076886198,9.501175245424811,10.796479141745845,19.14420081017839,0.0,2.14210968021466,0,1.1687835482504996,1
p2328,1.0,0.21586577231629364,0.7886779894561093,1.0240708550344377,6.561349872862034,10.033017286636248,11.010714713029866,0.0,1.3059892284762167,0,0.7886779894561093,1
p2329,2.0,0.3496135023486049,10.898159073356442,0.0,14.20801751953485,12.183201620615467,-2.0248158989193836,0.0,0.0,0,10.898159073356442,0
p2330,3.0,0.7452748459034083,0.5753938965206155,1.0154062879380292,6.4855104005327675,8.848195632191459,-8.908666468239597,1.3624588210905906,0.0,1,0.5753938965206155,1
p2331,2.0,0.31406163338063403,2.435646465602599,1.0259371296691198,13.460713130978657,12.926133722150734,-34.80358663827681,3.2666745015164342,0.0,1,2.435646465602599,1
p2332,1.0,0.07184074129641412,13.488173830383966,1.180178044554693,11.477117987796625,10.745331846754494,-3.288894664756143,0.0,1.271525369690452,0,13.488173830383966,1
p2333,3.0,0.4133326703928789,20.0,1.5150060254615283,11.586441182672669,8.850525443066669,-24.463037160125538,0.0,2.5823937161731783,0,22.589803055178123,0
p2336,0.0,0.1607510726435376,11.65676281862359,1.2222940988100959,13.177323628911862,11.314692641434483,0.3519354477178873,0.0,1.4564142520386434,0,11.65676281862359,1
p2337,3.0,0.452866623498706,9.647249099219607,1.4045761842707924,6.2601762539690835,9.429645299266635,3.8443722047741375,3.1015228577003002,0.0,1,9.647249099219607,1
p2338,3.0,0.3649880146970734,9.365121937824018,1.3156369109592057,12.985548136556671,10.785028625169181,5.300388267832115,0.0,2.0718300463755708,0,9.365121937824018,1
p2339,1.0,0.6441539873836837,5.362884289122211,1.3293764258553744,10.086760957609103,9.613216278106949,17.17400526931735,0.0,3.735819367712706,0,5.362884289122211,1
p2340,0.0,0.7308882402988727,12.786427508109526,0.0,7.1422626729355825,11.765225308340284,4.6229626354047015,0.0,0.0,0,12.786427508109526,0
p2341,1.0,0.5234760806618337,9.417564189294497,1.210387974294025,11.532478666035646,10.701083631123044,-3.799164823357725,2.3122125709425436,0.0,1,9.417564189294497,1
p2342,0.0,0.5733512628260176,4.25497856066711,1.0313921941122082,10.760358909829423,14.136077758337503,-14.399228626959806,1.7988836180957053,0.0,1,4.25497856066711,1
p2348,3.0,0.781594642929326,0.5683099545878225,0.0,4.2645970152613,7.063966619572908,2.7993696043116083,0.0,0.0,0,0.5683099545878225,0
p2349,2.0,0.7412494363341131,3.236918166176583,1.1022895078350476,7.322833160859642,7.957508637754079,-6.385171139569701,1.4870696068066867,0.0,1,3.236918166176583,1
p2350,1.0,0.29116555722656634,6.518588323432543,1.1100069633251914,10.515695601232629,12.276887279260599,8.02050505754732,0.0,1.5659608172849262,0,6.518588323432543,1
p2352,0.0,0.26030294835832574,20.0,1.2433692733886716,6.62946445155701,12.56676273788476,41.44307673336705,4.776623857817716,0.0,1,22.025357233954583,0
p2356,3.0,0.650947776887335,20.0,2.712150282097853,8.93620609288216,8.159480778370776,48.55636819520786,4.166463698619049,0.0,1,33.41693122211092,0
p2357,0.0,0.573586870807113,10.655167722313063,0.0,13.932773264544425,10.42579479879607,-3.506978465748354,0.0,0.0,1,10.655167722313063,0
p2358,0.0,0.5670370501411108,11.822893232211241,0.0,7.780484899864591,13.085878629361817,5.305393729497226,0.0,0.0,0,11.822893232211241,0
p2360,0.0,0.3974850884647144,12.441989129147252,1.1050509124042638,10.076347408101975,11.857550111822144,3.40600546508739,2.780106586318801,0.0,1,12.441989129147252,1
p2361,2.0,0.13473553795408036,20.0,1.4208529093842992,14.571439536942323,12.151551029548768,-11.334141046399068,0.0,1.6421024689083954,0,21.917818464378787,0
p2362,4.0,0.6822104897384824,5.33368960870665,1.2288588295520364,9.518677700138557,10.351305273952043,-8.205552586534179,1.8012898482741087,0.0,1,5.33368960870665,1
p2363,3.0,0.6310141629052838,1.9898898429980405,1.071026077061068,12.186537374358112,12.855683186333934,30.266150105351137,0.0,2.902621101920892,0,1.9898898429980405,1
p2364,2.0,0.6087503777126783,11.252643992241618,1.3108239188618247,12.959000637430734,9.414612275375339,0.4134505589615163,2.153302842763106,0.0,1,11.252643992241618,1
p2366,2.0,0.10774067619526691,5.558057768996624,1.1242372684829822,10.703151132488964,12.92306177670126,8.702673619887758,0.0,1.2599893758342127,0,5.558057768996624,1
p2367,3.0,0.2091604165246196,17.14989804060835,1.3570401425173908,13.755811059929929,9.349465167934676,-10.230424979862065,0.0,1.7159486839970963,0,17.14989804060835,1
p2368,0.0,0.5092845120080904,20.0,1.2290061603762439,12.958081276989985,13.260912874363699,16.565606917326257,2.413201523702963,0.0,1,20.64686355540094,0
p2370,3.0,0.6711471991994131,20.0,5.335354497807019,6.317531616761448,9.283711691257682,88.15642909296386,7.949604057308692,0.0,1,25.322524937411703,0
p2371,0.0,0.4194029441420026,2.2056983617019488,1.0436018263713989,7.052885535086326,10.98282780474703,-17.910219906117124,2.488303529929569,0.0,1,2.2056983617019488,1
p2372,3.0,0.370813242140803,4.743023117518316,1.0865236774256537,12.407628027222563,10.995788411358811,-19.73313122325295,2.9301102386550837,0.0,1,4.743023117518316,1
p2373,4.0,0.3335793642088989,13.254644677374625,1.4220880629031476,9.257548071844178,12.230511166049071,-5.556519733480741,0.0,2.1339196095195962,0,13.254644677374625,1
p2374,3.0,0.28634535000878464,7.651208934350806,1.2746421517231765,8.568877486944103,10.900778535720447,3.970927738311137,0.0,1.7860769935974867,0,7.651208934350806,1
p2375,0.0,0.3815674538125136,1.1175083225634053,1.0236450204209788,10.352412607725839,13.617824732072027,18.55125670650535,0.0,1.6552250148080767,0,1.1175083225634053,1
p2381,0.0,0.371496228533895,0.9776798611594266,1.0400214747633436,8.439180191151316,12.01714592144538,15.924941085817192,0.0,1.6547577309477315,0,0.9776798611594266,1
p2382,1.0,0.6832797137457253,20.0,1.6651196003328053,12.74221176442981,8.150499833127649,24.284946609959032,2.4369516126926323,0.0,1,26.349963945739727,1
p2385,2.0,0.6319382976907767,9.604103106397467,1.1958230717362042,9.941833399470836,7.294472817768235,1.723175586806458,1.8923098601650987,0.0,1,9.604103106397467,1
p2386,4.0,0.8559708639382896,13.374612068269515,0.0,6.776915589515326,8.857492219923323,2.0805766304079967,0.0,0.0,1,13.374612068269515,0
p2387,4.0,0.643653451137643,2.5372553772292803,1.0518941960680064,5.962619377625022,8.220086488028853,-7.029730918472198,1.6342555053636503,0.0,1,2.5372553772292803,1
p2388,4.0,0.12982652648711288,1.5116175825391998,0.0,11.775722994777848,11.817470635714704,0.041747640936856456,0.0,0.0,1,1.5116175825391998,0
p2390,3.0,0.8407173344516878,2.6829169662167534,0.0,7.751220506408413,8.117614454985818,0.3663939485774046,0.0,0.0,1,2.6829169662167534,0
p2392,1.0,0.6781936164886243,0.13136349852551119,0.0,7.88988139002819,9.338206937422413,1.448325547394223,0.0,0.0,0,0.13136349852551119,0
p2393,0.0,0.43316142015848813,18.228035076065403,0.0,13.078154028066608,9.152144459280544,-3.926009568786064,0.0,0.0,1,18.228035076065403,0
p2394,0.0,0.4128849609530857,20.0,1.2452115832714832,12.05222562165861,10.6401324281752,26.816146196538064,3.015880211275051,0.0,1,25.629047816745654,1
p2396,4.0,0.5509055022647188,0.4163800672355196,0.0,8.7945065580117,13.488003515760354,4.693496957748655,0.0,0.0,0,0.4163800672355196,0
p2397,2.0,0.6005580205375163,4.549719920277581,1.2047879056443918,10.05298718117182,8.350001234807864,-9.326783829696762,2.006114087971172,0.0,1,4.549719920277581,1
p2399,3.0,0.5031659903258513,5.385722985053816,0.0,7.576167069064067,11.38962140780162,3.813454338737553,0.0,0.0,1,5.385722985053816,0
p2400,2.0,0.4803495365720746,18.377815755210573,1.8791138444582567,7.384360728982505,9.249110235656135,37.5759881313483,3.911971806755981,0.0,1,18.377815755210573,1
p2401,3.0,0.5925626398538738,20.0,2.1884673954580465,6.512913478330476,10.889698244680899,38.02318265470984,3.693225404824245,0.0,1,22.31131536933579,1
p2402,2.0,0.24340008649747497,1.5530931457401402,0.0,16.13430485549174,9.418735603996062,-6.71556925149568,0.0,0.0,0,1.5530931457401402,0
p2403,4.0,0.6557788597018731,7.6951394667750055,1.2358213127132138,7.630919698317478,14.163454523608696,-5.657064589689777,1.8845092281185105,0.0,1,7.6951394667750055,1
p2404,2.0,0.162775826800169,0.40617404101390314,0.0,9.297478257259083,7.945418066586541,-1.3520601906725425,0.0,0.0,0,0.40617404101390314,0
p2405,4.0,0.19165441474973616,20.0,1.1417707106151587,16.43235929554467,14.940956955544937,28.64757034916492,5.957445395171783,0.0,1,33.11379446018762,0
p2406,1.0,0.64316252692358,15.780100201822657,1.5174761322096681,8.697529511596569,9.80630506353736,15.203333554906035,2.359397615200261,0.0,1,15.780100201822657,1
p2409,1.0,0.6046209075204976,12.943181516759152,1.5928372318509556,10.445964277034516,6.857417569031395,-13.64891831366582,0.0,4.028632930137885,0,12.943181516759152,1
p2410,1.0,0.29764725277754767,4.587628655050672,1.4085211901594306,10.340338044250517,6.996942785600546,8.193276460170452,0.0,2.005432734092115,0,4.587628655050672,1
p2411,1.0,0.2556505981672796,20.0,1.507354783345448,11.238802384348853,9.121647420167639,-19.859136218240664,0.0,2.0250634710447444,0,36.14254240271012,0
p2412,4.0,0.6814541352644786,1.3951691204381143,1.0410354511625415,7.759444356863687,11.87704086685577,-11.895220080114534,1.5276676701925156,0.0,1,1.3951691204381143,1
p2413,0.0,0.5854975760746162,1.9065696997634176,1.1172715353563667,5.748710640570452,10.548315718751178,15.15591293119289,0.0,2.695452356528296,0,1.9065696997634176,1
p2415,3.0,0.3932420460908222,0.10004873936487127,0.0,7.090295546728505,9.49430892330619,2.4040133765776854,0.0,0.0,0,0.10004873936487127,0
p2416,1.0,0.2707929259617623,2.330506753242553,1.0734427085378673,12.248759014318038,7.581815336963238,9.9334023013684,0.0,1.4720684243959745,0,2.330506753242553,1
p2417,1.0,0.5870983303864968,13.616234846158113,1.3680826591934188,7.309805949934057,11.152219118516353,9.584172281995844,2.330244506559551,0.0,1,13.616234846158113,1
p2419,4.0,0.6070935901188423,2.901315488794612,1.1171163297540243,7.405698689305521,11.66204461506728,-11.864321013902494,1.8401056244644947,0.0,1,2.901315488794612,1
p2420,3.0,0.16501472545206516,9.562426523835963,1.0601743909394068,13.733383674502269,8.37214211408992,2.286009590599339,6.424725963304256,0.0,1,9.562426523835963,1
p2421,0.0,0.6234364564921542,0.5275226451544165,1.0618624685544333,5.654872727430739,16.272715910497194,25.07633421167362,0.0,2.8198759196462393,0,0.5275226451544165,1
p2423,4.0,0.41912524722346867,5.388879666662581,1.0633476904646448,10.627245257553291,11.194946806628032,-14.162663955900799,2.5370642725745665,0.0,1,5.388879666662581,1
p2424,4.0,0.5305806767696042,1.105457537562724,1.036727798947775,10.912060647974071,8.03008892071241,18.776229277005903,0.0,2.2085324306919047,0,1.105457537562724,1
p2425,0.0,0.5540055957408202,10.66103381111324,1.1339718179316924,14.113196781128954,10.60042940169868,-3.3887186462643064,2.0468598632389936,0.0,1,10.66103381111324,1
p2426,1.0,0.4050156691680366,0.37753239537005767,1.0069904930645484,11.234307272076569,6.4745113727018175,-19.918715254764535,2.486300085952376,0.0,1,0.37753239537005767,1
p2427,4.0,0.1460426183055883,2.9476412886500767,1.0421922145897873,10.758856894030373,10.952790025619224,9.726947617928609,0.0,1.2204264954322221,0,2.9476412886500767,1
p2428,2.0,0.7508569701054275,16.06144698449523,0.0,6.421925204829301,9.283297844509804,2.8613726396805026,0.0,0.0,0,16.06144698449523,0
p2429,2.0,0.4601113871070525,4.742488515938971,1.3045906616912204,7.966384827592516,10.082542485399518,9.906403501124961,0.0,2.4164070708968683,0,4.742488515938971,1
p2430,2.0,0.8371045545356995,3.6928529040450786,1.1445862400192925,6.6997011260588275,7.609007463815193,22.036951072904344,0.0,7.026508548209445,0,3.6928529040450786,1
p2434,1.0,0.45149812384928023,5.356581436746117,0.0,9.977749053957657,9.006692505867289,-0.9710565480903686,0.0,0.0,0,5.356581436746117,0
p2436,0.0,0.2589290805112945,4.039809260917263,1.0658026976559178,11.079089077473576,10.397408705829836,9.442159629009419,0.0,1.4381925799912076,0,4.039809260917263,1
p2437,4.0,0.22409818164318204,10.037608712352505,1.1293414019259778,12.89127672643301,8.82169738969253,0.08399442659735534,0.0,1.455521014653199,0,10.037608712352505,1
p2438,4.0,0.5883557726408442,20.0,1.232993082294696,13.543710600316517,12.319187450094809,14.871840956018628,2.0956590206642947,0.0,1,30.648451590779587,0
p2439,4.0,0.5747841124523341,20.0,1.7037711123914303,3.4276286240454996,8.10187566111482,39.942585359338196,2.964193121348185,0.0,1,24.879138963497763,1
p2440,0.0,0.5516029354783609,16.519818055884823,1.703692579885154,6.5269865152997335,10.47426724608346,22.619697778465156,3.0886213076579776,0.0,1,16.519818055884823,1
p2441,0.0,0.5037425679334301,1.5944063447836998,0.0,2.7011322648560987,12.698984738338371,9.997852473482272,0.0,0.0,0,1.5944063447836998,0
p2442,2.0,0.29738044408075986,7.909439608815451,1.0623027152994848,11.011022362525404,11.747653349759775,-12.974239919252204,3.5722009851158685,0.0,1,7.909439608815451,1
p2444,0.0,0.3500397546397852,20.0,1.7042827845646655,16.742946447033944,13.221818394642305,-12.061558545411772,0.0,2.6221338870043263,0,30.64515273867245,0
p2445,3.0,0.493395549935489,6.912277197205247,0.0,6.695106671925902,15.441398254710002,8.7462915827841,0.0,0.0,0,6.912277197205247,0
p2447,2.0,0.2874495672774918,20.0,1.4072249077227792,8.557335831958637,12.795883790602959,-18.359714969147056,0.0,1.974912712277871,0,31.171877387328053,0
p2448,0.0,0.7011409631336534,1.2642709665042888,1.0231593398569598,9.124416242677023,11.324413000892246,-12.480543709379068,1.4592776540741386,0.0,1,1.2642709665042888,1
p2451,4.0,0.26303318057092323,2.2234130324680037,1.0658323493226416,13.481178318911672,9.621968083582358,12.422242480097676,0.0,1.4462419761968859,0,2.2234130324680037,1
p2452,1.0,0.5251980552746767,3.6464268137684126,0.0,10.648443529301483,9.102748760482575,-1.5456947688189082,0.0,0.0,1,3.6464268137684126,0
p2453,1.0,0.41633990807625854,15.95590411149265,0.0,11.083525688515685,11.36357450783902,0.28004881932333525,0.0,0.0,0,15.95590411149265,0
p2454,3.0,0.31489832979808796,11.245432487298528,1.2052087857841878,10.822565027524723,8.963975008744471,-2.602484830175807,0.0,1.7591677822490064,0,11.245432487298528,1
p2455,4.0,0.6799382400599588,11.260616636377481,0.0,6.5149409264207545,9.399049364455713,2.884108438034959,0.0,0.0,0,11.260616636377481,0
p2456,1.0,0.37774687060099604,18.514605154338966,0.0,11.22461987605888,9.224827530018201,-1.9997923460406781,0.0,0.0,1,18.514605154338966,0
p2457,4.0,0.5548131307170957,6.018366681926896,1.2097727618868641,7.261778312506166,6.050169303218433,-1.28095478152167,2.180504921221373,0.0,1,6.018366681926896,1
p2458,0.0,0.21775123063830396,17.20124239285139,1.0675584551528143,11.001679056405028,8.601412580533776,39.761704329541686,4.9026517646923615,0.0,1,17.20124239285139,1
p2459,1.0,0.46691511769176675,1.16766486332078,1.0532388497662748,11.804376764743296,8.131226832930153,17.342261647372943,0.0,1.9757432347467792,0,1.16766486332078,1
p2460,0.0,0.6940443536071756,9.270800030810914,1.2093627002145646,11.05455061868165,9.24519265138385,-1.764737462328083,1.7424861882804907,0.0,1,9.270800030810914,1
p2461,4.0,0.457007915650766,10.78749075923133,0.0,9.373390524448554,9.933548996435947,0.5601584719873927,0.0,0.0,0,10.78749075923133,0
p2462,1.0,0.7698163189544033,3.563986805920924,1.1173745262301356,4.797583902017984,10.13619096016911,-4.200828937587699,1.4514819947540218,0.0,1,3.563986805920924,1
p2463,3.0,0.2258439041939949,3.4276006297512875,1.0597854909463673,10.76359606060632,12.37576152754309,11.654819088587296,0.0,1.3689558174220433,0,3.4276006297512875,1
p2464,2.0,0.8088362958864233,11.879073910715448,0.0,6.761590593742068,11.798262066571928,5.03667147282986,0.0,0.0,0,11.879073910715448,0
p2466,1.0,0.8067512598772086,1.5362119302743376,0.0,7.8855943531858355,8.592405448020893,0.7068110948350572,0.0,0.0,0,1.5362119302743376,0
p2470,2.0,0.765896723953025,0.4255839924385427,1.0449022153192975,7.104938461648257,7.100476876528634,29.80833044253071,0.0,4.4634241475101275,0,0.4255839924385427,1
p2471,4.0,0.5851901809384318,3.6680816076836558,1.0337839846038268,9.333231923903059,10.5567235154565,-10.945830300529984,1.766577803725302,0.0,1,3.6680816076836558,1
p2473,2.0,0.31574703855866615,20.0,2.182464494376607,11.761662796909958,14.480721139782851,-23.557595835681873,0.0,3.1895579812755055,0,29.499159364191527,1
p2474,2.0,0.7456381803212058,12.150338149518303,1.6386408346964163,4.310174956529809,12.089627930400319,7.912871898431536,2.1976353651720504,0.0,1,12.150338149518303,1
p2475,4.0,0.3780186123582594,3.833382737649297,1.0273956869566743,11.860697356858742,14.028526819393775,-25.54098358278454,2.7178441837752185,0.0,1,3.833382737649297,1
p2476,0.0,0.24050440100660941,3.5061249880255123,1.0493719671421429,13.359993548972497,7.583545882844203,-23.567104167024425,4.3632131584706615,0.0,1,3.5061249880255123,1
p2477,2.0,0.21503706088569607,9.913573520813001,1.0512992719903058,15.482807041132775,12.489180931767047,-15.585568097952212,4.888921322027968,0.0,1,9.913573520813001,1
p2478,1.0,0.6475595440122532,4.77626010902062,0.0,2.9603421023112566,14.863987329188745,11.903645226877488,0.0,0.0,1,4.77626010902062,0
p2479,3.0,0.7803418190835844,5.1161453236914065,1.1627587015890195,9.819269887657914,9.710818234582517,-6.954805106704338,1.4900632942555057,0.0,1,5.1161453236914065,1
p2480,2.0,0.400158557928602,0.8517152508033695,1.015335147759948,9.96873613897921,6.48876862234909,-17.783043896044447,2.5373320841012936,0.0,1,0.8517152508033695,1
p2481,2.0,0.8558623292952232,4.487721357525156,0.0,6.748871518274284,9.317854052399083,2.5689825341247987,0.0,0.0,0,4.487721357525156,0
p2482,2.0,0.8059114627331067,7.8281462584567265,1.214538345607173,8.132077602981969,11.16604170570377,4.9358604102314425,0.0,6.257651083933141,0,7.8281462584567265,1
p2483,1.0,0.48631593057972694,0.9899625097243616,1.0101765724743508,14.442691395501262,11.241663583811352,-24.49588492383019,2.077202306060878,0.0,1,0.9899625097243616,1
p2484,2.0,0.44172422677598244,6.12024651086789,1.1127402194294687,11.498037290269755,9.792279026965673,9.013109326739432,0.0,1.9931730388432294,0,6.12024651086789,1
p2486,4.0,0.6379372748373433,4.162306283105245,0.0,4.584757376930777,10.35501561998155,5.770258243050773,0.0,0.0,0,4.162306283105245,0
p2487,2.0,0.2839675047153268,0.9642160164646731,1.0489014641178591,10.685382703989472,10.586419724556208,14.14137672389916,0.0,1.4648796961384372,0,0.9642160164646731,1
p2488,0.0,0.5312627621933115,20.0,1.3914438888476819,12.7242281695986,13.009337976804954,18.594531515997037,2.619125577526126,0.0,1,23.24766468431757,0
p2489,4.0,0.596121092304835,13.074314719871008,0.0,2.9739312281445143,9.024492111101704,6.05056088295719,0.0,0.0,1,13.074314719871008,0
p2493,0.0,0.4017397696373094,6.180635569858784,1.19348514172121,9.40225075434334,10.310592743541115,-11.360900180141657,2.9707916216477352,0.0,1,6.180635569858784,1
p2494,4.0,0.7221708053781439,15.538461675719544,1.3465053876253201,8.370504918328544,11.875235965716877,10.334906288304351,1.8645248154558967,0.0,1,15.538461675719544,1
p2495,4.0,0.7720436022541001,2.091772278801877,1.104260834279798,4.604509897237798,7.008447798173811,14.576080320703607,0.0,4.84417566341219,0,2.091772278801877,1
p2496,1.0,0.8499992230288674,3.937872997856977,1.3394115939391134,4.137485203639539,11.219236937668919,-4.3920743783305785,1.575779786205316,0.0,1,3.937872997856977,1
p2497,2.0,0.11297168835316244,1.72643335381692,1.05096087922658,13.116176389599692,9.626342507641992,10.004858675067354,0.0,1.1848109755092133,0,1.72643335381692,1
p2498,2.0,0.7126186283254586,12.106640040711358,1.1148519200556009,9.298569665378944,7.853555135837938,5.208698528030256,1.5644439757003363,0.0,1,12.106640040711358,1
p2499,3.0,0.3446116887048697,19.48887989955823,1.8140751661306904,11.122754525307647,8.946703497587885,-25.332979548725227,0.0,2.767939456451166,0,19.48887989955823,1
p2500,4.0,0.5769466807626588,3.6776362250968844,1.050024389013302,12.466097341458003,9.949294208908489,-13.931018799492993,1.8199678133606518,0.0,1,3.6776362250968844,1
p2501,1.0,0.4532137946573693,0.42996160540750167,1.038959041244319,7.769264811186018,10.88271319175658,17.059000312150165,0.0,1.9001193356611472,0,0.42996160540750167,1
p2502,1.0,0.6974200526152873,20.0,1.7250661706184771,11.444583615856905,8.541013894516615,-51.67963537738832,0.0,5.701191323247724,0,26.590121607218407,0
p2503,4.0,0.5114471179173615,8.0411433622851,1.9367627613919658,6.342075685435736,13.576479092377662,0.49881525202446664,0.0,3.9642847937684733,0,8.0411433622851,1
p2504,0.0,0.46060013156294916,14.88809296514197,1.2021742073613126,10.732278962463765,9.74936628998645,12.429251684899203,2.6100170733386214,0.0,1,14.88809296514197,1
p2508,4.0,0.8752783725364922,4.828681152610719,0.0,7.118266091979269,9.099676111313315,1.9814100193340458,0.0,0.0,0,4.828681152610719,0
p2510,2.0,0.6255895724759084,2.7596237978385187,1.023563918355203,12.58015601388563,8.462246466694474,-13.448306121312747,1.6361588546053023,0.0,1,2.7596237978385187,1
p2512,2.0,0.27736715003335816,0.019682204138670775,1.001168735560727,11.701133787981616,9.484789290463143,13.967674969974269,0.0,1.3854459226520672,0,0.019682204138670775,1
p2513,4.0,0.580702306811859,19.27191652936874,0.0,10.61857183579789,10.292328265586162,-0.32624357021172834,0.0,0.0,0,19.27191652936874,0
p2514,4.0,0.27772881332836413,3.048924682779417,1.0441390892179734,13.013750144360078,8.677565988471747,10.069296740584349,0.0,1.4456330371277395,0,3.048924682779417,1
p2515,0.0,0.28776764276422595,15.28806193305322,1.4658895531229332,12.789333428963872,10.47363622486542,-7.458485190382729,0.0,2.0581619723262192,0,15.28806193305322,1
p2516,1.0,0.5195882047246316,2.056656920305399,0.0,4.905675285391957,10.470068301088913,5.5643930156969565,0.0,0.0,0,2.056656920305399,0
p2518,4.0,0.3158915468850118,0.23972302539276258,1.0040452919587814,10.494115442926953,11.783245172962046,16.339191429817145,0.0,1.4676697640366927,0,0.23972302539276258,1
p2519,0.0,0.7020954087798171,4.092905262240129,1.2146102896808681,9.324492345304579,11.460485674105303,23.46610937845594,0.0,4.0771788199234,0,4.092905262240129,1
p2520,1.0,0.3446275349899064,13.460847849162334,1.1642946860836392,11.799020641559308,9.219964425091055,11.748406141091179,3.3784145718877037,0.0,1,13.460847849162334,1
p2521,2.0,0.8748966644027504,4.506439034929896,0.0,4.166133650949472,7.245928586889929,3.0797949359404564,0.0,0.0,0,4.506439034929896,0
p2523,1.0,0.3612251905093915,3.260210378203707,1.0603062036627844,12.574623837931798,7.806394519785396,-18.112667565974277,2.9353052653043514,0.0,1,3.260210378203707,1
p2524,0.0,0.8208280119139545,2.511707081165034,1.1144952547729123,3.548596296746987,7.410487469164278,-2.789523517816365,1.3577695188230763,0.0,1,2.511707081165034,1
p2525,0.0,0.4813897883367579,2.9091875313261246,1.122610726328571,11.416625507967103,9.72132555626993,16.720344228394314,0.0,2.1646521820853284,0,2.9091875313261246,1
p2526,0.0,0.8359906410090863,1.4733294662132361,0.0,3.6837034567378732,8.107159115850976,4.4234556591131025,0.0,0.0,0,1.4733294662132361,0
p2527,2.0,0.6470613448025915,5.560147647699982,1.1118629319818987,7.33845362881555,9.34465452642925,-4.496819176276419,1.7183269266704706,0.0,1,5.560147647699982,1
p2528,0.0,0.5999376265821196,2.392803044391384,1.122213059672621,10.355746815894875,11.123876614837647,23.10494547464706,0.0,2.8050952407374403,0,2.392803044391384,1
p2529,3.0,0.5393335243351508,20.0,1.602678256142367,6.927145234651136,9.353189345781217,34.06400311584021,2.9715902754571513,0.0,1,27.420811946622784,0
p2531,4.0,0.1610400291064282,20.0,1.359582423544664,11.941591052930493,8.561467748068708,-16.43923404467636,0.0,1.6205569642334428,0,21.22776480139551,1
p2532,3.0,0.20292243317712422,4.331745753728149,1.0597439812918263,9.635499342682012,11.567342962416749,8.983379352389196,0.0,1.329536829791773,0,4.331745753728149,1
p2536,3.0,0.5220049819509393,1.9792996246219405,1.0277543726068414,11.791229790850105,9.211893833623886,-16.81929645685856,1.9688593177132458,0.0,1,1.9792996246219405,1
p2537,4.0,0.32547974604605384,13.58462468458149,0.0,12.044246264525617,10.112198313187136,-1.9320479513384807,0.0,0.0,0,13.58462468458149,0
p2538,2.0,0.6163837176919016,13.823667164161284,0.0,5.788251748050948,11.190634131898893,5.402382383847945,0.0,0.0,1,13.823667164161284,0
p2539,3.0,0.36337932903741177,2.1552167580625317,1.0179052212484379,12.24331502896902,8.491701303363216,-21.501497077824627,2.801219386762749,0.0,1,2.1552167580625317,1
p2540,1.0,0.11717718347607378,5.309379419832159,1.225553130077635,11.432484584050549,10.883227119809423,7.95096541100102,0.0,1.3882209511793016,0,5.309379419832159,1
p2541,3.0,0.5686319758747754,19.777416768365043,5.33557122586398,5.839873601889755,8.328232477300713,-169.9044707254564,0.0,12.368953949899362,0,19.777416768365043,1
p2542,2.0,0.6084044925765761,0.15858631224838415,1.0041972362892266,11.94630109316096,15.646458947261173,-21.86322815939448,1.6505421122656068,0.0,1,0.15858631224838415,1
p2543,1.0,0.6387702852135204,4.825783035033335,0.0,9.129262322902946,12.680150341541276,3.5508880186383305,0.0,0.0,0,4.825783035033335,0
p2545,4.0,0.6635154034802523,6.051680955827755,1.127869395043905,12.249648075957706,6.618028212678396,-6.594319047983194,1.6998390529112606,0.0,1,6.051680955827755,1
p2546,4.0,0.5067924338599361,7.631141291300508,0.0,3.0054703037848527,5.807647460021195,2.802177156236342,0.0,0.0,0,7.631141291300508,0
p2547,2.0,0.5958246238315195,5.795385465359061,0.0,10.41997862123949,9.920695945334591,-0.49928267590489916,0.0,0.0,1,5.795385465359061,0
p2548,0.0,0.19305478044791433,20.0,1.4638041401434612,11.332686403011365,9.362236615889387,-17.6930158545386,0.0,1.814006830545425,0,28.421614052983927,0
p2549,3.0,0.5113933968929717,10.745328996886535,2.2837881637788713,5.680072370132896,12.839596041146882,-16.51590981089602,0.0,4.674083709176996,0,10.745328996886535,1
p2550,2.0,0.6952107503200905,0.7486475105316756,1.0398737107601015,5.019035859271374,8.891670048192864,-8.3074350334577,1.4957675931813776,0.0,1,0.7486475105316756,1
p2551,0.0,0.5780573671816424,0.2494528646036708,1.0080244205097348,8.026248099663228,11.847229766871823,-16.4033818732295,1.743813811117789,0.0,1,0.2494528646036708,1
p2552,1.0,0.08297855673929361,20.0,1.235825042475584,10.674874394506235,12.22205965484496,-11.019831391444395,0.0,1.3476511935002184,0,36.24928922886328,0
p2553,3.0,0.1443757748908892,3.4674806046646607,1.033105198469945,12.726990109675782,11.541159039003402,-58.95839830083029,7.155668596415886,0.0,1,3.4674806046646607,1
p2554,4.0,0.7100228037306208,6.226773681569382,0.0,10.19846741686592,10.45652667679322,0.2580592599273004,0.0,0.0,0,6.226773681569382,0
p2555,0.0,0.7045305892375961,0.8794919130336601,0.0,5.5884311544480525,8.215056002832885,2.6266248483848322,0.0,0.0,1,0.8794919130336601,0
p2556,0.0,0.525602049000397,0.9787252874238088,0.0,9.884675195684087,9.378498058126098,-0.5061771375579891,0.0,0.0,1,0.9787252874238088,0
p2557,0.0,0.3911077277994582,0.5954278672410525,1.0126287720709348,13.196795981557315,12.182089920168368,19.942216045533712,0.0,1.663067209592406,0,0.5954278672410525,1
p2558,1.0,0.45237909331430914,7.6768841920388775,0.0,6.121722017005942,8.548207059372158,2.4264850423662168,0.0,0.0,1,7.6768841920388775,0
p2559,4.0,0.627669644010302,1.1254459441025304,0.0,7.150091418066576,12.10974828199374,4.959656863927164,0.0,0.0,1,1.1254459441025304,0
p2560,0.0,0.5914993290281928,2.209106466844081,1.1466606746901173,5.333367071627615,9.625491332051812,-10.085029619483823,1.9385663151537806,0.0,1,2.209106466844081,1
p2561,1.0,0.5898850464289317,5.241611704998548,1.0850389816537667,12.704352141080014,6.833711148939778,-8.799160658477708,1.8394075052799126,0.0,1,5.241611704998548,1
p2564,3.0,0.794011616567301,1.8250624304441645,1.0301757423150046,11.133113404751489,11.533784336070234,-12.195731422714738,1.2974315750803453,0.0,1,1.8250624304441645,1
p2565,4.0,0.34078905214938215,10.574954749255348,0.0,5.885475732945995,9.267310618817561,3.381834885871566,0.0,0.0,0,10.574954749255348,0
p2566,2.0,0.6478013438509637,20.0,1.6860485764180093,9.92529114921841,11.311948951504267,23.999263103600768,2.6027247279158314,0.0,1,24.188123790718944,1
p2567,3.0,0.27077358544183194,10.12955545167233,1.2558476326961703,11.436151325595942,10.984337411623454,1.7983587380312795,0.0,1.7221642107644681,0,10.12955545167233,1
p2568,2.0,0.5109435223889686,5.757457369156348,1.1858063411770539,8.008772628730142,9.61551872599715,-7.347107745916084,2.3208168598217966,0.0,1,5.757457369156348,1
p2569,1.0,0.45642106662547005,20.0,1.4803088952373735,5.57635028774258,10.304128589363739,36.17436511751914,3.2432966036865367,0.0,1,20.993919487584947,0
p2573,2.0,0.49147472682245597,20.0,1.3583211304819234,8.67701847051274,10.815183400124129,27.522848589488426,2.7637659809364186,0.0,1,23.371172396188538,0
p2575,4.0,0.5185156469573479,3.519866280534104,1.043110904050118,9.853493400594015,12.848898612211226,-15.772042610857039,2.011725027337357,0.0,1,3.519866280534104,1
p2576,3.0,0.5676349463066314,15.270949772639195,1.3834815644523633,4.047758876712682,12.260733058081746,15.549695355239363,2.437273415694563,0.0,1,15.270949772639195,1
p2577,4.0,0.46093033375733206,8.074110730253638,1.23212291518221,6.119877914334525,11.881433970434344,-4.415882628597741,2.673121782067159,0.0,1,8.074110730253638,1
p2578,1.0,0.5034694411116488,15.115889403335256,0.0,8.22177481315634,7.939237924331391,-0.2825368888249491,0.0,0.0,0,15.115889403335256,0
p2580,3.0,0.6893668941784288,4.174871317800429,1.0801172966562522,8.924829894497197,11.891792334849828,-9.124102474185925,1.5668250184011383,0.0,1,4.174871317800429,1
p2581,4.0,0.5265577120571191,2.748544962739438,1.0488595712641609,10.762236881525507,7.082796611068055,-12.312912388559864,1.9919175946859635,0.0,1,2.748544962739438,1
p2582,1.0,0.14160006308388567,3.733883289418132,1.0751596364201914,11.95573526100532,10.598397345336425,8.940663046714876,0.0,1.252515977905133,0,3.733883289418132,1
p2584,1.0,0.4441972417444703,20.0,1.3732650252553644,11.885602834879048,12.2085993450694,24.41062473396721,3.0915658545339446,0.0,1,23.177608142279993,1
p2585,1.0,0.7440128176090561,1.9525242901075979,1.0533104410441818,9.539696664604003,9.165537440874914,-10.585733383845719,1.4157154502110298,0.0,1,1.9525242901075979,1
p2587,2.0,0.4695154953703601,20.0,5.417218671818741,9.785654000385632,12.68244429434226,87.32595140075607,11.537891135085045,0.0,1,28.685958071724684,0
p2588,4.0,0.4153736055858068,11.25597125568732,0.0,9.882814794363942,7.642355336452921,-2.2404594579110206,0.0,0.0,0,11.25597125568732,0
p2591,0.0,0.6217417260042154,4.088394115040899,1.0508047039744648,9.075050200468802,11.30111704279815,-9.964144726164298,1.6900984122904763,0.0,1,4.088394115040899,1
p2592,0.0,0.44507459691780243,12.686540871713323,1.3440948278430291,11.65908855428059,10.375147020234492,-3.7725523239762047,0.0,2.422118036726347,0,12.686540871713323,1
p2593,3.0,0.11053341829590087,11.624062677287716,0.0,12.494999320202393,5.314900233084274,-7.180099087118118,0.0,0.0,0,11.624062677287716,0
p2596,4.0,0.525593339828408,5.3924517596511485,1.0394675476302815,10.673403572906878,7.773797838529012,-7.609201121332899,1.977703043135287,0.0,1,5.3924517596511485,1
p2597,3.0,0.36400763665239444,1.2949647161141766,1.0448395588584574,10.863299121724605,12.249946275598878,17.105977880969927,0.0,1.6428492212687054,0,1.2949647161141766,1
p2598,1.0,0.77981388263934,3.636266815280534,0.0,5.978827733293051,8.400838126859798,2.4220103935667465,0.0,0.0,0,3.636266815280534,0
p2601,1.0,0.7787813360093422,0.3141470059159723,1.042541608382258,4.980034237479693,7.0466675491184585,-6.946079848057085,1.3386833507393554,0.0,1,0.3141470059159723,1
p2602,4.0,0.20639586197364332,0.28332795171970815,1.0128777097897894,10.766263027697553,13.463419081804572,16.076535977752094,0.0,1.2763009430731451,0,0.28332795171970815,1
p2603,4.0,0.33658571832221806,20.0,1.5466546709928752,12.362530331388555,11.575349326839579,-18.592839495424823,0.0,2.3313557059419474,0,22.684507759399207,1
p2604,4.0,0.7430989230653887,0.024136465273712382,1.0028455370085962,4.966563793125965,10.399665583692338,-8.56914306209272,1.3495451357562407,0.0,1,0.024136465273712382,1
p2605,2.0,0.47308929627301166,16.857327220279302,1.192076289849678,13.030281096894466,10.560677483633821,13.39650647562977,2.5197701559532883,0.0,1,16.857327220279302,1
p2606,3.0,0.3390875765491024,10.672419315982307,1.702501718232633,6.6922915990629,11.499821761178683,-5.445226536660437,0.0,2.575986859716097,0,10.672419315982307,1
p2607,3.0,0.5126959036736735,0.008951049379966151,1.000339120179846,8.219190720318332,9.916075440717028,18.550886135137972,0.0,2.052802608722505,0,0.008951049379966151,1
p2608,3.0,0.6245129579071719,0.22732927333635064,0.0,8.319799737544928,9.474732399223157,1.1549326616782292,0.0,0.0,1,0.22732927333635064,0
p2609,0.0,0.4207576715120876,2.3073277906824154,1.086795318775158,11.190086722896616,10.380349743482304,15.856415251793125,0.0,1.876236016128502,0,2.3073277906824154,1
p2610,3.0,0.26185004215103863,0.805156038745282,1.0384105271751676,10.341504770496648,11.472792527858983,14.546779838024937,0.0,1.4067744855004718,0,0.805156038745282,1
p2611,1.0,0.6845017654747393,3.2296875923465542,1.267744077302731,4.971642148905544,10.755791021347545,-8.154709328553956,1.8520683820639694,0.0,1,3.2296875923465542,1
p2612,0.0,0.21378921383193494,12.0939147085907,0.0,10.062598215495338,13.104378702195243,3.0417804866999045,0.0,0.0,0,12.0939147085907,0
p2613,3.0,0.6457463857252873,11.562798842269181,0.0,9.351751291402254,6.583561321983008,-2.7681899694192458,0.0,0.0,1,11.562798842269181,0
p2614,4.0,0.4419820913078618,20.0,2.086332827184985,9.65348897382358,10.207633637556482,-38.12967760164271,0.0,3.738827723423528,0,24.09561680317119,1
p2616,4.0,0.6976727432047932,8.296838456089,1.2270430593590753,4.824994511564559,9.654676245290045,2.4415628754178136,1.7587659419265746,0.0,1,8.296838456089,1
p2617,2.0,0.4571974189654285,19.103671539828134,1.5294410996636378,10.689754312114436,7.413131916201269,35.83119194407378,3.345253136215295,0.0,1,19.103671539828134,1
p2618,0.0,0.5378615709529911,20.0,1.6374998926738196,4.415596091180769,8.392481039624002,39.31555214146761,3.0444634476719963,0.0,1,29.098007624163824,1
p2622,4.0,0.32811101427239997,18.50271240112655,0.0,5.0147930798515485,11.793464092001777,6.7786710121502285,0.0,0.0,0,18.50271240112655,0
p2623,0.0,0.5150715781794263,12.371087359643091,1.5865480731011665,5.701408125047258,13.645411554319951,4.018769187622347,3.08024775645549,0.0,1,12.371087359643091,1
p2626,1.0,0.3479984403541411,7.038802372158518,1.92584751982015,9.28331328955718,10.787825757445038,8.134229405726654,0.0,2.9537467991122495,0,7.038802372158518,1
p2629,4.0,0.6106911199573446,20.0,1.9460670043468586,11.454179684461366,12.783905345367168,-41.38889647616083,0.0,4.998773734967551,0,20.487350401161425,1
p2632,4.0,0.21314905307413412,20.0,1.706573381112293,13.960086626111094,9.411620641928476,-17.64822195241695,0.0,2.168864875590065,0,21.98642232164515,0
p2633,2.0,0.4395886215539583,11.756832372727958,1.2422704544777037,10.700710613679524,9.890380196594608,-3.151447867688594,0.0,2.21671169119082,0,11.756832372727958,1
p2634,0.0,0.305208284714325,20.0,1.5661697738450975,11.600849477603687,8.29131559263296,-22.242539827253268,0.0,2.2541572379013486,0,39.23494444032026,0
p2635,2.0,0.49627395520115436,5.573055013380318,1.1528900849844699,6.8032001122329495,11.032915678347507,7.0451786580136115,0.0,2.288724390744689,0,5.573055013380318,1
p2636,0.0,0.3491058450373983,10.788480537078541,1.1699441154746828,7.941706131090799,12.145689168226381,-0.9129271993077896,0.0,1.7974414220110857,0,10.788480537078541,1
p2637,0.0,0.30200908080986216,20.0,1.3108544799441366,13.524819494574496,8.218962544146855,-17.466501366593405,0.0,1.8780394470820474,0,36.607362485074034,0
p2638,4.0,0.4463961516358151,3.422983101447193,1.222989896346087,9.14428423794064,11.262161709331862,14.75704807065677,0.0,2.2091426928476667,0,3.422983101447193,1
p2639,4.0,0.4704031121221901,2.9724665294226416,0.0,7.691980689251262,9.268078288946663,1.5760975996954008,0.0,0.0,0,2.9724665294226416,0
p2640,2.0,0.5882576941267472,16.255291034811837,1.2945454020265044,12.705790525097807,12.00074071067292,8.657698203653235,2.2006433829109917,0.0,1,16.255291034811837,1
p2641,3.0,0.5757069429322045,16.416372752548263,1.2139652301412454,7.1568172869050635,8.423223708803436,-25.226552146733283,0.0,2.861147996459608,0,16.416372752548263,1
p2642,3.0,0.7171785615764501,0.4863248082221337,1.029214075275967,4.139481050958824,10.016805966699422,-7.799750610465876,1.4350876203181855,0.0,1,0.4863248082221337,1
p2643,0.0,0.7917988684128555,1.194410643036414,1.01814463321718,2.771035351870973,9.71527214546428,-4.012421210318225,1.28586270305997,0.0,1,1.194410643036414,1
p2644,1.0,0.13609104153093102,4.815993390387735,0.0,8.315770292550894,11.692088862471296,3.376318569920402,0.0,0.0,0,4.815993390387735,0
p2645,4.0,0.30174284542366503,0.08909095250258604,1.0019681350827034,16.124305338595793,15.212711216695388,22.098229334664964,0.0,1.4349557731215,0,0.08909095250258604,1
p2646,0.0,0.5320322896195637,1.3378595828294757,1.0283681157859348,9.566263032226985,9.47627644821119,-15.82077695261848,1.9329054567745918,0.0,1,1.3378595828294757,1
p2647,3.0,0.5213668441758963,6.633774573643474,1.1090017891706234,10.091086143107612,14.095466928680452,-11.867419012238969,2.1271045551881578,0.0,1,6.633774573643474,1
p2648,0.0,0.6789293873860196,7.9153092559376015,0.0,4.322252028797101,7.305900176151508,2.9836481473544065,0.0,0.0,1,7.9153092559376015,0
p2649,4.0,0.12894864758116287,20.0,1.408167042445163,12.870961046501176,9.31520882135955,-15.080764695127089,0.0,1.6166291901560113,0,21.796049348569028,1
p2651,3.0,0.8980628887124082,2.879445753828398,0.0,8.429762902478714,7.4161359250990895,-1.0136269773796247,0.0,0.0,0,2.879445753828398,0
p2652,3.0,0.2759449168595775,0.2532064384855175,0.0,11.118921342298295,11.097324149436067,-0.021597192862227388,0.0,0.0,0,0.2532064384855175,0
p2653,1.0,0.18724473776670433,1.4803470430137575,1.0205131306908024,9.991556558143355,9.727799429894562,10.423102092303449,0.0,1.2556216835639156,0,1.4803470430137575,1
p2654,2.0,0.731009635674258,0.9184979927669171,0.0,9.391322268506995,7.537530160822253,-1.8537921076847423,0.0,0.0,1,0.9184979927669171,0
p2655,3.0,0.5114079892898681,2.6798679186327465,1.021625384340491,10.983095702347322,11.156254734564213,-16.759880967156892,1.997671928745387,0.0,1,2.6798679186327465,1
p2656,4.0,0.5876239339918125,16.109344188921202,1.420426816319146,6.171572093345488,11.967217378081083,15.808151002029586,2.4172378525666676,0.0,1,16.109344188921202,1
p2657,4.0,0.6621811500318734,3.1961175492035285,1.1876067263313648,10.262758642098495,9.849981666880666,-12.346329873647386,1.7934770965229085,0.0,1,3.1961175492035285,1
p2658,1.0,0.20526836358342465,14.920878020656705,0.0,10.989928803330475,14.442467918806358,3.452539115475883,0.0,0.0,0,14.920878020656705,0
p2660,0.0,0.4676205758203251,20.0,1.9380316512559992,9.366479468039188,13.321991600071327,-34.753909042489944,0.0,3.6403203490485105,0,27.576990379749525,0
p2661,4.0,0.5986618153280281,4.723043167807407,1.1650209681694967,5.9470486802452465,10.452098019604074,-6.6439313693558715,1.9460418859872337,0.0,1,4.723043167807407,1
p2663,2.0,0.23618384938601467,20.0,1.8564887145904707,13.785057597074289,12.658322586017952,-16.23242559325559,0.0,2.4305439379596154,0,34.15458126533038,0
p2664,1.0,0.18712808781061618,6.119901649637904,1.0951633188122474,10.53653102838113,7.828303421454451,3.242193875051151,0.0,1.3472766156509723,0,6.119901649637904,1
p2665,2.0,0.5554729444800469,1.6247115097571616,1.048150271898269,9.479757222158781,8.08560036593448,17.127254151249304,0.0,2.3578998373277225,0,1.6247115097571616,1
p2666,0.0,0.5344318493795792,2.5000333960747847,1.0931988610629415,4.8848222728282575,11.04009893516117,-11.313723232733675,2.0455346408190938,0.0,1,2.5000333960747847,1
p2667,3.0,0.18011142406970443,20.0,1.7503080983216082,14.982266775181659,6.871819577798315,-18.82236508043433,0.0,2.134812155829348,0,24.470485223790938,1
p2668,3.0,0.7291289742260225,7.353053745146885,1.1354567370376736,8.815984444059824,14.57802926015644,11.894463420683707,0.0,4.191872252830508,0,7.353053745146885,1
p2669,0.0,0.3049333940373825,20.0,1.9759150626143833,12.806973177348755,6.151754229709478,-27.10334567785695,0.0,2.842770816011053,0,28.7408288918852,0
p2670,4.0,0.6504778279408818,11.860277058859543,1.249981002195923,10.448252173537913,11.550497367141912,1.697528711166631,1.9216350634929351,0.0,1,11.860277058859543,1
p2671,3.0,0.8111324735509926,20.0,1.6940092819489616,6.591355977934192,7.185661323893378,27.356405702181103,2.088449590154975,0.0,1,23.070831768909173,0
p2672,3.0,0.6339695060468731,0.3821061761492197,1.0476560678818687,6.389393588463983,7.4234357879284225,18.22815911866263,0.0,2.862209802705753,0,0.3821061761492197,1
p2673,4.0,0.5530639084020287,17.189179916734716,0.0,8.900290477137865,10.867127123965636,1.9668366468277707,0.0,0.0,0,17.189179916734716,0
p2674,1.0,0.5597441333000841,11.03878275936468,0.0,11.064540628398605,13.783475671356873,2.718935042958268,0.0,0.0,0,11.03878275936468,0
p2675,2.0,0.14489313743879492,20.0,1.402346120157099,12.921620824395324,12.621597163427316,-11.908324340696836,0.0,1.6399659288861395,0,22.805872880153604,1
p2677,0.0,0.6851109120552209,11.711430689750353,1.345535021804572,7.831419507454705,9.731176378984799,5.788910409052154,1.9639667068915698,0.0,1,11.711430689750353,1
p2678,0.0,0.3433826202323641,20.0,1.5227052705343171,12.424033150994092,7.307829418727958,-22.684981236231856,0.0,2.319014569905495,0,27.226198215445848,0
p2679,1.0,0.1496665536806878,19.77873527623992,1.1028185434835007,17.49541931671396,11.791950660134379,53.147182747084564,7.368503625976141,0.0,1,19.77873527623992,1
p2681,2.0,0.18915810193151428,7.126858506851781,1.229768625568994,14.519673168621475,12.123341299157454,8.81602845299546,0.0,1.5166564881494624,0,7.126858506851781,1
p2687,0.0,0.650962737968085,0.6591938498176233,1.0503473962384977,3.9750673257715436,11.29795857524669,-9.843066457148991,1.613529215999447,0.0,1,0.6591938498176233,1
p2688,4.0,0.602293985205451,0.550927076999809,0.0,3.6572583185150256,11.932803227879944,8.275544909364918,0.0,0.0,0,0.550927076999809,0
p2689,0.0,0.29361047902255444,20.0,1.6419260620630234,13.640445578717845,10.258127410141741,-18.164414784282698,0.0,2.3243918734681355,0,36.51770459669248,0
p2690,4.0,0.348183057538283,7.903085615721375,0.0,10.227706777189832,10.623294486878047,0.3955877096882148,0.0,0.0,0,7.903085615721375,0
p2691,1.0,0.8802217100447831,11.798116754203084,0.0,4.4586079176547795,9.550849828412108,5.092241910757329,0.0,0.0,1,11.798116754203084,0
p2692,0.0,0.30398427152340857,0.5413399428635381,1.0179770103741121,8.908772408233874,12.974075259302806,16.303322104237942,0.0,1.462577595196326,0,0.5413399428635381,1
p2694,3.0,0.41157305776443154,10.997237934410911,1.677480637562863,8.312376641395685,9.350641860836191,-6.615705920059085,0.0,2.8507882918986183,0,10.997237934410911,1
p2695,1.0,0.6752847792665939,10.165747184310602,1.186431559931775,9.377499330441495,15.8874823101819,3.629914319064325,0.0,3.653760231048255,0,10.165747184310602,1
p2696,4.0,0.35295802146535077,20.0,1.1942327407094226,13.09166439142948,10.12913954098574,30.43551123948285,3.3834979461620147,0.0,1,30.258770018931344,0
p2697,2.0,0.6904118923734409,1.4329294439481706,1.0900695318212348,10.395257878608337,7.390850801547172,28.552235184477794,0.0,3.521031670687209,0,1.4329294439481706,1
p2698,1.0,0.8705491359441886,1.700603949172188,0.0,2.1624914532486157,5.873683278860382,3.711191825611766,0.0,0.0,1,1.700603949172188,0
p2699,2.0,0.30403286481274366,15.314301701854895,0.0,12.212675441559014,13.333312649298346,1.1206372077393318,0.0,0.0,0,15.314301701854895,0
p2700,3.0,0.14751823843151238,10.491231028031377,1.1046065900642659,8.354150334694037,9.863071607884928,-1.2602094270556332,0.0,1.2957539267841833,0,10.491231028031377,1
p2701,4.0,0.43422818653989304,2.4576072924595307,1.0900505475794546,9.849280641859615,12.590129892663741,16.982098797623678,0.0,1.926661105495873,0,2.4576072924595307,1
p2703,3.0,0.6845246017916177,2.2112652252993428,0.0,10.121214903674801,8.505879358932685,-1.6153355447421163,0.0,0.0,1,2.2112652252993428,0
p2704,4.0,0.17097124989573156,1.5635384236696075,1.0259637257942982,12.525160476615456,12.222853756511482,13.263238022192127,0.0,1.237549030314402,0,1.5635384236696075,1
p2705,3.0,0.772336946890502,7.00310136380523,1.1845299103003952,7.740008351252549,9.105507449014198,-1.8589522269535657,1.5336957723820142,0.0,1,7.00310136380523,1
p2706,0.0,0.7534357714166036,4.09091261481324,1.0833302390130872,7.254730180726364,5.035076339318667,-3.5772229297625193,1.4378534708754522,0.0,1,4.09091261481324,1
p2707,4.0,0.38318878178672666,5.132259482395901,1.1454111702153813,11.077328924986286,6.9659727042953214,-9.592611693624507,2.989156323613066,0.0,1,5.132259482395901,1
p2708,4.0,0.27337994870558685,0.991006458930848,1.0374846794956654,7.416128351200215,11.975940376635739,13.733747585356838,0.0,1.4278228045695582,0,0.991006458930848,1
p2709,2.0,0.12172214884287541,20.0,1.3458387097133124,13.947951552159452,10.210955867464058,-13.01091858213963,0.0,1.5323609811407404,0,27.95481089212301,1
p2710,1.0,0.5611762649165752,3.793026202118309,1.1600148072351935,9.66451157691121,7.3968988066416905,13.253448263336155,0.0,2.643464139456046,0,3.793026202118309,1
p2711,1.0,0.37610250364900466,20.0,1.5159923699893387,11.281318534518897,11.433445269942949,-21.033171579350526,0.0,2.4298741040891505,0,29.909405660077272,1
p2712,3.0,0.7445732043666571,1.2669211590196936,1.0629494287707146,7.227518758057719,10.357434607241746,-9.847661130959096,1.4275955977691572,0.0,1,1.2669211590196936,1
p2713,0.0,0.1138603076698817,20.0,1.508938603886334,14.937594073454683,13.076336025688017,-10.481636750159163,0.0,1.7028224973407478,0,32.29623898976491,0
p2714,4.0,0.49186629112138086,6.766593275541491,1.311818167672884,3.647731227708924,11.797146643646059,-5.267180559124451,2.667021894674133,0.0,1,6.766593275541491,1
p2715,4.0,0.806372912137992,1.7736090805868177,1.057294125975433,5.712436135105523,8.363414849544924,-5.989394524742678,1.3111726721724273,0.0,1,1.7736090805868177,1
p2716,0.0,0.1746581578144227,15.021658803046405,1.2699406499311403,13.281969077396358,9.767312457335823,-6.191490130670056,0.0,1.5386844396113817,0,15.021658803046405,1
p2718,1.0,0.8038934223814906,2.277123902264784,1.111539351307837,3.2025250782156593,13.514835838626704,-5.22601644585429,1.3826949199496645,0.0,1,2.277123902264784,1
p2719,3.0,0.7684355198318922,1.4420779634287884,1.0956626753275645,8.38831416386958,8.26050379362845,32.73876628826455,0.0,4.731566233872099,0,1.4420779634287884,1
p2721,3.0,0.7991654440338293,8.87210988985916,0.0,8.457931704060222,12.583505798670052,4.12557409460983,0.0,0.0,0,8.87210988985916,0
p2722,0.0,0.5240000185859195,10.891414817319351,1.4920189203038319,6.9981896378560915,9.557065693193401,6.3582540493675195,2.847364250730819,0.0,1,10.891414817319351,1
p2724,2.0,0.3830558737097322,19.43867945907735,1.2169138163859603,8.39498962914197,9.691450845828973,32.262014769124676,3.1768572156345516,0.0,1,19.43867945907735,1
p2725,0.0,0.20684414654992633,4.823863041452723,1.0990765619657186,16.789646608476406,8.923816117343913,8.715163278080242,0.0,1.3857006251481967,0,4.823863041452723,1
p2727,4.0,0.414076728602551,2.2840889423490185,1.039933002438028,13.637468568683275,8.55281021431433,-20.828238429015663,2.5114500057698272,0.0,1,2.2840889423490185,1
p2728,3.0,0.38880055117255113,20.0,1.496228684482531,12.142179137913631,8.649900369400687,-22.728384092125708,0.0,2.4480203432005054,0,26.558246417853447,0
p2729,4.0,0.6129336109681769,19.906432687795824,2.085946720175582,9.437471217911233,12.066606857433287,-53.78934052001577,0.0,5.389118712666327,0,19.906432687795824,1
p2731,4.0,0.5648965646395351,5.995529787768857,0.0,11.227328992505269,10.790937114151307,-0.4363918783539624,0.0,0.0,1,5.995529787768857,0
p2732,2.0,0.2571425586433286,20.0,1.4971916102807978,12.19534707642092,15.593124443140976,-12.33210595651329,0.0,2.0154494347482004,0,31.578982453359806,0
p2735,2.0,0.17574191382559523,14.174566273743814,1.1578638893832987,14.07746631800268,11.269221275496221,-2.944644714283032,0.0,1.4047346441661797,0,14.174566273743814,1
p2737,2.0,0.4205247675230103,5.23268821494958,1.1243088584063266,9.124899617698134,10.320223011717433,-12.406635114033477,2.6735853515329664,0.0,1,5.23268821494958,1
p2739,0.0,0.20766434013214866,19.913613625587335,0.0,13.325518221779882,9.546825097778699,-3.778693124001183,0.0,0.0,0,19.913613625587335,0
p2740,2.0,0.45186434812508924,10.516497932612092,1.2809137387654002,9.101031891906237,16.310261538943053,-9.21452990226461,2.8347306975650266,0.0,1,10.516497932612092,1
p2741,4.0,0.5649401514506549,2.963214157814299,1.0865345680273304,6.886170838091592,9.992687637705863,-10.413085075595479,1.9232737578260704,0.0,1,2.963214157814299,1
p2742,4.0,0.19954440175726582,20.0,1.6205047251244007,12.106990017606657,8.584450651394084,-19.501764197673836,0.0,2.024477970648149,0,20.61059839364104,0
p2744,4.0,0.5066398898088419,0.5303495309826938,0.0,9.149238023328286,12.347704433405902,3.198466410077616,0.0,0.0,1,0.5303495309826938,0
p2746,3.0,0.21924855449348843,0.45456027057800613,1.010688145582868,12.434096959124618,11.797370549520524,14.870866679556734,0.0,1.2945069156127982,0,0.45456027057800613,1
p2747,2.0,0.6745110981701177,5.801060747081887,1.4342000500106802,7.2784486431467625,10.502958524925415,-6.773045453370975,2.1262808779596423,0.0,1,5.801060747081887,1
p2748,0.0,0.26497185618281105,2.726617286616612,0.0,8.78464668194452,12.630773325465707,3.8461266435211865,0.0,0.0,0,2.726617286616612,0
p2750,0.0,0.7318079180673029,3.715421638956065,1.0439554642759206,7.945617826365759,10.517916035034965,-7.131752567725624,1.4265430019300638,0.0,1,3.715421638956065,1
p2752,1.0,0.41754932227363284,2.389690164126759,1.0434575543936868,11.488956365014792,8.525899930890112,-18.297471064733383,2.4990043061544647,0.0,1,2.389690164126759,1
p2757,2.0,0.2781039836608622,2.8487637226858284,1.1075933932512807,13.360374055356608,12.368486296592408,15.135906124819872,0.0,1.5342838416924398,0,2.8487637226858284,1
p2758,4.0,0.3338121803707006,5.419719606378805,1.1678082579690137,11.516990558277593,9.287724008240007,8.459075624492366,0.0,1.7529714947638058,0,5.419719606378805,1
p2759,4.0,0.5829352817913062,16.100767724779143,1.370264815420597,10.527777650988284,12.967454462214608,9.80493510574826,2.3506294064238142,0.0,1,16.100767724779143,1
p2760,1.0,0.3408936654820989,19.82585004086126,1.6647546214599844,10.82919149342134,8.753905713820682,-24.798825381906354,0.0,2.525775484584984,0,19.82585004086126,1
p2761,0.0,0.41555438718257576,2.4627054106934905,1.09447213196196,7.093377473856088,8.036765934780034,9.615096168599901,0.0,1.872667204542544,0,2.4627054106934905,1
p2762,4.0,0.3301973846520009,13.457064802124588,1.1207232504644289,13.45541559302978,12.674604366371378,1.8749384663361357,3.394100930404319,0.0,1,13.457064802124588,1
p2763,0.0,0.7612258036207561,20.0,1.374716628486126,8.08595645379281,7.426014407337811,22.047731548368954,1.8059248937008079,0.0,1,28.918580437653237,1
p2766,2.0,0.6010198549987867,0.6539707289654825,1.0482807916431995,7.846504471403952,13.537712023324648,24.588877172600426,0.0,2.6274008989595505,0,0.6539707289654825,1
p2767,2.0,0.35041373254353486,0.0512489895855538,0.0,8.23560840879022,14.311471910413378,6.075863501623157,0.0,0.0,0,0.0512489895855538,0
p2768,3.0,0.8408577527465562,0.90187407411505,1.058903572133286,4.795384008467865,9.214929694096526,-6.049198002097452,1.2593135624598937,0.0,1,0.90187407411505,1
p2769,0.0,0.26299768016675873,0.5938010901884987,1.0051851588380174,11.954686864181474,12.532849126490337,-45.05324364642519,3.8220305144922206,0.0,1,0.5938010901884987,1
p2771,4.0,0.3924242148772267,5.995881921634798,0.0,10.309586650183036,9.043699102261634,-1.2658875479214018,0.0,0.0,0,5.995881921634798,0
p2777,0.0,0.5663315628003541,1.405242399750943,0.0,5.3938057880356745,6.179535929903842,0.7857301418681679,0.0,0.0,0,1.405242399750943,0
p2778,3.0,0.7638870840387888,3.409346735514826,0.0,6.533052584094872,13.416256716946595,6.8832041328517235,0.0,0.0,1,3.409346735514826,0
p2779,1.0,0.8235949666683549,15.696049513885958,1.6005024069427813,1.3506274859858103,8.16058231190243,21.45372255436797,1.9433125161233185,0.0,1,15.696049513885958,1
p2780,0.0,0.37042685538537523,1.6312978599926422,1.1892751334109335,8.857759971342523,12.48241077553431,17.275569311564606,0.0,1.8890182079461384,0,1.6312978599926422,1
p2781,4.0,0.504560752298646,0.5993557115677112,1.0066964269757752,12.144961533106978,13.37740119871639,-24.262236004353557,1.9951936855760801,0.0,1,0.5993557115677112,1
p2783,2.0,0.41530566441758304,20.0,3.0039945295361448,7.186297283169693,8.564624533356195,-64.45486202830772,0.0,5.137717858244429,0,25.354221126279928,1
p2784,4.0,0.49129284984189964,2.3946786232603747,0.0,11.345012368744499,9.439968057030187,-1.9050443117143114,0.0,0.0,0,2.3946786232603747,0
p2785,1.0,0.52505777390876,7.796607311905169,1.6134428447690017,6.415896480177056,6.861209620431659,3.3196838996591387,3.0728863087919387,0.0,1,7.796607311905169,1
p2786,4.0,0.5459791204739062,9.554615401507267,1.1366110686851634,12.465100980641413,12.74301301854216,-6.3596458594519545,2.0817848633086786,0.0,1,9.554615401507267,1
p2787,1.0,0.8344327429836196,1.9341673651872322,1.191044139158174,5.9546509140722685,8.214827913093572,31.182401439857582,0.0,7.1937178921816525,0,1.9341673651872322,1
p2788,3.0,0.8556426201548573,9.26675993908215,0.0,7.373165869758499,9.600938371386727,2.2277725016282277,0.0,0.0,0,9.26675993908215,0
p2790,0.0,0.2548664886362024,4.748417931477312,1.0365174863819901,12.536306189281586,10.423557831725999,-25.192996277745856,4.066903781381474,0.0,1,4.748417931477312,1
p2791,0.0,0.08926127037299852,0.04041127665640644,1.0005739702294192,10.867305613216253,10.950923663074018,11.97847691462007,0.0,1.0986399695983173,0,0.04041127665640644,1
p2793,4.0,0.6365505329642112,10.266090614941652,1.1609564612086882,10.131782082129094,11.74207721183317,-1.081645395958752,1.8238245058133677,0.0,1,10.266090614941652,1
p2794,4.0,0.5685731845050286,20.0,3.1032116193056996,7.13888639476256,9.84368025657244,58.13690057402775,5.4578930274511634,0.0,1,26.838186533589617,1
p2795,2.0,0.5244678594913021,2.2153048512226463,1.0507346339739496,12.710263392016484,9.445178256707043,-17.749630277423392,2.0034299813778675,0.0,1,2.2153048512226463,1
p2796,3.0,0.6116845998248326,0.02699948074862283,1.0004930103505214,9.912093695617534,10.318435038570225,-16.426695396932423,1.635635441266678,0.0,1,0.02699948074862283,1
p2797,1.0,0.4913485512232738,1.74263717340049,0.0,1.5031352806195943,12.506124883375717,11.002989602756124,0.0,0.0,1,1.74263717340049,0
p2799,2.0,0.4682164668966254,8.549987405319765,1.245437429497158,12.114899471587051,9.625929932358455,5.8600571677195745,0.0,2.342000742725244,0,8.549987405319765,1
p2800,0.0,0.8467776530995772,9.5931629005466,1.5233729254449078,4.388509335643509,7.215717461273064,7.104288420149185,1.799023533354589,0.0,1,9.5931629005466,1
p2802,1.0,0.3066394725474055,18.097169910582227,1.4758926504123748,9.371797262944796,9.02480129143492,43.319405015927735,4.813120235798105,0.0,1,18.097169910582227,1
p2803,2.0,0.6538988792935426,12.665531471317871,1.6156778129287594,6.0185374337943625,7.94355612586662,13.592252021917698,2.470837409408471,0.0,1,12.665531471317871,1
p2804,1.0,0.8002789118413438,20.0,2.639816123963454,3.4707318976294266,10.425167138788877,38.53817160767664,3.298620124688229,0.0,1,23.12310657293916,1
p2806,3.0,0.4969673611768307,8.041549320377719,1.0626305486496537,13.157063395068025,10.610916511068499,-8.04004503670874,2.1382300562622842,0.0,1,8.041549320377719,1
p2807,1.0,0.6651864360790106,0.3267286691805754,1.0139695329438816,6.009071210546047,7.68973452906794,-9.543052632183784,1.5243388589232187,0.0,1,0.3267286691805754,1
p2808,2.0,0.7708072193149768,0.9413028453596067,1.0596901712952251,7.220371063158856,10.366418542022199,-9.811410906061823,1.3747797694953885,0.0,1,0.9413028453596067,1
p2809,3.0,0.42045740279657895,1.2916824325624954,1.0374836564749794,11.31177367663983,11.999241394469864,18.625201634685443,0.0,1.790176703975428,0,1.2916824325624954,1
p2810,2.0,0.6640012681750382,20.0,1.9755170847396666,9.294614412382781,9.610722767641265,31.225981053289402,2.975170650154388,0.0,1,22.0542728981412,1
p2811,2.0,0.8477129088598485,0.8673549308720949,1.0551745453177979,4.6905035662671395,9.787961698813369,-6.006297740395789,1.2447310100974867,0.0,1,0.8673549308720949,1
p2812,0.0,0.6183648182206025,0.5341765035300523,1.0160599349894937,7.180880864770879,7.248072543831262,-10.964679108583631,1.6431399475689654,0.0,1,0.5341765035300523,1
p2814,4.0,0.660500799070975,20.0,1.8889828609154071,8.629055456130859,7.728069873644687,34.195816286099664,2.8599251712826828,0.0,1,21.707714341272098,0
p2815,2.0,0.2750872655738476,20.0,2.42452383392481,10.748014221787926,13.790248622382675,-27.901710939482165,0.0,3.3445733793655665,0,22.74590753996193,1
p2818,2.0,0.5494688452930304,20.0,2.1454518006482544,8.30038854081677,11.121325415592178,37.48854093944078,3.9045922603748173,0.0,1,26.18495184242943,0
p2819,4.0,0.2740838180841506,15.42918894600658,0.0,8.61776138397271,12.241445470166322,3.623684086193613,0.0,0.0,1,15.42918894600658,0
p2821,2.0,0.613113002862036,4.044760345964482,0.0,9.890389751790549,9.009789681000743,-0.8806000707898054,0.0,0.0,1,4.044760345964482,0
p2822,0.0,0.6863480137077941,9.248242453411262,1.2716708695161765,8.327465821428076,9.332492708056362,0.8489273679559595,1.8528076779101423,0.0,1,9.248242453411262,1
p2827,3.0,0.8334361171916036,3.4850598680233458,1.16141257889907,5.2969565697409235,13.37615951638937,-5.704274051523813,1.3935232166475284,0.0,1,3.4850598680233458,1
p2829,3.0,0.5951872417464069,6.8406763119122855,2.112027864612491,5.254685264636389,10.35382015092295,-3.1754493914507114,0.0,5.2172957041275385,0,6.8406763119122855,1
p2830,2.0,0.7968543679132307,5.091825744501002,1.1426047498123295,2.2185785454251357,7.391683548298329,1.8753525448005504,1.433894066245173,0.0,1,5.091825744501002,1
p2831,2.0,0.7902580751773977,3.7139413270545973,1.154407254415487,3.2902082716587904,11.523641615217025,-3.1749596240702243,1.4607977959052743,0.0,1,3.7139413270545973,1
p2833,0.0,0.7812886594922893,5.190095263087923,1.337242326893833,2.7713152366674914,10.025810808136407,-1.0222449508618494,1.7115854820711505,0.0,1,5.190095263087923,1
p2834,1.0,0.4109545779079228,6.48530678588498,1.1771066432966335,6.243075729077818,5.811440642167077,1.4985351973603156,2.8643229850097263,0.0,1,6.48530678588498,1
p2835,4.0,0.5907304344792457,5.749939209030203,1.2080199484007956,2.7313807330834567,10.776951539774764,-2.2344669600264027,2.0449597276390836,0.0,1,5.749939209030203,1
p2836,3.0,0.2893760532784251,20.0,1.4868089196737129,15.03147966645206,10.676813231957478,-14.75009482327872,0.0,2.092258397050965,0,29.71090088850302,0
p2838,3.0,0.30394004954778353,17.040416438911425,1.5830419675087253,10.70272135368792,18.391979470481296,-6.72449646090422,0.0,2.274289687950376,0,17.040416438911425,1
p2839,3.0,0.7868859031954047,1.5739317124158683,1.0313649468798176,10.810831142745666,11.588346993108079,-12.348296725592082,1.3106918584913347,0.0,1,1.5739317124158683,1
p2840,4.0,0.2445879477523273,20.0,1.1943714033378963,12.878351368991812,11.178505305159183,41.37726012655029,4.883198106504132,0.0,1,30.105121966021215,0
p2842,1.0,0.4038911191011894,20.0,1.2461415416277029,10.298841730797573,7.427289694657211,35.91953759515485,3.085340287750915,0.0,1,25.6835807210561,1
p2843,2.0,0.27497277205501813,11.268756977745447,0.0,13.191024563564786,8.620598580881872,-4.570425982682915,0.0,0.0,0,11.268756977745447,0
p2844,3.0,0.27218343664162087,20.0,1.243876225952915,10.761284252347433,13.931449423254968,-12.619278839290446,0.0,1.7090518251099853,0,26.156594626041844,0
p2845,4.0,0.8198697070357632,0.9117440334751126,0.0,9.615272521580888,8.437887623017637,-1.1773848985632505,0.0,0.0,1,0.9117440334751126,0
p2846,3.0,0.19496900944711115,1.204282230753745,1.0196085208836991,12.14738917537205,9.614236757323106,11.326792374897966,0.0,1.2665456769352943,0,1.204282230753745,1
p2848,4.0,0.35289075557374106,20.0,1.5563580493978608,13.903446623877219,10.251932267051487,-18.314293481430937,0.0,2.4050932092273873,0,23.793366400472138,1
p2849,2.0,0.3360122355753601,17.073680531373235,1.1213152073305874,12.559764565803095,12.047553629011585,16.26060842182823,3.337126118072868,0.0,1,17.073680531373235,1
p2850,0.0,0.5418488500770744,0.8659256834886386,1.0755209392880014,8.472998279834652,10.310964544450872,19.695753733730847,0.0,2.3475242602118,0,0.8659256834886386,1
p2853,3.0,0.5015193684861323,3.5858315203585525,0.0,5.828966401777852,11.498032351532547,5.669065949754695,0.0,0.0,0,3.5858315203585525,0
p2854,0.0,0.22636302172931283,13.174647847651574,1.2099243542719114,16.12734007391588,10.29071607473304,-1.218780830398135,0.0,1.5639432812227494,0,13.174647847651574,1
p2855,2.0,0.4715746709090634,20.0,1.1651024414586109,12.426402613716032,14.286730258344358,15.975896048424588,2.470663742843993,0.0,1,23.848331172650333,0
p2856,4.0,0.4183324010044052,0.6262136743231737,1.01784600841765,7.969349762063785,13.73104504764564,-26.12371514950945,2.4331034506861724,0.0,1,0.6262136743231737,1
p2857,0.0,0.7693723683902224,5.537608133714038,1.3306013474857727,8.324343380724752,6.174088291679268,-3.251024223253522,1.7294633939997406,0.0,1,5.537608133714038,1
p2858,2.0,0.8859759941479587,3.3204214300214097,0.0,8.494322136790252,8.926689106351624,0.43236696956137166,0.0,0.0,1,3.3204214300214097,0
p2861,1.0,0.4320542906814196,8.19894936401506,1.1626074358287681,12.246627117264211,10.608874842989662,-8.122579163113425,2.6908827453030217,0.0,1,8.19894936401506,1
p2863,1.0,0.5591512501748251,18.25253883255559,0.0,6.385195964581606,8.505434514947252,2.120238550365646,0.0,0.0,1,18.25253883255559,0
p2864,1.0,0.39403547097564345,7.940657709689295,1.1468370556722705,11.18721448543315,10.931340531815612,5.888498258666339,0.0,1.8925811672817796,0,7.940657709689295,1
p2865,4.0,0.46389786552757134,3.129701891386526,1.109805105207312,7.752008856878846,12.125235440713533,13.942037335142228,0.0,2.070137449274395,0,3.129701891386526,1
p2866,4.0,0.42579075344228035,7.757352892507894,1.2001715321706534,5.997317844922397,9.324779101904078,-1.0906250919753235,2.8186885752401554,0.0,1,7.757352892507894,1
p2867,3.0,0.3041706522247134,3.39073393915414,0.0,12.149630630307701,9.599804677166018,-2.549825953141683,0.0,0.0,0,3.39073393915414,0
p2868,0.0,0.5573085333274245,20.0,1.5224096157283131,11.152137159499398,10.801958611955454,24.776274427112018,2.7317177554033285,0.0,1,26.737612611803563,0
p2869,1.0,0.10725809980630976,20.0,1.3063504245777098,7.22371231152483,7.536670319232924,-18.382600969354993,0.0,1.4633013464409843,0,21.820882684098667,1
p2870,3.0,0.4323041919233842,16.218542160362958,0.0,11.146193384723764,10.003960692656971,-1.1422326920667931,0.0,0.0,0,16.218542160362958,0
p2871,0.0,0.656911070911736,20.0,1.4229423158794243,12.215838146730446,10.026489463215825,19.414382489660184,2.166111029160314,0.0,1,26.647380441984637,0
p2872,2.0,0.3648262085564805,0.680840415902513,1.0239502734733776,10.027876255471897,10.350568730151656,15.390851824172676,0.0,1.6120789101614383,0,0.680840415902513,1
p2873,2.0,0.5437205474007274,20.0,1.3574525125569872,14.24820205262814,11.180682409406154,18.95078531071295,2.4965996209750214,0.0,1,37.35217767989038,0
p2874,3.0,0.29319830726535595,15.16278900775804,1.5489956320192155,12.528503447756389,13.279376487039162,-5.02231181281661,0.0,2.1915562001925735,0,15.16278900775804,1
p2875,1.0,0.8339258706535475,3.3211270173954137,1.1595206599309562,9.631032158784397,7.310712481356936,41.7350994443671,0.0,6.9819463422387935,0,3.3211270173954137,1
p2876,0.0,0.4218480827462475,20.0,1.204137690106554,10.44646709895343,10.81235604306527,26.59141615239743,2.8544344264114474,0.0,1,28.819213221636446,0
p2877,2.0,0.7818820265134218,12.822960910355702,3.309356471685452,5.953833917911502,7.749450400588747,23.269514424201567,4.232552174709242,0.0,1,12.822960910355702,1
p2878,2.0,0.30955441203621037,4.188486746824793,1.0745979820598333,11.050893292310993,9.241164891067113,8.870806537941519,0.0,1.556383299122755,0,4.188486746824793,1
p2880,1.0,0.6968653280745634,14.9855096537501,1.9002034848028029,4.980699290009253,11.699805714892664,15.678522000770911,2.7267872403023103,0.0,1,14.9855096537501,1
p2881,1.0,0.36089602636245227,15.029361385224265,1.227354741843483,11.093415235466656,11.843905226307877,-6.808220907246971,0.0,1.9204304658877733,0,15.029361385224265,1
p2882,2.0,0.5546243343584469,15.856368823383596,1.3097037979437878,6.238729130184227,8.016676228113155,20.290793597198494,2.3614250526146985,0.0,1,15.856368823383596,1
p2884,0.0,0.3839120451725425,20.0,1.4621661575352145,10.116824999718327,15.477254738168975,22.585742525992828,3.8085967239659535,0.0,1,27.684634924301704,0
p2886,3.0,0.4434771076006298,2.92840074123134,1.0600650267305254,12.647102783897722,10.496247873923231,16.36133260530913,0.0,1.9048003976264196,0,2.92840074123134,1
p2887,0.0,0.8383208539504652,2.8535793568796533,1.2020027040583705,0.8674054820273431,10.7600357273552,-1.4438191487757113,1.43382178600724,0.0,1,2.8535793568796533,1
p2889,1.0,0.06288875052660699,4.4857065780334375,1.1280053049744345,10.12289415297254,13.97506933972617,10.637684904239759,0.0,1.203704795570765,0,4.4857065780334375,1
p2890,1.0,0.2057849052902708,20.0,1.2824029011463898,14.155495220776272,10.622490790131653,54.90541698466371,6.231763691984554,0.0,1,23.006847908049945,0
p2891,3.0,0.9072080849433845,4.15284142817286,0.0,9.589083188156133,7.265196566366371,-2.323886621789762,0.0,0.0,1,4.15284142817286,0
p2894,1.0,0.34510897039705213,4.070157161045458,1.1469700991737577,15.790816600665835,6.71129581971854,11.447933882760182,0.0,1.751390761710618,0,4.070157161045458,1
p2899,3.0,0.6113426876565753,0.030578547764905074,0.0,4.049108338143721,8.884113745835982,4.835005407692261,0.0,0.0,0,0.030578547764905074,0
p2902,2.0,0.13319117582402654,20.0,1.2267706548336132,14.862987606439596,14.580161464158644,-7.553098297075154,0.0,1.4152724575685247,0,24.947132887468914,1
p2903,4.0,0.6836207324214921,2.0818391189937375,1.0830769419454218,7.122844632114324,10.162025024908282,-9.762454528852384,1.5843243052459701,0.0,1,2.0818391189937375,1
p2904,1.0,0.7539010110901913,7.181368001595664,1.2837689405873591,8.65506290678629,8.906440160895672,-2.686135795752254,1.7028348837613885,0.0,1,7.181368001595664,1
p2905,1.0,0.24393111796149305,4.249123960515713,1.061552966380208,8.264336905937428,9.36324040359909,6.7364337731684225,0.0,1.4040426627770437,0,4.249123960515713,1
p2906,1.0,0.13732353595718866,7.85164800798457,1.0919442889607394,14.626023834646848,7.4946853762300405,1.44341847946398,0.0,1.2657633938956638,0,7.85164800798457,1
p2909,2.0,0.4369615268382227,9.306887625351582,1.442731167515605,12.476751427734756,6.380243162115389,2.0259585327795095,0.0,2.56240245788864,0,9.306887625351582,1
p2911,2.0,0.7518410777241518,11.631954429769548,1.2624598608876918,8.628230956787364,10.078928748029636,4.058473083408115,1.6791578676562875,0.0,1,11.631954429769548,1
p2912,1.0,0.5451620826620254,7.003894532335993,1.60652834470148,7.620777704400692,3.720433860960504,-1.721457115852587,0.0,3.5320897477149495,0,7.003894532335993,1
p2913,4.0,0.5445123042090627,13.313361377872642,1.1590169729095539,10.325674314620366,9.752336015940564,7.006451549110331,2.1285413827206283,0.0,1,13.313361377872642,1
p2914,4.0,0.5909173178384429,17.298422820002436,1.254049847771831,10.70033583309843,13.580469024724753,10.77040692407667,2.122208657480383,0.0,1,17.298422820002436,1
p2916,2.0,0.2835388940482294,3.051900832160926,1.040846160751334,11.940010112902975,12.36052579822643,-33.75062189467728,3.6709114079223575,0.0,1,3.051900832160926,1
p2917,4.0,0.79422674465583,7.606280599800991,0.0,6.512377524610226,4.529570313179358,-1.9828072114308686,0.0,0.0,1,7.606280599800991,0
p2918,3.0,0.46525846275470606,9.224725910783553,1.135645017912745,10.494262421030196,9.843637865381966,2.045524354621638,0.0,2.1237269574437563,0,9.224725910783553,1
p2919,4.0,0.6604235645644921,2.575489867566621,1.0904510328697226,8.49859181184984,10.748606679641222,-11.24493617225638,1.6511388923392014,0.0,1,2.575489867566621,1
p2921,1.0,0.12657485231353346,3.3414078320437515,1.0489063015155158,15.14252067915347,12.47424978260583,11.503821197453433,0.0,1.200911496873962,0,3.3414078320437515,1
p2923,1.0,0.28504429981401636,8.64317825568064,1.0550971599092602,10.38365533621696,11.779693137874172,-10.213834580897956,3.7015199412781885,0.0,1,8.64317825568064,1
p2924,1.0,0.637248780404853,2.5122295170203457,1.1416826135270344,10.05275693706737,9.094827532561967,22.77428316227689,0.0,3.147288146408504,0,2.5122295170203457,1
p2926,1.0,0.6428449809671514,10.5494875893771,1.1468036452628438,10.823817973226504,10.33092718580237,-0.10298983937204748,1.7839505311801511,0.0,1,10.5494875893771,1
p2927,4.0,0.8316090863919229,20.0,2.9660470563137067,3.499181345337816,8.37616966535268,46.33496215812457,3.5666361814087497,0.0,1,21.17513022034737,1
p2928,2.0,0.2015588530571547,7.360406433979148,0.0,10.454344456793567,11.276115391019257,0.8217709342256896,0.0,0.0,0,7.360406433979148,0
p2930,1.0,0.3579959733902434,17.05510133230573,1.2786715762142888,12.40636416642783,9.420284418682865,24.283566009996164,3.5717484867362947,0.0,1,17.05510133230573,1
p2932,3.0,0.3020410557139834,20.0,1.3560171030682657,9.49075454378819,9.456184352019575,47.30202223426011,4.489512526245243,0.0,1,26.834785263664187,0
p2934,3.0,0.4556967444114346,4.323479504751757,0.0,9.132364091391604,9.331377895399264,0.19901380400765945,0.0,0.0,1,4.323479504751757,0
p2936,1.0,0.536067909768589,0.7638803172169373,0.0,10.870923805030234,11.563581844082714,0.6926580390524801,0.0,0.0,1,0.7638803172169373,0
p2937,2.0,0.5188717649993303,12.031003874239374,0.0,11.72593078817875,13.059823063356276,1.3338922751775257,0.0,0.0,1,12.031003874239374,0
p2939,4.0,0.598165169541714,3.037368196890434,1.3228802472122851,4.392184340496,12.383215042881657,12.451220260707625,0.0,3.292099506913231,0,3.037368196890434,1
p2940,2.0,0.8507640350875024,20.0,1.8487876450089566,12.815328686912924,7.484267250284972,-94.33729773411781,0.0,12.388351870093564,0,23.939627620367755,0
p2941,0.0,0.417317170344426,4.989392444575709,0.0,6.734294195852195,10.016647815717409,3.282353619865214,0.0,0.0,0,4.989392444575709,0
p2942,0.0,0.30803110107477005,1.1224469154339072,0.0,11.134047092264815,9.826573779945646,-1.3074733123191695,0.0,0.0,0,1.1224469154339072,0
p2943,3.0,0.571112898966518,1.2967517504579953,1.0645359518720354,2.3456104902594563,9.112187373185813,-7.801142065447333,1.8639676214605072,0.0,1,1.2967517504579953,1
p2946,0.0,0.3098141433952101,9.027109586193628,1.1603948799173494,11.0511510997179,10.529890481020642,2.881717559655387,0.0,1.6812788451296934,0,9.027109586193628,1
p2947,4.0,0.21036596693829157,15.018448839808208,1.3405493615122084,12.732807182080494,10.890055960811289,-5.723049355117681,0.0,1.6976843770453938,0,15.018448839808208,1
p2948,3.0,0.719113140202876,4.828090283659155,1.1160830440067766,10.55161250007054,9.662624520990601,-8.392315878822691,1.5520270477770821,0.0,1,4.828090283659155,1
p2949,1.0,0.775552134670952,6.371488060978717,1.185089947151793,5.40768213524874,10.018594094053606,-0.962083721011668,1.5280596805456517,0.0,1,6.371488060978717,1
p2950,3.0,0.48328995502318967,3.8236135324573004,1.088897399729979,7.100679912923174,11.669936516311596,-13.109241792363573,2.2530933829935083,0.0,1,3.8236135324573004,1
p2951,0.0,0.6476918877181399,0.3244879791166853,0.0,10.84891365934818,12.210864945139816,1.361951285791637,0.0,0.0,0,0.3244879791166853,0
p2953,1.0,0.47236452620152386,20.0,1.248744534982639,9.360278745173833,8.818212489922313,29.018146821776945,2.643603542849214,0.0,1,24.61363366233393,1
p2954,2.0,0.16034777196060562,3.4136052363748552,1.0463480112219548,11.521015641037573,10.573281518164343,9.155463927214015,0.0,1.2461683257426701,0,3.4136052363748552,1
p2955,1.0,0.6147574853768987,2.6586981713915523,1.082716473247329,9.907365357572063,9.470102438359053,-12.43357005042503,1.7612090930190651,0.0,1,2.6586981713915523,1
p2956,2.0,0.7561410038107091,5.6180819553930155,0.0,7.660432452988054,9.089318880053202,1.428886427065148,0.0,0.0,1,5.6180819553930155,0
p2959,0.0,0.557375214994076,15.682048529418624,2.3445526825461536,3.120590736320661,11.262109231664423,-58.395649243927664,0.0,5.2969304069015815,0,15.682048529418624,1
p2961,4.0,0.5124483165189596,14.44983811518885,1.8095156851753993,8.576977630153085,10.883810140324522,-19.489899045842726,0.0,3.7114335699873893,0,14.44983811518885,1
p2963,2.0,0.30510383117123047,8.129911436946895,1.2181669883876676,13.352290073072309,13.327163675919465,9.129808599987129,0.0,1.7530201532710392,0,8.129911436946895,1
p2964,1.0,0.5767716788165491,0.7350388290898457,1.0114381212187624,13.452420335807352,8.083213067201383,-18.25510964341306,1.753619600903576,0.0,1,0.7350388290898457,1
p2965,1.0,0.3942049886722754,20.0,1.4132174757437697,10.534161961874181,10.055907106640046,35.171131279244484,3.5849812061071002,0.0,1,30.25315969748,1
p2967,4.0,0.4586828423169604,6.712931332827289,0.0,13.164230802251758,13.589050830800565,0.4248200285488064,0.0,0.0,0,6.712931332827289,0
p2968,3.0,0.591853757485003,8.858177703717335,0.0,6.0593910335564445,11.518611857890596,5.459220824334151,0.0,0.0,0,8.858177703717335,0
p2969,2.0,0.8395164504674055,0.12616261127183587,1.0059539698315518,11.158326661764145,5.554211794135748,-12.108296674789855,1.198254029770925,0.0,1,0.12616261127183587,1
p2970,4.0,0.6678239061438357,4.7759227429803985,1.4382294224731642,7.649695292177308,11.61571693578419,16.408651652798326,0.0,4.329719835575923,0,4.7759227429803985,1
p2971,4.0,0.21574255843099172,0.9542422848457143,1.0173335273239565,15.368634225574842,9.188851960090336,12.518470910098072,0.0,1.2971933365256305,0,0.9542422848457143,1
p2973,1.0,0.44368294730962227,10.409183375634457,1.9266269643911778,10.50011256828651,10.850679128299157,0.6654708642516678,0.0,3.4631815707857796,0,10.409183375634457,1
p2975,2.0,0.3020370732729846,20.0,1.7330397283671206,11.387696546900404,10.521512866465013,-22.250505777549485,0.0,2.4829968211835136,0,33.417990159636716,0
p2976,4.0,0.23924681834432052,5.684065333847505,1.0599126963014096,8.386011817933786,10.407462731656537,-18.904172700672454,4.430206025879094,0.0,1,5.684065333847505,1
p2979,0.0,0.7949477628804936,11.923141832480722,2.022901119521766,2.0811109258495732,6.990556576652787,-92.18510751804882,0.0,9.8652965114582,0,11.923141832480722,1
p2980,2.0,0.41796370677971784,12.97707740437069,1.6654490958266173,11.950578503109378,13.33521330910381,-0.04242000533438728,3.984673953292241,0.0,1,12.97707740437069,1
p2981,2.0,0.24198647434350892,20.0,1.780202396466266,14.089948552168448,11.406392330965692,-16.56337154713204,0.0,2.3485100677121693,0,23.290803606624323,0
p2982,0.0,0.8209669140194189,4.9041379331145984,0.0,7.295926043976633,11.298336686510709,4.002410642534076,0.0,0.0,1,4.9041379331145984,0
p2983,0.0,0.5719997917609535,6.1160580860319325,1.2589137443770497,1.6183534279339218,11.021938203245286,-1.3937616517080542,2.20089895575201,0.0,1,6.1160580860319325,1
p2986,0.0,0.20312041444422435,1.1938122564383034,1.011983133513006,14.65104504070327,12.301619025751263,-57.69055522455687,4.982183284146905,0.0,1,1.1938122564383034,1
p2987,2.0,0.4557176187777768,20.0,1.3415927885733232,10.733331442690936,10.225969605346801,28.266528292099007,2.9439124872359366,0.0,1,21.499061643321205,0
p2989,1.0,0.5793464746365927,7.624052940520624,1.8267018450016221,7.192988604372594,5.978307738832702,-3.086592000661698,0.0,4.342533070235211,0,7.624052940520624,1
p2990,2.0,0.31131692189215043,0.14945543617091483,0.0,12.006430821469781,12.976501430525014,0.9700706090552327,0.0,0.0,0,0.14945543617091483,0
p2991,1.0,0.8438742861460515,1.4400227187092882,1.1153236966170512,10.139799735665841,7.228797817136639,59.238065155540426,0.0,7.143754024147537,0,1.4400227187092882,1
p2992,3.0,0.5815216851965025,2.1823436558150338,0.0,7.031310855013621,12.9220036127025,5.890692757688879,0.0,0.0,0,2.1823436558150338,0
p2994,3.0,0.31793374451437373,20.0,1.8528881334219525,11.099081588229936,8.38390217575904,-26.895243986964832,0.0,2.7165808578269415,0,25.6808595092083,0
p2995,1.0,0.673881729368028,0.4785520849219799,1.0943079065712402,5.408592523000734,11.809024801355383,22.943455828218305,0.0,3.355555346379776,0,0.4785520849219799,1
p2996,4.0,0.4774336534206525,4.964581447212359,1.2430653138637242,8.693076203874726,13.052295794292256,13.228452244353855,0.0,2.3787703169189345,0,4.964581447212359,1
p2997,1.0,0.667031659580346,0.39491209326591503,0.0,3.6050886308647954,11.73124018831918,8.126151557454385,0.0,0.0,0,0.39491209326591503,0
p2998,0.0,0.8658558153481235,2.692417587525261,1.3230412928777262,5.714458700127267,7.5214731160519985,-5.571858320838706,1.5280157151174043,0.0,1,2.692417587525261,1
p2999,2.0,0.18128034791483477,9.778989729005012,0.0,13.724842994833441,12.307674782293168,-1.4171682125402736,0.0,0.0,0,9.778989729005012,0
p3000,1.0,0.7151689218148849,1.8320572800907549,1.0968982603818913,6.496748078203113,9.400405887376463,-8.704380750763157,1.533761083463039,0.0,1,1.8320572800907549,1
p3001,0.0,0.544407343223918,12.587873049474727,0.0,11.202013412933484,10.506790645277853,-0.6952227676556308,0.0,0.0,0,12.587873049474727,0
p3002,0.0,0.65421625182281,6.631250086132841,0.0,1.642041340794889,10.067464794540815,8.425423453745925,0.0,0.0,1,6.631250086132841,0
p3003,3.0,0.45593761217737483,3.3971695650291096,0.0,7.862297414978137,9.91827598436826,2.0559785693901222,0.0,0.0,1,3.3971695650291096,0
p3004,3.0,0.7067574253492065,1.5660969951308055,1.048670496518015,7.24601669153992,12.218782125075302,-10.83344501971785,1.4837771191436302,0.0,1,1.5660969951308055,1
p3005,4.0,0.7353705809705807,4.000046659006371,1.0951826761800523,6.077764929167073,8.877606693508874,-4.46427702154287,1.4892935677880568,0.0,1,4.000046659006371,1
p3007,3.0,0.6463778391664967,2.777141899394511,1.3003350409460572,3.5554423671999076,8.530601494387966,-6.5992245609727025,2.0117259010965434,0.0,1,2.777141899394511,1
p3009,4.0,0.6357604224414367,0.3442270350261884,1.0158161342968908,8.68151748274699,13.840809712273755,-16.40550790189839,1.5977970607166303,0.0,1,0.3442270350261884,1
p3010,3.0,0.40309362544444394,0.6613967188949929,1.0316413335322236,7.488516228700696,10.749111500370654,15.059997951066688,0.0,1.7283134801506552,0,0.6613967188949929,1
p3012,0.0,0.6338502566854987,4.903892444397188,1.3312772754614917,3.6519302404788108,5.916682313120138,0.13758698462987562,2.100302494824167,0.0,1,4.903892444397188,1
p3013,0.0,0.5121242047677649,12.933824311257013,1.4249532100063838,10.797954547248713,10.946840113430062,-6.089412185258548,0.0,2.9207294642032564,0,12.933824311257013,1
p3014,0.0,0.297074661262359,1.6063856673676633,0.0,9.769580825920823,8.934368275191582,-0.8352125507292403,0.0,0.0,1,1.6063856673676633,0
p3016,3.0,0.436374914216398,11.449989772725678,1.190649051442848,12.775271684481174,13.341656404919211,-4.595028110342604,2.7285002245853347,0.0,1,11.449989772725678,1
p3017,1.0,0.5240122253347768,0.0030615519978913195,1.0,9.302973443636025,8.081738495676388,18.31689688363845,0.0,2.100894294403529,0,0.0030615519978913195,1
p3018,4.0,0.7946947160002192,8.018381146676074,1.5638606522512304,6.179226034138699,9.990561353782114,-0.06967076098713543,1.9678759915786315,0.0,1,8.018381146676074,1
p3020,4.0,0.7901337664376057,11.46140350405779,1.8757806222253794,9.127450854842209,12.573348323922401,0.8061361594353724,2.3740038736510622,0.0,1,11.46140350405779,1
p3021,2.0,0.5487861362411675,5.5000626754437825,1.6620559787564537,9.943733931911305,8.377792812255668,14.802417595908043,0.0,3.683521523276597,0,5.5000626754437825,1
p3022,1.0,0.45623822526450286,12.092935534905298,1.3433461201253662,4.370917178956413,12.649166548674708,6.640484857971513,2.9443962512053106,0.0,1,12.092935534905298,1
p3023,4.0,0.47690789838346986,20.0,1.2555067296348879,9.378036454685027,11.624905292689368,24.29512553914035,2.632597895506788,0.0,1,20.161808183977918,1
p3024,4.0,0.607022996455041,0.4454944318398878,1.0352830801644095,6.70418280226915,9.689674068832655,19.473769500345398,0.0,2.634462247982322,0,0.4454944318398878,1
p3026,1.0,0.5151891063097838,19.60906048633121,1.6137230423078448,6.743391633389501,11.185418406628022,30.827338802715456,3.1322926330230114,0.0,1,19.60906048633121,1
p3028,0.0,0.6015009409219624,17.8794321688496,2.2263186191547204,10.584271611559807,9.975191463750745,-41.36539163319419,0.0,5.586760039799097,0,17.8794321688496,1
p3029,1.0,0.5422248182653429,2.5206284687811786,1.0454131162252835,11.267846558665674,9.495912818179237,-15.220329134098314,1.9280067621576493,0.0,1,2.5206284687811786,1
p3031,4.0,0.8076302487358065,3.4732167635603752,1.3292309125326722,4.802486111069136,10.867757970464192,15.250218537234113,0.0,6.909770916671589,0,3.4732167635603752,1
p3033,0.0,0.8999077925993493,8.333827912962322,1.317324632614687,3.6461607495780535,5.894220689597776,5.819264363041808,1.4638440109621067,0.0,1,8.333827912962322,1
p3034,4.0,0.7531899114842369,20.0,1.6496701957282605,7.37738761518213,11.720694043583643,22.477012243314526,2.19024467876557,0.0,1,37.13126657373127,0
p3035,0.0,0.8685219063523703,2.0453067409340844,1.1500311168464672,2.8504719494833415,8.951315092976856,-3.043571568400419,1.324124479112315,0.0,1,2.0453067409340844,1
p3036,1.0,0.19802732248938726,11.411377019545444,1.1204379650816656,11.876828057938463,12.795582976966292,-6.9130780153878275,5.657996841025372,0.0,1,11.411377019545444,1
p3037,4.0,0.49832057385436596,3.92278574962433,1.0885450522431732,10.492930678264088,10.538474944759276,-14.405947641297075,2.184427273037497,0.0,1,3.92278574962433,1
p3038,3.0,0.811938698115084,4.051185267221159,0.0,1.45075362773007,6.439417709000363,4.988664081270293,0.0,0.0,1,4.051185267221159,0
p3039,1.0,0.4165186105928406,9.850896704989898,1.1741423111016613,12.107799394421855,12.183862106745215,-6.500434276942952,2.8189432146392623,0.0,1,9.850896704989898,1
p3040,3.0,0.1370303800965517,20.0,1.2060111228205985,13.765221985468546,10.621075839031743,79.40022722718129,8.801049241568492,0.0,1,32.54815085866173,0
p3041,2.0,0.46933439262477805,17.935259239656517,1.7674569545287462,9.603666325410012,12.155429253079934,-25.197787135360954,0.0,3.3306416130318697,0,17.935259239656517,1
p3042,2.0,0.23091327459654992,2.9299855675954225,0.0,13.28364606099613,11.139065084625143,-2.144580976370987,0.0,0.0,1,2.9299855675954225,0
p3043,1.0,0.49915929867647274,2.4570750033960667,1.1155350898984548,7.3943192945451255,11.06475724092756,14.667286324764962,0.0,2.2273251493948663,0,2.4570750033960667,1
p3045,4.0,0.8189674808145769,2.1468681427048497,0.0,4.851093937815578,7.457551261348282,2.6064573235327044,0.0,0.0,1,2.1468681427048497,0
p3047,2.0,0.4303189636229807,4.583595162813748,1.0283335803270757,14.704778994679883,15.591587609130265,-25.418999963513812,2.3897008202223664,0.0,1,4.583595162813748,1
p3054,4.0,0.42528406594598656,4.76872453321446,1.0397430987173906,16.831075448770267,8.666181812601973,-17.693476137314,2.4448202553853586,0.0,1,4.76872453321446,1
p3055,1.0,0.5184124889495125,0.47863088326514064,0.0,11.32595604593634,10.212761172612206,-1.1131948733241348,0.0,0.0,1,0.47863088326514064,0
p3056,4.0,0.3139112904337474,20.0,1.6839882052533393,9.080115965101786,14.532010281688292,-21.3506979154419,0.0,2.45447590344106,0,20.814995452929704,0
p3057,0.0,0.6470462376353219,3.8859839752691774,0.0,6.267442130739451,11.387652932861979,5.120210802122528,0.0,0.0,1,3.8859839752691774,0
p3058,0.0,0.8875173477444571,9.439305943357498,1.8966299169655607,3.1547182205066884,7.14872050857813,8.888997156632588,2.1370060222323195,0.0,1,9.439305943357498,1
p3059,2.0,0.8491110534615325,5.966442890080116,1.0643510004790653,9.974494608849824,6.98915719867815,-4.267298106741368,1.2534885703584635,0.0,1,5.966442890080116,1
p3060,1.0,0.4643031322311859,7.46227837065194,0.0,4.690770579493044,11.971187211038917,7.280416631545872,0.0,0.0,0,7.46227837065194,0
p3061,4.0,0.18432355173017684,20.0,1.2342162584901908,13.11847151557778,7.8892352666358585,-15.641813879144273,0.0,1.513119890991282,0,29.893482597173502,0
p3062,2.0,0.394793518572181,10.891842655692367,1.226961460030314,10.883980511245484,12.945789830791195,2.0458700516668253,0.0,2.0273435557656856,0,10.891842655692367,1
p3063,0.0,0.5624331524401398,20.0,3.243004425396165,13.196608375074202,12.51688238864268,-51.10271682857761,0.0,7.411449115674866,0,32.052968246726905,0
p3064,0.0,0.6781759746999988,0.012976597406481013,0.0,3.157827215855527,9.311516241704414,6.153689025848887,0.0,0.0,0,0.012976597406481013,0
p3065,1.0,0.501948943824968,1.8859053019870688,0.0,1.5618635674748311,11.991079976312859,10.429216408838029,0.0,0.0,0,1.8859053019870688,0
p3067,3.0,0.8158397987783017,20.0,1.2775171162121062,10.41767214363017,11.221152200132726,14.550208693357227,1.565892125053416,0.0,1,25.517903006669435,0
p3068,3.0,0.7712189870297496,0.005155047562920635,1.0,0.48424525499414306,10.169922417211687,-3.4944539556599565,1.296648574293238,0.0,1,0.005155047562920635,1
p3069,1.0,0.6842349405752282,4.513580739556255,0.0,3.0780403153242513,10.33773526889471,7.259694953570458,0.0,0.0,0,4.513580739556255,0
p3070,1.0,0.225370686637168,10.465092041961785,1.1030641558906105,17.907780058402064,10.673986579694914,3.3645175234566054,0.0,1.423989690116389,0,10.465092041961785,1
p3072,1.0,0.4663873913199671,1.412477760841408,1.0296749195686248,13.975668703892753,14.178697605274774,-27.981816221272858,2.2077674884272587,0.0,1,1.412477760841408,1
p3074,1.0,0.7439714725862264,6.989893581326064,1.2328103217707371,7.779946608178892,10.88994249265279,-3.3526451312904033,1.6570666580604059,0.0,1,6.989893581326064,1
p3075,1.0,0.6304933564191004,6.173184215309222,1.1856793306533233,11.424059515711585,12.76844513051948,-11.05838511674049,1.880558008394272,0.0,1,6.173184215309222,1
p3076,2.0,0.5475094725642592,12.040707654745303,0.0,9.643296526794291,9.493573593641452,-0.14972293315283913,0.0,0.0,0,12.040707654745303,0
p3077,4.0,0.2890545855695226,0.582670671152874,1.0073982308261975,12.378677390143666,10.196322293892578,-35.68736114016325,3.485148761232507,0.0,1,0.582670671152874,1
p3081,2.0,0.49722038306229416,1.6741939254620488,0.0,8.013889287090057,13.008213776925396,4.994324489835339,0.0,0.0,0,1.6741939254620488,0
p3082,3.0,0.19694317437252817,14.167633864145916,1.1663615463975447,12.189458861902365,11.523493393318615,-3.539071307462539,0.0,1.4524022574444881,0,14.167633864145916,1
p3084,0.0,0.3981097635055246,0.48833219448512377,1.0203754726998775,11.313350787618981,8.61283319555787,-23.524024849011845,2.5630506112561533,0.0,1,0.48833219448512377,1
p3085,0.0,0.518635941881668,6.379278547264465,1.356703349732488,6.447188663936071,8.404851253747958,-3.3410470716173712,2.6159069207780314,0.0,1,6.379278547264465,1
p3086,2.0,0.5418487809505101,20.0,1.739613891433264,14.32746021974332,8.168813709458178,-27.697449837961898,0.0,3.79702993051591,0,23.42033042836096,0
p3089,1.0,0.8026362014041176,8.482384498777238,1.9869988562732328,3.9228264827227886,10.485791968629952,-39.34128153136046,0.0,10.067696661745787,0,8.482384498777238,1
p3090,2.0,0.6545727388668405,0.9078378779640798,0.0,6.8866775845872255,13.360078376256737,6.473400791669512,0.0,0.0,0,0.9078378779640798,0
p3092,3.0,0.39961338204286767,10.878060833536916,1.3720931922134914,11.79335599031554,12.539653832253682,2.8380670718306047,0.0,2.2853493918338117,0,10.878060833536916,1
p3093,2.0,0.1677827235782318,2.798368478406506,1.1390471654127914,11.663424013067548,5.826664839855259,6.296750505172599,0.0,1.3686896411358824,0,2.798368478406506,1
p3094,0.0,0.21831631598356127,20.0,1.7174179200525308,12.485066738185866,11.631263930283987,-17.364677111333027,0.0,2.197075307019474,0,23.771142424161997,0
p3095,3.0,0.6845056782373788,0.09572971900350567,0.0,2.8862956486707234,8.962590765546592,6.076295116875869,0.0,0.0,1,0.09572971900350567,0
p3096,3.0,0.5403720858406118,3.1479133585712025,1.2256924923108499,4.9709476157638255,8.849231013806053,-9.053661884493803,2.2682379871716396,0.0,1,3.1479133585712025,1
p3097,2.0,0.4674182018219662,1.0198988308713848,1.0189713170004389,10.913432593019666,9.235228856290012,-19.587616812565642,2.1799992234546153,0.0,1,1.0198988308713848,1
p3098,4.0,0.39303094898894353,5.898700728233982,1.0576834097515975,11.935591287610869,10.535987396896019,-13.87898035794585,2.691094460811409,0.0,1,5.898700728233982,1
p3099,0.0,0.5790265955114385,3.1738770850434608,1.135783133560828,4.855767205911192,11.277064752282897,-9.473419469863952,1.961538800402806,0.0,1,3.1738770850434608,1
p3100,4.0,0.6297041167049606,1.660336831782544,1.0608582739377668,10.552820439769238,6.949285736396235,21.872483899491723,0.0,2.8648935129870465,0,1.660336831782544,1
p3101,3.0,0.6501020814727909,1.1019845532654486,1.0309379059765114,9.193179576252447,13.885914674646589,-15.580139770163449,1.5858092680474825,0.0,1,1.1019845532654486,1
p3102,1.0,0.7556635295439905,0.8238602130323175,0.0,3.1899997827423494,7.943534642461319,4.75353485971897,0.0,0.0,1,0.8238602130323175,0
p3103,3.0,0.1612288484780363,20.0,1.2257957832292499,15.441019595262464,10.198180190988914,-11.90541828030171,0.0,1.4614186253366295,0,25.599886319343202,0
p3104,2.0,0.617747050803461,17.53263779756918,0.0,12.044052428662331,8.552727926521328,-3.491324502141003,0.0,0.0,0,17.53263779756918,0
p3105,2.0,0.6170848461438432,12.686869335333613,1.3590634345279273,5.322035280196661,9.719718803241898,10.932515512690212,2.2023931441854403,0.0,1,12.686869335333613,1
p3106,4.0,0.36797494200513237,10.258363094135806,1.2356991889682911,8.3271229008657,8.538362530814162,5.987185376525726,3.3581068923738187,0.0,1,10.258363094135806,1
p3107,4.0,0.14505037012537217,5.248757542960179,1.0695673985523182,7.945924752707946,11.162466472212403,6.590778066520091,0.0,1.2510297228962628,0,5.248757542960179,1
p3109,4.0,0.2571917977051194,20.0,1.8927855770548143,12.818511416801545,9.4842187188195,-21.633791774684056,0.0,2.5481484604062232,0,24.20274762340886,0
p3110,2.0,0.40993304692992805,8.010699455126552,1.2657070747279373,10.47870484253539,8.815414645317475,3.630637658014936,0.0,2.1450228116361423,0,8.010699455126552,1
p3111,0.0,0.09823913555533245,15.878050383209912,1.2293827496767171,12.603665861930665,8.787804540182146,-8.279873905337599,0.0,1.363313488253684,0,15.878050383209912,1
p3112,2.0,0.6167658569533248,1.7246227176326823,1.0523908073922565,6.114810517160505,9.616517526969494,-9.964274377810614,1.7063052299795167,0.0,1,1.7246227176326823,1
p3113,0.0,0.5131052438871374,12.194609024113563,1.3691854706714732,11.320731245717685,9.296854073260972,-4.481288640336542,0.0,2.8120768471659097,0,12.194609024113563,1
p3114,0.0,0.3131165549251062,3.73319840163984,1.1123301905647955,11.451840127361216,12.132552517460287,13.180181234827026,0.0,1.6193871005924645,0,3.73319840163984,1
p3115,1.0,0.458605041960896,0.05947723352304132,1.0028918007703056,6.623461278221646,11.990829930472781,17.526635525844483,0.0,1.8524217595278538,0,0.05947723352304132,1
p3116,1.0,0.32002668100225523,9.171527768845015,1.424011494205082,10.311544862935447,11.115733228813633,3.191631226089052,0.0,2.0942167205972457,0,9.171527768845015,1
p3118,3.0,0.27506768509665486,18.60498747384993,0.0,12.43428014685016,9.612706346327922,-2.8215738005222377,0.0,0.0,1,18.60498747384993,0
p3120,0.0,0.517169394929536,20.0,2.9379623103881234,11.020746996029963,8.9667750070967,-56.69157495789443,0.0,6.084871753229808,0,25.3850506167397,0
p3121,2.0,0.2920431215572606,10.104628242339878,1.6386496667535546,9.42300869547804,9.815327247346522,-1.1853702556401498,0.0,2.314617904918189,0,10.104628242339878,1
p3122,3.0,0.7852378510944702,0.8415366809820957,1.1198623330250388,6.227099396685873,8.761884449147324,-8.760772233352675,1.4261441058453392,0.0,1,0.8415366809820957,1
p3123,3.0,0.32708875525857944,20.0,1.1157562081156833,12.850799061353614,11.655012434415625,27.27040651867528,3.4111726257101815,0.0,1,28.479038178503515,0
p3124,3.0,0.17524855515144044,8.44371302439713,1.127362508640583,14.01365974414066,11.927787895768999,5.52775422792756,0.0,1.3669118322643117,0,8.44371302439713,1
p3127,1.0,0.6177307156099432,20.0,2.3278365702978867,5.054751609917042,10.106128610063198,42.33512388421991,3.7683678526482147,0.0,1,25.137326787974704,0
p3128,4.0,0.20243009166367756,20.0,1.632917833707646,13.071201780129554,11.027365247058606,-16.229625215832087,0.0,2.0473664021675586,0,27.074513423472318,0
p3129,4.0,0.43797729009822634,1.1816280781560404,1.0862586903963118,9.044346874157217,12.47037535266498,18.622828308520738,0.0,1.9327665435194967,0,1.1816280781560404,1
p3130,1.0,0.6731712644517664,0.06454415737862434,0.0,7.687309505273841,12.665924028909663,4.978614523635821,0.0,0.0,1,0.06454415737862434,0
p3131,0.0,0.6371511622429017,5.864256311745144,1.234435824084363,8.274620605687439,10.997331604194928,-7.222263450596129,1.937430075052987,0.0,1,5.864256311745144,1
p3132,0.0,0.7784577240339056,11.715808408841866,0.0,5.307748399533252,6.721371883212656,1.4136234836794044,0.0,0.0,1,11.715808408841866,0
p3133,2.0,0.6959632304560576,0.8310333064369771,0.0,4.647185737715231,8.403640332147958,3.7564545944327277,0.0,0.0,0,0.8310333064369771,0
p3135,1.0,0.37093730587629203,7.008193476620666,1.193735299691062,11.295409901502184,8.80904779546848,5.649236510135298,0.0,1.89764122215823,0,7.008193476620666,1
p3137,1.0,0.2525681704320362,11.802025427451467,1.0752637650152466,7.866917464233038,13.252306162452387,-0.7889218682255139,4.257320956856637,0.0,1,11.802025427451467,1
p3138,4.0,0.619815756040503,1.0552106665155427,1.034271580859958,8.072986316963988,10.309113888924427,21.32762342280663,0.0,2.720448301824271,0,1.0552106665155427,1
p3140,2.0,0.4826029621725277,0.9340243497708909,1.0452118251538849,8.660922414649237,12.126076801556792,-20.774368548650322,2.1657799621632408,0.0,1,0.9340243497708909,1
p3141,0.0,0.3139151414819359,3.619977244887916,1.0237172453935939,12.285812006267077,8.8679016112505,9.512508314583249,0.0,1.4921146162659997,0,3.619977244887916,1
p3142,1.0,0.360443327539016,8.533325563205647,1.1781033514866652,10.553451219364316,8.659803470112276,-2.3070388003031637,3.26848428442372,0.0,1,8.533325563205647,1
p3143,1.0,0.3075604435755856,20.0,1.409607985623146,9.269598576042712,12.767927084940215,36.64429362444,4.5831901178043495,0.0,1,22.357519995876412,1
p3144,0.0,0.42190620197341505,0.6763947787222261,1.0200001202982918,9.159567045480102,9.2675432742031,15.075853002599484,0.0,1.7644197598732665,0,0.6763947787222261,1
p3145,2.0,0.6303279858175524,1.2421228046301562,1.059445891271904,12.63392285248483,7.196749180108519,27.210674397978813,0.0,2.8659077523488867,0,1.2421228046301562,1
p3147,1.0,0.18958812245544718,12.94884087252164,1.099537801816636,13.719533337903508,9.541003924577657,15.585607169504584,5.799613327965865,0.0,1,12.94884087252164,1
p3149,1.0,0.6453008136089615,14.547660647214947,0.0,5.950972706020478,9.717989073307132,3.7670163672866543,0.0,0.0,0,14.547660647214947,0
p3150,0.0,0.7491858870523124,1.8415845867755845,1.164136709896417,4.750412439625205,10.835121388587327,19.585836323631394,0.0,4.641432239258488,0,1.8415845867755845,1
p3152,3.0,0.5172358120332874,19.53408958217489,1.9173928138924883,10.821129036990163,10.999237761001197,-34.427125784845884,0.0,3.9716964548842957,0,19.53408958217489,1
p3154,4.0,0.6497259172350982,9.061176282561169,0.0,1.7852919283206943,8.705342283052472,6.920050354731778,0.0,0.0,0,9.061176282561169,0
p3156,0.0,0.3965224850646604,14.726735661144541,1.4169810667950629,11.996477506364924,9.819509712981885,-8.587685702566553,0.0,2.3480262838738697,0,14.726735661144541,1
p3157,0.0,0.6185531672123097,1.2091397543290359,1.041626964021244,8.990795128850396,9.87131373398927,-13.706350337624738,1.6839732123847009,0.0,1,1.2091397543290359,1
p3158,4.0,0.7873956289056968,18.09610275777611,0.0,3.368563640593599,9.354941654039676,5.9863780134460765,0.0,0.0,1,18.09610275777611,0
p3161,4.0,0.1427926605298132,20.0,1.314981196659002,14.100698451107574,14.847331207923183,-8.303068818312664,0.0,1.5340293253575628,0,20.369705730628908,0
p3162,1.0,0.6048276701193043,0.4549801856221556,0.0,10.74546491233459,12.996685578844158,2.2512206665095675,0.0,0.0,0,0.4549801856221556,0
p3163,3.0,0.6508319776898938,4.54515575135466,0.0,6.30232993491594,6.650048063480833,0.34771812856489337,0.0,0.0,1,4.54515575135466,0
p3165,4.0,0.7034991464698914,2.8041554432838445,0.0,8.086837783118707,7.852170338352197,-0.2346674447665098,0.0,0.0,1,2.8041554432838445,0
p3167,1.0,0.5449136698613017,20.0,1.8465283868185995,6.936294009944237,10.269438706660116,36.30673049867195,3.388662257800582,0.0,1,27.276873465073322,0
p3168,4.0,0.5453358278884074,7.146440094282801,0.0,3.9757085553194313,7.8654294090128145,3.889720853693383,0.0,0.0,1,7.146440094282801,0
p3169,0.0,0.4356203381366834,4.966394991511116,1.0432924072679597,11.116415228516017,11.102167581075959,-14.70916520523167,2.394957985043868,0.0,1,4.966394991511116,1
p3170,1.0,0.3192419698109896,20.0,1.3322398195661707,12.937145706591782,9.121883424720679,-17.63723031192111,0.0,1.9569946449199849,0,23.68970285680713,0
p3172,1.0,0.09294024294617016,5.537339411648203,1.0781161454241295,14.401388082882562,9.176141033732277,5.310413817695924,0.0,1.1885833728594668,0,5.537339411648203,1
p3173,0.0,0.27799822687682546,9.557071130709817,1.5391772553678293,12.335442409834744,10.957631154200465,4.54517403191951,0.0,2.1318192179913713,0,9.557071130709817,1
p3174,0.0,0.4849443989107968,3.7896377143068274,0.0,6.585890995559419,11.97022835556363,5.384337360004212,0.0,0.0,0,3.7896377143068274,0
p3175,3.0,0.4622413671480008,1.859171491315334,0.0,7.6477461172693735,10.609129053823745,2.9613829365543713,0.0,0.0,0,1.859171491315334,0
p3176,0.0,0.6377882063758931,8.680780860791247,2.0364279126526945,5.024865006729563,11.777373876944736,-3.134767798089671,3.1929532285087214,0.0,1,8.680780860791247,1
p3177,0.0,0.31879452119234863,1.1309670118474866,1.0369592040229,12.961473018277278,10.969213068730259,16.016626463240566,0.0,1.5222414326994882,0,1.1309670118474866,1
p3178,4.0,0.6287725222206755,3.1625763678025165,1.0625356675650441,5.569906911949505,10.705070877540836,-7.610573412858888,1.689857030985419,0.0,1,3.1625763678025165,1
p3179,2.0,0.5486590768995057,13.967343937186863,0.0,7.641445051975119,10.312944865583923,2.6714998136088033,0.0,0.0,0,13.967343937186863,0
p3182,1.0,0.5183703719962003,0.9287619237675626,0.0,8.723938223257527,14.027421754302475,5.303483531044948,0.0,0.0,1,0.9287619237675626,0
p3183,4.0,0.43816453771498776,1.4501473511607719,1.0600087775065687,8.568870458674668,7.298247550640516,12.16019355896846,0.0,1.8866889839873426,0,1.4501473511607719,1
p3184,2.0,0.5706645765573809,20.0,4.400546425892649,8.231922432040786,10.905702234918719,-117.9451322497671,0.0,10.249670037955266,0,21.088865793533486,0
p3186,2.0,0.12661229355204967,10.421501998175515,1.149855363293518,13.377361326759138,10.035833277469298,0.5499976465960672,0.0,1.3165463113397324,0,10.421501998175515,1
p3187,1.0,0.35944463825375,20.0,1.4469847845584716,9.3828321048814,9.022342766588,43.831303489707395,4.025612376882841,0.0,1,25.28263078438835,1
p3188,4.0,0.6045923841179915,5.257949137166703,1.260228926949244,8.366914163922644,10.908007317410952,12.449874629160542,0.0,3.187164020951236,0,5.257949137166703,1
p3189,1.0,0.2424254686025504,8.436798524122983,1.2147974317087404,11.11575641657246,14.709407883122307,7.889454760517921,0.0,1.6035352052660494,0,8.436798524122983,1
p3192,1.0,0.5908264608504402,1.9137915781360382,1.1772560922360582,6.414076357091725,13.578596849512229,-16.078282564687484,1.9925581710431632,0.0,1,1.9137915781360382,1
p3193,2.0,0.19541183777138837,0.6969909377431761,1.0096518005603232,11.38694036116494,12.968746497740172,-61.82376968981035,5.166789341296259,0.0,1,0.6969909377431761,1
p3194,4.0,0.4568642457016843,0.039199191309964035,1.0014834841254272,11.194641569547443,9.596504115217465,-22.548525067489393,2.19208111282002,0.0,1,0.039199191309964035,1
p3195,3.0,0.6648937351379068,1.8846157916943234,0.0,6.042490115631497,12.81613232089054,6.773642205259043,0.0,0.0,0,1.8846157916943234,0
p3196,0.0,0.3577083120764975,9.593769958936615,1.1205480185643377,12.882741274517693,9.351974369344369,2.2072028678813433,0.0,1.744609247843475,0,9.593769958936615,1
p3197,2.0,0.7699169051639196,1.4814520795855068,1.0351167790977562,6.03845933607328,7.7370443252195145,-6.711762222636254,1.344452592422781,0.0,1,1.4814520795855068,1
p3199,1.0,0.527535141101146,5.373696193693623,0.0,11.768538813312915,9.596546508668824,-2.1719923046440908,0.0,0.0,1,5.373696193693623,0
p3200,2.0,0.19507753365480926,20.0,1.3688762953089613,12.458298226982274,12.937997702854464,-12.345954192671625,0.0,1.7006312440556468,0,24.611980054378808,1
p3202,4.0,0.6771170510112593,18.73615111638339,1.4466615777941376,9.37636867088436,12.827194275975042,16.075320606502864,2.1365014743515625,0.0,1,18.73615111638339,1
p3203,2.0,0.7209297137144647,3.8215949330569865,1.1039984318776774,7.714360235373206,12.614947797335157,-8.565146459586682,1.5313537656667222,0.0,1,3.8215949330569865,1
p3205,3.0,0.5001828407287667,13.50158096861455,1.1338263189455156,10.625401643698492,12.940699443921012,3.586717334689662,2.266823702495531,0.0,1,13.50158096861455,1
p3207,2.0,0.610096411983783,10.184225944021055,1.3846083116919639,5.648135701185383,8.648578607633333,6.485580704384358,2.2694909927265208,0.0,1,10.184225944021055,1
p3208,2.0,0.2820581357194885,5.046336897441018,1.1606850716636357,10.550924962493516,13.893504367178071,-33.06401167781627,4.11505616990235,0.0,1,5.046336897441018,1
p3210,0.0,0.17563477087241197,4.162617238885825,0.0,9.279611016759295,11.74718563931606,2.4675746225567643,0.0,0.0,0,4.162617238885825,0
p3211,4.0,0.6751828993541814,3.849862487338764,0.0,5.334342930443283,9.021048700925636,3.6867057704823534,0.0,0.0,1,3.849862487338764,0
p3212,1.0,0.26723892344382755,2.1457523606004343,1.04329656466774,13.447949415432584,10.054430404529134,12.698415642506468,0.0,1.4237881869640523,0,2.1457523606004343,1
p3213,4.0,0.24725433076372122,2.8300005153640226,0.0,11.547839580039298,11.065798729072748,-0.48204085096655014,0.0,0.0,0,2.8300005153640226,0
p3214,2.0,0.22341410433663544,2.724342444921849,1.0212686309027446,15.031325985532144,8.72646755836295,-33.7417210877054,4.571191393377383,0.0,1,2.724342444921849,1
p3215,1.0,0.5483961528929628,1.9614098590621558,0.0,8.507302300512146,11.799823953661406,3.29252165314926,0.0,0.0,0,1.9614098590621558,0
p3216,3.0,0.37689823823563323,6.471836397654057,0.0,9.317948505659524,11.553723804449097,2.235775298789573,0.0,0.0,0,6.471836397654057,0
p3217,0.0,0.7315830977596609,0.9980318942292453,1.1412512564563608,6.577363770279893,11.463608928055075,28.608370927740562,0.0,4.251786109335582,0,0.9980318942292453,1
p3218,0.0,0.4091066950798071,15.0774529261419,0.0,13.116929471601932,11.685998105528146,-1.4309313660737857,0.0,0.0,0,15.0774529261419,0
p3219,2.0,0.5821922624933794,3.6768981897913733,0.0,11.888099013593733,9.947997426312497,-1.9401015872812355,0.0,0.0,0,3.6768981897913733,0
p3220,3.0,0.4687431283751421,0.1063130591265116,1.0052956966504083,10.443447131110586,9.301746834162811,18.419225788544875,0.0,1.8922968348168276,0,0.1063130591265116,1
p3222,0.0,0.40639917091410893,11.30487873362634,1.103501947969178,12.492180065300445,12.158009937468568,-2.6506904671712426,2.715315450784715,0.0,1,11.30487873362634,1
p3224,3.0,0.6975382776904996,3.7484486728392867,1.1219299200545536,5.548812350422368,9.939171828408705,-5.566882665060103,1.6084134103280827,0.0,1,3.7484486728392867,1
p3225,1.0,0.750686974706098,9.080818427172757,0.0,10.846546214811234,11.08073919154255,0.23419297673131645,0.0,0.0,1,9.080818427172757,0
p3226,1.0,0.12792102662426333,20.0,1.154732757899696,14.790627899704612,7.851443172378477,-13.836991916753767,0.0,1.3241148945832655,0,26.88915639336679,0
p3227,1.0,0.6219243688394172,9.726433937052835,1.5409947917215545,6.105948684208021,9.172102791937899,4.439667432356856,2.4777848705257024,0.0,1,9.726433937052835,1
p3229,1.0,0.6408981564959398,0.34306554799385097,1.016515480129153,8.579079189221309,10.637245213321492,25.371984965182634,0.0,2.830716406828081,0,0.34306554799385097,1
p3230,2.0,0.5021186731654463,20.0,1.440305928722596,13.592554102590153,10.589923163634644,23.98977181657077,2.868457210807654,0.0,1,26.761936834885663,0
p3231,2.0,0.6156082192893023,14.487208366455983,1.7684043144052137,10.172837953931966,9.46638160999108,-20.554828849053976,0.0,4.600525825853068,0,14.487208366455983,1
p3233,2.0,0.23924932584752148,20.0,1.7090242942201197,13.508025041131948,11.229274450645995,-16.862954455352178,0.0,2.2464972457948518,0,20.706738029328903,1
p3234,1.0,0.28375301177455986,0.4277880605301083,1.0089138702080382,9.896559575785917,12.878320967456883,16.319583501389197,0.0,1.408611675572562,0,0.4277880605301083,1
p3235,2.0,0.20254075668044558,20.0,1.3569995264508772,15.261082444661158,10.907650525315608,56.56425266765892,6.699883760145394,0.0,1,22.25371923625302,1
p3236,4.0,0.5456468130123723,1.4045082052670075,1.0519977051188971,11.689878203670668,10.704264140252805,22.828867587646343,0.0,2.315374328270187,0,1.4045082052670075,1
p3237,1.0,0.4746727197243318,2.0037473153664362,1.0449265027144354,12.637017045411806,10.59502197354884,19.108601458370586,0.0,1.9890962109679604,0,2.0037473153664362,1
p3238,4.0,0.6530579631859904,8.643119577880505,1.1283761318910956,11.355574537101667,7.083655154780407,-1.57742282496389,1.727834580542026,0.0,1,8.643119577880505,1
p3239,0.0,0.6052998532630086,0.5463564127256162,0.0,9.732255665347436,8.502685846518103,-1.229569818829333,0.0,0.0,0,0.5463564127256162,0
p3242,4.0,0.4562644844959653,1.7986516640101664,1.0489053378481097,13.131127943847273,11.776140500554169,20.506183147962908,0.0,1.9290726979196682,0,1.7986516640101664,1
p3243,3.0,0.23527138495624147,14.176671331383869,1.2651591538660463,12.578711948793945,10.148531631078024,-5.073827881857477,0.0,1.6543897128704312,0,14.176671331383869,1
p3244,0.0,0.06578055461120655,7.320774756095199,1.0434539336859676,16.653367284508224,9.42309128819486,-40.578587944092426,15.86265029009351,0.0,1,7.320774756095199,1
p3245,0.0,0.48175851313888635,17.32372976131863,0.0,3.596550725612694,8.428764042414363,4.832213316801669,0.0,0.0,0,17.32372976131863,0
p3246,0.0,0.4229212637671112,20.0,1.4208966073555227,7.9295949138353246,9.56202657817723,36.70108933983346,3.35971900466552,0.0,1,28.607092948615453,1
p3247,0.0,0.13685447377038648,20.0,1.2235780627887252,12.394720952920881,14.845024694722962,-8.33078973619072,0.0,1.417580263821271,0,29.087892306263118,0
p3248,1.0,0.6884288090487894,3.3704418899164867,1.0777194743132896,9.06415805455344,10.045757155456434,-9.46845348883884,1.5654770110541827,0.0,1,3.3704418899164867,1
p3251,3.0,0.19257726572438244,20.0,1.709673141481091,13.790437834539787,11.655977713867786,-15.282865787214154,0.0,2.1174448884139125,0,22.157098968219092,0
p3252,3.0,0.6308923927273165,3.2781237617345877,1.0791253518282864,11.738989351288144,10.32132267617011,-13.464878837053096,1.7104745028915012,0.0,1,3.2781237617345877,1
p3253,0.0,0.7420477338573779,11.233222345185053,1.1170242217850541,14.303830881342707,13.641770379610138,-4.287712021211098,1.5053266398085208,0.0,1,11.233222345185053,1
p3254,1.0,0.718386063709724,20.0,6.174241416359816,6.366722818320983,8.042771083710706,-297.2265761028573,0.0,21.92448817588226,0,26.980958304676008,0
p3255,1.0,0.46663965010583836,5.229364337884068,1.2164526077759772,12.649564753742073,8.904366550766687,13.178298543421333,0.0,2.280733106646128,0,5.229364337884068,1
p3256,2.0,0.6078175685882738,20.0,1.2727524720161716,14.246045530384276,9.347586481268067,17.40738786872511,2.093971181142864,0.0,1,28.181368268371713,0
p3258,0.0,0.6461847773692834,8.281449605485218,0.0,4.92580033106136,9.138849805449755,4.213049474388395,0.0,0.0,0,8.281449605485218,0
p3259,4.0,0.44667108890012364,6.328305634934638,1.1054571596502158,12.34158558085534,12.261432230243758,-14.763927243490816,2.474879586167704,0.0,1,6.328305634934638,1
p3260,3.0,0.3664109500167023,4.402732018313159,1.1902110709730926,11.563571323034623,8.903979812446824,10.79220381031212,0.0,1.878522160388454,0,4.402732018313159,1
p3262,2.0,0.5643532545776868,6.628240244006665,1.1659335564094075,9.119432132676287,8.863832070907552,-4.874252489615323,2.065964087124635,0.0,1,6.628240244006665,1
p3264,1.0,0.4044841440351779,6.050588577145719,1.0975102803346597,12.209826093909047,14.406857674343945,13.548243182884631,0.0,1.8429572770258715,0,6.050588577145719,1
p3265,0.0,0.4729319231033761,15.468092947677368,0.0,8.022138133162278,12.139406626604773,4.117268493442495,0.0,0.0,1,15.468092947677368,0
p3266,1.0,0.8189060103499235,6.402816111591224,1.2659851496405905,6.259882484687771,11.992682916672452,-2.9088364277543475,1.5459468286227713,0.0,1,6.402816111591224,1
p3267,1.0,0.3068613623797466,20.0,1.397510197420237,11.717468598446207,7.924394563594154,-20.492362555060403,0.0,2.016205880858548,0,24.56102273130209,1
p3268,4.0,0.122843949240215,15.336083105064448,1.1901258573319589,12.61332748962545,11.045163200122671,-5.262400746428452,0.0,1.356800601558961,0,15.336083105064448,1
p3269,1.0,0.8409692445826414,1.992373160589946,1.1851191492775526,12.61081274287961,10.453527085832246,76.97279236712225,0.0,7.452138085915136,0,1.992373160589946,1
p3271,1.0,0.5522425999362099,7.059036091321343,1.209239024063058,4.5575011394228975,7.989723161906684,-3.323565114618477,0.0,2.700656703587217,0,7.059036091321343,1
p3273,0.0,0.7768885658751232,20.0,3.266518489025828,5.127459758454768,8.419903918462229,51.98230730972321,4.204616508091183,0.0,1,27.87282220626973,0
p3274,2.0,0.33620774099423206,6.660895929654664,1.059236829739469,11.257835777198432,12.02087488716563,-16.123803238262916,3.1505426573674313,0.0,1,6.660895929654664,1
p3275,3.0,0.7048465313179523,1.1722003952043474,1.0192216106844274,9.866966855715598,10.373633010628906,-12.79878198762248,1.4460191905586073,0.0,1,1.1722003952043474,1
p3276,2.0,0.35197662126438056,8.38298737265429,1.1887570052077874,12.312987788375969,9.75825584017109,4.654599810433215,0.0,1.8344353679449217,0,8.38298737265429,1
p3277,3.0,0.7096797349511199,1.4473445147515032,1.0122670692523037,12.06163020721722,12.382207720381313,-15.276601587067832,1.4263716707678358,0.0,1,1.4473445147515032,1
p3279,4.0,0.29225402588433774,5.91973833677358,0.0,10.687209693236234,8.988853251071285,-1.6983564421649486,0.0,0.0,0,5.91973833677358,0
p3280,4.0,0.6669566260765274,4.9169660292990764,1.3135281815780704,4.664859292055354,10.473860046900183,-5.134944636476808,1.9694356877524366,0.0,1,4.9169660292990764,1
p3282,3.0,0.5619800009645424,18.86360316102563,0.0,7.280094035571103,5.091153229765174,-2.1889408058059283,0.0,0.0,0,18.86360316102563,0
p3283,1.0,0.5562613146497085,16.354755823831496,0.0,6.405049368457657,13.917009982078774,7.511960613621117,0.0,0.0,0,16.354755823831496,0
p3284,4.0,0.19425454666382594,8.085096810392065,1.1225594083607002,8.629143120668521,12.622373569971117,4.751192286575234,0.0,1.3931935994336224,0,8.085096810392065,1
p3285,2.0,0.4902301703670413,11.499433266278361,1.5118696770731617,12.49243988664737,10.61687848262502,1.0694865591922635,0.0,2.9657888505518826,0,11.499433266278361,1
p3287,3.0,0.6206950981632822,3.743141836317046,0.0,6.184147576717933,13.199501677602427,7.015354100884494,0.0,0.0,1,3.743141836317046,0
p3288,3.0,0.6094693126418985,2.6725109563468084,1.0308333438926907,11.734083344576828,13.087338949973041,-16.2619905506395,1.6913621777350585,0.0,1,2.6725109563468084,1
p3289,1.0,0.3073261998268634,9.544749686861701,1.3009052773566132,13.277649434525214,9.189891071391617,2.9229716231381806,0.0,1.878092223253495,0,9.544749686861701,1
p3290,1.0,0.7740550969386768,12.439892418371858,0.0,6.056335016748148,8.705505643036622,2.649170626288474,0.0,0.0,1,12.439892418371858,0
p3292,1.0,0.9232053834592898,10.325186221633608,1.5522759696516895,2.866913313270959,5.9269232555806575,10.455241851411776,1.6813983079639825,0.0,1,10.325186221633608,1
p3293,2.0,0.6580099238800632,3.494927708385755,0.0,4.422602652443667,9.530347329192853,5.107744676749187,0.0,0.0,1,3.494927708385755,0
p3294,0.0,0.7294591921902127,6.945821582211343,1.2142799612416362,13.583453352066394,10.54604337503387,26.75455861168647,0.0,4.488343075013571,0,6.945821582211343,1
p3295,3.0,0.6778190737592682,10.296873170334324,0.0,7.754420596009727,6.596812406574965,-1.1576081894347627,0.0,0.0,1,10.296873170334324,0
p3296,0.0,0.49794447510096107,4.122393023655755,1.1995262200362504,12.698790798618031,10.822968563090148,18.615166299249417,0.0,2.3892301957586657,0,4.122393023655755,1
p3298,2.0,0.6567841766151152,8.101877372832055,2.702804079149979,11.300654321289933,10.520566043448431,24.41008885128101,0.0,7.874940183393102,0,8.101877372832055,1
p3299,2.0,0.46430185989683925,10.757021658809222,0.0,14.250711271385354,9.832467085732702,-4.418244185652652,0.0,0.0,0,10.757021658809222,0
p3301,0.0,0.4473129500074463,3.3879692474737406,1.0452453890289857,11.195879891164413,9.342136803045058,-15.766969125647005,2.3367206091654302,0.0,1,3.3879692474737406,1
p3302,2.0,0.7158006690311345,4.695616807326103,1.2978544027948256,3.634023035918957,8.699259702916274,0.21725146765401693,0.0,4.566704637798769,0,4.695616807326103,1
p3303,2.0,0.5597507044880323,0.5382259947658026,1.0165930454257261,9.436494281644295,8.377160622431719,-15.296040039637427,1.8161532219160632,0.0,1,0.5382259947658026,1
p3304,0.0,0.5832188343935276,1.4791984585712512,0.0,5.103922891019638,9.110273821146352,4.006350930126714,0.0,0.0,0,1.4791984585712512,0
p3306,2.0,0.25110833876243627,5.9104664391539465,1.189284521072539,8.045493098296012,12.308404710921295,7.653460992757053,0.0,1.588059505305766,0,5.9104664391539465,1
p3307,2.0,0.2279479857277874,20.0,1.0942544722124123,11.277816638687357,17.159143942659032,19.518734257720105,4.800456861764759,0.0,1,27.63328209971835,1
p3308,1.0,0.5200619114675801,2.3313851378842663,0.0,9.985703242325332,8.303803232715964,-1.6819000096093681,0.0,0.0,1,2.3313851378842663,0
p3309,4.0,0.7011359326026169,3.763962872129026,1.064016699222561,4.292165929872435,12.052303384282311,-4.8179266608296425,1.517561217085153,0.0,1,3.763962872129026,1
p3310,4.0,0.4832256402906141,12.968157446625352,1.2559365889978418,8.711091767012906,9.726348915966927,9.440939912249911,2.5990686012491304,0.0,1,12.968157446625352,1
p3311,3.0,0.44103437243477045,0.9331797575032853,1.0173236714350387,6.695960743197713,12.807654673397339,-21.27887962331016,2.306676610756687,0.0,1,0.9331797575032853,1
p3312,4.0,0.10035771975040393,12.927615815761744,1.2052666852022875,11.797645479867086,10.882391995809105,-2.4290947418775017,0.0,1.3397176985366888,0,12.927615815761744,1
p3315,4.0,0.530353285891136,9.016871646738917,1.1898390113841986,10.22803822568892,9.154804496816515,-1.382683845124579,2.243483811710433,0.0,1,9.016871646738917,1
p3316,2.0,0.7416052897251836,4.474631315051882,1.286061908056344,5.856097832993922,7.65022757856581,-3.7128608954802145,1.7341595669212655,0.0,1,4.474631315051882,1
p3317,1.0,0.38134319918258913,16.59481621939096,3.1581205837668698,10.236554392753895,10.28821889581543,-32.406004312912685,0.0,5.104802177223541,0,16.59481621939096,1
p3318,2.0,0.45123472612738774,5.44808481533869,1.0625219201456446,7.417282534789369,8.471746902528444,-6.065349469118572,2.354698915272946,0.0,1,5.44808481533869,1
p3320,0.0,0.5668425457412511,9.072307076549226,1.1319411230261192,9.27596923217843,8.310074017200831,0.5562257896801992,1.9969233635169312,0.0,1,9.072307076549226,1
p3321,2.0,0.7464792630158165,4.789631997867594,1.142828062060732,4.801868467011154,7.777155631289557,-1.5984846918219295,1.5309575478944253,0.0,1,4.789631997867594,1
p3322,1.0,0.8955798422227501,11.161683307425369,1.3542737934428535,10.795779483071138,8.948142052512315,1.4996251706105235,1.5121753858167077,0.0,1,11.161683307425369,1
p3323,1.0,0.4815215687753842,13.74002963053516,0.0,13.37386624937646,10.932098322008663,-2.4417679273677972,0.0,0.0,0,13.74002963053516,0
p3324,3.0,0.5834038277810362,12.034217054532846,5.6635901476367,-0.1658613769285861,8.780967850978689,40.52884713672975,9.707838512438363,0.0,1,12.034217054532846,1
p3326,4.0,0.5788211383042825,20.0,2.5813641465809565,6.785264438042679,12.97612771172239,-74.80096155068523,0.0,6.1289024244665775,0,23.51157090345613,1
p3327,2.0,0.2611670125202503,4.787093167108342,1.1587800417920993,12.430429594330636,13.347949281710266,12.905270443852832,0.0,1.5683923991331798,0,4.787093167108342,1
p3328,0.0,0.7549058029514101,6.265460487650818,1.1132543012422962,11.686777159955973,11.101720192912529,24.039369790166916,0.0,4.542148751982054,0,6.265460487650818,1
p3329,1.0,0.5774334282911883,0.9553649510672222,0.0,6.764008173158822,12.161010144801995,5.397001971643173,0.0,0.0,0,0.9553649510672222,0
p3330,4.0,0.700160466646297,5.095016060316483,1.337025337958091,5.769531485802056,6.463106755256927,3.701331467013857,0.0,4.459136268668352,0,5.095016060316483,1
p3332,1.0,0.6654848426366271,10.114864922206765,0.0,9.589023783136378,14.986614969840687,5.397591186704309,0.0,0.0,1,10.114864922206765,0
p3333,3.0,0.5731247619362505,4.846096491604976,1.1456792950057222,11.93852340617282,8.966925470678822,16.063581299119306,0.0,2.6838738648846774,0,4.846096491604976,1
p3335,0.0,0.5558538589820442,5.079702542949009,1.162833856563799,13.007534666886336,9.318901721834706,17.067489311779426,0.0,2.618133423153593,0,5.079702542949009,1
p3336,4.0,0.7464687888126051,20.0,2.0470834399341644,4.575852880494869,9.75787165155961,33.26958471621779,2.7423563725824684,0.0,1,34.01526650421983,0
p3337,4.0,0.540770283831901,5.812276840853394,1.2307121398477527,5.69844472670433,8.165163957688574,-2.8880993027955695,2.2758501652992473,0.0,1,5.812276840853394,1
p3338,1.0,0.49695883986780504,6.409781412814778,1.499564106459813,11.435296437996282,9.369219707536175,12.914967656158773,0.0,2.9809968354592304,0,6.409781412814778,1
p3339,2.0,0.3065267877141991,0.09175579863749554,0.0,11.271809494820445,10.238477227589659,-1.0333322672307865,0.0,0.0,0,0.09175579863749554,0
p3341,0.0,0.10316479013072441,12.417131666602621,1.1974207054646098,14.048643758907684,12.299964605696198,0.4296545462724257,0.0,1.3351624604916528,0,12.417131666602621,1
p3342,0.0,0.5612423839263878,9.491300484093225,1.2615744729027485,13.51343384950576,7.74367269443379,5.795213661373277,0.0,2.8753335023387696,0,9.491300484093225,1
p3343,2.0,0.22793444833291773,20.0,1.2261187379522742,10.391963055900517,12.303015964685972,43.31513386470085,5.3792603396280985,0.0,1,20.447414879206463,1
p3346,0.0,0.6989262284763851,3.1351143082311843,1.0903707369276072,4.75142158345835,5.773199967239485,-3.093808193019112,1.5600655584274556,0.0,1,3.1351143082311843,1
p3347,3.0,0.22851358620441983,3.6609389269109682,1.0426377074580306,11.74794151519869,9.676103096041585,8.857471142337827,0.0,1.3514660644876855,0,3.6609389269109682,1
p3349,0.0,0.8026637252015173,2.3896131654236354,1.0323609888011032,9.035259788666762,10.296477667415065,-8.908344042768546,1.286168735907329,0.0,1,2.3896131654236354,1
p3352,0.0,0.25862532909532643,20.0,1.3428902026726164,16.483508193510634,12.033615216741278,-10.819496066865067,0.0,1.8113516085381423,0,27.024978991034153,0
p3354,0.0,0.6167488601739141,19.735435098001254,0.0,6.302930026170105,9.919634385602125,3.6167043594320196,0.0,0.0,1,19.735435098001254,0
p3356,0.0,0.7617050160515471,2.41476840708341,0.0,5.493296995032436,12.954327421037211,7.4610304260047755,0.0,0.0,0,2.41476840708341,0
p3357,4.0,0.5803567328303288,4.827236749522109,1.0753647806484223,11.213642476628479,8.587169055106468,-9.593393162986828,1.8529375465396942,0.0,1,4.827236749522109,1
p3358,4.0,0.38759922952171183,4.090984421746108,1.029087501544896,12.00332133944894,11.614076643532599,-20.363278669006128,2.655029791505946,0.0,1,4.090984421746108,1
p3359,0.0,0.395948217948582,18.643270381394473,2.027226509607443,9.073966844328828,8.932300846544058,49.577802313082834,5.119928358588293,0.0,1,18.643270381394473,1
p3360,4.0,0.4053620859684673,20.0,3.475406514365871,6.2503265841888735,11.52944811248849,-75.08189049620313,0.0,5.8445760560460585,0,33.84414551374404,0
p3361,2.0,0.23898447192879876,4.899916853602478,1.0532850102604072,13.019486906274972,13.019817159307113,-35.786803562740126,4.407336601242506,0.0,1,4.899916853602478,1
p3362,0.0,0.4601808153571879,9.148007426350519,1.3185852826040807,7.2714854716418635,9.513959743727016,-2.3411980062528377,0.0,2.4426424997780747,0,9.148007426350519,1
p3365,0.0,0.6429491100917477,13.328634808560766,1.1519483009829117,9.676602385327223,8.952776482561388,7.116238707102903,1.7916632637045422,0.0,1,13.328634808560766,1
p3366,4.0,0.6743525332137179,20.0,2.216841717716268,4.552716793594671,9.95668850773563,-99.75324684273247,0.0,6.807489521087386,0,27.612625519856095,0
p3367,0.0,0.5982894638692872,4.4026696507189484,1.0596613613141126,9.871345081604387,8.181994778625482,-8.38310817727941,1.7711516336273387,0.0,1,4.4026696507189484,1
p3369,2.0,0.3947744135432563,0.5290290319003541,1.0396028331780731,13.165577040860141,9.722386267628725,18.262750623950822,0.0,1.7177113070588514,0,0.5290290319003541,1
p3370,1.0,0.6160408005301109,20.0,1.550472661895557,9.377192187479789,11.727416005907097,23.17094756763111,2.516834372920358,0.0,1,34.81272605664046,0
p3371,1.0,0.23032202139876268,7.940394365064099,1.1295714746936247,10.090346333934528,14.901238082160422,7.966139115976851,0.0,1.4675897012753756,0,7.940394365064099,1
p3372,2.0,0.32878201473659957,1.151168869869636,1.0533796335628838,14.994680288930082,8.53451622177236,15.265226649408094,0.0,1.5693554950699287,0,1.151168869869636,1
p3373,2.0,0.6670578985450993,18.02368512373468,0.0,8.681403496730574,14.362054108044514,5.68065061131394,0.0,0.0,1,18.02368512373468,0
p3376,3.0,0.5015890682221092,5.303013123691762,1.0530490876496206,11.705437303095243,13.062292549464804,-14.93317704857393,2.0994259132922704,0.0,1,5.303013123691762,1
p3377,4.0,0.2216914608563565,5.1325211910947015,1.0901483131116705,10.761468001406776,10.158808136292947,7.281600118219727,0.0,1.4006634365224075,0,5.1325211910947015,1
p3378,1.0,0.5491963133944696,20.0,1.6971652107978006,2.50506529708706,10.829069199827675,36.66466156026385,3.090270581584882,0.0,1,25.20733457913271,0
p3379,3.0,0.4464109819465228,20.0,1.8036103838503104,11.680995136106894,13.537476594527202,27.96666868804968,4.040246447311575,0.0,1,21.73062207211449,1
p3380,4.0,0.4141664573448152,3.240739017563162,1.1576133890778302,11.053556179952086,14.6056879496304,18.99034261811689,0.0,1.9760107689142488,0,3.240739017563162,1
p3382,2.0,0.3902972166131525,10.20689377852981,1.1172359853942233,13.04228119137305,13.17819532874383,-8.369514223516166,2.86252614120378,0.0,1,10.20689377852981,1
p3383,0.0,0.13269106937832892,2.963112538023777,0.0,11.35875067880539,9.467921812962217,-1.8908288658431722,0.0,0.0,0,2.963112538023777,0
p3384,3.0,0.3931161682136669,0.077360365838905,1.0010856930430188,11.129558849411596,11.61997185562836,18.72157554355021,0.0,1.6495507716796007,0,0.077360365838905,1
p3385,2.0,0.16295606385207415,1.1052870434132624,1.025922123927014,14.706670321027959,10.964385770507887,12.92823824752077,0.0,1.225649072434961,0,1.1052870434132624,1
p3386,2.0,0.31584992261810085,20.0,1.333512931405061,10.814878565883031,11.608541834804916,36.222255063013854,4.221982770650961,0.0,1,23.924057705528647,1
p3387,0.0,0.5479821209775503,10.593410803936502,1.7408415999017266,5.713303012370932,10.02282382142808,6.122174027999948,3.1768218948388744,0.0,1,10.593410803936502,1
p3388,2.0,0.4341862532580592,11.201214781973249,1.2076583222898014,9.694255116792673,10.54329284066851,2.6790010215887454,2.78142919824785,0.0,1,11.201214781973249,1
p3389,3.0,0.4700463023206115,0.49155122626656556,0.0,4.818575490639782,3.7079417993983546,-1.1106336912414276,0.0,0.0,0,0.49155122626656556,0
p3390,0.0,0.5896346692757098,20.0,1.975993383787123,6.62166800393864,9.894324515178369,37.138962102185225,3.3512164171322834,0.0,1,23.88395890554655,0
p3391,2.0,0.22693560997431064,20.0,1.2567220608572383,13.0493006791704,9.380993739375931,55.13753421320077,5.5377913629311,0.0,1,27.736347541773014,0
p3394,3.0,0.804763029731621,6.769435415135529,1.4167289524521207,5.4512368368368875,9.864637496132207,-1.0354858325461542,1.760429965234093,0.0,1,6.769435415135529,1
p3396,2.0,0.4939016189965016,14.208883733607834,1.4913154500810295,13.91782880558859,11.459254108181513,-3.3162235800545017,0.0,2.9466908136003713,0,14.208883733607834,1
p3397,3.0,0.2511602564433715,2.7204203563994307,1.067540331773308,12.043586520293392,7.364669800227026,8.61211915966641,0.0,1.4255925128960238,0,2.7204203563994307,1
p3400,4.0,0.18909098021018353,20.0,1.5370850948908121,9.538764331996592,6.841731861542002,-22.52639560122353,0.0,1.8955086913316328,0,20.350140851552226,0
p3401,0.0,0.6156667259907321,3.224418794181624,1.2096740952113747,4.826948986700406,8.661908657328645,-6.848727383985151,1.964819672956606,0.0,1,3.224418794181624,1
p3403,0.0,0.6213834454770633,14.08221603356245,1.2582375882160741,9.140038081055296,8.403170791864051,10.76261542200101,2.024897182849907,0.0,1,14.08221603356245,1
p3404,4.0,0.14772446353969357,10.78715602055426,1.1007605530126847,15.244154396223875,10.181496258239953,0.6937994709659003,0.0,1.291554791757127,0,10.78715602055426,1
p3406,4.0,0.6785669319733448,1.9801646028041797,0.0,7.259319570886454,7.232699874005645,-0.02661969688080923,0.0,0.0,1,1.9801646028041797,0
p3407,0.0,0.5945841829724833,0.12707635993355162,0.0,4.106601728558564,10.156195708956867,6.049593980398303,0.0,0.0,1,0.12707635993355162,0
p3408,0.0,0.551837547500135,11.990362061614812,1.395476929914573,10.346898666055539,11.717654221971666,-3.746619272941775,0.0,3.113774753173892,0,11.990362061614812,1
p3410,2.0,0.29575902196198445,20.0,1.9808823358393883,9.575614065266668,11.0207861585293,-27.87644167822561,0.0,2.812790504406659,0,36.817561933808605,0
p3411,1.0,0.7420492639034629,20.0,1.5980644485152786,7.453691018642385,12.213475161410836,21.52870923619639,2.153582688174702,0.0,1,22.512277947072537,1
p3412,1.0,0.59523665664774,1.3783717216467395,1.042644025773262,10.202039094327917,9.8460544572307,-15.188368896027132,1.7516461967333055,0.0,1,1.3783717216467395,1
p3413,4.0,0.13945801228660953,20.0,1.6069157233516247,13.374576825193357,13.832382073861961,-11.914045079918646,0.0,1.867329829682662,0,22.648716740817544,1
p3414,0.0,0.8601090347602385,0.6116965072240037,1.0295962571710326,5.642080730840255,10.723466181802205,-7.022940616515553,1.1970531822840809,0.0,1,0.6116965072240037,1
p3415,3.0,0.5780868869901765,20.0,1.5786624741881456,8.94321071896586,7.772373159686321,32.22084814679494,2.7308394459654504,0.0,1,23.024292143626113,0
p3416,1.0,0.39147699960231686,1.124595225763763,1.0522250044637353,8.302493856413733,11.231255385080187,15.340394965266233,0.0,1.7291458232081338,0,1.124595225763763,1
p3418,3.0,0.5105220456505618,8.914542323259907,0.0,13.86942418169329,10.476043921742727,-3.393380259950563,0.0,0.0,0,8.914542323259907,0
p3420,1.0,0.5356519502159046,4.999442408070332,1.3252119591024705,8.748937161066305,9.798175977888443,11.749995048214881,0.0,2.853919510846756,0,4.999442408070332,1
p3421,2.0,0.5787275946328618,3.5726537620146037,0.0,13.271938380982911,9.326772242614847,-3.945166138368064,0.0,0.0,0,3.5726537620146037,0
p3422,4.0,0.36303204291645164,12.1456015312408,0.0,7.178213837955997,8.199100264503675,1.020886426547678,0.0,0.0,1,12.1456015312408,0
p3423,0.0,0.6428197371840436,5.516487287968568,1.1154568279117536,11.603487687600676,6.746541797235391,-6.991405400080815,1.7352560342937802,0.0,1,5.516487287968568,1
p3425,2.0,0.21888317666384327,20.0,1.189245119115681,13.448695144667294,13.923191751935013,-9.499821049555234,0.0,1.522493286006061,0,30.993344168136296,0
p3427,1.0,0.5864389306980653,0.5442325962836663,1.0109164612273904,11.086801736590308,10.403827237208073,-17.679162852149666,1.723822223098405,0.0,1,0.5442325962836663,1
p3428,2.0,0.460533088568049,10.693766270099408,0.0,5.487767422917251,11.866796882578937,6.379029459661686,0.0,0.0,1,10.693766270099408,0
p3429,3.0,0.6735633224587859,3.566904756458185,1.0406705326806684,11.139886329692667,8.552011508469347,-10.2899772459035,1.5450225657801389,0.0,1,3.566904756458185,1
p3430,0.0,0.5033559327644576,1.4316241816745592,0.0,9.019568755790626,11.693813751954288,2.6742449961636616,0.0,0.0,1,1.4316241816745592,0
p3431,1.0,0.524550528522113,2.6225499574077897,1.0545474988785384,11.103883568305093,11.979163788522015,-17.93509776448068,2.0103830642391256,0.0,1,2.6225499574077897,1
p3432,3.0,0.6103791201696661,1.2798114695253398,1.0398800174611387,4.471159774357967,10.322843157804748,-9.554590584928317,1.7036624994185334,0.0,1,1.2798114695253398,1
p3435,0.0,0.5555470145863124,20.0,2.315483506658157,10.952462677132603,9.630167227549421,-48.4575923977503,0.0,5.209737773508155,0,20.294193806939933,0
p3438,2.0,0.6998600382684503,0.37315671238375175,1.0347685557166415,7.93075205547299,10.416429667446588,28.541394993766076,0.0,3.447620069473309,0,0.37315671238375175,1
p3440,2.0,0.5477762719204134,14.624611040210796,1.7978717867150065,0.4813691805761461,10.286639948196909,24.043046731473012,3.2821279030797808,0.0,1,14.624611040210796,1
p3441,1.0,0.6226729328955949,13.490127660963745,1.3860552772629842,13.632543379564964,8.639519510132654,-4.469880751587014,0.0,3.6733523727823836,0,13.490127660963745,1
p3443,4.0,0.6129228235351039,2.9802198330166227,0.0,3.4786452198583055,11.947574257635889,8.468929037777583,0.0,0.0,0,2.9802198330166227,0
p3445,2.0,0.4364139308098301,17.047775916886735,0.0,11.489782274050373,13.232379320527714,1.742597046477341,0.0,0.0,1,17.047775916886735,0
p3446,3.0,0.3447703946907867,4.096507557914093,1.0862920976844939,10.962668772614315,12.312178579141255,12.732781576484218,0.0,1.6578800604894148,0,4.096507557914093,1
p3449,0.0,0.5777606469088169,2.017262764688229,1.0994001488129552,10.9684007613847,10.539331810763905,22.877338596589155,0.0,2.6037368160128325,0,2.017262764688229,1
p3451,2.0,0.586980761603615,0.0846257971531332,0.0,5.910333068044268,8.21081161579916,2.300478547754893,0.0,0.0,1,0.0846257971531332,0
p3452,2.0,0.24386766672191995,20.0,1.311524705369453,11.58733953685771,11.970782005811287,-14.20846366930466,0.0,1.7345174219485708,0,32.17715120038763,0
p3453,2.0,0.3815447722723624,19.963989781611332,0.0,9.161904231354981,11.086436135322284,1.9245319039673028,0.0,0.0,0,19.963989781611332,0
p3454,3.0,0.4909031867230797,1.4589979983529369,1.050490534554956,6.676068267965481,15.019219970418476,-20.674555278036785,2.1399138627868424,0.0,1,1.4589979983529369,1
p3455,0.0,0.2323029678155163,20.0,1.8760863975863589,12.3458097786377,7.419583455114393,-23.63142063432472,0.0,2.443784877281537,0,33.75336536668249,1
p3457,1.0,0.5585208502047785,16.858823070845542,1.3229176957502968,6.929496017487288,9.791335479658272,-26.8919608517798,0.0,2.9965575868394403,0,16.858823070845542,1
p3458,1.0,0.300832924373062,3.157066494382453,0.0,12.964128735750085,11.446221490573572,-1.517907245176513,0.0,0.0,0,3.157066494382453,0
p3460,4.0,0.6029531915532708,1.4902286555825377,1.1647556677166935,8.343326497803007,11.090828003881699,22.851389469238793,0.0,2.9335474884517696,0,1.4902286555825377,1
p3461,1.0,0.7455515223071975,20.0,1.8688014321719144,12.222152719954835,9.678963454975884,-59.66772884941831,0.0,7.344518030200722,0,28.526375451074188,0
p3464,1.0,0.26229628580953673,5.402938035065527,1.2070950682437653,10.124015952195567,9.485485922382798,7.0865088454705445,0.0,1.6362870960577987,0,5.402938035065527,1
p3465,1.0,0.8686129937659035,9.58494353416785,0.0,2.891251790070461,8.971052778138402,6.079800988067941,0.0,0.0,1,9.58494353416785,0
p3466,0.0,0.5527515691007168,4.826178505680902,0.0,9.97406121250044,11.550739139086321,1.576677926585882,0.0,0.0,0,4.826178505680902,0
p3468,4.0,0.6775478837853531,20.0,2.5170313975157703,10.421882083337932,13.987380126901416,-71.2004045914141,0.0,7.805907516017841,0,28.733852611142527,0
p3470,2.0,0.34461890206093554,15.964457788304095,1.2226676919833204,10.532077304119175,9.281591584900328,22.459544542859568,3.5478834291194166,0.0,1,15.964457788304095,1
p3471,4.0,0.10318890437155603,10.43516559270187,1.1521238750951546,14.692939043749519,11.793543776642874,2.5705219446789105,0.0,1.284689585924223,0,10.43516559270187,1
p3472,3.0,0.6451433426492005,1.1324020142259725,0.0,6.760641426819626,8.743770297293361,1.9831288704737347,0.0,0.0,0,1.1324020142259725,0
p3473,0.0,0.39771868957841655,5.560031666852426,1.1147835332424103,11.167064565629396,9.033314300655068,8.244502949507332,0.0,1.8509349600473022,0,5.560031666852426,1
p3474,3.0,0.5090211535463601,14.875973041706583,1.4358675782601966,9.076294818486119,9.220471066230113,-16.81698202865497,0.0,2.9244998814745817,0,14.875973041706583,1
p3475,2.0,0.9127207400062131,12.188353568563585,0.0,3.192351427655128,9.355203247134753,6.162851819479625,0.0,0.0,1,12.188353568563585,0
p3476,4.0,0.5211156256429051,0.3069117372832086,1.0175952159890485,10.276227317325965,8.001970830669782,18.909829660560362,0.0,2.1249288355987312,0,0.3069117372832086,1
p3477,3.0,0.4916667387884418,7.407912051479875,1.2683269181763812,7.884851774794692,8.81816178810455,2.123307866265665,0.0,2.4950697012299745,0,7.407912051479875,1
p3478,3.0,0.8678089452589104,13.807336366432457,1.6751455701140134,3.815053482624267,8.127343099079901,15.276472011745781,1.930316090040112,0.0,1,13.807336366432457,1
p3480,2.0,0.6251373751520207,20.0,1.7231377651348927,7.211060986370243,14.28888100689702,-51.70932580210433,0.0,4.596717973240701,0,20.181433631740404,0
p3481,0.0,0.6725013002266792,6.4843162875281575,1.2198270165242968,6.672772003359601,9.169998381270753,-2.3742401525453642,1.8138656625840444,0.0,1,6.4843162875281575,1
p3483,3.0,0.34441150184340963,0.5084249666292331,1.0100629511904349,11.348527617073506,10.841461637546113,16.194243004846726,0.0,1.5406965711426752,0,0.5084249666292331,1
p3484,4.0,0.11477832683785837,1.0567737926765493,1.0193659028916957,8.514980184805694,11.451234635747594,11.52465837660223,0.0,1.1515374440058288,0,1.0567737926765493,1
p3485,2.0,0.48799017117222687,7.902684545323549,1.3644995276137926,10.565243172428092,8.76214727654949,5.292588179651606,0.0,2.6649869803041906,0,7.902684545323549,1
p3486,2.0,0.46272721968063096,4.938095029472267,1.537104042397116,14.92047700631924,11.467956504575605,25.106454103749577,0.0,2.860937867508235,0,4.938095029472267,1
p3487,1.0,0.7853282004592944,19.66363241734198,0.0,7.287445449018058,7.368016411563404,0.08057096254534546,0.0,0.0,1,19.66363241734198,0
p3488,4.0,0.6362151290821817,14.015865533248945,0.0,9.432868845253724,8.806276623518318,-0.6265922217354056,0.0,0.0,1,14.015865533248945,0
p3489,1.0,0.8544225772033979,0.8760527501682648,0.0,6.591273720008191,7.963945182690876,1.3726714626826846,0.0,0.0,0,0.8760527501682648,0
p3490,4.0,0.3597780627259228,6.575187297537462,0.0,13.494751049174802,13.487596373595931,-0.00715467557887095,0.0,0.0,0,6.575187297537462,0
p3492,4.0,0.48085998791540413,5.9836243847305255,1.2870642220147765,9.243758719521674,8.069833356415476,6.908676947632037,0.0,2.479223700840544,0,5.9836243847305255,1
p3493,0.0,0.5852787623394461,12.740265081284484,4.962453245121733,5.412475785012887,12.519035797231211,8.982315719085067,8.478785776005386,0.0,1,12.740265081284484,1
p3494,0.0,0.7849285327939067,1.021946708096127,1.0193151875493518,5.998264808087473,8.7634097820239,-7.2879879616437755,1.2986089114650472,0.0,1,1.021946708096127,1
p3495,4.0,0.6721432625783015,1.9657079314402508,1.065041019483466,8.647938135581148,8.960842081614592,-10.771198538527853,1.5845446629904945,0.0,1,1.9657079314402508,1
p3497,1.0,0.8005027366640914,14.93125707308727,1.3541607998624323,13.113067689952924,10.802613626788075,-14.652080951654693,0.0,6.787866546230911,0,14.93125707308727,1
p3498,4.0,0.4355681750664585,0.24841765051357462,1.0056947794642692,8.167226251917754,11.425630264417203,-22.54895524429184,2.308926218750535,0.0,1,0.24841765051357462,1
p3499,1.0,0.35627076589195594,16.955143496661876,1.7683423900101676,8.658075465978547,8.502069800563353,-22.948285919372,0.0,2.747028247770036,0,16.955143496661876,1
p3500,2.0,0.19236706303677442,10.195015011196515,1.045634617479633,13.822238614778826,13.33247146465453,-17.54379410661749,5.435621883356098,0.0,1,10.195015011196515,1
p3502,1.0,0.8098432345011342,0.8124017618518161,0.0,4.356955460819452,12.288035218938122,7.93107975811867,0.0,0.0,1,0.8124017618518161,0
p3503,0.0,0.625838655585409,9.41068997811297,0.0,5.223069586095543,7.915133628249884,2.6920640421543407,0.0,0.0,1,9.41068997811297,0
p3504,1.0,0.6913557608978781,15.697104285874492,0.0,3.4544750023124564,9.083821336187818,5.629346333875361,0.0,0.0,1,15.697104285874492,0
p3506,1.0,0.48439172289710036,20.0,1.3933991309070668,13.562363435126136,9.774197178793358,-21.185476565221833,0.0,2.7024374758611316,0,23.704615123566775,0
p3507,3.0,0.3120483687927061,20.0,1.3198238674230265,12.783981360699912,11.493529261188462,-15.134264943161718,0.0,1.9184835205737545,0,21.72553673683302,0
p3508,1.0,0.4191382177476394,0.40137623161950875,1.0071428552434205,10.344581084898946,9.6106326811993,-22.862774749196785,2.4028895781816186,0.0,1,0.40137623161950875,1
p3509,3.0,0.43843890987452905,20.0,1.690320778692922,10.932378232783858,9.659027728888793,38.594370877742456,3.8553165346949982,0.0,1,20.290471208770597,0
p3510,3.0,0.5008480452422631,3.9931683701065706,1.0380002159257702,13.273147205744488,10.841639961865498,-16.6248640085415,2.0724853092392195,0.0,1,3.9931683701065706,1
p3512,1.0,0.3772495292861487,8.813190572031461,1.071521673222129,8.571372477265191,11.29281682319867,-4.321568470129851,2.8403525784371912,0.0,1,8.813190572031461,1
p3513,1.0,0.3899455908613106,1.353662458613641,1.0168273590495815,14.422682499906148,11.591300265842957,-29.527184054613993,2.60761342833398,0.0,1,1.353662458613641,1
p3514,3.0,0.4561017143427563,3.1083204436624876,1.0500836839803203,13.777230388365288,13.274811068097154,-23.908746445000396,2.302301550200252,0.0,1,3.1083204436624876,1
p3515,3.0,0.23321136008552887,15.43287836343853,0.0,11.290891836463368,12.273542137394058,0.9826503009306897,0.0,0.0,0,15.43287836343853,0
p3516,4.0,0.8300767478800408,20.0,3.09577769624568,6.873724254204584,7.9729676716743345,-238.04420035276033,0.0,18.218682008629298,0,20.446839329877864,0
p3517,3.0,0.4218517962969271,1.2523445850058026,0.0,7.000511469786868,7.532760950094476,0.5322494803076081,0.0,0.0,1,1.2523445850058026,0
p3519,4.0,0.46261538879147307,9.383259411767883,1.5517142462816815,10.463647073672917,8.481149675261067,1.1371545073522813,0.0,2.887530111426197,0,9.383259411767883,1
p3521,4.0,0.6996242734948132,5.293194384315862,1.2501570348137803,6.724969667710475,11.693591675511739,-6.468233462095334,1.7868977423680663,0.0,1,5.293194384315862,1
p3522,1.0,0.40138712190704656,19.398562701792184,1.1994046623264183,12.192786922863377,10.822872753596899,24.25552806630479,2.9881493372978145,0.0,1,19.398562701792184,1
p3524,0.0,0.5031116317252063,6.280782151802563,1.201308837089435,7.393176260789032,9.851452929844767,-6.067621142708573,2.3877580269215,0.0,1,6.280782151802563,1
p3526,0.0,0.8489700945005969,1.0104358954293189,1.1148486095968873,3.5124132145986198,11.111328685515666,-5.665351852114165,1.31317771593909,0.0,1,1.0104358954293189,1
p3527,0.0,0.5028647411431886,20.0,2.3173600854077785,10.208982091156484,9.604666615818106,-46.24443794350121,0.0,4.661427738472361,0,22.972579393026283,0
p3528,1.0,0.6966123531358774,16.66763313121162,0.0,6.999846686763524,8.035172074815335,1.0353253880518114,0.0,0.0,0,16.66763313121162,0
p3530,2.0,0.40224127812016597,7.056115953138857,1.3381265854823046,9.277916567478139,9.161072028534074,-7.119352334569582,3.3266764458782156,0.0,1,7.056115953138857,1
p3532,4.0,0.699051111982414,12.615438518991036,1.4303998972914282,5.622600989925671,9.951880497009956,9.779457692577743,2.046202162864756,0.0,1,12.615438518991036,1
p3534,0.0,0.5970496199392097,20.0,1.2349112557081372,12.625915415194378,13.242135844892896,14.593890343529184,2.068356154106376,0.0,1,28.96059069023865,0
p3535,3.0,0.6712637079278322,19.019044600104255,3.621152597597732,7.185376319151759,10.43984764350744,-127.09778873360526,0.0,11.015372153685961,0,19.019044600104255,1
p3536,3.0,0.9024405106282625,10.473575903563892,1.5976586633776948,6.017492820081959,7.49701922797353,6.749149727971636,1.7703756032244544,0.0,1,10.473575903563892,1
p3537,3.0,0.3534953652905249,1.470408586860357,1.042510749591024,11.799189603767337,9.318345491552323,-25.625584860171806,2.949149697434428,0.0,1,1.470408586860357,1
p3538,4.0,0.7105589808935531,4.184104360947881,1.1021369311663252,9.26497795781664,8.721972388045346,-7.581621752109331,1.551084372729128,0.0,1,4.184104360947881,1
p3540,0.0,0.2675021784069603,16.343064871095038,1.221955448109888,11.574702882816611,10.009579135079727,27.366369246971384,4.568020549914495,0.0,1,16.343064871095038,1
p3542,2.0,0.6102314085966666,10.284915172479662,1.5274265976443102,7.935095013565256,9.284203949990967,-7.859374993703371,0.0,3.9188036987406347,0,10.284915172479662,1
p3543,2.0,0.5263497593066304,8.704862199362388,1.4259264166995154,10.344516904614972,10.250455009406968,4.8421267892160005,0.0,3.0105049975528835,0,8.704862199362388,1
p3545,0.0,0.7210900940968711,3.2828461985421367,0.0,6.263002119152184,10.474520147615761,4.211518028463577,0.0,0.0,1,3.2828461985421367,0
p3546,1.0,0.5009928315114027,0.5438763782343807,0.0,13.314864716764456,9.104232444559,-4.210632272205455,0.0,0.0,1,0.5438763782343807,0
p3547,4.0,0.5498684885031366,1.965814666687503,1.079582868425328,4.4683866294002375,11.801352215141524,-11.977611508738713,1.9633474021473585,0.0,1,1.965814666687503,1
p3548,1.0,0.3404550565313938,0.9302691783415635,1.029050190094616,13.825041722604844,12.158559377613457,18.452492516852242,0.0,1.560242710197653,0,0.9302691783415635,1
p3549,3.0,0.6426857666622974,4.873586710166636,1.3055591315180664,6.092966968798814,10.210657036361148,-6.724094924976093,2.0314113043117685,0.0,1,4.873586710166636,1
p3550,3.0,0.6579270851637583,20.0,1.3515799139385265,9.033365121714375,10.271245489583322,21.223665237396222,2.054300460365023,0.0,1,27.956005409585604,1
p3551,3.0,0.7940770083660268,5.400205458038281,0.0,7.114744196854596,10.630672898781677,3.5159287019270815,0.0,0.0,1,5.400205458038281,0
p3554,2.0,0.360484560701341,20.0,1.628698330028267,8.98649639266911,12.223613888643305,-24.811736105890247,0.0,2.5467693662164286,0,30.30182653678435,0
p3556,0.0,0.6053513430902283,1.0926775914227558,1.0446815560654685,5.259828956162913,10.869442505345296,-11.262581582035034,1.7257441781371543,0.0,1,1.0926775914227558,1
p3557,1.0,0.6922827965298813,18.025216080877314,0.0,4.4840732689253135,7.541895592149576,3.0578223232242623,0.0,0.0,1,18.025216080877314,0
p3558,2.0,0.23254944194179308,0.6485922313582764,1.020500643611216,9.998360433807976,11.090874621955782,13.525164562860198,0.0,1.3297281927754057,0,0.6485922313582764,1
p3559,1.0,0.6532673680901592,2.2426588446758844,1.081732256071981,6.170051211521878,8.405270037370908,-7.9693247261387015,1.6558798264092818,0.0,1,2.2426588446758844,1
p3560,1.0,0.7835708123488724,6.980181071469281,1.7316565824743193,5.472951953176995,10.863024383265275,-6.669314070936657,0.0,8.001030735584786,0,6.980181071469281,1
p3564,2.0,0.2247572507445455,20.0,2.3497686007587673,13.454220979631131,11.22257559867428,-22.07196768560307,0.0,3.0310100971798732,0,21.336799906164817,1
p3565,4.0,0.6531373051333417,4.201974882028084,1.2345446905572852,8.545123473145939,8.817609720676456,15.730507859013121,0.0,3.5591740156198446,0,4.201974882028084,1
p3567,4.0,0.5523990463860025,4.834133957720007,1.1235829180072445,12.57303985353047,6.235293089977232,-9.18771270160806,2.0340058972913457,0.0,1,4.834133957720007,1
p3568,1.0,0.4040153381782495,1.9261735663278603,1.0431101496692683,12.977677182507152,9.955443946208252,16.320438361835386,0.0,1.7502298573939572,0,1.9261735663278603,1
p3569,4.0,0.5793422080273591,6.556409761522881,1.4085025564591342,5.552758298134659,9.374964088364493,-3.0302916109052944,2.4312099773552465,0.0,1,6.556409761522881,1
p3571,2.0,0.3299692439551017,5.946572242641659,1.0590680596022433,9.900525850742124,9.575268297418347,-11.971906930565664,3.2095962851202846,0.0,1,5.946572242641659,1
p3572,1.0,0.2224453994544867,20.0,1.2167330297314372,12.249369892156645,9.244659350934242,55.82490897810145,5.4698053217341815,0.0,1,24.234642060115966,1
p3573,0.0,0.5823568398487626,12.47054543494109,2.2672121386935156,4.430193649269585,11.089365367598244,12.036335684007259,3.8931664978508844,0.0,1,12.47054543494109,1
p3574,4.0,0.7131372872230426,14.953874812599167,2.628685540418012,10.893783326956505,9.930762581926425,-38.16793900633591,0.0,9.163566484368701,0,14.953874812599167,1
p3576,0.0,0.16327322399929534,20.0,1.1411135196921807,10.823738736056233,9.614374824000654,71.37557689146212,6.9889813635155855,0.0,1,26.030055676961002,1
p3579,0.0,0.7127711167665715,3.4723854118231756,0.0,3.8105339165915204,10.12251856765872,6.311984651067199,0.0,0.0,0,3.4723854118231756,0
p3580,4.0,0.5391484792750969,9.260390497391214,1.1134067816272597,12.03631315963729,7.641799734490287,-1.0519278455378713,2.065120879361975,0.0,1,9.260390497391214,1
p3582,4.0,0.3998360231789803,0.539389986465037,1.0082442328222267,10.376849843064866,11.861314743726592,18.010885260934117,0.0,1.6799479338342636,0,0.539389986465037,1
p3583,1.0,0.4790147759776534,8.175291144819248,1.287011642078728,10.253455696466009,9.716306331876494,4.596627657865884,0.0,2.4703419266714643,0,8.175291144819248,1
p3584,0.0,0.1416262752545558,20.0,1.3461684909595926,12.115023477870883,7.05771693832393,-17.42314048815036,0.0,1.5682778400035566,0,23.321131543115005,1
p3585,4.0,0.09144678111826551,10.010632963657672,1.1632102626555856,13.545027647259143,12.313470840556619,3.2934881579730444,0.0,1.2802885273878486,0,10.010632963657672,1
p3586,1.0,0.10123796158525229,18.07391453582299,0.0,12.658396533121277,10.613762175757248,-2.0446343573640284,0.0,0.0,0,18.07391453582299,0
p3588,0.0,0.6299330438419439,9.42242557122277,1.4649413091613606,9.21310742115345,12.490601553775955,-3.8577050517318714,2.325550823983966,0.0,1,9.42242557122277,1
p3591,1.0,0.524885700324631,18.96354857806284,1.517750081324789,9.9935737595567,11.328577897610305,23.412148483960326,2.891582072794309,0.0,1,18.96354857806284,1
p3593,4.0,0.5313294547008426,9.040718407037446,0.0,6.771489717391399,7.544685692258307,0.7731959748669084,0.0,0.0,0,9.040718407037446,0
p3595,2.0,0.7882853363180335,9.866201780187396,1.2829067028234948,7.985884063718591,10.713287992064584,1.3488008654467412,1.6274648832309453,0.0,1,9.866201780187396,1
p3596,4.0,0.5840612543434834,11.109507614349896,1.9503381029822302,6.591413880038013,7.145504148430678,-20.63126564012026,0.0,4.6890031846007085,0,11.109507614349896,1
p3598,0.0,0.6886643723376855,20.0,1.21385085461465,9.037100957779701,11.005018228175404,17.82261623486977,1.7626160193160685,0.0,1,32.00790898514477,0
p3600,4.0,0.303831041064354,10.976039202884923,0.0,11.572000233510702,12.217098934001315,0.6450987004906139,0.0,0.0,0,10.976039202884923,0
p3601,1.0,0.2260128061499276,19.20092221083034,0.0,13.411706532075097,12.218254085036065,-1.1934524470390322,0.0,0.0,0,19.20092221083034,0
p3602,3.0,0.11285713817195456,19.20726057733144,1.3265306121610898,15.146851710952058,8.674124775245327,-12.54419173681401,0.0,1.4952840959883762,0,19.20726057733144,1
p3606,3.0,0.4775497690956712,18.239848045803484,0.0,10.566129908798228,13.49440424771136,2.9282743389131323,0.0,0.0,0,18.239848045803484,0
p3609,3.0,0.3365630722166126,20.0,1.2352386411137364,10.29043391741837,8.705300878343401,39.86816337558428,3.6701549964421964,0.0,1,23.548383018000475,0
p3610,2.0,0.6549242690967944,20.0,1.7605726430014499,9.525672232959838,8.95078552241498,29.127699762116002,2.6882079746860725,0.0,1,32.881746088075346,0
p3612,1.0,0.28425031208599094,18.69945009821044,0.0,11.38248288634233,10.77939180764969,-0.6030910786926409,0.0,0.0,0,18.69945009821044,0
p3614,3.0,0.22644063737684797,10.454647047762567,1.208103169657385,11.794464042288112,14.560249607176026,4.858239274398091,0.0,1.5617459086277334,0,10.454647047762567,1
p3615,0.0,0.5974877441637992,0.7850291691831772,1.0276804084605833,9.803187382194832,7.020626382311048,-13.507803740973614,1.7200024912625624,0.0,1,0.7850291691831772,1
p3616,1.0,0.456981803364509,0.10745486738222437,1.0053453628673525,8.045023411493268,10.654620031511064,17.305232563172922,0.0,1.8514027137514242,0,0.10745486738222437,1
p3617,0.0,0.4711354900913721,8.035883928050666,1.1096048281049373,9.374640753220124,7.975758747098051,-1.2572768999926967,2.355171392182194,0.0,1,8.035883928050666,1
p3618,2.0,0.4653208514365863,15.021958084609627,1.2429943306945157,7.139370712919999,6.488625251651667,22.14403001580185,2.6712629078559793,0.0,1,15.021958084609627,1
p3619,0.0,0.47762574106722344,4.3162767637063375,1.0468992710870586,12.929070598250226,10.534288672801964,-16.023930389468468,2.191882013619766,0.0,1,4.3162767637063375,1
p3620,0.0,0.5739525017432415,6.342206074753835,0.0,6.942697765901707,9.95689299214801,3.0141952262463025,0.0,0.0,1,6.342206074753835,0
p3621,2.0,0.7630670840860929,3.677162408125694,1.3093609963494053,2.4891645660574455,10.161494445795947,1.1071043088151074,0.0,5.526294188795533,0,3.677162408125694,1
p3624,4.0,0.9268772150453569,16.874766213723518,0.0,4.747741691919366,5.50409084559247,0.7563491536731046,0.0,0.0,1,16.874766213723518,0
p3625,4.0,0.42658600595584867,20.0,1.2142215640858611,14.833627220928,9.568619078776077,24.426560453407788,2.8463698929015786,0.0,1,32.25373365591551,0
p3627,0.0,0.16760382847883482,5.595478308133707,1.065373521552388,16.04714403841722,10.239891437081448,7.569704556951006,0.0,1.2798875799794558,0,5.595478308133707,1
p3628,0.0,0.528951236383883,9.193483196484166,1.6131704499053894,11.165139909011462,10.419166118119486,6.00623233229126,0.0,3.424635779789561,0,9.193483196484166,1
p3629,3.0,0.2206093173342056,5.207438101310835,1.0401599731308844,9.810775968572257,9.258455861194905,-19.65263089747113,4.714941262227491,0.0,1,5.207438101310835,1
p3630,1.0,0.27375320878064957,3.262696344125942,1.057697764388318,7.167320892134727,12.746164465494996,11.265495418348964,0.0,1.4563888986173277,0,3.262696344125942,1
p3631,1.0,0.5189884022584694,20.0,2.470271252156764,8.181565035218908,5.015454239954546,68.15704875239919,4.759781223254592,0.0,1,30.9801020935569,0
p3632,3.0,0.4708139833833327,4.177885517197984,1.1480269156022083,7.682989205732776,9.615474431797946,9.53652851152749,0.0,2.169420354192424,0,4.177885517197984,1
p3633,2.0,0.5591083719217651,1.44596421311912,1.0442080242636158,10.842338140920072,11.38220192130541,22.794242021040237,0.0,2.3684006630271606,0,1.44596421311912,1
p3635,3.0,0.6503286702016279,4.258985284651318,1.1457377234076935,4.3156600233239395,14.684218123148568,-7.9984355230640425,1.7617825814944759,0.0,1,4.258985284651318,1
p3636,2.0,0.5018167673115035,12.350297975824091,0.0,4.8925675307392495,10.009459895615612,5.116892364876362,0.0,0.0,1,12.350297975824091,0
p3637,2.0,0.3663823190023689,0.5244076186340976,1.0144540794272954,11.24817762465817,10.342108398400645,16.26323105640278,0.0,1.601050775335116,0,0.5244076186340976,1
p3638,4.0,0.5614708076920517,6.516437592743841,1.0595021187589388,10.591365514030626,11.220090177429642,-8.247123931233293,1.8870119412157238,0.0,1,6.516437592743841,1
p3639,3.0,0.4778645557173432,15.20454641972271,0.0,5.392086875227005,11.540916286994584,6.148829411767579,0.0,0.0,0,15.20454641972271,0
p3640,2.0,0.8345617244924214,5.227225003025838,1.2045049999464592,2.967437710120303,8.413208099717467,0.847509461630513,1.4432785072656387,0.0,1,5.227225003025838,1
p3641,3.0,0.8870998920079596,7.44412681854594,1.1752146739172882,2.8033433199438993,6.378418436818812,4.9869072449202285,1.3247827944800872,0.0,1,7.44412681854594,1
p3644,2.0,0.2854913332878668,20.0,1.2240475723372763,7.7008779454987275,12.1473309499484,38.1148673005562,4.287512192543666,0.0,1,27.808182312850775,1
p3645,4.0,0.2419236267488176,1.9671702414418912,1.0458138252047746,9.986400992171633,11.040049235995959,12.116679202898403,0.0,1.3795626167843287,0,1.9671702414418912,1
p3646,0.0,0.204781754554345,20.0,2.5109550462642787,10.257962426870522,10.927023800222404,-30.09207689937074,0.0,3.1575671969863985,0,25.44053474826491,1
p3647,3.0,0.36168759309081494,1.7736125074100084,1.0203981554539905,11.47735197925795,6.40326864705915,-18.135334742329615,2.821214149852749,0.0,1,1.7736125074100084,1
p3648,4.0,0.7807434329582266,0.5638299660181506,0.0,10.313385405228779,7.393505235984983,-2.919880169243796,0.0,0.0,0,0.5638299660181506,0
p3649,2.0,0.8632780286154879,5.816637240523576,1.4994420163985178,1.3006875571956729,7.701921735142014,3.126652073002434,1.736916690447109,0.0,1,5.816637240523576,1
p3650,4.0,0.3138559862718623,3.0496970801003354,1.0532618209736704,12.335165016452976,11.616826039221914,13.535270573475342,0.0,1.5350448300945043,0,3.0496970801003354,1
p3653,3.0,0.33741235271644304,8.05181026137948,1.180858880531419,12.402382023317905,12.247450958607677,7.598626251874693,0.0,1.7821927187635387,0,8.05181026137948,1
p3654,1.0,0.10167511003448859,20.0,1.3503861141998035,11.682344378426246,9.831725291246341,-14.353942527878909,0.0,1.503226871796514,0,22.79775523421829,1
p3655,2.0,0.780650002586051,9.820242246649121,0.0,6.010829570736137,7.256239432042931,1.2454098613067943,0.0,0.0,1,9.820242246649121,0
p3656,0.0,0.6873304668285803,1.5944695217493041,1.068240151919636,4.848485839137914,8.318011036220868,-6.980116358888343,1.554187110093658,0.0,1,1.5944695217493041,1
p3657,1.0,0.6537988804300349,2.2972729379057086,1.102260995655419,-0.9067549308760986,9.728115318656931,-1.893030862469324,1.6859328283499186,0.0,1,2.2972729379057086,1
p3659,2.0,0.3413261279385217,17.011697256014685,0.0,12.258643326981815,11.178170337973555,-1.0804729890082605,0.0,0.0,0,17.011697256014685,0
p3660,1.0,0.741903760916477,0.007804627674607998,0.0,4.194587660580922,9.298862266317622,5.1042746057367,0.0,0.0,0,0.007804627674607998,0
p3661,1.0,0.7911701468069781,20.0,2.550478799972426,7.262429748229701,7.2459378374588725,41.09851386943048,3.2236792683163094,0.0,1,34.42681582780996,1
p3662,1.0,0.6507129370653609,7.09760140344167,1.5628702757047388,3.8786081700546466,9.390347217265111,0.005064632020214788,2.401781471800915,0.0,1,7.09760140344167,1
p3663,3.0,0.311854730587135,20.0,1.7664781267626386,11.773232872722717,9.916490885338469,-22.97496343022651,0.0,2.56701339859507,0,37.64963892524762,0
p3664,3.0,0.42898767898711615,5.872362562038384,0.0,2.9252616324053617,7.194001266810774,4.268739634405412,0.0,0.0,1,5.872362562038384,0
p3665,4.0,0.7401452935512697,8.474065799617641,0.0,7.979671903119083,8.17105564449538,0.19138374137629732,0.0,0.0,1,8.474065799617641,0
p3666,1.0,0.41284191220868355,2.028299242679403,1.0333726907464946,9.501157848500982,8.225774484687163,-16.78810500684093,2.5030711761264803,0.0,1,2.028299242679403,1
p3667,1.0,0.5681331444260255,10.023757045794675,1.3184102873527248,8.098639784548393,12.788906677791005,-1.7265418366487717,2.3206009018971963,0.0,1,10.023757045794675,1
p3668,2.0,0.7531065549271384,3.980469349978023,0.0,3.322825796596008,10.135525774528993,6.812699977932985,0.0,0.0,1,3.980469349978023,0
p3669,4.0,0.477074804612821,19.339571791977043,2.009079652818524,7.706452905242427,10.55254450598448,-41.84837456827212,0.0,3.8420020120296203,0,19.339571791977043,1
p3670,1.0,0.579517117715527,4.936845333776082,1.1240591379587248,11.390814799639466,9.320079018323554,15.182388328745434,0.0,2.6732577836504063,0,4.936845333776082,1
p3671,4.0,0.12585948284001577,20.0,1.2359191356690622,13.203040937200027,10.351286483591416,91.8970034502865,9.81983325992274,0.0,1,23.79802037612247,1
p3675,2.0,0.7898215534286266,2.3137409998203324,0.0,8.396655563348586,8.015573644833605,-0.3810819185149814,0.0,0.0,1,2.3137409998203324,0
p3676,0.0,0.5805995452955998,1.557091978414723,1.0193418330654256,10.2429821640735,9.323401085638823,-14.554665407479396,1.7556710840110108,0.0,1,1.557091978414723,1
p3679,2.0,0.43990385882592814,10.347081533005536,1.1635248159422802,8.625980084039838,7.969822353329572,5.631579905558322,2.644952510868271,0.0,1,10.347081533005536,1
p3681,0.0,0.5599115386881448,4.834740265134571,1.2048550317104558,6.49963190410909,12.154682751219925,-10.096490113903865,2.1518667654776205,0.0,1,4.834740265134571,1
p3682,3.0,0.3984662839108346,17.770909533420173,1.5763157772640872,11.90854867075559,11.778081486272109,-15.492751413392613,0.0,2.6204944712200136,0,17.770909533420173,1
p3683,2.0,0.5575457968257795,7.600188753665778,1.1212990940057097,9.43122742559264,10.548524004086325,-4.812199552484585,2.0111336151926733,0.0,1,7.600188753665778,1
p3684,0.0,0.19876926855022964,2.6155955963002167,1.0418710001146547,13.222021768386137,11.435110600281739,12.005030915243125,0.0,1.300338291105563,0,2.6155955963002167,1
p3685,4.0,0.5092036762225283,11.624793990255148,1.244032487488002,7.28000230198458,7.538484325061034,10.241720979929832,2.443094081167522,0.0,1,11.624793990255148,1
p3687,4.0,0.5032143260852885,20.0,1.8226520627134666,8.692632299211562,10.582530332615486,36.00015607858262,3.622019422405216,0.0,1,26.220404031334724,0
p3688,1.0,0.44943692177147465,2.9834169940671904,1.094685051914388,10.279954728593644,9.499203100968195,13.72696075733038,0.0,1.988300878142088,0,2.9834169940671904,1
p3689,0.0,0.5930836060094407,1.6743262436836541,1.0740583070680898,7.784076223934499,10.685656440927037,19.028302603482977,0.0,2.639506107225084,0,1.6743262436836541,1
p3691,3.0,0.6288634385281655,5.104708532261053,1.285065941329849,6.3298435114242775,11.296516723158073,-7.686124413123796,2.0434737696589647,0.0,1,5.104708532261053,1
p3692,0.0,0.4870467440111891,8.765697613024427,1.1164060515438337,10.828921147860523,5.586703911202934,2.0446558410766382,2.2921948771270015,0.0,1,8.765697613024427,1
p3693,3.0,0.17758326526810903,15.542479010631833,1.474085562186209,11.621650191626523,10.037673160052673,-8.611602941671002,0.0,1.7923827421468546,0,15.542479010631833,1
p3694,1.0,0.7982812995919062,2.154727006980814,1.0541146578338672,7.092220587917572,9.5602127830031,-7.310805214895101,1.320480209636311,0.0,1,2.154727006980814,1
p3695,1.0,0.6140654486213071,10.515707256654638,1.3275480968431206,10.478858732381207,13.031480879229717,-2.8862288620075898,2.1619000056487736,0.0,1,10.515707256654638,1
p3696,2.0,0.4461141156713058,11.84572235108492,0.0,11.343008084583944,11.732291034674263,0.389282950090319,0.0,0.0,1,11.84572235108492,0
p3699,4.0,0.7978168035217161,14.017593267210133,1.1607331093309976,11.804112300648942,9.32754695801544,4.346920965686332,1.4548867662442047,0.0,1,14.017593267210133,1
p3700,4.0,0.5793112074471043,9.470846464845796,1.181004726113712,11.228589468910144,12.205521160750472,-4.598074796432893,2.0386360749313606,0.0,1,9.470846464845796,1
p3701,0.0,0.12930978650253402,16.33137161161025,1.381802058226126,13.078527805531103,9.318277082127677,-8.922576194219522,0.0,1.587019168017957,0,16.33137161161025,1
p3702,2.0,0.34541288047260227,20.0,1.867269021728216,13.69651376102018,12.039516508482826,-19.63826243758271,0.0,2.8525905353535776,0,24.664130991650566,0
p3703,4.0,0.6077947164323713,2.851831564913488,1.0506409037990159,6.636468963085039,7.890560300886534,-7.455912829781361,1.7286114462561633,0.0,1,2.851831564913488,1
p3704,1.0,0.6297860849661391,20.0,2.93306375221963,10.660706121511302,9.82249549062678,-74.82987662165759,0.0,7.922618878200088,0,22.3513143103373,0
p3705,3.0,0.36170432948595077,9.37146492698483,0.0,10.927487815339767,15.852503521527042,4.925015706187276,0.0,0.0,0,9.37146492698483,0
p3707,1.0,0.8344777917361574,15.73668771617408,1.8588361279835812,5.354032905812266,12.288021627002207,14.61604471283864,2.227544155628413,0.0,1,15.73668771617408,1
p3708,2.0,0.17831246879124066,9.664253465685567,1.2246127713518784,10.92945750511772,10.529153933948438,1.4853098356391998,0.0,1.4903630940466968,0,9.664253465685567,1
p3709,1.0,0.7176729446091646,0.9845153088416354,0.0,5.2625828824445815,12.73783959671544,7.475256714270859,0.0,0.0,0,0.9845153088416354,0
p3710,3.0,0.5986668885538473,20.0,1.9976623437240693,5.039624282863262,8.73856229289336,41.2766802800668,3.3368512304892386,0.0,1,21.27342449237445,0
p3711,1.0,0.5873455637934483,3.029228985956072,1.0464482574160583,12.137684191936616,7.572705747926074,-12.65989501998026,1.7816568676494893,0.0,1,3.029228985956072,1
p3712,1.0,0.7712923509024384,2.607209457428835,1.1263597527545812,9.204121471131918,9.309113479516219,-9.682159320772506,1.460353848234981,0.0,1,2.607209457428835,1
p3714,3.0,0.4706646924828526,7.882084505891493,0.0,14.39468165749505,7.25834851937535,-7.136333138119701,0.0,0.0,1,7.882084505891493,0
p3715,0.0,0.4417170275374653,10.595239835567275,0.0,11.597848135710345,10.35454366732025,-1.243304468390095,0.0,0.0,0,10.595239835567275,0
p3716,4.0,0.2159266103595053,2.966312339444565,1.027517437489192,10.380448963547869,10.253806185023722,-34.80521708421357,4.758642002384213,0.0,1,2.966312339444565,1
p3719,4.0,0.3959442294714291,2.6124859977903836,1.0814801789887072,12.306334980660857,9.747933405908084,14.797124263384044,0.0,1.7903647837721546,0,2.6124859977903836,1
p3720,2.0,0.4982244247613685,4.632415938127784,1.0551202481763509,8.586057343515163,7.44657453725832,-7.099198091079337,2.1177609842827665,0.0,1,4.632415938127784,1
p3722,4.0,0.42837279140265716,4.996277423054907,1.278765755120494,11.256754842850485,8.860397392869078,11.608721410389881,0.0,2.2370624349011057,0,4.996277423054907,1
p3725,4.0,0.7141935972439557,0.9523212566280412,0.0,10.34829577089571,9.287114104316775,-1.0611816665789355,0.0,0.0,0,0.9523212566280412,0
p3726,3.0,0.435266650716276,14.323941889611058,1.1814652413346505,9.75237456444522,7.80025724399775,15.75543422648861,2.714348180340552,0.0,1,14.323941889611058,1
p3727,2.0,0.3457476436605683,20.0,2.3582273931441593,9.348054700720384,9.894098762575382,-37.84848207417627,0.0,3.6044614441108576,0,39.95555840518479,0
p3729,2.0,0.1743987026165939,3.297936261480634,1.020960036992229,12.21993016849643,14.4251947599537,-62.93562279919361,5.854172202397367,0.0,1,3.297936261480634,1
p3730,4.0,0.4233870373819845,17.48651690806181,1.3240783544106238,7.9388977875141284,9.507925996579157,26.520853824501376,3.1273474091178315,0.0,1,17.48651690806181,1
p3731,2.0,0.2168003953604333,3.0982775047010445,1.0301227200262502,11.093784414057433,11.586612567434734,-39.83932524874343,4.7514798961213085,0.0,1,3.0982775047010445,1
p3732,1.0,0.2908410821869568,12.500180413263402,1.408746206055284,12.51005355823818,10.676195611020182,-1.8142449166606942,0.0,1.9865028425499887,0,12.500180413263402,1
p3733,0.0,0.6130685493749164,2.7061278608914887,1.0944113958393125,8.697540133721793,10.832344772305152,19.08113933937888,0.0,2.828437424952928,0,2.7061278608914887,1
p3734,4.0,0.640700710678879,20.0,1.866711441340633,5.920622869478941,9.805009210200845,33.58796811373933,2.91354670008511,0.0,1,33.56068813018475,0
p3735,1.0,0.341342196999696,4.9392602730924695,0.0,13.03085844150871,9.215069216605627,-3.8157892249030834,0.0,0.0,0,4.9392602730924695,0
p3736,0.0,0.4494490274966419,10.145836911664373,0.0,11.59907678032019,9.59209139486308,-2.00698538545711,0.0,0.0,1,10.145836911664373,0
p3738,4.0,0.23491716681354116,4.023125591930472,1.0652119351644573,10.639966769118393,14.613944336124353,13.186494028358133,0.0,1.3922831476011615,0,4.023125591930472,1
p3740,3.0,0.31976253432816354,18.57829900025595,1.3499326826824702,10.379449660993501,10.671394537137388,-15.978688898090748,0.0,1.984502105230575,0,18.57829900025595,1
p3741,0.0,0.7308604694869716,5.065010955488154,1.128766903829199,6.928749963053519,7.833200532897098,-3.370839870611488,1.544435567327288,0.0,1,5.065010955488154,1
p3742,2.0,0.7012060899211661,20.0,1.7797226113426188,10.054366793751738,9.480024235539274,26.12627942425209,2.538087784637903,0.0,1,28.995240496313954,0
p3743,0.0,0.6370813163108107,5.891187038512059,0.0,5.40078125835451,7.992957296503524,2.592176038149014,0.0,0.0,0,5.891187038512059,0
p3744,1.0,0.4717533481919936,5.935127049853213,1.1271387026435575,10.326041851505156,11.506410682394142,10.54942019356788,0.0,2.133735630478205,0,5.935127049853213,1
p3745,2.0,0.3772244298774543,20.0,1.6437007585934693,10.764778776488711,13.651812196810914,-21.487622329062773,0.0,2.639314766746603,0,30.38914330476384,0
p3748,4.0,0.6010959134644105,20.0,1.4620392743030906,13.912530538042379,10.165918601552333,20.17272091732618,2.432289492498196,0.0,1,33.28759090878316,1
p3749,4.0,0.5568455397276451,2.391530945613458,0.0,7.474637514887464,8.227462053409443,0.7528245385219794,0.0,0.0,0,2.391530945613458,0
p3750,3.0,0.6927495712930374,9.181561114701331,1.4193659915233057,3.8456439222794905,8.512679379282181,6.037498936082109,2.0488875783409255,0.0,1,9.181561114701331,1
p3753,2.0,0.7850799662007416,2.48334046503189,0.0,4.493144614498252,9.457504988233149,4.9643603737348965,0.0,0.0,1,2.48334046503189,0
p3754,2.0,0.5892240188487138,3.45303210784723,1.282478146909394,8.313587845630403,11.964381702737397,18.8258693278566,0.0,3.122086503974694,0,3.45303210784723,1
p3755,4.0,0.4976548382542067,15.168088285397701,0.0,12.496342903502036,7.014753877886544,-5.481589025615492,0.0,0.0,0,15.168088285397701,0
p3756,4.0,0.6774797406388662,1.372787942738505,0.0,4.083765415363183,11.344417005130287,7.260651589767105,0.0,0.0,1,1.372787942738505,0
p3757,3.0,0.7222608331315294,0.10226464766338969,0.0,7.195997291034507,10.142761818068463,2.946764527033956,0.0,0.0,0,0.10226464766338969,0
p3758,2.0,0.7260800260022815,1.6848183664025222,1.0753640872218435,8.623121518947714,7.951928508404869,-9.953124665486808,1.4810544963517072,0.0,1,1.6848183664025222,1
p3759,4.0,0.5181609783250837,19.260615934180287,2.0376184137514777,11.271381759196425,8.654604583668402,-36.40194179364548,0.0,4.228836441408441,0,19.260615934180287,1
p3760,0.0,0.4912727715691348,19.696573492874336,0.0,9.447520234434833,13.186724830431265,3.7392045959964317,0.0,0.0,0,19.696573492874336,0
p3761,3.0,0.4285043195383309,1.1839894583899448,0.0,8.66640419261927,10.083834894307426,1.417430701688156,0.0,0.0,0,1.1839894583899448,0
p3762,2.0,0.11032305557418583,18.92051059141432,0.0,12.317419034462002,9.613433592940833,-2.7039854415211693,0.0,0.0,1,18.92051059141432,0
p3765,1.0,0.7334090025137435,13.777348674112847,1.7324861001328689,7.788865408467789,8.680848650202497,12.931125685430109,2.3622372975990342,0.0,1,13.777348674112847,1
p3766,3.0,0.3097728069473733,20.0,1.3278069686714342,9.440436881834586,10.250451471379952,42.60037897069428,4.286389698812435,0.0,1,22.918425098672195,0
p3768,0.0,0.5810353743981342,8.182471056902012,1.4342521785013926,6.071132563631603,13.925916187977583,-6.322578123862937,2.4684420978448403,0.0,1,8.182471056902012,1
p3769,2.0,0.8473515911876046,0.6224935426692748,1.04285910940203,5.747541676908886,9.631474666958614,38.897092802834194,0.0,6.831771896710054,0,0.6224935426692748,1
p3770,4.0,0.21576952122973378,20.0,2.183281216516547,10.094193995006444,9.40020137534886,-28.271548925645973,0.0,2.783979041391123,0,21.73454865645234,0
p3771,0.0,0.5643055504831997,10.258938414216486,1.4302639125125605,8.163958283227633,7.525659112091036,6.289349768874906,2.534555811630532,0.0,1,10.258938414216486,1
p3774,4.0,0.8677241275804054,0.6194293285432465,1.0219430275042893,9.221336225617886,6.9596261795375085,-9.728737594277543,1.1777280301677375,0.0,1,0.6194293285432465,1
p3776,2.0,0.4181026037663646,20.0,1.8933573323716988,10.9389510035452,13.769530056177485,-26.65194427099633,0.0,3.2537649156476105,0,24.417324419143966,1
p3777,2.0,0.43380380059474877,18.813432923225164,1.2132346122957094,12.895003586703703,9.768221184941774,22.17028493924211,2.7967357838551767,0.0,1,18.813432923225164,1
p3779,4.0,0.6566989489712061,0.26034945999929515,1.057861203566473,6.998480551277274,7.548012086270857,21.31267060679952,0.0,3.081438872372535,0,0.26034945999929515,1
p3780,1.0,0.42722224491040584,1.1019199769379473,1.0224212275964708,6.255882756121834,9.40319495762749,-16.719162115983103,2.3931835005709643,0.0,1,1.1019199769379473,1
p3781,1.0,0.4258667478105564,3.4242743565249087,1.028726675257501,9.4710449855826,8.051750334213356,-12.597457778298848,2.4156069487611704,0.0,1,3.4242743565249087,1
p3782,0.0,0.5107547700474345,20.0,1.5638679536028761,11.529470588953153,11.012904911119243,-27.592536346512976,0.0,3.1964909576216005,0,23.230426188420388,1
p3783,1.0,0.7258356709118147,2.393457094392555,0.0,5.2853045013596,10.392956873870933,5.107652372511333,0.0,0.0,1,2.393457094392555,0
p3784,4.0,0.6015643758073634,2.1332688319178357,1.085818933708916,5.739349491671557,12.488767514011709,-11.942175079269873,1.8049920796118142,0.0,1,2.1332688319178357,1
p3785,1.0,0.18013127602010706,11.849187066180798,1.215294357196942,12.289451257162716,11.860666549589878,0.2238204855840642,0.0,1.4823035952603878,0,11.849187066180798,1
p3786,3.0,0.8012094215187118,6.018667893176235,1.0503264571065658,7.139146630239309,7.381726460327888,-1.5442894168448986,1.3109262433729831,0.0,1,6.018667893176235,1
p3787,4.0,0.522800394276415,3.4850497126138245,0.0,5.266239584512973,12.213084263194991,6.946844678682019,0.0,0.0,1,3.4850497126138245,0
p3788,3.0,0.40878301599798267,10.519294903566744,1.262494679360357,13.333095078054866,13.125808554295649,5.801349637245212,0.0,2.1354167987772983,0,10.519294903566744,1
p3790,4.0,0.5377462177029076,0.664073711074893,1.0368943736159077,7.145805341432419,7.182823404681109,-12.532581978169063,1.9282225322666386,0.0,1,0.664073711074893,1
p3791,3.0,0.6746163970213573,2.1995843427358697,1.0467728196664097,7.790964321688208,13.59949748112199,-11.880214508884166,1.5516563550608011,0.0,1,2.1995843427358697,1
p3792,0.0,0.16850101773046128,2.2212734186369607,1.0391194007435223,14.684837726814166,8.73089475828414,9.62170023874357,0.0,1.2496941342096333,0,2.2212734186369607,1
p3793,0.0,0.48318137151341606,12.440691405214405,1.2909335596724125,8.721873260578302,10.537462088637026,-7.473447751926056,0.0,2.4978464175192245,0,12.440691405214405,1
p3794,0.0,0.723284545046578,15.566991797412761,1.6024448388104302,2.8344183363858684,6.585092302663389,23.650170764108676,2.2155109628496708,0.0,1,15.566991797412761,1
p3795,1.0,0.45474167389078124,2.097271507870999,0.0,6.9052145856367595,13.527676610315025,6.622462024678265,0.0,0.0,0,2.097271507870999,0
p3796,0.0,0.10741005700176125,2.2769030451262102,1.011978013226564,15.759806996071799,13.242173298189737,-105.8283730731122,9.421631842258218,0.0,1,2.2769030451262102,1
p3797,3.0,0.4363092617807363,0.5767592074215273,1.0062868546800794,10.327153230559666,11.847382655350879,-24.47390183295859,2.306361434027455,0.0,1,0.5767592074215273,1
p3798,0.0,0.5281391082270975,9.503926833993905,0.0,9.339286665355482,10.522917426445076,1.183630761089594,0.0,0.0,1,9.503926833993905,0
p3799,4.0,0.6030334912910896,4.951636280260537,1.233686050959439,7.323532424514537,8.323602974311065,8.37141075934644,0.0,3.107783714479759,0,4.951636280260537,1
p3800,3.0,0.677599300137168,1.670801942623845,1.0912865617271903,10.330161357728349,11.160043655055498,30.140744733078307,0.0,3.384876528467484,0,1.670801942623845,1
p3801,3.0,0.4715161347829371,0.18360050315668525,1.0063292760745006,8.008378939703407,8.309638810960617,-17.041667855723965,2.13424144337662,0.0,1,0.18360050315668525,1
p3802,2.0,0.5807557184441831,0.6338288196400271,1.0141852172243635,8.307874370721944,13.101871739255564,-16.97919300257124,1.7463198122978754,0.0,1,0.6338288196400271,1
p3803,4.0,0.48629577527246654,13.72613271418177,1.962135964288363,7.801624349317708,12.078002822422897,-18.35277342766554,0.0,3.8195830788214202,0,13.72613271418177,1
p3804,0.0,0.5327524516718697,12.491685389130724,0.0,10.116143821798193,12.889269591055605,2.773125769257412,0.0,0.0,0,12.491685389130724,0
p3806,2.0,0.3822935287876033,16.773942358518983,1.1165731585531116,16.17471095767707,8.727613300431669,16.053993453657995,2.920722100879357,0.0,1,16.773942358518983,1
p3808,1.0,0.5942611448891201,3.1292139315860013,1.1006344889392192,7.18467363943624,9.813519179454609,-9.751194706049382,1.8521057592358332,0.0,1,3.1292139315860013,1
p3809,3.0,0.6224964643254518,0.6762420585106853,0.0,2.856792908214672,11.796981260162058,8.940188351947386,0.0,0.0,0,0.6762420585106853,0
p3810,4.0,0.831165474832283,4.384654749543218,0.0,5.073467857026624,8.53096311080688,3.457495253780256,0.0,0.0,1,4.384654749543218,0
p3813,3.0,0.6897758464098644,1.6717315181179362,0.0,3.45653090501242,8.584413627632483,5.127882722620063,0.0,0.0,0,1.6717315181179362,0
p3814,3.0,0.7801167954670662,1.3237539320827387,1.0543004239076577,7.231022412420438,8.159730376085996,-8.309873880249707,1.351464844794726,0.0,1,1.3237539320827387,1
p3816,4.0,0.1225210827536364,17.879974377386038,1.255977264701514,14.832165767525026,8.683775882179328,-10.510863154970936,0.0,1.4313475116221874,0,17.879974377386038,1
p3818,2.0,0.6319409284272953,10.806335489742185,1.294683035523647,7.326013740956098,9.268877589995139,5.092716265764295,2.048740597868397,0.0,1,10.806335489742185,1
p3819,4.0,0.5707475279911045,3.2398179176162767,1.2572439665748547,7.713445876637401,10.01450165077867,15.403931417134265,0.0,2.928914912687563,0,3.2398179176162767,1
p3821,1.0,0.8294389745023264,8.33341928346642,0.0,9.79830394700211,7.361359918169813,-2.436944028832296,0.0,0.0,1,8.33341928346642,0
p3826,2.0,0.3667661615869396,2.762574624007643,1.0254096251398375,11.819545470261362,8.881642586326233,-20.045673018173517,2.7958130616604624,0.0,1,2.762574624007643,1
p3827,3.0,0.6938441236440184,2.3630556620142946,1.0486608721528115,5.56520564158492,6.836065627422002,-5.48954969643796,1.5113781848368502,0.0,1,2.3630556620142946,1
p3830,1.0,0.5135993633215457,10.903818850421711,1.599611077741888,8.974748607757173,12.014027436667819,-3.3047961932368635,0.0,3.2886697860129352,0,10.903818850421711,1
p3832,0.0,0.2600296186780245,9.094865609802643,1.347325184783029,12.86722636152763,10.988897969549091,4.990320374484153,0.0,1.8207825864273093,0,9.094865609802643,1
p3833,4.0,0.4950375809666787,5.668771907877534,1.1668086537555804,9.83249332516506,10.26014652477453,-10.394263845896068,2.3570102525895282,0.0,1,5.668771907877534,1
p3834,2.0,0.7651614179710841,17.527875360424396,0.0,7.223481434348158,10.67117432084873,3.4476928865005716,0.0,0.0,1,17.527875360424396,0
p3835,4.0,0.8255347221350495,7.1619654867401055,1.3942255384515532,3.682950090332696,7.689755347538135,3.115433782293662,1.6888757081540071,0.0,1,7.1619654867401055,1
p3836,4.0,0.18407481476038154,19.563130755926537,0.0,10.501605922229286,9.475559355429784,-1.0260465667995025,0.0,0.0,0,19.563130755926537,0
p3837,4.0,0.7343565656754826,1.6757930370408491,1.1440618396952484,6.409597846365784,8.399386787608671,22.377138068413295,0.0,4.3067574495277405,0,1.6757930370408491,1
p3838,2.0,0.8001576660126403,12.20196964019745,0.0,4.088835746483429,9.823033553886297,5.734197807402868,0.0,0.0,1,12.20196964019745,0
p3840,0.0,0.3061484669857209,20.0,1.1707280663611372,13.39683846780615,9.479920225434027,36.31242791018258,3.824053335585513,0.0,1,24.157801557157956,0
p3841,3.0,0.6497635499773129,20.0,1.7930036793552493,8.484595689680095,8.25811576465976,32.17490922225261,2.7594710097509374,0.0,1,24.13503372670806,0
p3842,3.0,0.7302009817639383,11.28101611692235,1.276212407363023,4.557022218706098,10.728686750393365,7.137000936484281,1.747754986962755,0.0,1,11.28101611692235,1
p3843,1.0,0.589986476826734,13.561933093650028,0.0,3.135221266506154,10.563968134878289,7.428746868372135,0.0,0.0,1,13.561933093650028,0
p3844,0.0,0.5737621289353991,8.843372725790221,1.514228522427536,11.897962232749018,9.980378553641303,8.933978018571313,0.0,3.552543368906886,0,8.843372725790221,1
p3847,3.0,0.4245972440296788,20.0,1.6924517949132942,11.807006658780907,10.632011728675225,-25.27332630266889,0.0,2.941334182627011,0,26.262162381841655,0
p3848,4.0,0.4281422238609405,11.759913879106268,1.2184467963356613,13.785162050638766,9.360870036700167,-0.1091331591460678,0.0,2.130681521132922,0,11.759913879106268,1
p3849,4.0,0.5454729799942627,14.495676715736542,1.2876050414757283,9.896993457497945,13.04133579222295,6.577356936401999,2.3605294647028554,0.0,1,14.495676715736542,1
p3850,1.0,0.326063457168688,20.0,1.4583226525746138,13.102201053162117,8.412649904009358,-19.615609936258544,0.0,2.1638871909927513,0,27.4300381301384,0
p3851,1.0,0.550886262446227,7.215957017504747,1.1997943161031077,9.450095426551837,11.265697192927881,-7.0044679565304335,2.177934717005621,0.0,1,7.215957017504747,1
p3852,2.0,0.5474712792591586,1.5193325437039609,1.0259716846202624,11.774438775576582,10.762921464461039,-18.33418035528414,1.8740191924014962,0.0,1,1.5193325437039609,1
p3856,4.0,0.2963827212456164,9.033291999808178,0.0,14.522759564250542,7.981632898930212,-6.54112666532033,0.0,0.0,0,9.033291999808178,0
p3857,3.0,0.5680861297373494,2.1147531770193977,0.0,5.796996824672308,8.46843518022288,2.6714383555505714,0.0,0.0,1,2.1147531770193977,0
p3859,2.0,0.18949106774521007,2.579478914668853,1.0281649024530943,14.056637178439226,13.308408382924819,13.811032474907519,0.0,1.2685423460945677,0,2.579478914668853,1
p3860,4.0,0.5807271816572449,8.211976856443572,0.0,3.137085030828657,10.202176462673478,7.065091431844821,0.0,0.0,1,8.211976856443572,0
p3866,4.0,0.7791581249739973,10.635491865054911,1.5991028641222778,9.742772500989025,9.046872064674357,-7.1600281827716845,0.0,7.24094044181609,0,10.635491865054911,1
p3867,4.0,0.860614457716017,5.344239414106087,1.0914829350686042,7.152609851871334,10.327883427727192,-3.1452830294332124,1.2682600498779542,0.0,1,5.344239414106087,1
p3868,1.0,0.5301389788518347,20.0,1.5291076367059795,9.789342231251945,13.103227571445876,23.20660745612943,2.8843524013602866,0.0,1,21.007217454010124,1
p3869,2.0,0.7996256911937101,0.31146371134405726,1.0180669682560404,7.4234035399063805,7.690853277421641,36.40197747621579,0.0,5.08082585198209,0,0.31146371134405726,1
p3871,1.0,0.5342772324349144,15.52840558613573,1.380350860237908,13.297837025234628,8.41520999365365,-11.49378595764567,0.0,2.963889584902034,0,15.52840558613573,1
p3872,0.0,0.565774719897977,1.3643887946055906,1.203864809071149,5.785028914912811,11.824548093512123,18.295491638690816,0.0,2.7724429328211753,0,1.3643887946055906,1
p3873,1.0,0.7882964882984785,7.3426400691457,1.3606480935950203,7.033386366422476,12.521829017478689,-3.451155169718805,1.7260613408692846,0.0,1,7.3426400691457,1
p3875,4.0,0.41019958712712984,4.183340038995289,0.0,7.308620024161434,9.46453961525204,2.1559195910906057,0.0,0.0,1,4.183340038995289,0
p3876,3.0,0.25225017495535024,7.082492718538274,1.0362805185763502,12.62599618397951,12.141404530815224,-21.267339404226604,4.108145886359753,0.0,1,7.082492718538274,1
p3877,3.0,0.8093033188879634,0.4807545647414389,1.0151655996759628,6.3557680128282685,7.396169626535872,-7.634085830457435,1.254369747390716,0.0,1,0.4807545647414389,1
p3878,2.0,0.2911432838425631,17.301936415419707,1.9176518349363365,12.044543180429816,10.799292180416387,-15.467941642929016,0.0,2.705274269434201,0,17.301936415419707,1
p3879,2.0,0.2252843493436848,0.3734202742525647,1.0047141914709743,14.150802015027494,7.872649040023003,11.589474901807929,0.0,1.2968812371607716,0,0.3734202742525647,1
p3880,2.0,0.6380543843684323,20.0,3.3948817327455822,3.9276584082169346,9.255794742659031,62.49458962528561,5.3206776975695425,0.0,1,30.88353574776621,0
p3882,2.0,0.33009960057828613,2.4710687182678703,1.017837971794418,7.104239414016038,13.426073644379077,-27.457122107230177,3.083426850596956,0.0,1,2.4710687182678703,1
p3883,2.0,0.6099236622935238,20.0,1.193555177690805,11.214277664868957,12.567151697603956,15.898160803468155,1.956892725234868,0.0,1,22.46470074413547,0
p3884,1.0,0.8077175605552984,6.711012310363236,0.0,1.25418926247353,10.309701992055029,9.0555127295815,0.0,0.0,0,6.711012310363236,0
p3885,1.0,0.33570847714799223,2.7096098674188345,1.0672840468709979,14.0821682007799,7.83490994039405,12.024463813072193,0.0,1.6066501079056665,0,2.7096098674188345,1
p3886,0.0,0.8850298300227561,0.9109952037542526,1.0577327566433903,2.942113755545392,10.086071251402572,-3.821524289137871,1.1951379724864115,0.0,1,0.9109952037542526,1
p3887,0.0,0.32198187136890327,8.9784859550562,1.0927520876948025,12.848132935448302,5.687414749066372,-0.9240636812837639,0.0,1.6116856490268843,0,8.9784859550562,1
p3888,4.0,0.3838172702543021,10.628891124138606,1.6581263096970358,4.780127216296917,8.767546896644108,12.028599883016142,4.320093018738909,0.0,1,10.628891124138606,1
p3890,3.0,0.6712015442337015,0.09882482651568406,1.0158927055739755,5.4731995231895345,7.531022370635666,18.66309563879096,0.0,3.0897125207183027,0,0.09882482651568406,1
p3892,0.0,0.5616703509428127,0.1972884944924095,1.0084204190229593,10.631044035999679,10.86272527201728,-18.9169959305818,1.7953954972525035,0.0,1,0.1972884944924095,1
p3893,1.0,0.5199400132847312,6.024025902132712,1.3588712175342463,6.7217508669778825,6.217833449740011,1.4710823717896206,0.0,2.8306279530441563,0,6.024025902132712,1
p3895,2.0,0.431032591663536,1.5799021530139286,0.0,10.905291149612077,8.57793509792665,-2.3273560516854275,0.0,0.0,0,1.5799021530139286,0
p3896,4.0,0.8830680480382979,17.123340377693765,0.0,4.321361820976326,11.793406519189396,7.472044698213071,0.0,0.0,1,17.123340377693765,0
p3897,1.0,0.7671243272383936,20.0,3.648761633758605,6.218986666578157,7.890652746559223,59.26874663050319,4.756414969779346,0.0,1,21.33828947124006,0
p3898,3.0,0.5391527887290464,19.348937446813444,0.0,11.106261191879112,8.746785300651714,-2.3594758912273974,0.0,0.0,0,19.348937446813444,0
p3899,4.0,0.8739146253229576,8.430489166585117,1.4995047356330171,5.9681053889291915,5.563669334654191,-29.689007282291364,0.0,11.89277296810894,0,8.430489166585117,1
p3900,3.0,0.32510331250263025,3.4627793439630263,1.031963556107969,12.360451906061959,8.254230654327872,-19.31554992666812,3.1742634307966946,0.0,1,3.4627793439630263,1
p3901,2.0,0.5168121808036353,6.677958145486965,0.0,7.14171010091791,8.17081159690145,1.0291014959835394,0.0,0.0,0,6.677958145486965,0
p3902,0.0,0.4341339786691549,7.608884718736956,0.0,11.27941201101081,6.548451678009167,-4.730960333001644,0.0,0.0,1,7.608884718736956,0
p3904,1.0,0.4829020676859299,15.00889914408882,0.0,11.166624579047323,10.327898607525713,-0.83872597152161,0.0,0.0,0,15.00889914408882,0
p3905,2.0,0.574029912116803,2.803925880721602,1.1391386972046238,5.866717214423406,10.069977929613648,-10.215920045396444,1.984458776728055,0.0,1,2.803925880721602,1
p3906,1.0,0.19453952704457525,19.094406980594425,1.257841678047675,13.372442955889257,9.298695113186035,-13.009412685640692,0.0,1.5616429611155924,0,19.094406980594425,1
p3907,1.0,0.6722744948655537,0.7621231745662549,0.0,4.125177489861991,9.31993869260495,5.194761202742959,0.0,0.0,0,0.7621231745662549,0
p3908,0.0,0.35312970285839723,0.24414057339860595,1.0110963874290397,8.352049192920983,8.930251446884101,13.251341136717068,0.0,1.563058919070613,0,0.24414057339860595,1
p3909,2.0,0.8198276533256333,5.423929177534831,1.043246952495044,2.8480240714947507,7.710465871668216,1.9527784968605393,1.2725198378745943,0.0,1,5.423929177534831,1
p3910,3.0,0.6056136020787398,5.673352261907836,1.2245473988334568,8.920252550410035,7.520700427813265,8.681889132765132,0.0,3.1049432873137257,0,5.673352261907836,1
p3911,0.0,0.4654418086371154,20.0,1.3895858683389686,15.284402275365622,10.851867501947071,22.87939854475463,2.9855200855460065,0.0,1,35.42610685496936,0
p3912,1.0,0.5853743791033104,4.609938189514366,1.2044296346267798,10.107592843364,13.660890364447653,19.523217980220423,0.0,2.904860611416201,0,4.609938189514366,1
p3913,3.0,0.6818746552295979,14.946984842188403,1.3667453712530528,5.957260710122573,6.468155777054771,-38.11118911567322,0.0,4.296247984389494,0,14.946984842188403,1
p3914,0.0,0.08841406071456734,3.290318093732338,1.039632765425929,14.807476676163777,8.941710528509162,7.2691615765355575,0.0,1.1404659951653804,0,3.290318093732338,1
p3915,0.0,0.7452720160191133,1.6048714809176783,1.0370054339027406,6.565499364678644,7.087775301399674,-7.106886212391659,1.391445554928961,0.0,1,1.6048714809176783,1
p3916,0.0,0.559979820620765,9.731466543893031,1.2948237987380766,13.293574983899045,10.940500181795656,8.128950791160142,0.0,2.942646404455288,0,9.731466543893031,1
p3917,3.0,0.7020882130087078,5.361381046874649,1.2120569974782014,6.1040653407936345,11.49536594884535,-5.198165480545069,1.7263599858543253,0.0,1,5.361381046874649,1
p3918,1.0,0.16260406856244608,20.0,1.5813583039397787,11.859685222067426,12.894432852469077,-14.337615534378445,0.0,1.8884236769876204,0,31.338944029216627,0
p3919,0.0,0.8576583624193106,9.924230311378338,2.8034166367032443,3.8311088400081235,8.207342606444442,9.988202081868863,3.2686868799311597,0.0,1,9.924230311378338,1
p3920,1.0,0.3613458133063669,3.929199252763518,1.0701525777618734,10.543154320341232,11.276198450125834,11.815631877956426,0.0,1.675636987995247,0,3.929199252763518,1
p3921,3.0,0.2656774097210552,6.319428167485942,1.0757892488868543,8.574380360652164,10.686797009681605,-15.57206940227059,4.049231171052015,0.0,1,6.319428167485942,1
p3922,4.0,0.5142952685183645,17.961549900769363,1.3380799999129591,7.929923435525157,9.925416591227352,22.903694954079295,2.601773887144324,0.0,1,17.961549900769363,1
p3923,1.0,0.8576895740599966,7.840158252338336,1.17678996108543,6.073547371414834,9.548279486407033,1.1311103882481017,1.3720464800742838,0.0,1,7.840158252338336,1
p3924,0.0,0.5890818579511979,4.397224600119337,1.1605194745447394,13.495745969677296,9.828034123459071,22.028430909336876,0.0,2.8242108483176,0,4.397224600119337,1
p3925,2.0,0.5134478780495769,0.4117990020578933,1.0238702019045876,7.606810599655799,11.329452883439458,-18.04833187296455,1.9941073781314291,0.0,1,0.4117990020578933,1
p3927,4.0,0.4481421713553827,3.5074120296979605,1.060796696040871,10.604549277494307,10.344154525056032,13.381922802975456,0.0,1.9222282279590486,0,3.5074120296979605,1
p3930,3.0,0.11769048616011023,20.0,1.3494596623269937,9.71882301070087,8.822382041907872,-16.621119679240792,0.0,1.5294628938704569,0,32.53674941148575,0
p3931,4.0,0.30490810371102045,1.190501587880691,1.029446159110066,8.52756458506921,13.25370756502647,-36.00226308266412,3.3762505705185633,0.0,1,1.190501587880691,1
p3932,2.0,0.40140098374736294,20.0,1.2370471930090423,13.719673100501973,10.751075449033102,25.53496018068401,3.081824019115073,0.0,1,31.652896693045314,0
p3933,4.0,0.44464095914742,9.540580287128241,1.139878847626009,9.895124256709481,9.677191284804112,-0.5681480913185621,2.5635938934003693,0.0,1,9.540580287128241,1
p3936,2.0,0.2109634484826654,17.058145970957042,1.4007315757742964,9.333664187300386,9.989989786034482,-13.056506234029905,0.0,1.7752429505080074,0,17.058145970957042,1
p3937,3.0,0.48275367188456747,1.5755059934880136,1.0804489536968316,9.862901426692327,8.360057498772179,15.808265379131784,0.0,2.0888479916975085,0,1.5755059934880136,1
p3938,0.0,0.4959439955191848,11.897937975753402,2.4345096718886596,6.460755948463223,11.171042524573968,-21.550430716387922,0.0,4.829839641323664,0,11.897937975753402,1
p3941,3.0,0.6660311625678614,2.1777007444628276,1.1642201163642354,3.049596665037455,6.845189359343715,-4.363160895232738,1.7479964629216787,0.0,1,2.1777007444628276,1
p3942,3.0,0.7891852166928145,8.984810997739089,1.5172913384440123,6.490825971495295,11.617782535942416,-12.822932049459173,0.0,7.197272006456561,0,8.984810997739089,1
p3943,2.0,0.8311153087462658,6.729241446875624,0.0,7.123776684152194,8.039260079460977,0.9154833953087831,0.0,0.0,1,6.729241446875624,0
p3944,2.0,0.1366429311147537,20.0,1.525843840409163,13.721198080734782,13.006506328329964,-11.811457596958826,0.0,1.7673380984524858,0,27.27970092266856,0
p3945,1.0,0.45782061065571616,17.190701848179234,0.0,9.265863500354566,11.825771886753643,2.5599083863990764,0.0,0.0,0,17.190701848179234,0
p3946,0.0,0.09776050437123958,18.71524780188108,0.0,10.831926236181296,13.561707179074254,2.7297809428929583,0.0,0.0,0,18.71524780188108,0
p3947,2.0,0.6106701251382639,20.0,1.3187823621621164,10.053098061691582,14.16476104304897,16.713245896005358,2.159565873414106,0.0,1,24.978082168099387,1
p3948,3.0,0.43791070329130694,20.0,1.268958374878387,11.97468923421493,7.896704692772268,30.994412246986776,2.897756015874886,0.0,1,20.911777943916437,1
p3950,0.0,0.5181729534222154,5.265138696469969,1.0947820725894306,7.136539648600013,10.1203729960944,-7.274176906311809,2.112773477193406,0.0,1,5.265138696469969,1
p3951,2.0,0.6613584937609926,20.0,1.7270139527281543,9.388581977276024,8.098056445763632,29.7891729628074,2.611312879505071,0.0,1,20.591167800701093,1
p3952,3.0,0.15176071852344014,8.815303666942274,1.1721632536402269,13.727977650436285,7.0856610694478395,0.14639981816497372,0.0,1.3818780611053538,0,8.815303666942274,1
p3953,0.0,0.36420482957711897,20.0,1.1360136069476676,12.905919649679113,11.497997959429442,25.111193983200955,3.119161292470234,0.0,1,37.81450226715166,0
p3954,0.0,0.465805751713636,6.36991447101693,1.0475183283146134,10.023287755451056,8.600511154418022,-6.439011158773966,2.2488308151218317,0.0,1,6.36991447101693,1
p3955,3.0,0.44523501631109397,20.0,1.875185166382287,9.163435953501148,10.433458959469197,41.561184292923954,4.211674952969243,0.0,1,20.79156042848637,0
p3957,2.0,0.4604132822244929,0.3106150802668535,1.0382498991345839,4.265305995205795,11.715064284195837,15.059206980520063,0.0,1.9241576282953345,0,0.3106150802668535,1
p3958,1.0,0.2516516332317649,0.4542718106729909,1.012872113583527,14.78692642166635,10.235121571393059,14.847109898204428,0.0,1.3534767476778837,0,0.4542718106729909,1
p3959,4.0,0.35056100056328315,14.287638191171572,1.25016565838562,6.404600757093397,9.215124553015556,-12.364269667975968,0.0,1.9249932010087725,0,14.287638191171572,1
p3961,3.0,0.26728727389331514,8.226484862809606,1.383533406433577,8.142891112950416,13.295464468288461,4.994728757614486,0.0,1.8882344432381688,0,8.226484862809606,1
p3962,4.0,0.6005500833991962,20.0,1.9684395087753856,9.81904729244311,9.93540333899386,33.10536105222357,3.2777274755067,0.0,1,27.251998240178693,0
p3963,3.0,0.33702507494891515,5.545311747193924,1.2309057504491798,7.87949864683047,12.078124105602337,8.53237017342209,0.0,1.8566399782832417,0,5.545311747193924,1
p3964,2.0,0.4084979742801218,3.8773211822310034,1.1077524776712082,10.778154164305718,11.318680354598689,13.464260178498577,0.0,1.8727788401451975,0,3.8773211822310034,1
p3966,0.0,0.6184707637453879,10.89382140199617,0.0,10.787154435552505,12.563841651000331,1.7766872154478257,0.0,0.0,1,10.89382140199617,0
p3967,2.0,0.4753921857472648,7.513401713193754,0.0,6.335863813386259,11.080324479836266,4.744460666450007,0.0,0.0,0,7.513401713193754,0
p3968,2.0,0.5526883925498529,19.31797905298499,0.0,3.072352611605252,7.261519821536084,4.189167209930832,0.0,0.0,1,19.31797905298499,0
p3972,2.0,0.6457456455106032,2.025082593973646,1.060690157031515,5.572969596876201,10.048781931955386,-8.70377156137586,1.6425819738866492,0.0,1,2.025082593973646,1
p3973,2.0,0.5895650337879653,4.89781445358164,1.2311163970076882,11.447164165973666,12.11849314338713,20.316370176213226,0.0,2.9995407271701153,0,4.89781445358164,1
p3974,2.0,0.6790109285334635,14.3132984365894,0.0,9.769054276846044,7.918813177598481,-1.8502410992475626,0.0,0.0,0,14.3132984365894,0
p3975,0.0,0.5754856339925664,20.0,1.6057124529655946,7.978021494088654,11.807578254394341,26.68794425053983,2.79018685805515,0.0,1,23.82008640299135,0
p3976,1.0,0.8696863487531312,1.2486076188653958,0.0,7.296976397495974,8.868435763839294,1.57145936634332,0.0,0.0,1,1.2486076188653958,0
p3977,0.0,0.45966651124553615,20.0,1.9547985851626466,7.362924080446308,10.84059626439019,42.429366565132916,4.25264520546825,0.0,1,20.326601103275067,0
p3978,2.0,0.7463598818950757,2.023084409589241,1.164250546369073,6.031455841286881,10.870368711610194,23.23800787261175,0.0,4.590167182809201,0,2.023084409589241,1
p3979,3.0,0.12567964777982066,20.0,2.1058807686746506,13.536230978920019,12.496985395022907,-16.607826184911676,0.0,2.408591728794995,0,23.79836560860758,0
p3980,0.0,0.4139946351172693,1.3335140527367884,0.0,12.755760166224482,12.1835649830844,-0.5721951831400816,0.0,0.0,0,1.3335140527367884,0
p3981,3.0,0.7025208986792499,9.355095044105685,1.0644597927904789,6.761823904830205,11.38634921523156,1.546768622783389,1.5152001809365097,0.0,1,9.355095044105685,1
p3982,4.0,0.5798868844686099,1.2711030337545237,0.0,11.444716155159501,8.662065247875628,-2.782650907283873,0.0,0.0,0,1.2711030337545237,0
p3983,0.0,0.75774486411499,2.2642268677182704,1.0528159559912367,11.745682366584626,11.10299524798972,-12.923333049371482,1.3894069176184727,0.0,1,2.2642268677182704,1
p3984,1.0,0.5900432462729028,1.1941386299859342,0.0,12.640813137355039,12.955178608630995,0.3143654712759556,0.0,0.0,0,1.1941386299859342,0
p3985,4.0,0.13319957644086153,6.909071630375666,1.0932470255988171,12.231927458502827,11.468365776658224,5.949859474431892,0.0,1.2612442217204676,0,6.909071630375666,1
p3986,0.0,0.26197830707886804,12.67221799306601,0.0,10.97424045005149,10.409326037176466,-0.564914412875023,0.0,0.0,1,12.67221799306601,0
p3987,2.0,0.5710368883191195,5.934271587069222,0.0,9.094659844706205,11.426996832048829,2.3323369873426234,0.0,0.0,1,5.934271587069222,0
p3988,0.0,0.24527106511334612,4.220284369486024,1.0608793121290494,11.823878553968138,9.681162587322458,-25.762838970888254,4.32533414260989,0.0,1,4.220284369486024,1
p3989,3.0,0.4496709871119838,20.0,1.875952627152404,10.926100566248268,12.833922018253958,-29.023139995827407,0.0,3.4087838060868005,0,22.562281397833157,0
p3990,0.0,0.4792178872880566,1.5199502109119982,1.0878016113629134,8.405453647858854,12.17613398778512,18.15301327903509,0.0,2.0887845123908884,0,1.5199502109119982,1
p3991,4.0,0.40050777472232135,5.551576634597403,1.1375357626562117,8.431249896307936,11.042914697770676,8.07584128589222,0.0,1.8974987742823801,0,5.551576634597403,1
p3992,3.0,0.37869042816977716,15.450092021875102,0.0,5.237450859920929,12.63320358297159,7.39575272305066,0.0,0.0,1,15.450092021875102,0
p3993,3.0,0.6332772307698138,20.0,2.0724209554647928,11.549607146129004,7.896721422132391,-51.407682266994165,0.0,5.65119247930844,0,23.136852031421892,1
p3994,3.0,0.3495793315914082,20.0,1.835246350326792,12.530792405498861,9.364908892633796,-24.241222356541176,0.0,2.821629815081302,0,28.41382398359276,0
p3997,3.0,0.5191486645164235,20.0,1.6029569823055791,11.952485732807848,16.13970418973359,-22.639823984011848,0.0,3.3335812215090086,0,30.543449268648587,0
p3998,0.0,0.5630199139514513,20.0,1.4303781215874796,10.413700410589357,11.730894095659124,22.32523954200361,2.540546233167198,0.0,1,22.264537611472186,0
p3999,1.0,0.44568671304876606,12.277472118939867,1.1767421153395774,10.95845105152501,11.149764916540464,3.168787772095899,2.640289873776921,0.0,1,12.277472118939867,1
p4000,4.0,0.5108661259962742,10.172336579996555,1.3516129682374443,6.807288053592755,8.683134793414274,-7.422718476704528,0.0,2.763278194523794,0,10.172336579996555,1
p4002,3.0,0.36599474120469233,4.462090704692051,0.0,6.712357142078991,8.803914789757638,2.0915576476786466,0.0,0.0,0,4.462090704692051,0
p4003,3.0,0.8320601077909203,5.764011054702483,1.046040367556575,10.895705791080331,10.854875974763814,-6.440908563391788,1.2571692330422644,0.0,1,5.764011054702483,1
p4004,4.0,0.7270413201160271,20.0,1.6052473520913377,7.513033731699503,10.729702293519745,23.68472235008496,2.2079176350460514,0.0,1,22.377807086491526,1
p4006,3.0,0.1556898692482385,14.877719491517308,1.261817768905504,10.097315875889471,9.160486155173308,-8.081121853476098,0.0,1.4944955922558925,0,14.877719491517308,1
p4007,1.0,0.422394284207981,9.805855064450585,0.0,13.443336457943575,11.303637064952724,-2.1396993929908508,0.0,0.0,1,9.805855064450585,0
p4008,3.0,0.446650960391209,3.0909648298011305,1.0597247625951973,11.357112889673873,10.29905261897972,14.772529760723382,0.0,1.9151108734993123,0,3.0909648298011305,1
p4009,2.0,0.20536029625001645,20.0,1.3253406710161202,13.0186452941473,8.538553312293107,-16.123951817691847,0.0,1.6678510584881503,0,21.463869717271262,0
p4011,2.0,0.7285061378353789,15.179867344456486,1.4242131729919714,9.566401803890239,7.654675670137623,-31.35906429922206,0.0,5.245839304199059,0,15.179867344456486,1
p4012,2.0,0.5742298317036871,5.93331462259336,1.1564180415317193,9.326695171535714,10.691787916751966,-8.2178025759579,2.013859220968603,0.0,1,5.93331462259336,1
p4013,3.0,0.5488300286640604,0.6612019518483538,1.0399322096187928,7.7032973223626255,9.62378707123462,-15.06196467292305,1.8948165284435208,0.0,1,0.6612019518483538,1
p4014,0.0,0.5794564386878266,1.6239182857060779,1.2201508418551916,4.768752901885097,10.224094010141965,14.579657724717462,0.0,2.9013661225678886,0,1.6239182857060779,1
p4015,1.0,0.278397207111311,11.511839394925069,1.3535365190593407,14.932238689700915,11.632336115313915,3.1158643833748565,0.0,1.8757362532383253,0,11.511839394925069,1
p4016,3.0,0.11452854266155617,20.0,1.2516383223881913,10.971949087319366,11.97959154394629,-11.753756462710294,0.0,1.4135275756379255,0,20.047208834412963,1
p4017,1.0,0.8878493239378995,0.8424699882797048,0.0,6.454882182780352,7.571064640468183,1.116182457687831,0.0,0.0,0,0.8424699882797048,0
p4018,2.0,0.820213758815041,2.209742107172504,1.0588656161104841,3.0476632846794582,6.823677427543951,-2.1804056479436373,1.2909630016938785,0.0,1,2.209742107172504,1
p4019,3.0,0.2859119406048061,2.645142643894515,1.0513839578662136,9.566706737510454,7.808051581439666,8.432274877872274,0.0,1.4723449636683419,0,2.645142643894515,1
p4020,1.0,0.75247795659737,19.05663971246289,0.0,11.735542444918902,5.455591000280667,-6.279951444638235,0.0,0.0,1,19.05663971246289,0
p4021,2.0,0.19442996506224924,20.0,1.230768984173488,13.390850425735803,8.62626563605468,-14.862200086899017,0.0,1.527823691044558,0,21.834270601312,0
p4022,4.0,0.23536979507724418,20.0,1.7213540162801806,10.34304490917226,10.24709970108034,-21.83591614255553,0.0,2.2512241933394126,0,21.77852689580847,0
p4024,4.0,0.2236006942304637,0.45530302403815426,1.0083282456888285,13.536492641570119,12.614212784922886,16.06657224632494,0.0,1.298723785809434,0,0.45530302403815426,1
p4026,3.0,0.4093561114487095,0.3392310485805155,0.0,-1.3830811626067936,14.109098219384103,15.492179381990898,0.0,0.0,0,0.3392310485805155,0
p4027,0.0,0.9113414489407552,3.1744764834612478,1.2799161874094278,4.260327232668928,10.416572940988022,-4.014779100815394,1.4044310054119278,0.0,1,3.1744764834612478,1
p4028,1.0,0.5945896628736549,20.0,1.6062396156524816,11.511636998136618,15.838154730864296,-29.304457299324042,0.0,3.9620095211136688,0,24.398319798557335,0
p4029,0.0,0.7015204582964046,14.399219780269899,5.6286922228849825,0.3049335491378082,9.07737230296418,51.472606870996565,8.023561047034727,0.0,1,14.399219780269899,1
p4032,4.0,0.4748524467944638,3.5207425729127184,0.0,5.7159764285116195,13.927615731747949,8.211639303236328,0.0,0.0,0,3.5207425729127184,0
p4034,3.0,0.4070551645747652,0.7042800599988257,1.0342059183200867,4.857010370447841,10.709995330363501,13.09611789179043,0.0,1.7441857261112632,0,0.7042800599988257,1
p4035,0.0,0.5676635918547259,3.7902135881896775,1.127838992549269,6.541651080610929,10.461761030110512,-9.334978898203488,1.9868087521066538,0.0,1,3.7902135881896775,1
p4037,1.0,0.5365197749225463,1.5523585886537838,1.0800188429078497,11.536978709394411,10.323400280034631,22.05295439385754,0.0,2.3302371589367468,0,1.5523585886537838,1
p4038,1.0,0.18888428552879352,5.438147713340114,1.075568141698763,13.06157857664677,8.493945383244005,5.5413059144547105,0.0,1.3260353886744285,0,5.438147713340114,1
p4039,3.0,0.6479493159141299,14.501653810175982,5.974660736620801,2.8040356694249895,9.422548691964746,53.452314959862974,9.220876679515777,0.0,1,14.501653810175982,1
p4040,4.0,0.5232924447099875,20.0,1.5406507471616826,10.59240769090576,12.524797162949335,23.94049784912871,2.9441486548033815,0.0,1,23.637540290911268,0
p4041,0.0,0.4397576591646701,7.812875219922061,1.2478125629284207,10.29476892025535,6.473021623062059,1.7061071925462779,0.0,2.227272863860866,0,7.812875219922061,1
p4044,3.0,0.15856412257303718,4.6710337970457525,1.0923240104307383,10.826070163125205,10.27288815526237,7.437081050924472,0.0,1.2981666693022045,0,4.6710337970457525,1
p4045,0.0,0.5035201814842912,4.020163094398711,1.226826413301217,4.55528069401769,10.773370495904924,7.540392100896266,0.0,2.471049914916934,0,4.020163094398711,1
p4047,4.0,0.4336839944733104,8.016614974924249,0.0,10.237254972739642,10.364976872939463,0.12772190019982155,0.0,0.0,1,8.016614974924249,0
p4049,2.0,0.3515912457932329,13.625449025420467,1.1371416017324716,11.078532265691207,7.529479657623278,16.1669683507861,3.2342716587466245,0.0,1,13.625449025420467,1
p4050,1.0,0.6252145402575896,18.370431652180528,1.4139810130569215,9.94531472725557,11.525450266435865,17.060699555147323,2.2615932963976793,0.0,1,18.370431652180528,1
p4051,0.0,0.3595608749935251,15.990047940978975,1.465723306859568,11.730049927565366,8.962723016344665,-12.516853652536916,0.0,2.2886223680427853,0,15.990047940978975,1
p4052,1.0,0.6496002019230682,16.723834864306138,1.3058254836838354,10.220913590215313,10.978266105217465,12.307087385257384,2.010198703476517,0.0,1,16.723834864306138,1
p4053,4.0,0.8361091642199161,20.0,2.2768551835672417,5.869909797537427,6.449055043012381,37.48047414830759,2.723155397646588,0.0,1,27.982379062856136,1
p4057,1.0,0.29522804243690115,19.203252093163588,0.0,15.407493378328779,12.644442704469759,-2.76305067385902,0.0,0.0,0,19.203252093163588,0
p4061,2.0,0.8045286628300962,1.9815052532305373,1.1163914858417254,6.828608933695132,8.147076991803,29.001633059221508,0.0,5.711279730344081,0,1.9815052532305373,1
p4062,4.0,0.4684279175354,17.4339542755066,1.2951178793331493,10.945038103388029,13.352465950515551,-13.40211450701678,0.0,2.436391831054065,0,17.4339542755066,1
p4063,1.0,0.8802889990128154,3.0372884438584387,1.0542776146637274,5.698376668937955,10.840639438489054,-4.203416072543828,1.1976494263202522,0.0,1,3.0372884438584387,1
p4064,2.0,0.2113943018485269,2.358746283466836,1.0319059589910657,12.136834446742085,8.219910721895227,-32.527773013370044,4.8814275028589496,0.0,1,2.358746283466836,1
p4065,3.0,0.658659448002065,0.019751309905292388,1.000760287671078,11.21692101037255,12.313345371920162,-17.582334088410715,1.5193895581498444,0.0,1,0.019751309905292388,1
p4066,4.0,0.4479736860315426,6.8782323365235944,1.405357885410135,8.075307605851885,11.645106047655839,6.6173328194425185,0.0,2.54581683852563,0,6.8782323365235944,1
p4067,4.0,0.5440830531703336,6.353734802823178,1.1701120174679194,11.372889661220666,8.933570907144906,-7.9875474871244,2.150612871784481,0.0,1,6.353734802823178,1
p4069,0.0,0.33883962897307957,0.8659289757618691,1.0137459369827495,10.511878238372649,12.568505755057258,16.84659724539854,0.0,1.5332829694680428,0,0.8659289757618691,1
p4070,0.0,0.37703392370727923,20.0,1.4799647695242115,12.738368653238984,7.568251741828896,43.62801049521405,3.9252827835015274,0.0,1,30.743323263956853,1
p4071,4.0,0.2613059029818227,5.539022873674682,1.1079320891819133,13.812746038277364,12.479399214601143,11.076016440594556,0.0,1.499852366025676,0,5.539022873674682,1
p4072,0.0,0.12800070844770325,8.286048161875998,1.116106935523298,9.21917075266688,9.208997364792527,-8.057863271807344,8.71953717333761,0.0,1,8.286048161875998,1
p4073,1.0,0.48220846625339814,5.09352810729962,1.1357737828590564,10.645361240584448,12.089282266234212,13.621846133786082,0.0,2.193496240930977,0,5.09352810729962,1
p4075,3.0,0.5792373177070269,0.7813045670836075,1.1071839922142672,3.9402064861598665,9.660491705651786,14.032537671910921,0.0,2.6313740234295433,0,0.7813045670836075,1
p4076,4.0,0.5376909390009734,12.068995945704408,0.0,6.412111822686668,5.708165903707856,-0.7039459189788113,0.0,0.0,1,12.068995945704408,0
p4078,3.0,0.459759325062635,4.700464836585864,1.2056874510512727,11.130978109117736,9.819714461972483,13.040097729724843,0.0,2.231759856273427,0,4.700464836585864,1
p4079,3.0,0.8416359102754859,3.3820178564328622,1.1444074442311252,6.730476742951813,10.854626560681032,-6.036667852430252,1.3597417009648929,0.0,1,3.3820178564328622,1
p4080,2.0,0.6954928915494316,7.723946072709954,1.3190660469395659,7.079509055282011,11.997193226918712,-3.1869209217961947,1.8965917020387177,0.0,1,7.723946072709954,1
p4081,3.0,0.5827345293697714,0.11131755883550978,0.0,9.72222262975983,8.778271413870833,-0.9439512158889976,0.0,0.0,1,0.11131755883550978,0
p4082,1.0,0.5171419601275574,4.458103263844766,0.0,9.122207388321112,12.940114858562554,3.817907470241442,0.0,0.0,1,4.458103263844766,0
p4083,0.0,0.13556408337391393,20.0,1.264055327427447,8.860788608670719,9.726505361853265,-15.423032050207205,0.0,1.462289225974188,0,32.11667729275327,0
p4085,1.0,0.5959808291558724,10.473499179272988,0.0,11.661363105608087,9.741441732739911,-1.9199213728681759,0.0,0.0,0,10.473499179272988,0
p4086,0.0,0.15755359523306564,9.231917086825947,1.03081805909897,17.548694397280862,15.253338390438783,-41.691409216706994,6.542650185634311,0.0,1,9.231917086825947,1
p4089,3.0,0.5630540998099528,1.1417896204770124,1.0381127620296977,10.018073909247228,11.016285705752576,22.086827104643557,0.0,2.375838202345362,0,1.1417896204770124,1
p4093,4.0,0.43772256275883353,9.81978389441846,1.5916745340158351,5.429350590433585,11.519518032994533,-6.338111589112956,0.0,2.830763656150673,0,9.81978389441846,1
p4094,0.0,0.15687982366117878,20.0,1.3620342819920377,13.998814217667368,6.95845442246988,-16.73508778004347,0.0,1.6154687317608238,0,22.380334937118356,0
p4096,2.0,0.34671582194107514,7.847067289027555,1.4174011051920272,15.280474056924808,12.912670163471159,13.760122240415042,0.0,2.1696547272941618,0,7.847067289027555,1
p4097,1.0,0.5025345651511596,20.0,2.242504739339304,7.581851948569185,11.176652538743973,42.96800966038554,4.462389047139018,0.0,1,25.679561833120193,0
p4098,3.0,0.6008280040446474,14.955591272567203,0.0,7.413151636556775,10.701941469733836,3.28878983317706,0.0,0.0,0,14.955591272567203,0
p4099,3.0,0.760140758432658,10.583824031960267,0.0,5.518629779957418,14.33917761841655,8.820547838459131,0.0,0.0,1,10.583824031960267,0
p4101,0.0,0.47368591310728453,4.156144800063054,0.0,11.81361836207798,8.934928954745201,-2.8786894073327787,0.0,0.0,1,4.156144800063054,0
p4102,2.0,0.14739329952387345,15.071688595309142,1.4131825978617376,12.928483471318138,8.06636723408695,-8.414446031473757,0.0,1.6574847430504185,0,15.071688595309142,1
p4103,4.0,0.5389397727746145,20.0,1.6049542843501503,7.734827171925445,10.204157370532375,31.641197615337415,2.9779844899688723,0.0,1,20.517345491202487,1
p4104,4.0,0.6251430443181127,1.2242823680429495,0.0,7.64197722874309,9.091599743009658,1.4496225142665677,0.0,0.0,1,1.2242823680429495,0
p4105,3.0,0.6455465342788304,0.9376409071987934,0.0,5.525128325068017,10.708035011408676,5.182906686340658,0.0,0.0,1,0.9376409071987934,0
p4106,3.0,0.5321169207627986,20.0,3.1476085664167903,10.77187451129094,9.517452228074609,-63.3351602478909,0.0,6.727340025949209,0,27.905380719136367,1
p4107,4.0,0.5957977135019575,20.0,1.666099099809031,10.514856831549125,12.64004592008492,22.706692825948227,2.796417411567587,0.0,1,22.01167474206887,1
p4108,0.0,0.324741050223819,20.0,1.9913924286292395,6.737358776409457,9.260313231955136,-36.589630908985036,0.0,2.9490796520198654,0,24.118041755694197,1
p4109,1.0,0.45253963403806263,11.517553870143361,0.0,8.603205816679237,7.483758178226297,-1.1194476384529404,0.0,0.0,1,11.517553870143361,0
p4111,0.0,0.4175440405732295,0.5504436450713375,1.0073660158748976,10.631098926456898,9.966767114570427,-23.382137207063643,2.412598236324784,0.0,1,0.5504436450713375,1
p4112,0.0,0.1915213573148855,0.7208903103613071,1.006294783752085,12.081840005723478,6.956744801516524,-37.889628281159986,5.254217064145009,0.0,1,0.7208903103613071,1
p4113,4.0,0.2990670542762704,5.732283721472932,0.0,10.291386386291522,13.80921378390833,3.5178273976168075,0.0,0.0,0,5.732283721472932,0
p4114,0.0,0.5073231771422084,5.583730495186258,0.0,7.879099612350623,9.840004927524632,1.960905315174009,0.0,0.0,0,5.583730495186258,0
p4116,1.0,0.2633904352692729,0.5107008553082829,0.0,13.364002645310716,12.695590913648687,-0.6684117316620295,0.0,0.0,1,0.5107008553082829,0
p4117,0.0,0.1334832286335003,20.0,1.217012740862252,7.879359743557747,13.969907004427066,61.068989716333654,9.117345701936507,0.0,1,23.883396808248385,0
p4120,1.0,0.28816945555801665,3.444877072580758,0.0,10.067222602706412,9.529598005518467,-0.5376245971879445,0.0,0.0,0,3.444877072580758,0
p4121,1.0,0.4229053320425129,14.383908180200786,1.3072243874799272,9.630091407325548,10.15498882291051,-10.243362220408464,0.0,2.2651818844672236,0,14.383908180200786,1
p4122,3.0,0.26641316480161514,14.148495051294184,0.0,12.185446987318018,9.156870207332583,-3.0285767799854355,0.0,0.0,0,14.148495051294184,0
p4123,3.0,0.3575652323007333,10.78594946838025,1.0772237221337917,12.752009898481907,11.56803589892979,-3.5401372381477776,3.012663494161489,0.0,1,10.78594946838025,1
p4124,4.0,0.8368935322066081,9.850412016640254,1.8951644520687905,5.943920514760073,7.382124728035179,7.027696958575428,2.264522760824637,0.0,1,9.850412016640254,1
p4126,1.0,0.5582734491473841,1.0999395853420346,1.022423017121748,12.447938881512941,9.706227442322655,-18.503282780960085,1.831401831276824,0.0,1,1.0999395853420346,1
p4128,2.0,0.2858316407991901,5.275813216782028,1.203408198057321,13.960315865103016,13.777053114855843,14.450543898279214,0.0,1.6850483258653393,0,5.275813216782028,1
p4130,0.0,0.6891753411145193,6.906229455311563,0.0,9.828128960002566,9.844494846373825,0.016365886371259464,0.0,0.0,0,6.906229455311563,0
p4131,1.0,0.6813329408097403,12.575518786392864,1.2458023015016493,7.870114324364904,8.959069309117105,7.7015533374754535,1.8284780125573512,0.0,1,12.575518786392864,1
p4132,2.0,0.2166049383343701,6.625964240801385,1.0513252320795914,13.179037513410426,15.786543210763355,-41.85476688810327,4.853653107652951,0.0,1,6.625964240801385,1
p4133,4.0,0.796189335857471,0.8859804300657556,0.0,5.538055868510848,9.922903743553515,4.384847875042667,0.0,0.0,1,0.8859804300657556,0
p4134,1.0,0.6417462596761898,20.0,1.5492865998769023,12.704920080892041,10.300204755905602,-33.95266107285076,0.0,4.32455108068535,0,20.21271947112988,0
p4135,1.0,0.43541158828025933,9.93329438153874,0.0,12.752309263363957,11.937886101956686,-0.8144231614072712,0.0,0.0,0,9.93329438153874,0
p4136,4.0,0.7311183643019648,20.0,1.8706891672769383,5.248232522639163,12.264418610942988,26.8089706956418,2.5586680059158122,0.0,1,30.09602762743838,0
p4137,4.0,0.5428439533687383,2.910080938212658,1.0839384287867764,9.57170137800318,8.649532778342456,-12.382575169689837,1.9967771991566943,0.0,1,2.910080938212658,1
p4140,1.0,0.5707692850405067,0.40266823104734095,0.0,10.593827717050274,9.996239918231613,-0.5975877988186618,0.0,0.0,0,0.40266823104734095,0
p4141,0.0,0.15627540462483036,5.144849418849459,1.027192341561196,11.83466348079523,10.774326311905627,-38.06267650325361,6.572962290689133,0.0,1,5.144849418849459,1
p4143,0.0,0.40670569319737315,5.194185568947352,1.0935631178835914,13.802451837698012,15.107163340257253,-25.349616333081705,2.6888315953641895,0.0,1,5.194185568947352,1
p4144,3.0,0.6319255637789887,20.0,1.498100456593386,7.074327602201194,10.420293233093298,26.056493427411134,2.3706913321160332,0.0,1,29.285243699480393,1
p4146,4.0,0.3540514150191117,4.273922123358969,1.0837138141457543,10.534160814051788,9.936571666780187,9.90527022373277,0.0,1.677709092245814,0,4.273922123358969,1
p4147,3.0,0.48217767909283743,3.8737118368669914,1.0512741862738508,8.481478908171695,9.003451496371849,-10.66220934342418,2.1802630686922377,0.0,1,3.8737118368669914,1
p4148,2.0,0.18558314955156494,9.08972545691761,1.1204565309925452,11.264362064079647,10.877344069577076,-11.179748661688524,6.0374906541890665,0.0,1,9.08972545691761,1
p4149,4.0,0.3819659944784229,2.1283284324664664,1.059244439724351,9.032447236513816,11.492003511618746,-23.50720753726322,2.7731380673579498,0.0,1,2.1283284324664664,1
p4150,3.0,0.3337034661353745,20.0,2.653037531878105,15.96437524323082,13.80127027744959,-18.232022332324824,0.0,3.9817669716666044,0,28.99140639744332,1
p4151,1.0,0.6552724957273893,2.627074792434775,0.0,5.129087974488103,9.217849206344765,4.088761231856662,0.0,0.0,0,2.627074792434775,0
p4152,0.0,0.5075554927981367,2.1589334486889413,1.0445438438613346,7.226030654602488,14.631786517421014,-18.263244026249115,2.057989438953362,0.0,1,2.1589334486889413,1
p4157,3.0,0.3295724574715496,0.7299715031343664,1.0136947927494355,10.571485944073922,9.985272911215011,14.294279352528795,0.0,1.51201245242161,0,0.7299715031343664,1
p4160,3.0,0.33395231032603495,14.25638652676785,1.2218091182512367,14.080287938915125,11.233435474638968,-3.1698906846398476,0.0,1.8344168701333092,0,14.25638652676785,1
p4161,2.0,0.32688338481969537,2.5187977923023945,1.0641307460339848,9.8294154297902,12.614242855727774,-30.07971689103219,3.255383404148686,0.0,1,2.5187977923023945,1
p4162,2.0,0.792103571113933,0.34479161879334014,0.0,7.9911111333644085,5.791077808872518,-2.2000333244918906,0.0,0.0,0,0.34479161879334014,0
p4163,1.0,0.5881992519896331,7.456330713208306,1.1522729312096616,7.607182068444118,8.415811981013464,-1.0709785520026172,1.958984013175811,0.0,1,7.456330713208306,1
p4164,0.0,0.6565660073922548,5.4686822683581,0.0,5.220942239017622,11.793025392501127,6.572083153483505,0.0,0.0,1,5.4686822683581,0
p4166,0.0,0.5334029361216598,10.172485053218338,1.1174496947385588,10.803072911131013,12.493045865418129,-3.1714737975235545,2.094944776388873,0.0,1,10.172485053218338,1
p4167,3.0,0.25261985061758285,2.1645342713247753,1.0667079855782,11.870089814035747,10.083867600933436,12.066157476721598,0.0,1.4272629350132635,0,2.1645342713247753,1
p4168,4.0,0.7838417711537471,14.505173961170458,1.566850849769441,4.12812424308296,10.622910736747151,14.255188727986006,1.9989376777703136,0.0,1,14.505173961170458,1
p4169,4.0,0.685664235871377,18.224763652852285,2.6452562608560117,6.569919917639909,10.538675932750435,33.62127484198124,3.857946969473018,0.0,1,18.224763652852285,1
p4170,3.0,0.6549479465264447,9.927186657597915,0.0,5.333021711296115,12.926236330507715,7.5932146192116,0.0,0.0,1,9.927186657597915,0
p4171,1.0,0.6517979666343846,4.999086014196922,1.116019005955229,6.2400596971562186,10.402494760483068,-5.089368664963479,1.712216151452405,0.0,1,4.999086014196922,1
p4172,3.0,0.734838394129272,12.830658493320243,0.0,9.894814273515003,10.319302536198524,0.42448826268352136,0.0,0.0,1,12.830658493320243,0
p4173,1.0,0.8834864921581191,13.997832295230182,1.4678752077877208,6.550483201342357,6.13422874597582,12.648788186797791,1.6614574425491189,0.0,1,13.997832295230182,1
p4175,3.0,0.23895650101297586,0.7998814918627725,1.0149016232250463,12.606023920712234,13.28510328128628,-52.3484457609231,4.247223318565143,0.0,1,0.7998814918627725,1
p4179,3.0,0.6849924900148624,17.549956641355077,2.758005521351021,5.268459013366683,12.061451649176284,28.891522609566415,4.026329575220861,0.0,1,17.549956641355077,1
p4180,0.0,0.4860583969473361,1.515268865245668,0.0,2.437996129879056,11.868958973119268,9.430962843240213,0.0,0.0,1,1.515268865245668,0
p4182,3.0,0.245985702217928,8.887591564759276,1.0638579049793622,8.53072409702189,10.060115475213008,-3.5416303099247175,4.324876996455877,0.0,1,8.887591564759276,1
p4185,3.0,0.6707728596629401,2.4209996553722246,1.0361406093699952,8.94951854396193,10.606140798755838,-10.986938094899658,1.544696680021685,0.0,1,2.4209996553722246,1
p4188,2.0,0.6532792125840985,1.5947770968979709,0.0,3.529617255737649,8.96113513157285,5.4315178758352,0.0,0.0,0,1.5947770968979709,0
p4189,1.0,0.5951268260315806,8.950864854073792,1.3335781443559147,8.806133426121471,7.114581715628979,2.4232469394163614,2.240830165980701,0.0,1,8.950864854073792,1
p4190,4.0,0.5806680016962567,7.020213121864004,1.2071792695838415,14.6997796769388,9.183834043226945,-10.014003587443371,2.0789491862086598,0.0,1,7.020213121864004,1
p4191,4.0,0.7445881403976353,3.469398914938589,1.1130583211589047,10.815422684471525,10.633869469996785,31.83165438222543,0.0,4.357895999393913,0,3.469398914938589,1
p4192,3.0,0.6702517412590842,3.4885573774630148,1.0882708672936698,5.8636106818770015,7.890305292474425,-5.120312590128213,1.623674807989796,0.0,1,3.4885573774630148,1
p4194,4.0,0.5396171256067627,10.165573088587857,1.7213099177980842,10.494583064243573,11.546125822446772,2.281666999677391,0.0,3.738866090678739,0,10.165573088587857,1
p4196,1.0,0.27712266858687995,5.0856315904580285,1.0381659413075897,13.319043110009366,15.12647475440532,-35.80790111772054,3.746232477485389,0.0,1,5.0856315904580285,1
p4197,3.0,0.45728205278907513,2.3205069706463446,1.0543757482957588,4.99240525417738,9.13122358845552,-11.56495658217419,2.3057448720431144,0.0,1,2.3205069706463446,1
p4198,2.0,0.6816201931751134,5.79328806702202,1.4311039718451197,9.475778585999157,8.337810163538354,15.414673092548233,0.0,4.494958352155314,0,5.79328806702202,1
p4199,3.0,0.5000050657998556,2.6413018068724607,0.0,11.011363081249405,6.632570233145362,-4.378792848104043,0.0,0.0,1,2.6413018068724607,0
p4201,1.0,0.7122456611279662,20.0,1.257050389927202,9.476233146898084,14.420688698562124,14.79144491189497,1.7649112638137268,0.0,1,24.609261725086686,0
p4202,4.0,0.08800856381004839,2.1182096185652064,1.0201515268109531,11.690417872667044,13.4335104269187,-129.41825011782439,11.591502947517446,0.0,1,2.1182096185652064,1
p4203,3.0,0.3076860340366161,20.0,1.1153716025163507,10.711685467541857,11.178650348673077,32.4446363011693,3.625031620328975,0.0,1,29.17938388342818,0
p4205,4.0,0.5751925540539443,18.071711793298462,0.0,7.732056595835641,9.149751414412908,1.4176948185772664,0.0,0.0,1,18.071711793298462,0
p4206,4.0,0.5561698288817546,17.876234633746982,1.8720111618080144,8.372787360111841,9.524290498393162,29.263298910474184,3.365898444314958,0.0,1,17.876234633746982,1
p4208,3.0,0.538396543947809,8.246455168525282,0.0,9.671179969176952,10.19347434842707,0.522294379250118,0.0,0.0,0,8.246455168525282,0
p4209,3.0,0.6195323363828279,1.6664447076240936,1.0188898343878943,10.733629644444106,11.01594506852571,-15.0939778134067,1.644611224551629,0.0,1,1.6664447076240936,1
p4210,0.0,0.6408873956210355,1.7513890532253187,1.0336053388594064,14.528574505169162,10.780619688694037,33.02760509895815,0.0,2.8782207203416976,0,1.7513890532253187,1
p4211,0.0,0.6588254105433262,2.9129638043839297,1.1529816297371205,7.876894503729403,9.402553828027527,18.30100275402996,0.0,3.3794475478764787,0,2.9129638043839297,1
p4212,0.0,0.4057621035814663,1.2574315447738025,0.0,10.611266679755829,10.426044869850374,-0.185221809905455,0.0,0.0,0,1.2574315447738025,0
p4213,1.0,0.21366388763898136,5.749977703949217,1.064872272280998,12.172451029689842,6.785804142129805,-10.54906747768721,4.983866408348175,0.0,1,5.749977703949217,1
p4214,4.0,0.6614585931494182,11.962813212276654,1.7078410008085272,2.831912525417624,11.137019530331667,10.437250003494308,2.58193183745175,0.0,1,11.962813212276654,1
p4215,1.0,0.09065586218296123,4.568130276256564,1.0282058524183983,12.12562488281487,9.774448599638488,-61.40049577286037,11.34185730144266,0.0,1,4.568130276256564,1
p4216,1.0,0.4224079513788612,10.243672287238118,1.1966154583510948,8.16663623572073,12.519424047174242,-2.0940599015688592,2.8328431187078684,0.0,1,10.243672287238118,1
p4217,4.0,0.6338940254520589,15.40471051783579,1.113072976037123,13.054952544133716,10.50078623788813,6.0567771217972854,1.7559291164534003,0.0,1,15.40471051783579,1
p4218,4.0,0.4930740150793704,7.6721077220034335,1.3614050386520782,6.3046054052185765,10.802361712906999,0.8251796400496767,0.0,2.68560910103126,0,7.6721077220034335,1
p4219,3.0,0.6588890901986243,20.0,5.430314836711269,2.7883955407539056,10.45807655970913,86.31060738936235,8.241622023327603,0.0,1,39.154281940362864,0
p4220,0.0,0.12849875457778417,20.0,1.239523123507993,13.58411964505368,11.446751267306798,-11.262578581851441,0.0,1.4222849709267849,0,31.612050526077645,1
p4222,4.0,0.5784753520269621,1.579368176220525,1.0957494947190571,9.064048678312925,11.16748242787058,21.55979274953222,0.0,2.5994909194233995,0,1.579368176220525,1
p4223,4.0,0.3922378793951879,10.596546923887884,0.0,9.795837806702542,14.225635873658893,4.4297980669563515,0.0,0.0,0,10.596546923887884,0
p4224,0.0,0.2817095901068903,12.620936685938236,1.6579882840827231,8.883741225997086,10.706366891153564,-6.80372685545095,0.0,2.308242266981473,0,12.620936685938236,1
p4225,4.0,0.6553043102142039,19.660315687457175,0.0,5.914387137910599,8.589719477516246,2.6753323396056468,0.0,0.0,1,19.660315687457175,0
p4226,1.0,0.8186233122829546,8.056647547969973,1.2491733423490574,4.7258086187646775,9.818072874630875,2.404427824153704,1.5259440130838646,0.0,1,8.056647547969973,1
p4227,1.0,0.7616321279763149,0.5735293768292814,1.0408706485770371,7.491715371661407,8.825678203143447,-9.943685767484329,1.3666317508725236,0.0,1,0.5735293768292814,1
p4229,0.0,0.48205038905753533,11.814544848731266,0.0,5.475850483546505,12.731983867444084,7.256133383897579,0.0,0.0,0,11.814544848731266,0
p4231,0.0,0.3601570117305618,14.939527858690479,1.1300043377648201,11.063804902326916,7.391231605108128,20.010451693179313,3.137532523204605,0.0,1,14.939527858690479,1
p4232,0.0,0.427817468639049,11.207211272139196,1.0750436180752982,12.656027639201,11.788955701911059,-2.3289118162611935,2.512855824927327,0.0,1,11.207211272139196,1
p4234,1.0,0.5201429715206791,9.077714685496746,1.184090237244488,10.138793727943773,8.681139769070267,-0.5548627791642293,2.2764707053191673,0.0,1,9.077714685496746,1
p4235,2.0,0.14161714233226547,7.860201116944643,1.137833903584813,7.563739853129648,12.126305742311748,4.169590104478259,0.0,1.3255552501087449,0,7.860201116944643,1
p4236,1.0,0.8575001864958091,0.08403157253908762,0.0,9.365195345841885,8.103618194779125,-1.2615771510627596,0.0,0.0,0,0.08403157253908762,0
p4237,0.0,0.2874160402250592,4.810074176764456,1.0459152562661824,12.144465003281221,13.011108796126528,-28.97715761378911,3.639028828896208,0.0,1,4.810074176764456,1
p4238,3.0,0.3907008367676235,2.2408832749775804,1.027492553783631,13.411750150122113,10.063925180782563,-23.921411073360986,2.629870369063865,0.0,1,2.2408832749775804,1
p4239,4.0,0.40923842548068473,20.0,2.094099580004415,12.456033906604597,12.700183162287667,-26.497292485176704,0.0,3.544745749092297,0,22.41132766540156,0
p4242,4.0,0.35114414524433724,19.747522148180128,0.0,12.480369766300022,11.041404326934792,-1.43896543936523,0.0,0.0,0,19.747522148180128,0
p4243,1.0,0.38601405579161696,1.382331260045934,1.033659646437201,13.795366169356292,12.465204752776678,19.56747214751329,0.0,1.683523305683987,0,1.382331260045934,1
p4246,4.0,0.7828742259846514,20.0,1.2859932204941074,8.516458043155616,6.54420695291218,20.130991117229538,1.6426562247296665,0.0,1,31.222809580286246,0
p4247,3.0,0.46506251967774603,4.913510052756344,1.1146486077187985,10.704246381332585,12.518259288735505,13.880163483402585,0.0,2.083698840932436,0,4.913510052756344,1
p4249,0.0,0.7925115974173985,6.347335170939614,0.0,2.0449382902614333,11.982163025868912,9.93722473560748,0.0,0.0,1,6.347335170939614,0
p4251,3.0,0.6660757565497499,19.457262245184356,1.4449207598574396,11.14658298083934,11.042996411332965,18.149513416100074,2.1693039352491685,0.0,1,19.457262245184356,1
p4252,4.0,0.2242565681572227,1.8850290445539286,1.029274671152081,11.673485004144888,11.400409353745712,12.714478449751493,0.0,1.3268235719470298,0,1.8850290445539286,1
p4253,0.0,0.6869571919358217,11.270176314009257,5.833179006294217,1.6844204688105284,9.097156189570908,-171.20638062773546,0.0,18.633806163335755,0,11.270176314009257,1
p4254,2.0,0.5711440469894874,2.2486674349117575,1.090915190301079,3.5999441345201455,12.626686400755526,12.46409289073881,0.0,2.543779986363713,0,2.2486674349117575,1
p4257,0.0,0.4000645885300052,19.123109894100594,0.0,11.602980541296464,9.576628143058054,-2.0263523982384104,0.0,0.0,0,19.123109894100594,0
p4258,4.0,0.5822204290077131,1.5140488468322035,0.0,13.73160237522237,10.030516412277976,-3.7010859629443935,0.0,0.0,0,1.5140488468322035,0
p4261,4.0,0.4635464661524451,2.632333684344294,0.0,11.683218074423328,13.730612493878896,2.0473944194555678,0.0,0.0,0,2.632333684344294,0
p4262,0.0,0.5474911365068849,1.2519397275185609,0.0,5.05793649907434,10.477996472246893,5.420059973172553,0.0,0.0,0,1.2519397275185609,0
p4265,3.0,0.6284589720643887,0.5912735418980781,0.0,7.085635265412486,12.119512922271769,5.033877656859283,0.0,0.0,1,0.5912735418980781,0
p4266,3.0,0.5760643752159681,2.2658135157816734,1.0754506067534662,8.724265011269507,7.764914535819804,15.424612497816902,0.0,2.536825272236414,0,2.2658135157816734,1
p4268,4.0,0.30247355658461283,0.1533622043690229,1.0135707097095186,12.386845567704505,11.249936127165343,16.639478152857713,0.0,1.4530928816786413,0,0.1533622043690229,1
p4270,3.0,0.1791628839442582,14.530503706926657,0.0,10.155114170234004,9.865621770857514,-0.2894923993764902,0.0,0.0,1,14.530503706926657,0
p4272,2.0,0.6170424563449803,5.573531456748914,1.1560022047174099,11.186548284788751,11.300624863080948,-10.615383827979942,1.873456506647744,0.0,1,5.573531456748914,1
p4273,4.0,0.25826072269183403,4.361271945575915,0.0,13.451799678156675,12.5484033095743,-0.9033963685823743,0.0,0.0,0,4.361271945575915,0
p4274,1.0,0.2393328849821666,1.9876291342087904,1.045004337566249,13.812142836333452,10.929809893339392,-41.92676965418495,4.366321567736566,0.0,1,1.9876291342087904,1
p4276,1.0,0.21042502085890158,20.0,1.5385756459289992,12.227543120410404,9.680894014723316,-17.69215546023033,0.0,1.9486124643952947,0,33.9652754234184,1
p4277,4.0,0.4904552336598012,11.947743066276036,0.0,5.3646853105660925,10.751460573628123,5.38677526306203,0.0,0.0,0,11.947743066276036,0
p4278,0.0,0.3592434463304944,5.720881228115281,1.123352477160218,6.365707015548895,5.9649132118974615,0.7296927149834709,0.0,1.7531658017806702,0,5.720881228115281,1
p4279,1.0,0.91160769139738,2.913174097916426,1.2022584649219779,5.463311951194472,10.51486094729829,-4.973807797832611,1.3188331738174202,0.0,1,2.913174097916426,1
p4280,3.0,0.31797952863071494,20.0,1.3589857264753684,14.337156834791783,9.392481355174045,-16.228388147854726,0.0,1.9925878819252267,0,37.41984226698002,0
p4281,2.0,0.6067956421549101,4.270266155848944,0.0,8.83567649311268,9.726491524180524,0.8908150310678433,0.0,0.0,0,4.270266155848944,0
p4282,1.0,0.5937010398145472,8.477129082018713,1.3179756466082408,4.733034654086355,9.07855187820959,3.0103998072121785,2.219931511354491,0.0,1,8.477129082018713,1
p4283,1.0,0.2812474508064654,15.955544262188132,1.3544542587082866,8.563205327995506,12.558846477753615,-9.934862418496012,0.0,1.8844514154809349,0,15.955544262188132,1
p4285,2.0,0.34131819270893776,0.16622913452999663,1.0063151731047253,12.069762058864315,9.109694130007957,-29.32826252654439,2.9483197632036857,0.0,1,0.16622913452999663,1
p4288,1.0,0.35046866311082187,11.148295816327114,1.6240118096764486,10.645568052924189,11.007845548712936,-0.8946839138466376,0.0,2.500282461281055,0,11.148295816327114,1
p4289,2.0,0.5890854636428642,7.509990691083736,1.28640853404849,0.7902981880457354,9.756300050657808,4.060649908415897,2.1837383765904317,0.0,1,7.509990691083736,1
p4290,0.0,0.08437044681553237,20.0,1.1061463177563635,16.044718182203308,10.388970864352897,120.3505130435442,13.110589780030951,0.0,1,22.154378378373465,1
p4292,3.0,0.14705746988238252,9.490056442079066,1.1117137248881128,15.027430122737533,9.700697902953605,1.890605529540565,0.0,1.3033864365220618,0,9.490056442079066,1
p4293,2.0,0.8555100239032855,0.5665848549771315,0.0,4.091660326582455,8.058125560460098,3.966465233877643,0.0,0.0,0,0.5665848549771315,0
p4294,4.0,0.6599025562016355,0.7372364813596721,1.0210766708522088,7.270720625610985,7.725311647755007,-10.358157707969564,1.54731431369121,0.0,1,0.7372364813596721,1
p4295,2.0,0.3348462084804884,20.0,1.7656175622734747,12.86282766845614,10.87735041947026,-20.93074520687966,0.0,2.654450120835975,0,33.294802027101674,0
p4299,2.0,0.4187839273928572,1.2368191008260176,1.036188771534232,11.194407524042726,11.986267530777093,18.54419309245504,0.0,1.7827944208188056,0,1.2368191008260176,1
p4302,2.0,0.8458522704515644,1.8919461740811987,0.0,5.134669224188076,8.478213445578167,3.3435442213900908,0.0,0.0,1,1.8919461740811987,0
p4303,3.0,0.7429595090364693,14.681071961449483,1.2838124928237657,5.646405629974557,11.192792443971245,11.574032693120897,1.7279710094682263,0.0,1,14.681071961449483,1
p4304,3.0,0.796081167994374,20.0,2.032390131646576,4.215354622047973,7.868336739110648,34.62504085073327,2.5529936058742932,0.0,1,28.18248314848381,0
p4305,1.0,0.4806080649883445,20.0,1.6906273446065445,6.437781349738763,7.713815190181549,44.4949506950161,3.5176840918130345,0.0,1,32.500001625359744,1
p4306,0.0,0.49337165144810363,0.4693585026851707,0.0,10.838693813174602,7.622994951458633,-3.2156988617159694,0.0,0.0,0,0.4693585026851707,0
p4307,4.0,0.5019747955569799,0.006682783766442963,1.0,3.9873268523521705,13.521797980920645,17.527327781350913,0.0,2.007930504477935,0,0.006682783766442963,1
p4308,1.0,0.2665286558131712,2.0612222699871996,1.0322904707840124,11.336781410631337,9.641881967755376,-31.055505132299118,3.873093749092472,0.0,1,2.0612222699871996,1
p4309,3.0,0.4294596608683029,1.544551762542671,1.0388626649806358,11.008227720771199,13.838150928159687,-26.908285884415015,2.4189994070227963,0.0,1,1.544551762542671,1
p4312,2.0,0.6043080969343609,6.685674848518194,0.0,7.012322423298114,10.534391560835624,3.5220691375375104,0.0,0.0,1,6.685674848518194,0
p4313,1.0,0.5970035108162903,10.313099905768564,1.1687202071556013,16.62340315434621,10.38833037190532,12.065282475816408,0.0,2.9000754064207976,0,10.313099905768564,1
p4314,4.0,0.09651528342526422,20.0,1.20746830865732,9.431198873359358,14.214934264796764,-9.341010923366172,0.0,1.3364568171501978,0,22.804628656440162,1
p4315,1.0,0.41469042097844283,9.562861543204502,0.0,12.626016010882054,11.261109970065855,-1.3649060408161997,0.0,0.0,1,9.562861543204502,0
p4316,4.0,0.4975904377932087,2.5197688849775526,1.0833053025872776,12.49087845164922,9.557047887805872,18.56607047069978,0.0,2.1562195150684462,0,2.5197688849775526,1
p4317,4.0,0.387978314273502,10.17000961848386,1.0870266071731065,13.415632002869186,8.215532063951292,0.275899689767102,2.801771560888881,0.0,1,10.17000961848386,1
p4318,3.0,0.83006132235446,7.600791308137425,0.0,3.417945576082825,5.75647495124915,2.3385293751663254,0.0,0.0,1,7.600791308137425,0
p4319,3.0,0.8443021319262309,0.4105306684739225,0.0,2.962854050151969,3.892313570744259,0.9294595205922902,0.0,0.0,0,0.4105306684739225,0
p4321,0.0,0.34474333405154345,5.45086218332213,1.1559059277763442,11.259799608168237,13.304615499958377,12.292075557195277,0.0,1.7640506199249706,0,5.45086218332213,1
p4324,2.0,0.22499908637466084,3.5041395657956875,1.079663322765338,13.665636595510875,10.767128117770874,11.257598249994968,0.0,1.3931123225582192,0,3.5041395657956875,1
p4325,1.0,0.6293865250320441,4.306753364187892,1.2953351754008091,8.090113136802625,10.608787414122254,-10.451489615270829,2.05809168751247,0.0,1,4.306753364187892,1
p4326,1.0,0.5282093279528921,19.54646686728744,1.5099424710287797,5.84274428420436,11.519239815680125,28.62317672089615,2.8586062212885466,0.0,1,19.54646686728744,1
p4327,1.0,0.31511074570714037,20.0,1.5378742938808299,10.095147013233795,12.116529278792346,40.49606817796821,4.8804247866244115,0.0,1,35.439348391518664,1
p4328,0.0,0.3684987362083732,18.770222782618976,1.130258134667013,11.209995893665308,12.300583341084122,20.934244666971487,3.067196773309669,0.0,1,18.770222782618976,1
p4330,4.0,0.4314704561996163,18.872920687682612,0.0,9.518892628275704,16.431678790572008,6.912786162296303,0.0,0.0,0,18.872920687682612,0
p4331,1.0,0.40731977300598454,0.7820224972462217,1.0313295547431656,11.712085637691493,8.918322389123087,16.22576302974614,0.0,1.7401112906599114,0,0.7820224972462217,1
p4332,0.0,0.10945155251300487,5.410432533442639,0.0,11.434989577974212,10.114143386550243,-1.3208461914239695,0.0,0.0,0,5.410432533442639,0
p4333,0.0,0.42743791270214754,7.7915837764444476,1.1792788850317202,9.018064672698706,12.704446212259251,6.212505877749592,0.0,2.0596524135875023,0,7.7915837764444476,1
p4334,2.0,0.5984800228689724,2.2019591880580793,1.0905068969038547,10.150695379476508,7.527963335429566,18.965612576680126,0.0,2.7159467996980653,0,2.2019591880580793,1
p4336,2.0,0.5341231487764232,8.387190815387408,0.0,5.819795015357388,10.966532144821032,5.146737129463644,0.0,0.0,1,8.387190815387408,0
p4337,3.0,0.5656617882074243,3.176753026687512,1.0780206470237699,7.972979673242964,9.776513225325838,-10.774084218571467,1.9057689055504436,0.0,1,3.176753026687512,1
p4338,0.0,0.7664818601685608,4.130539838227986,0.0,6.232515615699007,7.746272026107387,1.51375641040838,0.0,0.0,1,4.130539838227986,0
p4339,3.0,0.7940450690633238,1.1564280883365408,1.0543380882944255,4.108368886983974,13.08944075564312,-6.86365817680611,1.3278063542893732,0.0,1,1.1564280883365408,1
p4342,4.0,0.42963511522503195,20.0,1.798717660944221,6.506520026019325,9.403769658688246,-39.65614273890402,0.0,3.1536262293810173,0,24.592012293439154,0
p4343,3.0,0.6281069470339083,10.831238410161157,1.2950841442836456,9.054678776578216,5.373539567090814,7.572006881816732,2.0618847640507476,0.0,1,10.831238410161157,1
p4344,2.0,0.42684204870140807,17.128428455547702,1.252465528491918,10.269358915598168,9.263644313522294,22.07160652147494,2.9342599500267705,0.0,1,17.128428455547702,1
p4345,2.0,0.43753001584422907,14.485888795532844,1.6110880368139222,13.907997405240906,15.282595171933696,-0.2806619479647401,0.0,2.864309353737436,0,14.485888795532844,1
p4347,2.0,0.6296162510232223,2.9443440058332757,1.0403683492023328,12.427039207653708,6.7898847164480784,-11.99146766909901,1.6523848415786215,0.0,1,2.9443440058332757,1
p4348,1.0,0.6178301547022091,10.000617478836856,0.0,11.150728626833809,9.880716134888893,-1.2700124919449163,0.0,0.0,1,10.000617478836856,0
p4350,2.0,0.3326836630491918,2.0502857468010456,1.016006432342082,5.864917897773321,10.751519097279976,-21.686717647499215,3.0539715206630142,0.0,1,2.0502857468010456,1
p4353,0.0,0.6887680215767874,0.20310228208169512,0.0,6.980740292231663,10.894141513946352,3.9134012217146887,0.0,0.0,0,0.20310228208169512,0
p4355,0.0,0.6186940986036418,0.8330845349175848,1.0247058159626434,6.228668189339154,7.641285880072167,-9.863396627764526,1.6562398417494972,0.0,1,0.8330845349175848,1
p4356,0.0,0.46967128120095786,8.889322063426393,1.1337654610453483,10.01646124820353,8.4937946017665,-0.567881048777603,2.413955262809107,0.0,1,8.889322063426393,1
p4359,0.0,0.6729531573227526,2.8360033992630984,1.0683006580147407,11.662999923384,11.640292815386053,-13.99935328945775,1.5874814560122152,0.0,1,2.8360033992630984,1
p4360,0.0,0.21028645246118072,10.25012892581809,1.240737224302719,7.860192074249352,8.904533270242005,-2.7105438819139205,0.0,1.5711231346727392,0,10.25012892581809,1
p4361,2.0,0.2476488321367753,19.656611248733306,0.0,14.45763710125333,13.504392797604531,-0.9532443036487983,0.0,0.0,0,19.656611248733306,0
p4363,1.0,0.36328065379092983,0.9860589769789005,1.0318483884749003,7.827549562573984,12.167980638953349,-27.420268885367367,2.840361515834353,0.0,1,0.9860589769789005,1
p4364,2.0,0.44373909391907507,10.277622945314778,1.132734276628906,11.769407162973463,13.829982080383552,5.098349275096474,0.0,2.03633630234679,0,10.277622945314778,1
p4365,2.0,0.7362916151868326,2.102474324128353,1.0357892508236075,12.7600551263534,7.627941874048203,-12.905147435954536,1.4067649684707844,0.0,1,2.102474324128353,1
p4367,0.0,0.5696496588438287,13.524113303347711,1.5514818712101532,6.031213690024716,9.452326285298156,14.510917783175158,2.7235720185614944,0.0,1,13.524113303347711,1
p4368,3.0,0.3855876533792324,20.0,2.3527427123839675,8.556441570558485,10.846479138120394,-41.53028740912143,0.0,3.8292568912781726,0,39.40116318529778,0
p4369,3.0,0.59984290640262,5.352840300198598,1.0908532940827829,10.330953249066548,9.52966196075932,-8.397112825222685,1.8185649649920046,0.0,1,5.352840300198598,1
p4370,0.0,0.6747180490880881,9.306229120214738,0.0,1.9589393453705877,12.755939388738888,10.7970000433683,0.0,0.0,1,9.306229120214738,0
p4372,0.0,0.3278919580988353,9.768379838359857,1.3192155613259007,11.04079018620201,10.862840317175923,2.319540752447997,0.0,1.9628028219901807,0,9.768379838359857,1
p4373,1.0,0.44809560748460575,6.6340463645979915,1.1595516110565012,10.583603603131621,8.642510089908363,-7.138460569565566,2.5877325992228957,0.0,1,6.6340463645979915,1
p4374,4.0,0.09716434324105533,2.8894458493848925,1.03182868673296,10.606053058097078,11.70210106068406,9.9151687612673,0.0,1.14287542700416,0,2.8894458493848925,1
p4376,4.0,0.6428186933893635,1.1956474955163907,0.0,5.676371431425568,13.083536517408605,7.407165085983038,0.0,0.0,1,1.1956474955163907,0
p4378,0.0,0.25290830269782144,20.0,2.477668987159574,12.41853652643548,9.939475283661071,-27.622369612504748,0.0,3.3164188493951676,0,24.360199687106167,1
p4379,2.0,0.4191116179980126,11.375907978548968,1.1423169696950506,13.40782848517066,13.7306358270484,-6.095162155611048,2.725567416030131,0.0,1,11.375907978548968,1
p4380,4.0,0.4203092341947276,3.334669361217308,1.1042797653805783,13.163749316326449,9.733562527678162,15.293682465430743,0.0,1.9049462757036981,0,3.334669361217308,1
p4381,2.0,0.41512629907949944,1.8495407445967007,1.0765195363544555,8.851726324001927,8.713214174357553,12.749722629155805,0.0,1.8406017139429944,0,1.8495407445967007,1
p4382,2.0,0.7132297663285051,4.038435377922543,1.2796415151507192,7.202103901264775,10.269484707390012,17.184472147208528,0.0,4.462253626422721,0,4.038435377922543,1
p4383,1.0,0.4386166963001991,4.200861528168657,0.0,10.125573162481345,12.699253353408567,2.573680190927222,0.0,0.0,1,4.200861528168657,0
p4384,2.0,0.25819743016962154,1.884988827633779,1.0356657452564397,11.159377216368672,10.078515300720937,-33.94623433803592,4.011138858260766,0.0,1,1.884988827633779,1
p4385,2.0,0.5583808824205981,3.815920019333775,0.0,11.923631522025824,15.854618969957857,3.930987447932033,0.0,0.0,1,3.815920019333775,0
p4386,4.0,0.36449793106321215,2.707959625073472,1.0225828462900075,12.090635731087973,11.764876434613694,-25.734539375682225,2.80545583155222,0.0,1,2.707959625073472,1
p4387,0.0,0.48428255737409603,18.507123447598854,1.2857493622943303,11.568368096737558,9.537444350165803,21.783188498236115,2.6549569930124934,0.0,1,18.507123447598854,1
p4389,4.0,0.5381582763041106,2.8103844666647206,1.1452461711663136,8.219118740153021,7.741188835585786,12.934310479429111,0.0,2.479737348114585,0,2.8103844666647206,1
p4390,2.0,0.3438492906932404,7.621003334499903,1.374042917509693,7.455692169142858,10.7914314543813,2.9895617490073128,0.0,2.0940965208456537,0,7.621003334499903,1
p4391,1.0,0.8039424212753928,13.319588220922503,0.0,9.647016665379327,11.19772742472832,1.550710759348993,0.0,0.0,0,13.319588220922503,0
p4392,0.0,0.29740501003232467,1.0491473706478338,1.0257502083027388,14.251841368441175,10.578424056948027,15.601792890357144,0.0,1.4599452358035332,0,1.0491473706478338,1
p4393,0.0,0.5556856240019742,2.994658022309008,0.0,11.503121228057546,11.509773152995098,0.006651924937552067,0.0,0.0,0,2.994658022309008,0
p4394,0.0,0.7274632655108446,2.725563963175459,0.0,8.935971508622965,11.160762133811646,2.2247906251886818,0.0,0.0,0,2.725563963175459,0
p4396,4.0,0.6268054708514488,0.016302730953998066,0.0,8.12224802845611,9.435794611346463,1.3135465828903534,0.0,0.0,0,0.016302730953998066,0
p4398,4.0,0.37961411971207243,2.3518867843781064,1.0539661765898085,13.391991575605893,10.96617355007925,16.330084398559528,0.0,1.6988880793042094,0,2.3518867843781064,1
p4400,1.0,0.267860996190385,14.06915813432286,1.2224448869366495,10.205775365775505,14.956126944914859,-1.7002984847356464,0.0,1.669689608907291,0,14.06915813432286,1
p4403,2.0,0.1705673700444693,3.3072807212045734,1.0529599595081258,15.822954972289102,7.938257750105484,8.003879350148013,0.0,1.2694942560489564,0,3.3072807212045734,1
p4404,0.0,0.1596728556091,2.7858127874358374,1.0657076243349142,9.610542891360941,12.076747410503891,11.121365731450156,0.0,1.2682056404442086,0,2.7858127874358374,1
p4406,2.0,0.17514947692307317,5.378761650989525,1.0900167540332664,12.16008838940887,12.083455472175862,8.88469953349696,0.0,1.3214718588856489,0,5.378761650989525,1
p4408,1.0,0.23223225022302454,3.4667146037776555,1.1614448717619752,10.469860679429521,11.928345234460666,12.052532166601955,0.0,1.5127554811977408,0,3.4667146037776555,1
p4409,3.0,0.6737366301019381,1.4019010896170774,0.0,5.776358782268266,10.215353987425953,4.438995205157687,0.0,0.0,1,1.4019010896170774,0
p4410,3.0,0.3239090760690061,1.1760392046015555,1.0769875135411346,3.17550415451745,12.491345879434125,12.500914484512482,0.0,1.592962537167647,0,1.1760392046015555,1
p4412,0.0,0.3859899541567989,20.0,2.088901099731593,13.810541390213153,12.424572397871747,-22.442899549514443,0.0,3.40206339272995,0,20.362337904988394,1
p4413,1.0,0.6295941853445636,3.629212470160809,1.1370172705230173,3.5474740283430988,12.03576737423157,-6.693546534505776,1.8059526231182579,0.0,1,3.629212470160809,1
p4416,1.0,0.4596374484036978,17.080064080851017,0.0,8.806892710709661,12.134297833745606,3.3274051230359447,0.0,0.0,0,17.080064080851017,0
p4417,4.0,0.7219722226196774,10.13345355874214,1.3755535269441812,9.325622868765578,9.731924515910832,1.1713237265723768,1.9052720919829615,0.0,1,10.13345355874214,1
p4418,1.0,0.19142662593033652,19.479001386170065,0.0,14.965530195612502,8.25520290825388,-6.710327287358622,0.0,0.0,0,19.479001386170065,0
p4419,2.0,0.4845494664777929,16.72344798148647,1.725188303331717,11.315803008548098,11.390367718577153,-18.02456459367921,0.0,3.346952211966992,0,16.72344798148647,1
p4420,2.0,0.22918817217933482,14.952371479271658,1.1500482454710708,10.545397432958703,13.192594174530429,-3.9279913742208095,0.0,1.4919961058753208,0,14.952371479271658,1
p4421,0.0,0.6765851004526986,6.633310193605777,1.1408976383871405,7.901767863998286,13.463489604618601,-5.955728990368394,1.6862588869068702,0.0,1,6.633310193605777,1
p4422,2.0,0.6354060627626898,1.6256263949859293,1.1257866625650212,8.33282039917422,12.285800418409758,24.6633341473583,0.0,3.0877821806243015,0,1.6256263949859293,1
p4423,0.0,0.8671163332671262,8.686251390654109,1.2391435451192319,7.781534698897102,12.658756353083113,-0.7996450974769145,1.42903956202783,0.0,1,8.686251390654109,1
p4424,1.0,0.6036198893774809,15.0622597524943,0.0,7.121252294340753,11.013578544628984,3.8923262502882316,0.0,0.0,1,15.0622597524943,0
p4425,0.0,0.5799400470686736,0.353130930984881,0.0,5.196758457039124,10.495856043823947,5.299097586784823,0.0,0.0,0,0.353130930984881,0
p4426,0.0,0.5757483844368205,2.3810707029471283,1.037517085510314,9.876863829517376,10.437813053632569,-13.957559326398934,1.802032126456041,0.0,1,2.3810707029471283,1
p4427,1.0,0.40674861085294345,0.12291833670318264,1.0047154845094055,5.452843013159338,11.797240740442854,-22.492510813340772,2.470114113979487,0.0,1,0.12291833670318264,1
p4428,4.0,0.19510880040139433,7.111356213404051,1.2072463519456085,10.587510279441936,8.10507541188117,2.73140560816805,0.0,1.4998876277286357,0,7.111356213404051,1
p4429,0.0,0.5404892238580327,0.7448535133904509,1.032367430850406,8.374820078924657,9.273190634486992,18.040360231777115,0.0,2.2466664210100107,0,0.7448535133904509,1
p4430,2.0,0.3127527660899546,1.930988222440704,1.0436865156196324,14.609391539533133,11.752460107718901,16.397098164423586,0.0,1.518647822969982,0,1.930988222440704,1
p4431,2.0,0.4906733661306018,0.44535570703451166,1.0113442337171306,7.813057693756432,11.255736312745206,-18.838979291424458,2.0611353774762304,0.0,1,0.44535570703451166,1
p4432,3.0,0.4622454104037807,8.587458038471713,1.7696693283860956,9.34007452778001,9.741662982644623,2.8783359209654193,0.0,3.290849325367687,0,8.587458038471713,1
p4433,4.0,0.4222756483182545,10.226325672483423,1.1877637160273022,9.992860798574835,12.155285717028335,-3.263293471184957,2.8127686755266694,0.0,1,10.226325672483423,1
p4434,3.0,0.20028296243425717,0.13751975270326197,0.0,14.444427380824195,13.96493910716566,-0.47948827365853397,0.0,0.0,0,0.13751975270326197,0
p4438,0.0,0.5290437317370126,1.1314169000135497,1.043129270661437,10.98227144137799,11.144098747246035,21.980657217666383,0.0,2.2149174795120077,0,1.1314169000135497,1
p4439,3.0,0.26793762302744895,7.052742789976676,0.0,8.753596490427457,13.033374112332504,4.279777621905048,0.0,0.0,0,7.052742789976676,0
p4440,1.0,0.32205341006384797,20.0,1.3109552963477387,12.468766440075932,11.030086426568367,35.07438067583705,4.0706145483379235,0.0,1,24.798527024993014,0
p4441,1.0,0.5350126409701658,4.512255581895288,0.0,9.304524552089175,8.733821492190554,-0.5707030598986211,0.0,0.0,1,4.512255581895288,0
p4442,1.0,0.6147861301697372,0.6875055619856215,1.0233822261543628,3.4436342010570744,6.589144657234457,-6.678446622340121,1.6646150196521443,0.0,1,0.6875055619856215,1
p4444,2.0,0.7303216611869588,6.681367512849979,1.1655567520793602,9.65283592371373,7.448587026514747,-3.4286927717318125,1.5959498588403271,0.0,1,6.681367512849979,1
p4445,1.0,0.4403902954212926,14.785245490292992,1.3827959478420868,13.62510567300432,12.76315162015931,-3.728660303918258,0.0,2.4710006572939993,0,14.785245490292992,1
p4446,4.0,0.5365127794138781,3.5031210484482687,1.0501954585252329,11.468795318446338,6.022836990187208,-10.37816934041571,1.957447238577496,0.0,1,3.5031210484482687,1
p4447,2.0,0.5432079047686726,20.0,2.329003442549217,8.334737186633141,11.62814846819413,39.187717801990104,4.287499173159184,0.0,1,20.76331811988238,1
p4448,4.0,0.6862641642767292,0.8195017432267475,0.0,6.081920825137455,11.99689372873806,5.914972903600606,0.0,0.0,0,0.8195017432267475,0
p4449,3.0,0.4770769722548863,8.277670507804645,1.3516132445408238,9.241636083093038,8.046833821408727,-0.5408157127549548,2.8331135710710886,0.0,1,8.277670507804645,1
p4450,0.0,0.13767956626957856,3.155591177105334,1.0586901057290636,11.624938378500648,7.958522086077008,6.73159091391427,0.0,1.227722392184471,0,3.155591177105334,1
p4451,2.0,0.6217839832914857,1.195369772188478,1.0391211146131927,8.382717325724537,9.287547188623355,20.6515467416255,0.0,2.747427577648115,0,1.195369772188478,1
p4453,2.0,0.3769288288680341,10.95751377651851,1.1989333068840455,7.004874476046684,13.976841910431276,-2.6318961783597885,3.180794927479007,0.0,1,10.95751377651851,1
p4454,2.0,0.8839725953891305,1.1172978062877874,1.117354442180605,3.7959375224987557,7.503211737603135,-4.364615497039012,1.2640147986587054,0.0,1,1.1172978062877874,1
p4455,2.0,0.6890774623634525,12.55569306594841,1.7575477404807358,1.8527412240260976,9.14668859532875,15.988888697748347,2.55058079312674,0.0,1,12.55569306594841,1
p4456,1.0,0.5148600261595194,13.11752219571807,1.5557863762718793,7.312047495778068,12.450178812340154,-13.479337729448911,0.0,3.206881436621092,0,13.11752219571807,1
p4457,4.0,0.6329696722243,14.549214065535917,4.457376454531059,2.815378571786438,10.961361015671672,-134.35483586217774,0.0,12.14443635092481,0,14.549214065535917,1
p4458,1.0,0.4438297997349025,0.3310497182625337,0.0,11.085017736051983,8.044104485031148,-3.040913251020834,0.0,0.0,1,0.3310497182625337,0
p4459,1.0,0.41587689205537276,8.67725090394348,1.0719688308289066,12.175050645827486,8.924571308989469,-3.887975121051918,2.577610950036092,0.0,1,8.67725090394348,1
p4460,2.0,0.4094343438260765,4.17526244388338,1.213279087734736,8.751896816589317,13.198784941059436,13.849288549490428,0.0,2.054435565378393,0,4.17526244388338,1
p4461,2.0,0.812182910375818,0.35613598560366455,1.0277895377985558,7.56731770197588,8.632594333093342,40.52695255252591,0.0,5.472289767960631,0,0.35613598560366455,1
p4462,2.0,0.29325633328465905,2.766359923202183,1.1179161276331575,12.666619860403658,11.325390976704549,14.31884813261994,0.0,1.5817844294647592,0,2.766359923202183,1
p4463,1.0,0.48989383417041693,16.23740462769586,2.3476660849081115,10.279157615673295,9.279172523571923,-28.421677619345957,0.0,4.602308778389522,0,16.23740462769586,1
p4464,4.0,0.7064823985046571,4.6698937296788054,1.4473151045472858,5.198396232618954,9.32314463367116,-5.408001930521767,2.0486216041768026,0.0,1,4.6698937296788054,1
p4466,1.0,0.36980557861930546,6.980859674222852,1.237501629980764,8.944011409428057,8.502380020869845,3.4133749234516917,0.0,1.9636822986619251,0,6.980859674222852,1
p4467,2.0,0.7989951259213033,3.422671921967051,1.0873884977365846,3.8520977561468475,10.689556492616324,-3.0523721775701365,1.3609450952316404,0.0,1,3.422671921967051,1
p4468,0.0,0.6974901778782105,3.7578061749212686,1.1562613287005632,3.660460770633021,9.514112267072898,-3.6888400562950263,1.657745679255227,0.0,1,3.7578061749212686,1
p4469,4.0,0.5549002842149822,1.4496283467689726,1.017079470299456,12.945656634419656,11.322676980817706,-19.71933923497253,1.8329049366740169,0.0,1,1.4496283467689726,1
p4471,3.0,0.5239663934906408,15.935242093663335,1.393905252051721,10.900381878664787,11.61414240611226,-14.029144177316796,0.0,2.9281656441714174,0,15.935242093663335,1
p4474,3.0,0.2562829701886972,12.292113017120556,1.6057110421718621,13.476246756031324,8.647373319060662,-2.2722873380081388,0.0,2.159034925661533,0,12.292113017120556,1
p4477,4.0,0.3070551450175126,3.590783288895421,1.1362485758717369,10.005518533834557,9.853393466586866,10.36636530647842,0.0,1.6397388157250303,0,3.590783288895421,1
p4479,1.0,0.09352191254085203,20.0,1.3975698113907937,10.511472833169474,13.728994709703564,-11.411490458550496,0.0,1.5417579649478044,0,20.02039234527918,1
p4481,1.0,0.9217237525970142,1.1654250775123256,1.1368222587069678,5.457068035800736,10.221253012851932,67.09261030750702,0.0,14.523208462642842,0,1.1654250775123256,1
p4482,4.0,0.8839860821668674,20.0,1.4986205418294922,7.640912902813752,8.218025640974748,20.551079697530614,1.6952987971892097,0.0,1,21.15947051547692,1
p4484,3.0,0.5095007682490498,0.4794947674183808,1.0102224608853623,9.458417954850663,8.828092230507039,-17.18366813261279,1.9827692593224002,0.0,1,0.4794947674183808,1
p4486,0.0,0.6132864615042751,1.8041439637627656,0.0,6.945082366347341,7.239056743663265,0.2939743773159238,0.0,0.0,0,1.8041439637627656,0
p4487,1.0,0.10324366605944764,5.431271748195407,1.0615748749725875,15.084142661701806,12.28530688355731,8.628176048026104,0.0,1.1837941197557924,0,5.431271748195407,1
p4492,0.0,0.4823270086819707,0.23868361769901253,0.0,4.575087199876314,11.59928885922861,7.024201659352296,0.0,0.0,1,0.23868361769901253,0
p4493,3.0,0.3834216112365971,20.0,1.9565603748435476,11.46948659194103,10.984784512922433,-27.554195294234628,0.0,3.1732548699405205,0,20.23038498393329,0
p4495,1.0,0.5323952761794116,20.0,2.363261306870763,4.335651199822625,10.51156485158382,-72.99127079052039,0.0,5.053972268632394,0,34.04328750987774,1
p4496,3.0,0.8707950393944738,1.6771936717782114,1.0763850301790998,7.9140836238913845,6.81988987168529,-7.451052661494516,1.2360945819438607,0.0,1,1.6771936717782114,1
p4497,4.0,0.25097683333708726,17.832766436525787,1.2975221896972047,13.04709702940601,12.428430807625935,-8.908813342272918,0.0,1.7322857922779524,0,17.832766436525787,1
p4498,2.0,0.4485563276785443,10.421419722353908,1.697989482331983,10.31738227275015,12.726283136476281,2.088551743657078,0.0,3.0791712146842185,0,10.421419722353908,1
p4499,2.0,0.33710827963615003,20.0,1.4125578466506103,14.338199289532906,9.252132624746547,-17.150813853592,0.0,2.1309028356475492,0,29.361323707373703,0
p4500,2.0,0.6391681636193279,6.404243109989933,0.0,4.6762243874473555,9.663312686102293,4.987088298654937,0.0,0.0,0,6.404243109989933,0
p4501,1.0,0.3686924698031748,7.422326987212153,0.0,9.629904467873901,10.694442823730414,1.064538355856513,0.0,0.0,0,7.422326987212153,0
p4502,4.0,0.7495584666023549,3.9839697735424,1.0977402715416285,11.016805896658834,8.105338616624834,-8.947277366251901,1.464515872280829,0.0,1,3.9839697735424,1
p4503,1.0,0.8260964116716685,4.173550419028917,0.0,6.853665896345352,7.574429382665545,0.7207634863201928,0.0,0.0,0,4.173550419028917,0
p4504,4.0,0.7516234897588573,5.928952730270165,0.0,7.052916950862993,7.240766470504828,0.18784951964183438,0.0,0.0,0,5.928952730270165,0
p4505,1.0,0.6680596223941095,10.873660689274763,2.0984088058673906,7.0279663865036675,7.945122400093409,-23.393953251912635,0.0,6.321643727111773,0,10.873660689274763,1
p4506,1.0,0.544850658602913,9.748841807040732,0.0,10.0447681957128,13.887233265991732,3.842465070278932,0.0,0.0,0,9.748841807040732,0
p4507,2.0,0.5304718424121526,11.377282835969233,0.0,7.500557690736482,9.09076482817289,1.5902071374364084,0.0,0.0,1,11.377282835969233,0
p4508,1.0,0.5257103387282146,20.0,1.7772032276016334,10.529771709204296,9.355666496795484,-36.65984664602172,0.0,3.7470840558407845,0,21.30324792983278,0
p4509,3.0,0.6077552792104088,4.029623916671014,1.2489043705597038,3.17120819257525,10.584131259957067,4.679733574296301,0.0,3.1839928095033407,0,4.029623916671014,1
p4510,1.0,0.4714011279204255,16.33159152763998,1.1416342734614433,12.317014822603937,9.930464314743,13.115631778524037,2.421789439702308,0.0,1,16.33159152763998,1
p4511,1.0,0.6292145937752888,15.638114878574426,2.301246745141936,6.195872564989314,8.951552136323757,27.210660271109816,3.65733212151748,0.0,1,15.638114878574426,1
p4512,0.0,0.34270381808641626,4.503166180390269,1.1264221764111364,8.334996954710908,9.851073512059296,8.08276487719153,0.0,1.7137208573641611,0,4.503166180390269,1
p4514,2.0,0.1684092808748672,20.0,1.279302424077145,10.473733314494364,11.460697634976624,65.85482765171517,7.59638909109589,0.0,1,25.565306937138637,1
p4515,1.0,0.624443494415681,2.651111554259615,1.2433558701570053,7.545326781683065,11.880985114297948,20.53894902880682,0.0,3.310702521908119,0,2.651111554259615,1
p4518,3.0,0.5382762155556643,0.016533041435520056,1.0010450030987732,9.159508762350654,8.172694632224934,18.835708484537,0.0,2.168060292374773,0,0.016533041435520056,1
p4519,1.0,0.547854386498728,2.8300789800239183,0.0,9.716431492772092,11.207953737703324,1.4915222449312324,0.0,0.0,1,2.8300789800239183,0
p4521,0.0,0.6055747531018121,1.9777331302949726,1.0416725331508823,1.8629280527944603,11.816326256307672,-6.970346010921473,1.7201386415390263,0.0,1,1.9777331302949726,1
p4522,0.0,0.4734822622764122,2.3901735211185864,0.0,8.0798192304871,8.134461691784415,0.054642461297314426,0.0,0.0,1,2.3901735211185864,0
p4523,0.0,0.3962673816917138,9.841120400827082,1.6214912248439335,10.431371997728455,15.429750130708314,6.583662339600237,0.0,2.685777073611659,0,9.841120400827082,1
p4524,4.0,0.45514682194339173,10.020527895087225,1.3755536734990188,12.430359509056382,12.688607543779458,6.342185621235496,0.0,2.5246318254127975,0,10.020527895087225,1
p4526,4.0,0.30821730756241583,18.695122099114727,1.4483684956890979,13.01172690269881,11.91864366268298,-12.992268693809566,0.0,2.093675530657738,0,18.695122099114727,1
p4527,4.0,0.5277931739269979,1.7920016132895464,1.0304108121514868,10.837637046775912,12.296843955510814,-19.049400750652364,1.952300376461498,0.0,1,1.7920016132895464,1
p4528,3.0,0.6847613074049831,16.98937518381853,0.0,7.553941080702106,10.596613497076607,3.0426724163745007,0.0,0.0,1,16.98937518381853,0
p4529,0.0,0.07331773566428763,1.5210480833239008,1.016564357185784,12.092054383516343,10.586538364769106,10.090808458300243,0.0,1.0969934316316103,0,1.5210480833239008,1
p4531,2.0,0.4593879689020449,0.9155432893271903,1.0356737316894487,10.974738098878888,11.824586906429692,20.120681173306764,0.0,1.9157430321815976,0,0.9155432893271903,1
p4532,3.0,0.15384662935347238,5.0645121032953835,1.0307265392693095,13.172383938830565,9.661532019053427,-34.30951451403459,6.699701797828472,0.0,1,5.0645121032953835,1
p4533,0.0,0.4362816379137093,8.904593654794372,1.1645155012312722,11.957395761283182,9.471833519592087,3.8208411226426664,0.0,2.065775357966812,0,8.904593654794372,1
p4535,2.0,0.47485786303026556,20.0,2.930113584045083,12.259404660421977,9.433186811030458,-46.01609342092806,0.0,5.579658111140974,0,32.65107450372334,0
p4536,3.0,0.21141546477902234,0.34982023926609146,1.0047269489920976,7.125171339870597,8.363871414348555,9.871100959378708,0.0,1.2740890850852817,0,0.34982023926609146,1
p4537,0.0,0.7907302999844125,3.1753601964722447,1.0410334054489654,8.070245074418695,8.572941926134762,-6.603471824671389,1.3165467485810107,0.0,1,3.1753601964722447,1
p4539,2.0,0.37750638972526657,11.029638109942399,1.235126042163586,12.349113473882547,11.954305752116882,2.223240651897941,0.0,1.9841585869748468,0,11.029638109942399,1
p4541,4.0,0.4968042063301485,8.187752354524655,1.1351144701142724,16.43197818642999,11.8491198783689,14.014554775295345,0.0,2.2558107289327323,0,8.187752354524655,1
p4542,2.0,0.2732606234462236,10.014652499916872,1.1729010107565496,12.255382744914142,11.791758687540925,-8.091395733361377,4.292243046087359,0.0,1,10.014652499916872,1
p4543,3.0,0.20037717302771862,5.162313742314714,1.1223990973737303,12.473039921926365,11.947820182997711,9.736558925160258,0.0,1.4036606503889089,0,5.162313742314714,1
p4545,1.0,0.6450263939512241,0.015249385550007816,1.0020641749894288,0.88352148022649,11.95492868968966,-7.477174683831855,1.5535242966587866,0.0,1,0.015249385550007816,1
p4546,3.0,0.5982274179517223,20.0,1.598934460800125,9.246951439891046,8.770512191657582,29.537589689742376,2.672786991734239,0.0,1,27.204076688525074,1
p4547,4.0,0.48239917643326224,7.705216459856952,1.485852528170116,9.95977950012235,10.076130088419237,-7.186373340709701,3.080130731474574,0.0,1,7.705216459856952,1
p4548,0.0,0.842219723265589,8.215572226025493,1.1060719088184474,8.589563916062497,6.732202291348167,0.090721244647608,1.3132818886380486,0.0,1,8.215572226025493,1
p4550,0.0,0.4847600934667582,20.0,1.840324785626037,9.898662966627073,8.839763905043942,-37.138676025208184,0.0,3.571782314006969,0,27.562442609157156,1
p4552,1.0,0.8842152648384909,10.703893310843872,1.7275821388166686,6.986535263905891,7.3359129211619996,6.929746710443621,1.953802662671997,0.0,1,10.703893310843872,1
p4553,0.0,0.8198131008588849,4.821301907366475,0.0,7.048707540449501,13.603120466982253,6.554412926532751,0.0,0.0,1,4.821301907366475,0
p4554,1.0,0.6163601143663571,5.617658750676905,1.1955554519353446,13.809767234140766,11.702390207286596,23.42208517719806,0.0,3.116348160621236,0,5.617658750676905,1
p4557,0.0,0.6149018574549893,10.352467584060392,0.0,11.82472715413833,9.62416955810528,-2.2005575960330503,0.0,0.0,0,10.352467584060392,0
p4558,2.0,0.4735245698587035,9.571192272138868,1.1976991529332242,9.578219698631433,12.536416645509988,-4.5418293375089025,2.5293284217345033,0.0,1,9.571192272138868,1
p4559,2.0,0.33719411828436485,1.344946929752662,1.0294116550407655,14.096031900430134,10.79501932672961,16.502848323330632,0.0,1.5531118287245615,0,1.344946929752662,1
p4560,0.0,0.451656485540234,0.34255079927859305,1.0274567216719068,10.02368275737732,8.08048165318899,16.196785676800744,0.0,1.8737464647214228,0,0.34255079927859305,1
p4561,2.0,0.5568983237048769,9.788991005553127,0.0,6.539579928711359,9.921280718194641,3.381700789483282,0.0,0.0,0,9.788991005553127,0
p4562,2.0,0.41121419931983105,0.8755757911535761,1.0819704393674012,9.400876635266245,11.32523965104968,17.590711438907935,0.0,1.837629980406291,0,0.8755757911535761,1
p4563,3.0,0.34316420957396815,0.1263573049487322,1.0101399547266905,8.808521271754255,10.218825319675966,14.76250081337229,0.0,1.5378881136661284,0,0.1263573049487322,1
p4564,0.0,0.4720397569390446,6.352997228167829,1.1807844999958956,12.717625851810894,10.995707377052698,12.512590516783943,0.0,2.236502682758953,0,6.352997228167829,1
p4565,3.0,0.7386528292890944,3.385583154804662,1.1559890799866785,8.495891127602782,10.3204884325571,24.42847779026534,0.0,4.423193397664132,0,3.385583154804662,1
p4566,2.0,0.3528671467802328,5.584577545889628,1.0674362310990462,8.589537968731166,10.573648436880452,-13.108014364548612,3.025037158712455,0.0,1,5.584577545889628,1
p4569,0.0,0.39784690182219135,18.613096748620645,1.5300526615239576,2.772124011367691,7.4131888252602165,47.71403798139411,3.8458327927554903,0.0,1,18.613096748620645,1
p4571,0.0,0.8590598325338976,3.424575738571057,1.136570989970546,5.395241276507484,9.767007633460821,-4.019528200880828,1.3230405461027048,0.0,1,3.424575738571057,1
p4574,4.0,0.47958770941362644,7.067229566303457,0.0,9.469478964390426,9.31457875770413,-0.15490020668629612,0.0,0.0,0,7.067229566303457,0
p4575,1.0,0.461204657594413,5.20877541295693,1.1852442764200382,10.31157372206369,8.295556658818732,9.209140271247845,0.0,2.1998042357385974,0,5.20877541295693,1
p4576,2.0,0.2999363655005893,20.0,2.0997312177392278,13.261542995241278,13.574336562608678,-19.898152745252943,0.0,2.9993433657508395,0,27.669920283827693,0
p4577,2.0,0.4088971688603224,11.730305202382914,1.1924266139786754,12.252252979356912,9.933104446643611,2.9218513445399044,2.9162016878282753,0.0,1,11.730305202382914,1
p4579,0.0,0.6870263220078314,6.65233836249283,1.5751873758303179,9.40564096915366,7.0746131666210506,11.526263761652446,0.0,5.032970778679136,0,6.65233836249283,1
p4581,1.0,0.6438689416807253,0.27165669181076063,1.006359052835719,7.905632800884248,9.12833918521635,-12.62017689260351,1.5629874151232803,0.0,1,0.27165669181076063,1
p4582,4.0,0.8221027496898031,0.14716790443787228,0.0,4.28282686284047,13.014102687611233,8.731275824770762,0.0,0.0,0,0.14716790443787228,0
p4583,0.0,0.5694085683400252,10.423279689898457,1.1259937759461272,12.181444638621326,6.655185185579029,1.9250702159324842,1.9774795086570147,0.0,1,10.423279689898457,1
p4584,4.0,0.42680634134768053,20.0,1.7744533136413139,12.492849614750005,10.947393258804548,-24.785573681093076,0.0,3.0957308875561713,0,23.30588590588875,1
p4585,0.0,0.6446602918794594,20.0,1.883728531493364,12.056952739771498,12.125860351089733,-42.03881187275624,0.0,5.301204701992814,0,20.298908339055206,0
p4586,1.0,0.5855235753546394,0.6063026618843221,1.0587543940291702,8.196423995427155,11.215816297196683,22.407887847635482,0.0,2.554438156368181,0,0.6063026618843221,1
p4587,4.0,0.44298352384785866,10.915993451839299,1.168023715062078,10.95298183432254,13.485163286700192,-4.242001183295902,2.636720447109072,0.0,1,10.915993451839299,1
p4588,2.0,0.3569990611323913,8.293975100870831,1.0615984677565498,12.313170619756573,15.243491065873785,-17.7352675156418,2.9736729961955315,0.0,1,8.293975100870831,1
p4589,1.0,0.17270256025077613,18.398927201195672,0.0,13.754470632458272,13.404053391981526,-0.3504172404767463,0.0,0.0,0,18.398927201195672,0
p4590,0.0,0.7664202270863659,20.0,5.829672898542649,3.120651434887104,7.821839187406118,97.33273834868102,7.606366184651488,0.0,1,20.29006716215489,0
p4592,4.0,0.44905149159419,20.0,1.7178745248811038,10.718052542188238,10.903161794298098,-28.75629059884507,0.0,3.1180309932262773,0,29.751172956219563,0
p4593,3.0,0.2794026032098679,13.66323490413592,1.5303932763306454,11.995259689768375,12.368307940351183,-3.1693709484386625,0.0,2.1237840757511917,0,13.66323490413592,1
p4594,4.0,0.18922792773818273,1.8123838765857416,1.0225983984923785,11.14644982072466,8.287794360049778,8.914074770733984,0.0,1.2612649516153507,0,1.8123838765857416,1
p4595,2.0,0.5771230350710944,11.8437881861139,1.665091449561272,6.3786991105493405,8.973392157496042,10.87624064366922,2.8851585335805447,0.0,1,11.8437881861139,1
p4597,1.0,0.5951684388427956,0.7197760287242546,1.0535198469051004,6.859489883280163,10.083394996684563,-13.350828655717486,1.7701204871573695,0.0,1,0.7197760287242546,1
p4598,3.0,0.4602902247220621,8.547710773795433,1.113113902722179,12.69168811668546,11.678861838832898,-8.584848438699257,2.4182870783195813,0.0,1,8.547710773795433,1
p4599,1.0,0.25493890365680383,20.0,1.368646153914534,15.781100578067893,6.930410328541237,-16.600632497108293,0.0,1.8369582852089985,0,25.801614038235407,0
p4601,0.0,0.4098130352256383,0.01253723793666561,1.0011154517507528,12.969735433258775,12.024630832778914,21.033780225777207,0.0,1.6962683208930172,0,0.01253723793666561,1
p4602,3.0,0.8258624343596216,3.4108358652983832,1.8137593465677166,6.023213157685881,11.690993633570589,32.87743919257005,0.0,10.41566958799353,0,3.4108358652983832,1
p4603,3.0,0.7442684556634814,0.6400062019150865,0.0,5.76458237509142,8.088745610192651,2.3241632351012314,0.0,0.0,1,0.6400062019150865,0
p4605,3.0,0.34436097377475716,17.90580663330704,1.1280567327103521,12.406014394507908,14.417330363396035,13.438856958905706,3.2757972552609926,0.0,1,17.90580663330704,1
p4606,3.0,0.7301202341922762,20.0,2.9643981437965556,10.258126079342613,8.23498473937219,-109.0292849130739,0.0,10.984143753513353,0,24.609046375252568,0
p4607,2.0,0.6007742318482495,20.0,1.3826288149107557,10.741195665108732,10.007605556837055,22.263022853252533,2.301411647861748,0.0,1,26.067773576655068,1
p4608,1.0,0.3812558623370803,20.0,1.4859025794978722,10.570525735514547,8.831082671799935,41.790177612643625,3.897389460162947,0.0,1,27.83398800402624,0
p4609,1.0,0.6663504217758178,3.4757682344225014,1.0619619148180646,9.38942439253047,7.922651241048631,-8.553765578234401,1.5936988709153146,0.0,1,3.4757682344225014,1
p4612,2.0,0.4277692072527553,20.0,1.3502608172090065,9.11774542376884,11.133558689664072,30.002886871116196,3.1565170992104163,0.0,1,32.26427085320877,0
p4614,0.0,0.6918405204884116,16.18202527579584,0.0,6.469212593993199,12.75710998496493,6.2878973909717315,0.0,0.0,1,16.18202527579584,0
p4615,1.0,0.45431078061956326,3.6848713004082843,1.0882333779283502,11.105210552459583,10.471092378492443,14.163793462994196,0.0,1.9942365347878885,0,3.6848713004082843,1
p4616,4.0,0.5365116727778685,1.3545662732495467,0.0,8.013567069037633,10.421470056648612,2.4079029876109797,0.0,0.0,0,1.3545662732495467,0
p4618,0.0,0.35560562784340916,19.374263752898663,1.3747848560694378,9.181875764398068,11.32646105394209,-19.600391481248746,0.0,2.133452611431806,0,19.374263752898663,1
p4620,1.0,0.5816677897846402,5.601001437607345,1.2684519073244498,4.088034033836,13.088782941837133,-7.327971535992443,2.180715400785882,0.0,1,5.601001437607345,1
p4621,2.0,0.5891963866068813,20.0,1.5012607999545824,9.113691548201782,8.213964182037294,29.13085999413044,2.547980323844452,0.0,1,20.031319940197005,0
p4622,3.0,0.4983742189567498,20.0,1.5603869374998085,12.56930350682944,10.85505571176976,-24.828613488854188,0.0,3.110659372918618,0,26.140777158479594,0
p4623,0.0,0.40251552535704055,2.1702666857344877,0.0,11.885422514343784,11.11049343800051,-0.7749290763432732,0.0,0.0,0,2.1702666857344877,0
p4624,1.0,0.6202118026132227,3.3766499339693654,1.0959321191795228,10.682217133171921,7.963593681880794,18.362615506423836,0.0,2.8856402771869782,0,3.3766499339693654,1
p4627,2.0,0.6551436229336145,2.4596381936820886,0.0,9.09091279996733,11.056779642211653,1.9658668422443242,0.0,0.0,1,2.4596381936820886,0
p4628,4.0,0.1620711017581648,1.9102662163030273,1.0201985944617087,11.640221297623478,11.611439446120228,-61.09533342253597,6.294759419751481,0.0,1,1.9102662163030273,1
p4631,4.0,0.2570581152323113,3.081271812653263,0.0,7.444891537261172,13.143969464628094,5.699077927366923,0.0,0.0,0,3.081271812653263,0
p4632,4.0,0.10010284353112811,14.80600436558972,1.4660724311111533,14.687375192427906,11.707896233980824,-3.1727443322154487,0.0,1.62915553246541,0,14.80600436558972,1
p4633,3.0,0.33895958029611784,0.751416677192168,1.0232264270089102,12.818123214914426,12.132714223150577,17.992681860667716,0.0,1.5479029670640592,0,0.751416677192168,1
p4634,3.0,0.539327448896157,15.039520416527733,0.0,7.146509072827228,7.619496759950117,0.4729876871228891,0.0,0.0,1,15.039520416527733,0
p4635,3.0,0.405683485111154,20.0,1.4370812861693325,9.476507189310846,10.315509104036204,35.14505859054392,3.5423706877680363,0.0,1,20.781072591345012,1
p4637,0.0,0.6673862152451299,4.3839542395050906,0.0,6.046421178672007,6.42841044163159,0.3819892629595838,0.0,0.0,1,4.3839542395050906,0
p4638,1.0,0.36187385183325804,6.390747061211679,1.1523211012833412,9.925984359395219,8.50487705116815,4.962784886825778,0.0,1.8057888782552136,0,6.390747061211679,1
p4639,0.0,0.12119546665390356,20.0,1.3012062176633663,15.434960859032271,13.567303124804367,-8.626905199061463,0.0,1.4806548763568075,0,29.482273427459837,0
p4640,1.0,0.22860244306353686,8.909666282244475,1.173852502392541,13.263826622452557,10.968736675868824,4.330730896653133,0.0,1.5217218305103168,0,8.909666282244475,1
p4641,0.0,0.3657463850487411,12.686468953338906,3.475307692171217,4.972671783628315,8.834935775977021,-38.40445393846498,0.0,5.479365998470954,0,12.686468953338906,1
p4642,1.0,0.4434271151816532,1.2015714705187603,1.0218474776173707,11.457271864748654,8.267548824747728,-19.47278487613258,2.3044316475747393,0.0,1,1.2015714705187603,1
p4644,1.0,0.48899143038100434,15.099279791530854,0.0,4.947763315912097,12.438352181986804,7.490588866074708,0.0,0.0,0,15.099279791530854,0
p4646,2.0,0.32855652056717305,0.9078016647430731,1.0141959951793287,11.572797307947118,10.920646194384252,-31.560035104984536,3.0868235195228073,0.0,1,0.9078016647430731,1
p4647,2.0,0.8342327734934525,6.243762395539956,2.467577474433614,2.639666703098887,5.423929568886815,5.209246731356961,2.957900424003159,0.0,1,6.243762395539956,1
p4650,3.0,0.4082058963587442,1.6656568668213527,1.0379856484510992,10.492420292256803,11.760518359363415,-24.40110819823265,2.542799253293697,0.0,1,1.6656568668213527,1
p4651,4.0,0.4774670419962034,4.840344994774618,1.0544404436830261,9.356408874373608,9.739284791390277,-10.435965591128566,2.208404666580967,0.0,1,4.840344994774618,1
p4653,0.0,0.37056666118345316,20.0,1.907049638582193,12.75799470644652,10.08000878772269,-24.619727364527314,0.0,3.0297880982405623,0,31.751905137838392,0
p4655,4.0,0.2790349975617606,20.0,1.4331283778539405,10.523755694881864,11.001885928734502,-18.358671251951755,0.0,1.987791880337087,0,20.125945692306786,1
p4657,4.0,0.41754716421269444,3.2717273463344223,1.0749509801102142,11.1292654749371,9.987339923730755,-18.430881005434756,2.5744420564730377,0.0,1,3.2717273463344223,1
p4658,4.0,0.21184373623536232,3.6345439539122606,1.0423741367812578,13.207919184874106,9.66104285584164,9.114367641537445,0.0,1.3225475514238072,0,3.6345439539122606,1
p4659,0.0,0.6963628411214591,1.8531206512213845,1.025685774411623,9.916176477350408,7.5533391959246625,24.87415073971259,0.0,3.3779981942918638,0,1.8531206512213845,1
p4660,3.0,0.3525744070745538,20.0,1.6512597744159805,12.224575964614019,9.588674515043644,-22.467130055540146,0.0,2.5505012351375025,0,22.020227055928466,0
p4662,2.0,0.5455620966379342,1.4185439716906727,1.066296974613503,8.178437861041933,8.122098394333305,-13.158385675693356,1.9544924055110042,0.0,1,1.4185439716906727,1
p4663,1.0,0.2719310580435087,20.0,1.6490526660928455,10.986356798236763,10.782836945610264,-20.619130925300954,0.0,2.2649677400899093,0,21.012447757395343,0
p4665,0.0,0.6362563381925904,1.0714018273541552,0.0,3.997785829160068,14.730757523629755,10.732971694469686,0.0,0.0,0,1.0714018273541552,0
p4667,3.0,0.5933451912191581,5.763171817835792,0.0,4.428193595996382,9.816240292812372,5.38804669681599,0.0,0.0,1,5.763171817835792,0
p4669,0.0,0.5217573353636378,20.0,1.2277412332068522,8.633791401701655,9.734016009067885,25.256994413629677,2.3530885911765482,0.0,1,21.877218135643364,1
p4670,1.0,0.581091281326285,1.131499114502789,1.0819556774701609,8.425576794324664,11.550863172415555,21.96439954474373,0.0,2.5827957959330234,0,1.131499114502789,1
p4671,1.0,0.28236121688390486,4.707349947544433,1.0853395918021402,13.804538206577293,11.417457029451928,11.371286993465366,0.0,1.5123758878936742,0,4.707349947544433,1
p4672,0.0,0.192269501951578,2.814882003032528,1.1454885549284954,13.12541773562202,6.9355384838139855,8.432077830905127,0.0,1.4181568700156044,0,2.814882003032528,1
p4673,2.0,0.5437281779310447,1.760797513536799,1.10749660615658,5.613134314109198,10.548912059865032,14.286453650000587,0.0,2.4272737271713583,0,1.760797513536799,1
p4674,2.0,0.7383045478399554,20.0,1.8354119182134272,7.08725795482221,7.905784670676701,30.884529995698045,2.4859821378362894,0.0,1,20.044265964652915,0
p4677,1.0,0.827448478506481,4.485615558943,1.1047473151477827,9.305619939496623,7.3057279063103024,-5.765095094279069,1.3351251997487719,0.0,1,4.485615558943,1
p4678,2.0,0.32722577944048203,12.258236233129182,0.0,13.634196552019702,11.012193969158357,-2.622002582861345,0.0,0.0,1,12.258236233129182,0
p4679,0.0,0.5784255615108844,7.15085590271575,1.2000235013621512,9.801411908798428,8.499948027552726,6.243418371044688,0.0,2.8465281378608394,0,7.15085590271575,1
p4680,4.0,0.46330664727223364,18.900415429421525,0.0,9.216617662020612,14.674836090062072,5.4582184280414605,0.0,0.0,1,18.900415429421525,0
p4684,4.0,0.42945931667562864,20.0,1.634070584803291,6.4993912628679515,7.775032840998272,47.79101208946384,3.804948504674093,0.0,1,22.69536157297697,1
p4685,2.0,0.2031140270886158,3.123885586119293,1.0260570320148443,13.55836612202346,9.662852215351403,9.539748468660365,0.0,1.2875832514232806,0,3.123885586119293,1
p4686,0.0,0.5405514178803341,18.24979997735468,0.0,8.35713752608359,13.728084078715785,5.370946552632194,0.0,0.0,1,18.24979997735468,0
p4687,3.0,0.48562418065247004,2.5112673638426664,1.1580298712845791,12.53902230926641,12.244331712080122,22.281098022606116,0.0,2.2513303069990824,0,2.5112673638426664,1
p4688,4.0,0.2952708987470919,20.0,2.425478624855403,7.826379747533141,9.86968477419513,85.25795011189473,8.214418133135755,0.0,1,34.379637658685326,0
p4690,3.0,0.6993940613476675,14.112887527885482,1.256902328466661,10.856076025355657,11.770122624813487,-12.703428754683776,0.0,4.181229200266527,0,14.112887527885482,1
p4692,2.0,0.27538173267668126,13.420421951273976,0.0,11.494262090714676,9.451420372877935,-2.0428417178367404,0.0,0.0,0,13.420421951273976,0
p4694,2.0,0.8485936996712757,7.9060620273935465,0.0,4.501936061781481,7.894858868881877,3.392922807100396,0.0,0.0,0,7.9060620273935465,0
p4695,1.0,0.6747223805065308,5.716189212133335,0.0,7.0238098892853085,10.635897947928298,3.612088058642989,0.0,0.0,1,5.716189212133335,0
p4696,3.0,0.6550433141530009,1.1358696464006823,1.120761535413063,5.988093920128577,7.723996304165456,17.50074055158538,0.0,3.248992065949293,0,1.1358696464006823,1
p4697,2.0,0.2403081852396963,5.330584790836935,0.0,11.539547549187406,11.826931988654229,0.28738443946682324,0.0,0.0,0,5.330584790836935,0
p4699,3.0,0.6532497658828332,3.9169311697019293,1.1062998087234586,13.620067371994113,9.148586916998175,-13.331460289384298,1.693532652443207,0.0,1,3.9169311697019293,1
p4700,0.0,0.47660030784219626,8.773276131071144,1.8147427192726944,9.064065222225617,12.60372202967095,-11.045465551211507,3.807682641853351,0.0,1,8.773276131071144,1
p4702,4.0,0.7407840764573554,5.4510522388425695,1.1363779791677964,6.8853766763205195,7.523065283299096,-2.5408219348909977,1.5340205267401075,0.0,1,5.4510522388425695,1
p4704,3.0,0.4628221648314564,20.0,5.08792416418452,5.154476316351437,10.56396304403601,-135.20111507853122,0.0,9.47158246502882,0,28.14235553222342,0
p4705,3.0,0.4553879780563033,0.9235267520128898,1.0108773425136912,9.776355064083385,8.393795140381043,-17.965178306667156,2.2198156104786504,0.0,1,0.9235267520128898,1
p4706,3.0,0.2675766079620771,8.926315827191852,1.0698697955458338,9.92584750837944,8.978219314309612,-1.1551574455007476,3.9983681820851227,0.0,1,8.926315827191852,1
p4707,1.0,0.7386813214739734,16.290695067775392,2.2522244350780642,2.9130176732599384,10.235313167581944,25.78503264886592,3.048979809837278,0.0,1,16.290695067775392,1
p4708,3.0,0.8381060883416755,1.2969221010468999,0.0,3.439468440427699,6.083114021369308,2.6436455809416093,0.0,0.0,0,1.2969221010468999,0
p4709,0.0,0.7184585679599871,18.476669839113523,3.099293125552462,5.094626602646794,10.669369566670678,39.2539461116904,4.313809123820025,0.0,1,18.476669839113523,1
p4710,3.0,0.6178359201662461,17.71274597392283,2.1231684454302,6.665600042593363,13.975319106440205,-54.06431604605813,0.0,5.555646272024845,0,17.71274597392283,1
p4713,0.0,0.5149841046522436,1.9959521686630874,0.0,2.5174035878573773,9.432739229551704,6.915335641694327,0.0,0.0,0,1.9959521686630874,0
p4714,1.0,0.14868600122206757,20.0,1.5947885634879422,11.132565153637755,7.60126465275963,-20.14289587080445,0.0,1.8733259006398026,0,22.508291969765462,1
p4715,2.0,0.4994722057923208,6.74874609327861,1.2130947252818052,6.286508953123858,9.247990328858535,-3.108566094801823,2.428753214320411,0.0,1,6.74874609327861,1
p4717,3.0,0.6420839784129091,0.3863381276755301,1.0411402762108124,10.048082240314802,12.230660323002798,30.2875812884854,0.0,2.908895420758565,0,0.3863381276755301,1
p4718,0.0,0.3079273518977375,5.972093106660938,1.149444801981741,12.056184920720609,11.276050009214657,9.324769146799204,0.0,1.6608730385944914,0,5.972093106660938,1
p4719,1.0,0.556768374499162,10.160375780698716,1.1740367606270976,11.722722303716125,9.157419027814871,-0.4504056790971198,2.108662801983313,0.0,1,10.160375780698716,1
p4723,2.0,0.20941436137191702,0.7041896428372961,1.0400910580592417,13.50961345334531,10.439536769089917,13.776683678202803,0.0,1.3155956891199414,0,0.7041896428372961,1
p4724,3.0,0.5396205098007201,7.264992677040637,1.3995150754859462,4.727449177559955,11.933054049519528,-4.901092604180552,2.593517203419088,0.0,1,7.264992677040637,1
p4725,3.0,0.45445367089439037,18.08955204564213,1.697946349208228,8.486835520318925,14.120461105867507,20.46308764623003,3.7362364041786136,0.0,1,18.08955204564213,1
p4726,0.0,0.7402074630994098,0.5183691718675765,1.0360756792396688,7.157191163631243,7.776015458155146,27.095035222398966,0.0,3.9880886941572298,0,0.5183691718675765,1
p4727,4.0,0.4556500007687131,6.09055967066567,1.0474357061396773,12.888828457990737,11.51153048891891,-13.838876784830166,2.298772532366028,0.0,1,6.09055967066567,1
p4728,1.0,0.6367175935207293,3.825040929640421,1.19058319349407,6.055064600078,12.606472340901727,-9.868783501666645,1.869876387286146,0.0,1,3.825040929640421,1
p4729,2.0,0.6318555838947718,6.9537917888009195,1.4220403791237226,9.599382733613979,13.357953605867014,13.977759281980005,0.0,3.8627242921898755,0,6.9537917888009195,1
p4730,2.0,0.9220495919629836,0.14245187347270413,0.0,1.0537247205422857,8.409090214016345,7.355365493474059,0.0,0.0,0,0.14245187347270413,0
p4731,2.0,0.4565677988540923,3.5104696376790803,1.1494090840207074,15.140826782918552,9.552762263942437,19.011210468694646,0.0,2.1150919684130005,0,3.5104696376790803,1
p4732,4.0,0.5733748594476694,20.0,2.2223022300499853,7.927952021429139,9.870431095848707,-60.941154809218624,0.0,5.209027829848189,0,22.790091934413272,0
p4733,0.0,0.5387455552294614,2.3380675481192976,1.227678616550526,8.3820370746352,7.455440032334072,15.160081863260103,0.0,2.661608208808183,0,2.3380675481192976,1
p4734,3.0,0.6468034213113564,2.5472205053156225,1.0446057951810666,8.658220879235564,8.590896572995021,-9.828031866653959,1.6150282462377656,0.0,1,2.5472205053156225,1
p4735,0.0,0.8747134877759168,0.10249590033708512,1.0070882200533382,6.331442608030558,6.336118308146985,-7.172311716789757,1.1513349618216164,0.0,1,0.10249590033708512,1
p4736,1.0,0.9080893447128808,1.2667432680592556,1.1096332105036695,5.522866116065598,9.665739712595812,-6.1202193953898005,1.2219427713409772,0.0,1,1.2667432680592556,1
p4738,2.0,0.20776380416809836,14.016443962972378,0.0,13.401721061447697,14.356083004375764,0.9543619429280668,0.0,0.0,0,14.016443962972378,0
p4740,0.0,0.8905838041901607,0.18331144314132913,0.0,7.8807701545786095,8.374892268377614,0.49412211379900484,0.0,0.0,1,0.18331144314132913,0
p4742,4.0,0.18242372976052434,0.3337803225722192,1.0054661375826206,8.770022536037494,8.168154486926671,-43.782642511683676,5.5117069413203,0.0,1,0.3337803225722192,1
p4743,1.0,0.6498365732706671,20.0,1.448768200488534,9.633117555388216,13.124524105781555,18.81983103200566,2.229434691859209,0.0,1,39.98160680762584,0
p4744,4.0,0.25339018598495866,20.0,1.4815705495629086,10.482287329745168,13.483265935320759,-15.885945362942222,0.0,1.9843973676095565,0,31.86833381173414,0
p4745,2.0,0.5385121708002437,14.084753194721166,1.2868328747015865,10.281124738504353,15.841941522177322,1.361825879804889,2.3896077832174485,0.0,1,14.084753194721166,1
p4747,0.0,0.6004109368283373,0.45280686159869343,1.0204460824771993,9.933410341928344,7.051253939889024,21.328828263639508,0.0,2.553738769468817,0,0.45280686159869343,1
p4748,0.0,0.5438999312313946,0.47842713223276795,1.0326805345578347,11.7113576749491,10.752303667217467,24.474024195526443,0.0,2.264153428755012,0,0.47842713223276795,1
p4749,4.0,0.3904509080598366,3.910959769381411,0.0,11.565853634901169,8.023516726473188,-3.5423369084279805,0.0,0.0,0,3.910959769381411,0
p4750,3.0,0.3045973364608427,5.311692372740256,0.0,7.656319830947925,6.269968072257906,-1.3863517586900187,0.0,0.0,1,5.311692372740256,0
p4751,0.0,0.5865924475296491,16.313845536294593,1.2776037931240138,9.528116916836783,7.233916316326902,17.481969484158565,2.1780092779995055,0.0,1,16.313845536294593,1
p4752,4.0,0.7543925998271964,3.026327891201751,0.0,7.521976010394771,11.618838974730814,4.096862964336043,0.0,0.0,1,3.026327891201751,0
p4753,2.0,0.4605835431138195,2.1101124743096227,1.017177611616275,13.356007468123666,10.191771085947199,-21.012208432823883,2.2084540944288795,0.0,1,2.1101124743096227,1
p4754,4.0,0.7168289409940379,8.682145521631965,0.0,5.67140363493404,11.590743716718604,5.919340081784564,0.0,0.0,0,8.682145521631965,0
p4756,3.0,0.8144667635904612,15.49401883679749,1.3532367180356735,6.621408737186856,9.397964583748825,12.905151412569666,1.6615002336867883,0.0,1,15.49401883679749,1
p4757,1.0,0.6220068073199372,0.15457507667413634,0.0,5.34465098559086,10.370871490673677,5.026220505082817,0.0,0.0,0,0.15457507667413634,0
p4758,1.0,0.6263638612341679,4.950260085346871,1.2391743914077493,7.888732383531924,13.335844453722089,15.192635171353785,0.0,3.3165271311840994,0,4.950260085346871,1
p4759,2.0,0.3862858911158697,1.636551265617488,0.0,11.3795838684686,11.754589985243685,0.37500611677508466,0.0,0.0,0,1.636551265617488,0
p4762,1.0,0.41891242688616875,20.0,1.253108192114448,11.417586961126036,6.4205488024462625,35.623675021301516,2.991336880189891,0.0,1,27.341865168291857,0
p4763,2.0,0.5025746643498367,2.264947244117703,1.0927334048540134,12.142095330046383,7.069064870535792,16.624878522300648,0.0,2.196778745549316,0,2.264947244117703,1
p4764,4.0,0.6528469974951057,0.4364822581886108,1.0150552616768171,8.25465878931521,8.54786945172751,-12.318482861323842,1.5548134027903329,0.0,1,0.4364822581886108,1
p4765,3.0,0.6636219268492765,1.8695828148565097,1.0604219641938673,4.375539097550378,9.244868709208994,-6.915867408145239,1.5979308719175476,0.0,1,1.8695828148565097,1
p4766,3.0,0.4991514184403718,0.041580061440058796,1.0020198937409752,10.089299764009079,13.513831634833522,23.526445701459252,0.0,2.0006443676464327,0,0.041580061440058796,1
p4768,2.0,0.6254678917913524,12.984309711028132,0.0,4.709607575216748,10.69245925986357,5.982851684646822,0.0,0.0,1,12.984309711028132,0
p4769,4.0,0.6504930882813132,1.9056058599443468,0.0,6.0331659041529555,11.588042503447756,5.554876599294801,0.0,0.0,0,1.9056058599443468,0
p4770,2.0,0.5594332917259357,4.034208097312572,0.0,7.171964490281401,10.150932534112888,2.978968043831487,0.0,0.0,0,4.034208097312572,0
p4771,4.0,0.8972323814247926,3.919065348998618,0.0,4.739157741078652,10.372462082696998,5.633304341618346,0.0,0.0,1,3.919065348998618,0
p4773,0.0,0.28339747951480143,15.717673362421893,1.2276955232770221,13.150493429599965,12.32704590542225,-5.2215834794324065,0.0,1.713216864553828,0,15.717673362421893,1
p4775,2.0,0.18544346265373887,7.655314288844815,1.1560038245437378,11.02654464184742,12.303035887486976,6.060880054531157,0.0,1.4191818143279236,0,7.655314288844815,1
p4776,2.0,0.8058847428874043,2.3498544516911712,1.119797447137739,8.754312876779538,6.073151699477431,34.264395299764644,0.0,5.768724539195832,0,2.3498544516911712,1
p4777,2.0,0.4392698605940088,20.0,1.9752257985491297,9.657016229226283,11.291674589582405,-34.7994958651496,0.0,3.5225960934462752,0,22.76172539140326,0
p4779,2.0,0.30579097908380576,3.4969862029163936,1.1942093308226467,9.966375147058823,10.883661018106167,12.046217373002616,0.0,1.7202446163067264,0,3.4969862029163936,1
p4780,0.0,0.8012195850469916,2.4447760639298917,1.0746761336965365,1.9843761530517403,10.481337186499127,-2.282481452237807,1.3413003797623178,0.0,1,2.4447760639298917,1
p4781,2.0,0.2576830945218558,20.0,2.0308206614713797,11.414787433528447,11.511607772555594,-23.39048937256273,0.0,2.735786624936528,0,24.215391204196997,0
p4782,1.0,0.3919847359015907,9.256602666492709,1.26358509253168,9.74107748672339,8.421860837725484,-0.3123748858092583,0.0,2.0782127804067176,0,9.256602666492709,1
p4783,2.0,0.2658451497621271,5.870167159814158,1.251381281733236,6.940176762018916,9.082236222490488,3.9659117268429176,0.0,1.7045195319867148,0,5.870167159814158,1
p4784,0.0,0.1908120800028007,16.029092991644458,1.1002188227772516,8.23414249571383,10.001307726103184,36.52326038280602,5.765980973327804,0.0,1,16.029092991644458,1
p4785,4.0,0.5720780664894145,20.0,1.497108088572988,7.787987046077103,12.327975587446044,24.617405377584042,2.616964670154313,0.0,1,22.2045131996628,0
p4787,3.0,0.41110587401014437,8.90611613645889,1.066449859901231,11.525088761518896,10.297255648944583,-4.836588501354836,2.59410027275581,0.0,1,8.90611613645889,1
p4788,4.0,0.4959429297135497,18.409578846087957,1.3294977679712907,8.234584276471717,12.1196463532867,20.746782869365475,2.680747497981656,0.0,1,18.409578846087957,1
p4789,1.0,0.6100194743760216,18.0495680671979,0.0,8.04884478144384,6.2795446855838275,-1.7693000958600127,0.0,0.0,0,18.0495680671979,0
p4790,2.0,0.4162298944950493,0.406023532515951,1.005713523069891,12.818883690199486,9.856746834461743,-25.79740254247872,2.41624529225604,0.0,1,0.406023532515951,1
p4791,0.0,0.33854669808158344,3.8005528187882147,1.0865364326787232,13.228950477254989,11.621342451110076,13.879951757736015,0.0,1.6426502513895325,0,3.8005528187882147,1
p4792,4.0,0.5736552499120272,14.981519160061215,1.314089227733251,9.580911216912401,7.282888499174564,15.337460651968112,2.290729890356225,0.0,1,14.981519160061215,1
p4793,1.0,0.5284869124022944,2.262096780679983,1.0392359252090728,12.420211947410676,10.609502572893684,-18.22535234483006,1.9664364449161353,0.0,1,2.262096780679983,1
p4796,0.0,0.7360831382805159,11.15918742408632,1.6410281525701145,6.091977843930335,7.468303381734081,9.604804504895084,2.229405983138729,0.0,1,11.15918742408632,1
p4797,2.0,0.6187412634867805,0.26419589608347716,1.0090613845619618,14.276436515642828,13.182202960082364,-22.161298034699435,1.630829304765643,0.0,1,0.26419589608347716,1
p4798,2.0,0.6400181180835259,20.0,2.3916863833208684,5.832139408746762,8.080841726778907,46.789454739339156,3.7369041840292714,0.0,1,22.436859753518455,0
p4800,1.0,0.30894752499283945,4.337153537172818,1.0726939393174917,9.999196191017802,7.003802560681461,5.79357545464336,0.0,1.552261193053938,0,4.337153537172818,1
p4801,0.0,0.2399992047168078,20.0,1.3838386474642947,10.652837610571037,10.476165211470725,-17.19634479799124,0.0,1.8208384202396097,0,23.86760374090753,0
p4802,2.0,0.5851137642201689,14.913018907445705,0.0,10.645604772820663,9.485389469531068,-1.1602153032895952,0.0,0.0,1,14.913018907445705,0
p4803,3.0,0.41520228868634357,0.12263433739567393,0.0,12.167011460736486,9.830010911149014,-2.337000549587472,0.0,0.0,0,0.12263433739567393,0
p4804,3.0,0.48322960839985646,20.0,2.7083755807122176,8.781240400528775,11.24681940265669,-56.33154838553993,0.0,5.240965087658991,0,34.093680121834076,1
p4805,2.0,0.6383170915196614,9.531433807187689,0.0,8.95863712510331,9.72001141064342,0.7613742855401089,0.0,0.0,0,9.531433807187689,0
p4806,2.0,0.5774996596385723,5.4754440952876555,0.0,14.071693279805991,9.806652329892506,-4.265040949913486,0.0,0.0,0,5.4754440952876555,0
p4807,3.0,0.7777259727731164,16.363665111318774,1.1489260766591156,12.277480663910652,10.178807217732965,7.038149500642813,1.4772890669478622,0.0,1,16.363665111318774,1
p4808,3.0,0.8457345868597332,2.5110094827239755,0.0,1.1634048540622965,8.977925896283047,7.8145210422207505,0.0,0.0,1,2.5110094827239755,0
p4809,4.0,0.7006964860758168,14.69882692064561,1.8044467086960192,4.737646330075953,9.631809484448736,17.942841315806405,2.575218721020922,0.0,1,14.69882692064561,1
p4810,1.0,0.8655884427129575,6.259766607623998,0.0,10.455542151326053,10.500844890251177,0.045302738925123265,0.0,0.0,1,6.259766607623998,0
p4811,4.0,0.7684692302665318,4.305516965632902,1.1933798467844456,6.9007210998192114,11.11948067218286,-6.362857288596452,1.5529312037263223,0.0,1,4.305516965632902,1
p4812,1.0,0.5022946990086676,20.0,1.3556699150677411,10.66758860028049,13.139559204217939,20.987979650619906,2.698953259397921,0.0,1,33.0352295108702,0
p4813,0.0,0.6896357335929868,8.942027654286735,1.1266169850000003,10.55104583021443,10.136404152009051,-2.3658237055754014,1.6336406745200847,0.0,1,8.942027654286735,1
p4814,1.0,0.31856423434915676,20.0,1.3570394877130445,12.5653103358242,13.529038182492085,-13.842021956532381,0.0,1.9914415358238915,0,21.458553064804153,0
p4815,0.0,0.5002270508015185,17.556911715017044,0.0,10.38722256883336,12.2685882451677,1.8813656763343403,0.0,0.0,1,17.556911715017044,0
p4816,1.0,0.7362641426552693,2.592259990988413,1.1413642515738769,4.681725201161258,7.025906124127629,-4.528902943706758,1.5502102919988079,0.0,1,2.592259990988413,1
p4817,1.0,0.4641246696488699,0.6145171746600278,1.0304318282712375,9.91380847603613,12.668325136448315,20.63607454258795,0.0,1.9228946919352514,0,0.6145171746600278,1
p4818,4.0,0.7892878556975866,3.660982018720087,1.2256503350713044,5.713571326165179,11.828709276470736,18.054443967823218,0.0,5.816704770999127,0,3.660982018720087,1
p4820,3.0,0.5389935335004925,13.525795910890162,0.0,7.070909441779615,14.177936789081489,7.107027347301874,0.0,0.0,1,13.525795910890162,0
p4821,2.0,0.7677428474590715,0.6782815705405612,1.0711798783209712,2.9521515372279983,8.471744955394366,16.006778538567495,0.0,4.612042585565614,0,0.6782815705405612,1
p4822,1.0,0.8241025397218108,6.881738243113324,1.1640548610881556,4.961796325424221,11.860934855790356,-0.13403724804723094,1.4125121632085993,0.0,1,6.881738243113324,1
p4824,1.0,0.23732399502188437,13.118166516902773,0.0,12.132507562048344,8.481189285227911,-3.651318276820433,0.0,0.0,0,13.118166516902773,0
p4825,4.0,0.18309873817871442,12.232382026555191,1.2122437731817346,16.35267310654032,10.133001575800112,-0.10534971628702738,0.0,1.4839538507738754,0,12.232382026555191,1
p4826,3.0,0.8601368888372104,4.716529888338841,0.0,6.138632335113362,8.567541801946474,2.4289094668331117,0.0,0.0,1,4.716529888338841,0
p4827,0.0,0.339158665655244,2.0315262615759404,1.0242824473035188,8.852412039513615,10.438608018161812,12.158345773622967,0.0,1.5499672827201791,0,2.0315262615759404,1
p4828,0.0,0.5444641652123001,8.871699589435865,0.0,9.934364347318528,10.001283804042512,0.06691945672398347,0.0,0.0,1,8.871699589435865,0
p4829,3.0,0.2940621460697354,4.384802346149052,1.086904882690811,11.276903222347977,10.447701249648407,9.782295983717178,0.0,1.5396608591528793,0,4.384802346149052,1
p4830,3.0,0.5466995625101299,15.374406074115354,1.29816073322485,5.761044407620536,7.126406666998586,20.950578148008724,2.374541379298792,0.0,1,15.374406074115354,1
p4831,0.0,0.6781303447832137,20.0,1.655531868613735,7.395336654315354,11.655081552668754,24.63234514669655,2.441318076015282,0.0,1,36.5609716693406,0
p4832,4.0,0.5368605141451808,0.781916666628474,0.0,7.453468353562019,9.936051890454483,2.482583536892464,0.0,0.0,0,0.781916666628474,0
p4833,2.0,0.39464816331639535,15.528485757843809,1.2339694013756182,10.583822103302039,9.916757530152925,16.879452972036425,3.12675825222662,0.0,1,15.528485757843809,1
p4834,0.0,0.7580629577335594,7.403888241818356,1.2565253044929336,6.655341977458443,11.92900734417544,-2.226934154667994,1.6575474262054255,0.0,1,7.403888241818356,1
p4835,3.0,0.08296057061779227,4.619186002608053,1.0501796507418777,14.08988257529339,9.087503099201435,5.843318648017464,0.0,1.14518483839824,0,4.619186002608053,1
p4837,2.0,0.6643304240026386,6.280947936410471,1.4161898199719067,13.778201541434088,7.860477313937956,25.713186025941873,0.0,4.218999639046939,0,6.280947936410471,1
p4839,2.0,0.22599478915899748,5.487466019079919,1.0775376442865727,14.983786962220004,11.935377031863725,10.171970443235828,0.0,1.3921581265787142,0,5.487466019079919,1
p4841,4.0,0.7514709356076277,4.003726407032292,0.0,3.4395217154292,10.176442529393036,6.736920813963836,0.0,0.0,0,4.003726407032292,0
p4842,4.0,0.27215890445267615,20.0,1.643235099053389,11.622025775514214,8.705031026235096,-21.831811992852195,0.0,2.257683866857923,0,20.651653226064802,0
p4843,4.0,0.5028523014089559,20.0,1.3893925116667314,12.282144838355649,11.861867853119008,-21.98958163676634,0.0,2.794727835619836,0,24.040529797554907,1
p4844,0.0,0.7828327221702834,1.9113832896237544,1.0873686932636768,4.1688445751405165,7.832930127899543,-4.561049224163337,1.3890179376369376,0.0,1,1.9113832896237544,1
p4845,3.0,0.597253156050272,13.908473199664293,1.277559850163983,11.121029532514955,7.086767030555156,10.557770747231132,2.1390591865812567,0.0,1,13.908473199664293,1
p4847,0.0,0.33300592279338287,18.221571902273716,1.4171812647346729,7.836530666917664,9.807071595689806,-20.094851216658455,0.0,2.1247284093883603,0,18.221571902273716,1
p4850,1.0,0.5966757358936513,6.241298327590989,0.0,5.067922723496094,15.360049155426891,10.292126431930797,0.0,0.0,0,6.241298327590989,0
p4851,1.0,0.1614680767326627,20.0,1.7166625653562753,9.859212901311302,9.955602344792101,-20.664071920632008,0.0,2.0472238655712767,0,39.19773945856033,1
p4852,2.0,0.19038819843504043,12.149627038030763,0.0,11.768147531067157,9.1011158337034,-2.6670316973637576,0.0,0.0,0,12.149627038030763,0
p4853,1.0,0.4148268052198475,7.090516026930118,1.1019170707332602,6.67055393424134,7.799792174984846,0.3384238235375263,0.0,1.8830614261940801,0,7.090516026930118,1
p4854,2.0,0.5483943589586528,0.08017525838941665,1.0022288604483751,10.739513026457612,8.939734832412963,21.856028938460177,0.0,2.219256735007469,0,0.08017525838941665,1
p4855,1.0,0.5103971717371256,17.468702206019397,1.9333452202672339,11.783025245186948,12.04160916007526,-22.193035523688526,0.0,3.948803210812325,0,17.468702206019397,1
p4856,1.0,0.4514917143299801,5.038904212194759,1.243633554898419,6.868746125706489,9.436930544016695,6.716987386752036,0.0,2.267301310461121,0,5.038904212194759,1
p4857,3.0,0.35903461180061547,9.33481782732007,1.2267421692742941,9.946468384650238,7.110910092317011,-1.6649217098417626,0.0,1.913897679749117,0,9.33481782732007,1
p4858,3.0,0.4434116670306373,4.208525754942475,1.0299573585210409,15.744743431973053,15.444744473705349,-26.399506508081604,2.322801665139489,0.0,1,4.208525754942475,1
p4861,4.0,0.5550925177742522,6.782519367409741,1.1221735437165776,8.32046802192242,8.629631080976226,-3.42495302228792,2.021597315373919,0.0,1,6.782519367409741,1
p4865,4.0,0.40865138050494926,20.0,1.7691638403324617,10.81496662398254,14.68681529491071,-23.607422245392765,0.0,2.9917442638880947,0,20.10236892620139,1
p4866,3.0,0.1418980846953178,6.262438294641067,1.0629761261670327,13.389207272508516,9.358593798384781,4.797691351989023,0.0,1.2387527719124212,0,6.262438294641067,1
p4867,1.0,0.09390270192153753,8.382930821446559,1.124060040849886,15.773268836058534,9.004846595329207,2.399670047169593,0.0,1.2405511452618294,0,8.382930821446559,1
p4868,4.0,0.5614756567633399,8.22558782067943,1.1396238943011452,9.341034337577522,11.439115275797027,-4.424397158080894,2.0296942183933235,0.0,1,8.22558782067943,1
p4869,4.0,0.5854383038620696,2.3816590366102752,0.0,12.99992970734016,7.194469179864058,-5.805460527476102,0.0,0.0,1,2.3816590366102752,0
p4870,3.0,0.7983191551310483,4.323954020979708,1.2864920678481022,9.750302337636098,7.604505069746671,32.46807035694841,0.0,6.378851044004898,0,4.323954020979708,1
p4871,0.0,0.6649067817727968,0.216298475463777,1.009974000569987,5.958648606629771,10.221705933058201,-10.934864659472504,1.5189708215596185,0.0,1,0.216298475463777,1
p4872,3.0,0.504126767030361,20.0,1.2385613258414179,11.68730727014506,12.42664349839268,19.345899265864645,2.4568449978114844,0.0,1,23.12891493789189,1
p4874,3.0,0.22981640564323255,20.0,1.406886583760806,15.855194804671534,10.047198795887695,-13.379269747066717,0.0,1.8266898880594729,0,24.290507552791713,0
p4875,1.0,0.4982808045030762,11.596915988476571,1.1282440994407568,9.493811276886007,11.522125186894344,2.1976607518192397,2.264273657031457,0.0,1,11.596915988476571,1
p4876,0.0,0.5274128643343136,10.552334974865353,1.6612903703104702,11.544336272709373,11.27219085573865,3.21504684678479,0.0,3.515310182894369,0,10.552334974865353,1
p4878,3.0,0.8278253142648018,16.210504809637687,1.5765871428567368,8.02711079955444,11.643328816248923,12.314370665886583,1.9044925489587334,0.0,1,16.210504809637687,1
p4879,1.0,0.774007410552005,10.123747513777673,0.0,6.711964682823953,10.764751430996151,4.052786748172198,0.0,0.0,1,10.123747513777673,0
p4880,1.0,0.8377331190205787,15.115435992261574,1.5532598253103653,5.7571122556095675,8.521544194140853,14.99031508666172,1.8541225004048216,0.0,1,15.115435992261574,1
p4882,4.0,0.1489082614096319,20.0,1.467726896487951,13.548653217123215,11.003208348419934,-13.67093788251413,0.0,1.7245225513748883,0,21.022862833572212,0
p4883,2.0,0.16791445579742423,10.58188066313842,0.0,15.737141107062147,10.90038771697252,-4.836753390089626,0.0,0.0,0,10.58188066313842,0
p4884,2.0,0.6450818011272929,1.8643376936480487,1.173617274313521,11.867430893010523,10.223272756126907,31.433331303297024,0.0,3.30672610770924,0,1.8643376936480487,1
p4885,3.0,0.40108688534522124,20.0,1.740134777732616,11.874271652981358,12.262210308259375,-23.221266327994556,0.0,2.905487849828855,0,38.330036342897785,0
p4886,0.0,0.7566506563706936,14.562751626725653,0.0,7.094644193228477,10.03916511739227,2.9445209241637933,0.0,0.0,1,14.562751626725653,0
p4888,4.0,0.7381185150711382,1.0249398342469096,0.0,3.3412392965889395,11.083163212138896,7.741923915549956,0.0,0.0,1,1.0249398342469096,0
p4889,1.0,0.1534898881490563,20.0,1.364526320507448,15.041382296107493,10.946225271168364,-12.088167711487124,0.0,1.6119433204688267,0,25.45666534707037,0
p4893,3.0,0.3242982299919932,20.0,1.1662152277391575,12.765798642380167,13.076531848876646,25.208352866050202,3.596119620412208,0.0,1,20.826804320114398,1
p4895,3.0,0.7410793817498372,13.066293165814908,1.8578085356022482,13.148469489723423,11.799822521388164,-0.759014991502307,0.0,7.175205080837862,0,13.066293165814908,1
p4896,0.0,0.4827208451541458,9.188805592654555,1.161370714208628,11.39253233453454,9.571117247076613,-2.7412128621006278,2.40588473828548,0.0,1,9.188805592654555,1
p4898,4.0,0.7883240477507099,4.867357416174172,1.1749801574957246,3.3414576588281584,7.031305971601603,0.4645292048210141,1.4904786437103417,0.0,1,4.867357416174172,1
p4899,0.0,0.12332265791289605,12.94572245830774,1.1954501268892506,13.199390735577598,9.238447086595839,-3.615037852525234,0.0,1.3636147183218457,0,12.94572245830774,1
p4900,3.0,0.2818625993867059,0.2547320885552292,1.0048455772467475,9.921596040245085,11.571300711325849,15.175953936758889,0.0,1.3992386086403559,0,0.2547320885552292,1
p4901,3.0,0.4325395197853184,1.277320394022674,1.0300065218509191,9.059313030901059,10.581302424010701,-20.633586529358244,2.381300377736907,0.0,1,1.277320394022674,1
p4902,4.0,0.3180625089005688,15.940289923622645,1.8521561875916157,9.153290732622564,8.660529801134563,-18.92638968904991,0.0,2.71602047367353,0,15.940289923622645,1
p4903,4.0,0.3975205655950195,20.0,1.4868582545426885,12.01315803604436,11.325757652487765,31.75713193138713,3.740330396031508,0.0,1,38.801684070520984,0
p4904,3.0,0.7033564850130483,0.14182654162299432,1.0027875318834225,13.302287838337408,12.92831118392116,-18.603889435667696,1.425717332889622,0.0,1,0.14182654162299432,1
p4905,2.0,0.7746987208101684,0.6186222978052582,0.0,7.929384025968761,8.847028819797284,0.917644793828523,0.0,0.0,1,0.6186222978052582,0
p4906,4.0,0.5681158413621522,1.07518636745681,1.0639691180474569,8.92356073136686,13.660209923334287,24.07152819381064,0.0,2.463552081658169,0,1.07518636745681,1
p4907,3.0,0.3107592063703279,0.7823435937175927,1.0119767932182269,8.84316358169383,6.785782201591415,-21.60737515708079,3.2564660112185595,0.0,1,0.7823435937175927,1
p4908,4.0,0.8192749381985905,1.9084886984335228,0.0,2.788260915326326,9.820096892844532,7.031835977518206,0.0,0.0,0,1.9084886984335228,0
p4909,3.0,0.4128285442579551,12.500597951477806,0.0,6.215185793393688,14.769589455127623,8.554403661733936,0.0,0.0,1,12.500597951477806,0
p4911,1.0,0.25762440166414174,9.184091594743437,1.1376283733176327,10.764003679077852,10.578009745644298,-6.341314734972316,4.415840914016869,0.0,1,9.184091594743437,1
p4912,0.0,0.5551266361382066,11.912848865324383,0.0,11.223245298897197,13.228010151203268,2.004764852306071,0.0,0.0,0,11.912848865324383,0
p4913,4.0,0.47583477483244163,8.10649247793402,1.3151073373805882,9.424466644013837,6.919006723189956,0.8012788956162153,0.0,2.508955715175862,0,8.10649247793402,1
p4914,1.0,0.7923423900639911,11.36798138004196,1.7333294788357638,5.004789172556856,8.539499723178675,9.722301543691625,2.1876015982128343,0.0,1,11.36798138004196,1
p4915,0.0,0.36644036743192665,7.721325112794153,1.0620416175863472,7.553606822699503,12.483175031359472,-8.871538982828739,2.898265889834427,0.0,1,7.721325112794153,1
p4916,2.0,0.2765658300354272,0.9914320290817483,1.0456269367005884,11.572498951306548,9.504709960957664,13.225722226368523,0.0,1.4453657016944523,0,0.9914320290817483,1
p4917,4.0,0.710353802292923,0.5805498459937942,0.0,3.1900596758165385,10.392499179403236,7.202439503586698,0.0,0.0,0,0.5805498459937942,0
p4919,1.0,0.7630181199413786,3.235691886492167,0.0,8.140109636070893,10.431326247352853,2.2912166112819605,0.0,0.0,0,3.235691886492167,0
p4921,3.0,0.3280305168825449,20.0,1.499647622082203,10.489840109610814,5.913074781947057,-25.800777762095723,0.0,2.2317198321639795,0,34.682362849040885,0
p4922,1.0,0.7496636647443722,1.1041561845343897,1.0708739211844311,6.364068954097289,5.764491137187619,21.900964930423104,0.0,4.277740664737788,0,1.1041561845343897,1
p4925,0.0,0.20770159251403275,5.937999254607812,1.0491339748046304,11.947962689474965,10.554991101203298,-24.714136096589208,5.051159994036872,0.0,1,5.937999254607812,1
p4927,4.0,0.3504799088400455,20.0,1.2380474768414331,11.946487504086932,13.167049153364681,25.357515984423976,3.5324349431010096,0.0,1,23.459029773743715,0
p4928,2.0,0.340214593017122,2.0767069747333564,1.028458915753852,9.182290904769971,10.984826563696725,-25.126453284853906,3.0229711977760245,0.0,1,2.0767069747333564,1
p4929,1.0,0.7129967131264908,20.0,1.914215784042037,10.428017277496158,11.125714520096063,-63.144221125637955,0.0,6.669665023333647,0,31.993811217195102,0
p4931,1.0,0.2254467375720584,8.795300482689761,0.0,9.00029920171489,11.187178196624187,2.1868789949092964,0.0,0.0,0,8.795300482689761,0
p4932,0.0,0.7140041588824177,0.37092413650399714,0.0,4.406542876154935,13.82310285929336,9.416559983138425,0.0,0.0,1,0.37092413650399714,0
p4933,4.0,0.14730683941395664,12.14155783454445,1.4293931270236468,15.185946065683252,6.93727087941751,-3.1452829993380655,0.0,1.6763276558255096,0,12.14155783454445,1
p4934,1.0,0.40040455211625464,3.0103103279855885,1.1900854205715077,10.094087037084394,6.066531011302396,10.032422938096062,0.0,1.984813968771577,0,3.0103103279855885,1
p4935,1.0,0.28213758745911616,2.451670725591587,1.0989401803765497,10.473909363432965,13.680915407072854,15.48785571856425,0.0,1.5308507050631552,0,2.451670725591587,1
p4936,0.0,0.21344356152355648,1.6599413421492109,1.0327607445035991,13.539765016927609,6.811271844134797,8.869898681580223,0.0,1.3130154353628485,0,1.6599413421492109,1
p4938,4.0,0.3598954634388378,9.140675238097009,0.0,6.061931411326569,10.263699553706617,4.201768142380049,0.0,0.0,0,9.140675238097009,0
p4939,2.0,0.5808884184127343,0.9374845712261981,1.0434636241871846,7.762686075490196,8.4944327516021,-12.842978324666188,1.796323684742119,0.0,1,0.9374845712261981,1
p4940,2.0,0.40937710912273784,20.0,2.298941022063107,11.275871098303245,11.547100210135566,-33.68657733906078,0.0,3.892400815431402,0,36.022438517107034,0
p4941,0.0,0.7556587982630745,0.7126853304672994,0.0,3.290632953561695,9.949175762175765,6.65854280861407,0.0,0.0,0,0.7126853304672994,0
p4942,3.0,0.3539781233714632,3.8767417718317656,0.0,11.350031405138266,10.855026871816452,-0.49500453332181316,0.0,0.0,0,3.8767417718317656,0
p4943,3.0,0.6047038895909266,20.0,1.6440635570067914,12.67321919813485,9.607925891346992,-33.53787573128469,0.0,4.159068388771717,0,23.30148497961257,1
p4944,3.0,0.33328341023897723,2.3035202826391408,0.0,12.281208257504224,12.910301795103736,0.6290935375995126,0.0,0.0,0,2.3035202826391408,0
p4945,2.0,0.7447353206810963,0.3716658333756157,0.0,7.08486195562759,7.737203278558801,0.6523413229312114,0.0,0.0,1,0.3716658333756157,0
p4946,1.0,0.49929085158720765,20.0,2.1134669482161788,9.945622842346271,9.364708173417084,-43.019911190084,0.0,4.220947340218765,0,21.06154654700273,1
p4947,1.0,0.8512883904315013,6.218626612642183,1.1823377689309822,9.648925360417579,8.361274601265938,-4.263532576581067,1.3888804102352184,0.0,1,6.218626612642183,1
p4948,3.0,0.4223517950845175,3.6532031373267984,1.0325563939829918,10.821131311938926,12.442848095528941,-19.867014193901902,2.4447780404872326,0.0,1,3.6532031373267984,1
p4949,1.0,0.680975853727173,14.396580933497054,1.437202799172256,4.777955293301312,8.90415718505372,15.717988505474967,2.110504787072904,0.0,1,14.396580933497054,1
p4950,0.0,0.4418046719426908,20.0,2.965754934111977,6.006908685619618,10.80905793168629,66.49928266111245,6.712819312369525,0.0,1,37.297594997044555,0
p4951,1.0,0.552625614381556,5.371198614672555,1.4468055643309061,6.375968914142684,12.225806219601001,9.099257269764562,0.0,3.2339928499278354,0,5.371198614672555,1
p4953,1.0,0.5711455215472634,19.30168088971907,0.0,12.88688267633536,8.451113428667544,-4.435769247667816,0.0,0.0,0,19.30168088971907,0
p4954,1.0,0.4842311496639633,4.4552631334964845,1.0659384750075613,12.067628724300171,12.786756766130587,16.451589131278975,0.0,2.0666980456711856,0,4.4552631334964845,1
p4957,2.0,0.48210463845650003,3.0129310761858132,0.0,5.552859248602035,10.551278876365387,4.998419627763353,0.0,0.0,0,3.0129310761858132,0
p4959,1.0,0.2876932312952445,18.457599718634714,0.0,9.138947514557284,16.548975647456196,7.410028132898912,0.0,0.0,0,18.457599718634714,0
p4961,4.0,0.41876174220764456,3.205530712439049,0.0,12.057320553443331,10.646641455837983,-1.4106790976053478,0.0,0.0,0,3.205530712439049,0
p4963,0.0,0.4393308698642634,5.170727581405253,1.083323607094262,9.152981170451483,13.075748370915862,-15.56982078565556,2.465849047732448,0.0,1,5.170727581405253,1
p4966,4.0,0.5800404623234019,0.9674741251769552,1.1719789472246254,5.076016423498513,10.264498480176782,16.654170165714067,0.0,2.790694917202098,0,0.9674741251769552,1
p4968,3.0,0.7607192850477006,4.255803151271798,0.0,9.946341069827998,8.161883757200549,-1.784457312627449,0.0,0.0,1,4.255803151271798,0
p4970,3.0,0.5346115494046646,15.611549268956498,1.0607082101911547,12.140985209558506,7.002455780127256,11.942538415199774,1.9840727559521365,0.0,1,15.611549268956498,1
p4971,2.0,0.4126154106380482,13.666647296674594,1.2983703793955321,8.561852336656242,9.929419301687577,-9.91620637361723,0.0,2.210426359339612,0,13.666647296674594,1
p4972,3.0,0.35628343219102243,10.757808221404144,1.2404919186957353,7.370758782780387,7.6660041711201075,-6.231862452206837,0.0,1.927077817676817,0,10.757808221404144,1
p4975,3.0,0.7081586017093733,0.4530634534505073,1.0083810724596636,13.917817648433292,10.465381052381368,-17.70945689326514,1.4239480676018124,0.0,1,0.4530634534505073,1
p4976,0.0,0.7802862012478378,4.462251969516601,1.1119778065296575,10.910917300127753,9.282652823761234,-8.497767948201094,1.4250896719067654,0.0,1,4.462251969516601,1
p4977,0.0,0.6266181393782646,3.0905921155247933,0.0,8.993056349321076,9.595383371410591,0.6023270220895149,0.0,0.0,0,3.0905921155247933,0
p4979,1.0,0.46403740089227036,2.2535770637167816,0.0,12.196785811643979,13.664641397884393,1.4678555862404146,0.0,0.0,1,2.2535770637167816,0
p4980,3.0,0.5099142170652416,13.59842258274962,1.1864816334119268,9.147030596876286,5.658290179274721,-14.265414661708014,0.0,2.4209672566034723,0,13.59842258274962,1
p4983,0.0,0.2891010998854566,14.710016011507076,1.1721660378602408,12.810787339558809,9.29184727014397,-6.650484297475213,0.0,1.6488505435461722,0,14.710016011507076,1
p4984,3.0,0.6121440375866336,5.789450580055866,1.2159258349963902,13.944120857179994,6.504562758088909,18.125278403962994,0.0,3.134993277995529,0,5.789450580055866,1
p4986,3.0,0.6254223761645121,2.536659560625696,0.0,6.157153624942835,11.552544287585938,5.395390662643103,0.0,0.0,0,2.536659560625696,0
p4987,3.0,0.5094177443421476,1.8944576038628096,1.0228033613910783,13.947688630492229,11.083537269117185,-21.31388475621346,2.007789035130504,0.0,1,1.8944576038628096,1
p4988,0.0,0.5414151699986366,3.352552006815328,0.0,7.182257967407861,10.127949091076989,2.9456911236691274,0.0,0.0,0,3.352552006815328,0
p4990,1.0,0.6092656310468278,4.737866461114264,1.1479603706640238,3.2363604004128184,11.297103366570676,-4.297978165581403,1.884170568905424,0.0,1,4.737866461114264,1
p4992,0.0,0.570272330660582,4.938639032491969,1.064398897439213,12.191079495556448,9.925691142191209,-11.573595119923484,1.8664747353361038,0.0,1,4.938639032491969,1
p4993,4.0,0.37295536220094055,11.77633101778299,1.097436380064168,9.85578733152097,9.159010371885195,7.00479589924627,2.942540827373578,0.0,1,11.77633101778299,1
p4994,1.0,0.6029238430505582,13.090791100762749,1.394901882693566,9.603357634384476,7.34296420941077,11.037562269691469,2.3135623159898757,0.0,1,13.090791100762749,1
p4996,0.0,0.2686403060632879,12.199834159960457,0.0,14.038174599452509,8.366282054617873,-5.671892544834636,0.0,0.0,0,12.199834159960457,0
p4997,3.0,0.2884931338489453,17.594931606783145,1.2428061204127017,7.113676481100412,8.696123940542304,39.91782301735838,4.307922701076947,0.0,1,17.594931606783145,1
p4998,4.0,0.6448842544881388,14.990870054856835,0.0,3.1643511676909535,9.943756822680509,6.779405654989556,0.0,0.0,1,14.990870054856835,0
